"../../../Engine/Plugins/Animation/ACLPlugin/Content/ACLAnimBoneCompressionSettings.uasset" 0
"../../../Engine/Plugins/Animation/ACLPlugin/Content/ACLAnimBoneCompressionSettings.uexp" 1
"../../../Engine/Plugins/2D/Paper2D/Content/PlaceholderTextures/DummySpriteTexture.ubulk" 2
"../../../Engine/Plugins/2D/Paper2D/Content/PlaceholderTextures/DummySpriteTexture.uasset" 3
"../../../Engine/Plugins/2D/Paper2D/Content/PlaceholderTextures/DummySpriteTexture.uexp" 4
"../../../Engine/Plugins/2D/Paper2D/Content/DummySprite.uasset" 5
"../../../Engine/Plugins/2D/Paper2D/Content/DummySprite.uexp" 6
"../../../Engine/Plugins/2D/Paper2D/Content/DefaultPaperTerrainMaterial.uasset" 7
"../../../Engine/Plugins/2D/Paper2D/Content/DefaultPaperTerrainMaterial.uexp" 8
"../../../Engine/Content/EngineMaterials/DefaultPhysicalMaterial.uasset" 9
"../../../Engine/Content/EngineMaterials/DefaultPhysicalMaterial.uexp" 10
"../../../Engine/Content/EngineMaterials/DefaultDestructiblePhysicalMaterial.uasset" 11
"../../../Engine/Content/EngineMaterials/DefaultDestructiblePhysicalMaterial.uexp" 12
"../../../Engine/Content/EngineFonts/Faces/DroidSansFallback.uexp" 13
"../../../Engine/Content/EngineFonts/Faces/DroidSansFallback.uasset" 14
"../../../Engine/Content/EngineFonts/Faces/DroidSansFallback.ufont" 15
"../../../Engine/Content/EngineFonts/Faces/DroidSansMono.uexp" 16
"../../../Engine/Content/EngineFonts/Faces/DroidSansMono.uasset" 17
"../../../Engine/Content/EngineFonts/Faces/DroidSansMono.ufont" 18
"../../../Engine/Content/EngineFonts/DroidSansMono.uasset" 19
"../../../Engine/Content/EngineFonts/DroidSansMono.uexp" 20
"../../../Engine/Plugins/Interchange/Runtime/Content/Pipelines/DefaultTexturePipeline.uasset" 21
"../../../Engine/Plugins/Interchange/Runtime/Content/Pipelines/DefaultTexturePipeline.uexp" 22
"../../../Engine/Plugins/Interchange/Runtime/Content/Pipelines/DefaultSceneLevelPipeline.uasset" 23
"../../../Engine/Plugins/Interchange/Runtime/Content/Pipelines/DefaultSceneLevelPipeline.uexp" 24
"../../../Engine/Plugins/Interchange/Runtime/Content/Pipelines/DefaultSceneAssetsPipeline.uasset" 25
"../../../Engine/Plugins/Interchange/Runtime/Content/Pipelines/DefaultSceneAssetsPipeline.uexp" 26
"../../../Engine/Plugins/Interchange/Runtime/Content/Pipelines/DefaultMaterialXPipeline.uasset" 27
"../../../Engine/Plugins/Interchange/Runtime/Content/Pipelines/DefaultMaterialXPipeline.uexp" 28
"../../../Engine/Plugins/Interchange/Runtime/Content/Pipelines/DefaultMaterialPipeline.uasset" 29
"../../../Engine/Plugins/Interchange/Runtime/Content/Pipelines/DefaultMaterialPipeline.uexp" 30
"../../../Engine/Plugins/Interchange/Runtime/Content/Pipelines/DefaultGLTFSceneAssetsPipeline.uasset" 31
"../../../Engine/Plugins/Interchange/Runtime/Content/Pipelines/DefaultGLTFSceneAssetsPipeline.uexp" 32
"../../../Engine/Plugins/Interchange/Runtime/Content/Pipelines/DefaultGLTFPipeline.uasset" 33
"../../../Engine/Plugins/Interchange/Runtime/Content/Pipelines/DefaultGLTFPipeline.uexp" 34
"../../../Engine/Plugins/Interchange/Runtime/Content/Pipelines/DefaultGLTFAssetsPipeline.uasset" 35
"../../../Engine/Plugins/Interchange/Runtime/Content/Pipelines/DefaultGLTFAssetsPipeline.uexp" 36
"../../../Engine/Plugins/Interchange/Runtime/Content/Pipelines/DefaultAssetsPipeline.uasset" 37
"../../../Engine/Plugins/Interchange/Runtime/Content/Pipelines/DefaultAssetsPipeline.uexp" 38
"../../../Engine/Plugins/Animation/ControlRig/Content/Controls/DefaultGizmoLibraryNormalized.uasset" 39
"../../../Engine/Plugins/Animation/ControlRig/Content/Controls/DefaultGizmoLibraryNormalized.uexp" 40
"../../../Engine/Content/EngineSounds/Master.uasset" 41
"../../../Engine/Content/EngineSounds/Master.uexp" 42
"../../../Engine/Content/MobileResources/HUD/VirtualJoystick_Thumb.uasset" 43
"../../../Engine/Content/MobileResources/HUD/VirtualJoystick_Thumb.uexp" 44
"../../../Engine/Content/MobileResources/HUD/VirtualJoystick_Background.uasset" 45
"../../../Engine/Content/MobileResources/HUD/VirtualJoystick_Background.uexp" 46
"../../../Engine/Content/MobileResources/HUD/DefaultVirtualJoysticks.uasset" 47
"../../../Engine/Content/MobileResources/HUD/DefaultVirtualJoysticks.uexp" 48
"../../../Engine/Content/EngineResources/GradientTexture0.uasset" 49
"../../../Engine/Content/EngineResources/GradientTexture0.uexp" 50
"../../../Engine/Plugins/NNE/NNEDenoiser/Content/NNEDTOM_Output_Default.uasset" 51
"../../../Engine/Plugins/NNE/NNEDenoiser/Content/NNEDTOM_Output_Default.uexp" 52
"../../../Engine/Plugins/NNE/NNEDenoiser/Content/NNEDTOM_Output_Alpha.uasset" 53
"../../../Engine/Plugins/NNE/NNEDenoiser/Content/NNEDTOM_Output_Alpha.uexp" 54
"../../../Engine/Plugins/NNE/NNEDenoiser/Content/NNEDTIM_ColorAlbedoNormal_Default.uasset" 55
"../../../Engine/Plugins/NNE/NNEDenoiser/Content/NNEDTIM_ColorAlbedoNormal_Default.uexp" 56
"../../../Engine/Plugins/NNE/NNEDenoiser/Content/NNEDTIM_ColorAlbedoNormal_Alpha.uasset" 57
"../../../Engine/Plugins/NNE/NNEDenoiser/Content/NNEDTIM_ColorAlbedoNormal_Alpha.uexp" 58
"../../../Engine/Plugins/NNE/NNEDenoiser/Content/NNEDOM_Output_Default.uasset" 59
"../../../Engine/Plugins/NNE/NNEDenoiser/Content/NNEDOM_Output_Default.uexp" 60
"../../../Engine/Plugins/NNE/NNEDenoiser/Content/NNEDOM_Output_Alpha.uasset" 61
"../../../Engine/Plugins/NNE/NNEDenoiser/Content/NNEDOM_Output_Alpha.uexp" 62
"../../../Engine/Plugins/NNE/NNEDenoiser/Content/NNEDIM_HighQuality_Default.uasset" 63
"../../../Engine/Plugins/NNE/NNEDenoiser/Content/NNEDIM_HighQuality_Default.uexp" 64
"../../../Engine/Plugins/NNE/NNEDenoiser/Content/NNEDIM_HighQuality_Alpha.uasset" 65
"../../../Engine/Plugins/NNE/NNEDenoiser/Content/NNEDIM_HighQuality_Alpha.uexp" 66
"../../../Engine/Plugins/NNE/NNEDenoiser/Content/NNEDIM_ColorAlbedoNormal_Default.uasset" 67
"../../../Engine/Plugins/NNE/NNEDenoiser/Content/NNEDIM_ColorAlbedoNormal_Default.uexp" 68
"../../../Engine/Plugins/NNE/NNEDenoiser/Content/NNEDIM_ColorAlbedoNormal_Alpha.uasset" 69
"../../../Engine/Plugins/NNE/NNEDenoiser/Content/NNEDIM_ColorAlbedoNormal_Alpha.uexp" 70
"../../../Engine/Content/EngineResources/Black.uasset" 71
"../../../Engine/Content/EngineResources/Black.uexp" 72
"../../../Engine/Content/EngineMaterials/PreintegratedSkinBRDF.uasset" 73
"../../../Engine/Content/EngineMaterials/PreintegratedSkinBRDF.uexp" 74
"../../../Engine/Content/EngineMaterials/MiniFont.uasset" 75
"../../../Engine/Content/EngineMaterials/MiniFont.uexp" 76
"../../../Engine/Content/EngineMaterials/FastBlueNoise_vec2_128x128x64.uasset" 77
"../../../Engine/Content/EngineMaterials/FastBlueNoise_vec2_128x128x64.uexp" 78
"../../../Engine/Content/EngineMaterials/FastBlueNoise_scalar_128x128x8.uasset" 79
"../../../Engine/Content/EngineMaterials/FastBlueNoise_scalar_128x128x8.uexp" 80
"../../../Engine/Content/EngineMaterials/FastBlueNoise_scalar_128x128x64.uasset" 81
"../../../Engine/Content/EngineMaterials/FastBlueNoise_scalar_128x128x64.uexp" 82
"../../../Engine/Content/EngineMaterials/DefaultBokeh.uasset" 83
"../../../Engine/Content/EngineMaterials/DefaultBokeh.uexp" 84
"../../../Engine/Content/EngineMaterials/DefaultBloomKernel.uasset" 85
"../../../Engine/Content/EngineMaterials/DefaultBloomKernel.uexp" 86
"../../../Engine/Content/EditorResources/S_TriggerSphere.uasset" 87
"../../../Engine/Content/EditorResources/S_TriggerSphere.uexp" 88
"../../../Engine/Content/EditorResources/S_TriggerCapsule.uasset" 89
"../../../Engine/Content/EditorResources/S_TriggerCapsule.uexp" 90
"../../../Engine/Content/EditorResources/S_TriggerBox.uasset" 91
"../../../Engine/Content/EditorResources/S_TriggerBox.uexp" 92
"../../../Engine/Content/EditorResources/S_Trigger.ubulk" 93
"../../../Engine/Content/EditorResources/S_Trigger.uasset" 94
"../../../Engine/Content/EditorResources/S_Trigger.uexp" 95
"../../../Engine/Content/EditorResources/S_Terrain.ubulk" 96
"../../../Engine/Content/EditorResources/S_Terrain.uasset" 97
"../../../Engine/Content/EditorResources/S_Terrain.uexp" 98
"../../../Engine/Content/EditorResources/S_Solver.ubulk" 99
"../../../Engine/Content/EditorResources/S_Solver.uasset" 100
"../../../Engine/Content/EditorResources/S_Solver.uexp" 101
"../../../Engine/Content/EditorResources/S_BoxReflectionCapture.uasset" 102
"../../../Engine/Content/EditorResources/S_BoxReflectionCapture.uexp" 103
"../../../Engine/Content/EditorResources/S_Actor.ubulk" 104
"../../../Engine/Content/EditorResources/S_Actor.uasset" 105
"../../../Engine/Content/EditorResources/S_Actor.uexp" 106
"../../../Engine/Content/EditorResources/BSPVertex.uasset" 107
"../../../Engine/Content/EditorResources/BSPVertex.uexp" 108
"../../../Engine/Plugins/Runtime/AudioWidgets/Content/Resources/ScrubHandleDown_Clamped.uasset" 109
"../../../Engine/Plugins/Runtime/AudioWidgets/Content/Resources/ScrubHandleDown_Clamped.uexp" 110
"../../../Engine/Content/EngineResources/FilmGrains/Marcie_Grain_v3_128_M2_000.uasset" 111
"../../../Engine/Content/EngineResources/FilmGrains/Marcie_Grain_v3_128_M2_000.uexp" 112
"../../../Engine/Content/EngineResources/Development/ZenLogo_64.uasset" 113
"../../../Engine/Content/EngineResources/Development/ZenLogo_64.uexp" 114
"../../../Engine/Content/EngineMaterials/LTC/Sheen_LTC.uasset" 115
"../../../Engine/Content/EngineMaterials/LTC/Sheen_LTC.uexp" 116
"../../../Engine/Content/EngineMaterials/LTC/GGX_LTCMat.uasset" 117
"../../../Engine/Content/EngineMaterials/LTC/GGX_LTCMat.uexp" 118
"../../../Engine/Content/EngineMaterials/LTC/GGX_LTCAmp.uasset" 119
"../../../Engine/Content/EngineMaterials/LTC/GGX_LTCAmp.uexp" 120
"../../../Engine/Content/EngineMaterials/EnergyConservation/Sheen_Energy.uasset" 121
"../../../Engine/Content/EngineMaterials/EnergyConservation/Sheen_Energy.uexp" 122
"../../../Engine/Content/EngineMaterials/EnergyConservation/SheenLegacy_Energy.uasset" 123
"../../../Engine/Content/EngineMaterials/EnergyConservation/SheenLegacy_Energy.uexp" 124
"../../../Engine/Content/EngineMaterials/EnergyConservation/GGX_TransmissionEnergyArray.uasset" 125
"../../../Engine/Content/EngineMaterials/EnergyConservation/GGX_TransmissionEnergyArray.uexp" 126
"../../../Engine/Content/EngineMaterials/EnergyConservation/GGX_ReflectionEnergy.uasset" 127
"../../../Engine/Content/EngineMaterials/EnergyConservation/GGX_ReflectionEnergy.uexp" 128
"../../../Engine/Content/EngineMaterials/EnergyConservation/Diffuse_Energy.uasset" 129
"../../../Engine/Content/EngineMaterials/EnergyConservation/Diffuse_Energy.uexp" 130
"../../../Engine/Content/EditorResources/SequenceRecorder/RecordingIndicator.uasset" 131
"../../../Engine/Content/EditorResources/SequenceRecorder/RecordingIndicator.uexp" 132
"../../../Engine/Content/EditorResources/SequenceRecorder/Countdown.uasset" 133
"../../../Engine/Content/EditorResources/SequenceRecorder/Countdown.uexp" 134
"../../../Engine/Content/EditorMaterials/ParticleSystems/PSysThumbnail_OOD.ubulk" 135
"../../../Engine/Content/EditorMaterials/ParticleSystems/PSysThumbnail_OOD.uasset" 136
"../../../Engine/Content/EditorMaterials/ParticleSystems/PSysThumbnail_OOD.uexp" 137
"../../../Engine/Content/EditorMaterials/ParticleSystems/PSysThumbnail_NoImage.ubulk" 138
"../../../Engine/Content/EditorMaterials/ParticleSystems/PSysThumbnail_NoImage.uasset" 139
"../../../Engine/Content/EditorMaterials/ParticleSystems/PSysThumbnail_NoImage.uexp" 140
"D:/UnrealProjects/Aura2/Content/Assets/LoadScreen/Screenshot_Goblins.uasset" 141
"D:/UnrealProjects/Aura2/Content/Assets/LoadScreen/Screenshot_Goblins.uexp" 142
"D:/UnrealProjects/Aura2/Content/Assets/LoadScreen/Screenshot_Box.uasset" 143
"D:/UnrealProjects/Aura2/Content/Assets/LoadScreen/Screenshot_Box.uexp" 144
"D:/UnrealProjects/Aura2/Content/Assets/LoadScreen/Screenshot_Boss.uasset" 145
"D:/UnrealProjects/Aura2/Content/Assets/LoadScreen/Screenshot_Boss.uexp" 146
"D:/UnrealProjects/Aura2/Content/Assets/Items/2x2.uasset" 147
"D:/UnrealProjects/Aura2/Content/Assets/Items/2x2.uexp" 148
"../../../Engine/Plugins/FX/Niagara/Content/Enums/ENiagara_EmitterStateOptions.uasset" 149
"../../../Engine/Plugins/FX/Niagara/Content/Enums/ENiagara_EmitterStateOptions.uexp" 150
"../../../Engine/Plugins/FX/Niagara/Content/Enums/ENiagara_InfiniteLoopDuration.uasset" 151
"../../../Engine/Plugins/FX/Niagara/Content/Enums/ENiagara_InfiniteLoopDuration.uexp" 152
"../../../Engine/Plugins/FX/Niagara/Content/Enums/ENiagaraEmitterLifeCycleMode.uasset" 153
"../../../Engine/Plugins/FX/Niagara/Content/Enums/ENiagaraEmitterLifeCycleMode.uexp" 154
"../../../Engine/Plugins/FX/Niagara/Content/Enums/ENiagaraEmitterScalabilityMode_Limited.uasset" 155
"../../../Engine/Plugins/FX/Niagara/Content/Enums/ENiagaraEmitterScalabilityMode_Limited.uexp" 156
"../../../Engine/Plugins/FX/Niagara/Content/Enums/ENiagaraInactiveMode.uasset" 157
"../../../Engine/Plugins/FX/Niagara/Content/Enums/ENiagaraInactiveMode.uexp" 158
"../../../Engine/Plugins/FX/Niagara/Content/Enums/ENiagaraSystemInactiveMode.uasset" 159
"../../../Engine/Plugins/FX/Niagara/Content/Enums/ENiagaraSystemInactiveMode.uexp" 160
"../../../Engine/Plugins/FX/Niagara/Content/Icons/Modules/T_Icon_Scalability_Emitter.uasset" 161
"../../../Engine/Plugins/FX/Niagara/Content/Icons/Modules/T_Icon_Scalability_Emitter.uexp" 162
"../../../Engine/Plugins/FX/Niagara/Content/Icons/Modules/T_Icon_Scalability_System.uasset" 163
"../../../Engine/Plugins/FX/Niagara/Content/Icons/Modules/T_Icon_Scalability_System.uexp" 164
"../../../Engine/Plugins/FX/Niagara/Content/DefaultAssets/DefaultSpriteMaterial.uasset" 165
"../../../Engine/Plugins/FX/Niagara/Content/DefaultAssets/DefaultSpriteMaterial.uexp" 166
"../../../Engine/Plugins/FX/Niagara/Content/Enums/ENiagaraRandomnessMode.uasset" 167
"../../../Engine/Plugins/FX/Niagara/Content/Enums/ENiagaraRandomnessMode.uexp" 168
"../../../Engine/Plugins/FX/Niagara/Content/Enums/ENiagaraTorusDistributionMode.uasset" 169
"../../../Engine/Plugins/FX/Niagara/Content/Enums/ENiagaraTorusDistributionMode.uexp" 170
"../../../Engine/Plugins/FX/Niagara/Content/Icons/Modules/T_Icon_Solver_LimitAccel.uasset" 171
"../../../Engine/Plugins/FX/Niagara/Content/Icons/Modules/T_Icon_Solver_LimitAccel.uexp" 172
"../../../Engine/Plugins/FX/Niagara/Content/Icons/Modules/T_Icon_Solver_LimitSpeed.uasset" 173
"../../../Engine/Plugins/FX/Niagara/Content/Icons/Modules/T_Icon_Solver_LimitSpeed.uexp" 174
"../../../Engine/Plugins/FX/Niagara/Content/Icons/Modules/T_Icon_Solver_RotationalSolve.uasset" 175
"../../../Engine/Plugins/FX/Niagara/Content/Icons/Modules/T_Icon_Solver_RotationalSolve.uexp" 176
"../../../Engine/Plugins/FX/Niagara/Content/Icons/Modules/T_Icon_Particle_InfiniteLife.uasset" 177
"../../../Engine/Plugins/FX/Niagara/Content/Icons/Modules/T_Icon_Particle_InfiniteLife.uexp" 178
"../../../Engine/Plugins/FX/Niagara/Content/Enums/ENiagaraRandomnessEvaluation.uasset" 179
"../../../Engine/Plugins/FX/Niagara/Content/Enums/ENiagaraRandomnessEvaluation.uexp" 180
"../../../Engine/Plugins/FX/Niagara/Content/Enums/ENiagara_UVFlippingMode.uasset" 181
"../../../Engine/Plugins/FX/Niagara/Content/Enums/ENiagara_UVFlippingMode.uexp" 182
"../../../Engine/Plugins/FX/Niagara/Content/Enums/ENiagara_SpriteRotationMode.uasset" 183
"../../../Engine/Plugins/FX/Niagara/Content/Enums/ENiagara_SpriteRotationMode.uexp" 184
"../../../Engine/Plugins/FX/Niagara/Content/Enums/ENiagara_SizeScaleMode.uasset" 185
"../../../Engine/Plugins/FX/Niagara/Content/Enums/ENiagara_SizeScaleMode.uexp" 186
"../../../Engine/Plugins/FX/Niagara/Content/Enums/ENiagara_PositionInitializationMode.uasset" 187
"../../../Engine/Plugins/FX/Niagara/Content/Enums/ENiagara_PositionInitializationMode.uexp" 188
"../../../Engine/Plugins/FX/Niagara/Content/Enums/ENiagara_MassInitializationMode.uasset" 189
"../../../Engine/Plugins/FX/Niagara/Content/Enums/ENiagara_MassInitializationMode.uexp" 190
"../../../Engine/Plugins/FX/Niagara/Content/Enums/ENiagara_LifetimeMode.uasset" 191
"../../../Engine/Plugins/FX/Niagara/Content/Enums/ENiagara_LifetimeMode.uexp" 192
"../../../Engine/Plugins/FX/Niagara/Content/Enums/ENiagara_ColorInitializationMode.uasset" 193
"../../../Engine/Plugins/FX/Niagara/Content/Enums/ENiagara_ColorInitializationMode.uexp" 194
"../../../Engine/Plugins/FX/Niagara/Content/Enums/ENiagara_AttributeSamplingApplyOutput.uasset" 195
"../../../Engine/Plugins/FX/Niagara/Content/Enums/ENiagara_AttributeSamplingApplyOutput.uexp" 196
"../../../Engine/Plugins/FX/Niagara/Content/Enums/ENiagaraSphereDistributionMode.uasset" 197
"../../../Engine/Plugins/FX/Niagara/Content/Enums/ENiagaraSphereDistributionMode.uexp" 198
"../../../Engine/Plugins/FX/Niagara/Content/Enums/ENiagaraShapeTorusMode.uasset" 199
"../../../Engine/Plugins/FX/Niagara/Content/Enums/ENiagaraShapeTorusMode.uexp" 200
"../../../Engine/Plugins/FX/Niagara/Content/Enums/ENiagaraScaleColorMode.uasset" 201
"../../../Engine/Plugins/FX/Niagara/Content/Enums/ENiagaraScaleColorMode.uexp" 202
"../../../Engine/Plugins/FX/Niagara/Content/Enums/ENiagaraChannelCorrelation.uasset" 203
"../../../Engine/Plugins/FX/Niagara/Content/Enums/ENiagaraChannelCorrelation.uexp" 204
"../../../Engine/Plugins/FX/Niagara/Content/Enums/Angles/ENiagara_AngleInput.uasset" 205
"../../../Engine/Plugins/FX/Niagara/Content/Enums/Angles/ENiagara_AngleInput.uexp" 206
"../../../Engine/Plugins/FX/Niagara/Content/Enums/Location/ENiagara_BoxPlaneMode.uasset" 207
"../../../Engine/Plugins/FX/Niagara/Content/Enums/Location/ENiagara_BoxPlaneMode.uexp" 208
"../../../Engine/Plugins/FX/Niagara/Content/Enums/Location/ENiagara_ConeMode.uasset" 209
"../../../Engine/Plugins/FX/Niagara/Content/Enums/Location/ENiagara_ConeMode.uexp" 210
"../../../Engine/Plugins/FX/Niagara/Content/Enums/Location/ENiagara_CylinderMode.uasset" 211
"../../../Engine/Plugins/FX/Niagara/Content/Enums/Location/ENiagara_CylinderMode.uexp" 212
"../../../Engine/Plugins/FX/Niagara/Content/Enums/Location/ENiagara_LocationShapes.uasset" 213
"../../../Engine/Plugins/FX/Niagara/Content/Enums/Location/ENiagara_LocationShapes.uexp" 214
"../../../Engine/Plugins/FX/Niagara/Content/Enums/Location/ENiagaraRingDiscMode.uasset" 215
"../../../Engine/Plugins/FX/Niagara/Content/Enums/Location/ENiagaraRingDiscMode.uexp" 216
"../../../Engine/Plugins/FX/Niagara/Content/Enums/Ribbons/ENiagara_UnsetDirectSet.uasset" 217
"../../../Engine/Plugins/FX/Niagara/Content/Enums/Ribbons/ENiagara_UnsetDirectSet.uexp" 218
"../../../Engine/Plugins/FX/Niagara/Content/Enums/Ribbons/ENiagara_UnsetDirectSetRandom.uasset" 219
"../../../Engine/Plugins/FX/Niagara/Content/Enums/Ribbons/ENiagara_UnsetDirectSetRandom.uexp" 220
"../../../Engine/Plugins/FX/Niagara/Content/Enums/Transforms/ENiagara_OffsetMode.uasset" 221
"../../../Engine/Plugins/FX/Niagara/Content/Enums/Transforms/ENiagara_OffsetMode.uexp" 222
"../../../Engine/Plugins/FX/Niagara/Content/Enums/Transforms/ENiagara_RotationMode.uasset" 223
"../../../Engine/Plugins/FX/Niagara/Content/Enums/Transforms/ENiagara_RotationMode.uexp" 224
"../../../Engine/Plugins/FX/Niagara/Content/Enums/Transforms/ENiagara_ScaleMode.uasset" 225
"../../../Engine/Plugins/FX/Niagara/Content/Enums/Transforms/ENiagara_ScaleMode.uexp" 226
"../../../Engine/Plugins/FX/Niagara/Content/Enums/Transforms/ENiagara_TransformOrder.uasset" 227
"../../../Engine/Plugins/FX/Niagara/Content/Enums/Transforms/ENiagara_TransformOrder.uexp" 228
"../../../Engine/Plugins/FX/Niagara/Content/Enums/Transforms/ENiagara_TransformType.uasset" 229
"../../../Engine/Plugins/FX/Niagara/Content/Enums/Transforms/ENiagara_TransformType.uexp" 230
"../../../Engine/Plugins/FX/Niagara/Content/Enums/ENiagaraExpansionMode.uasset" 231
"../../../Engine/Plugins/FX/Niagara/Content/Enums/ENiagaraExpansionMode.uexp" 232
"../../../Engine/Plugins/FX/Niagara/Content/Enums/Utility/ENiagara_VelocityMode.uasset" 233
"../../../Engine/Plugins/FX/Niagara/Content/Enums/Utility/ENiagara_VelocityMode.uexp" 234
"../../../Engine/Plugins/FX/Niagara/Content/Enums/ENiagaraVector4_Channels.uasset" 235
"../../../Engine/Plugins/FX/Niagara/Content/Enums/ENiagaraVector4_Channels.uexp" 236
"D:/UnrealProjects/Aura2/Content/Assets/Effects/Soul/NS_Embers.uasset" 237
"D:/UnrealProjects/Aura2/Content/Assets/Effects/Soul/NS_Embers.uexp" 238
"../../../Engine/Content/Functions/Engine_MaterialFunctions02/HueShift.uasset" 239
"../../../Engine/Content/Functions/Engine_MaterialFunctions02/HueShift.uexp" 240
"../../../Engine/Content/Functions/Engine_MaterialFunctions02/SmoothStep.uasset" 241
"../../../Engine/Content/Functions/Engine_MaterialFunctions02/SmoothStep.uexp" 242
"D:/UnrealProjects/Aura2/Content/Kobo_Dungeon/Textures/T-FX/N-CandleFlame.ubulk" 243
"D:/UnrealProjects/Aura2/Content/Kobo_Dungeon/Textures/T-FX/N-CandleFlame.uasset" 244
"D:/UnrealProjects/Aura2/Content/Kobo_Dungeon/Textures/T-FX/N-CandleFlame.uexp" 245
"D:/UnrealProjects/Aura2/Content/Kobo_Dungeon/Textures/T-FX/A-CandleFlame.ubulk" 246
"D:/UnrealProjects/Aura2/Content/Kobo_Dungeon/Textures/T-FX/A-CandleFlame.uasset" 247
"D:/UnrealProjects/Aura2/Content/Kobo_Dungeon/Textures/T-FX/A-CandleFlame.uexp" 248
"D:/UnrealProjects/Aura2/Content/Kobo_Dungeon/Materials/M-FX/M-CandleFlame.uasset" 249
"D:/UnrealProjects/Aura2/Content/Kobo_Dungeon/Materials/M-FX/M-CandleFlame.uexp" 250
"D:/UnrealProjects/Aura2/Content/Assets/Effects/Teleport/NE_GhostTrail_System.uasset" 251
"D:/UnrealProjects/Aura2/Content/Assets/Effects/Teleport/NE_GhostTrail_System.uexp" 252
"D:/UnrealProjects/Aura2/Content/Blueprints/Audio/SC_Background.uasset" 253
"D:/UnrealProjects/Aura2/Content/Blueprints/Audio/SC_Background.uexp" 254
"D:/UnrealProjects/Aura2/Content/Blueprints/Audio/SC_UI.uasset" 255
"D:/UnrealProjects/Aura2/Content/Blueprints/Audio/SC_UI.uexp" 256
"D:/UnrealProjects/Aura2/Content/Blueprints/Audio/SC_Master.uasset" 257
"D:/UnrealProjects/Aura2/Content/Blueprints/Audio/SC_Master.uexp" 258
"D:/UnrealProjects/Aura2/Content/Blueprints/Audio/SC_FX.uasset" 259
"D:/UnrealProjects/Aura2/Content/Blueprints/Audio/SC_FX.uexp" 260
"D:/UnrealProjects/Aura2/Content/Assets/Sounds/Abilities/Shock/wav/SFX_Electric_Burst_03.ubulk" 261
"D:/UnrealProjects/Aura2/Content/Assets/Sounds/Abilities/Shock/wav/SFX_Electric_Burst_03.uasset" 262
"D:/UnrealProjects/Aura2/Content/Assets/Sounds/Abilities/Shock/wav/SFX_Electric_Burst_03.uexp" 263
"D:/UnrealProjects/Aura2/Content/Blueprints/AbilitySystem/GameplayCueNotifies/GC_Teleport_Spawn.uasset" 264
"D:/UnrealProjects/Aura2/Content/Blueprints/AbilitySystem/GameplayCueNotifies/GC_Teleport_Spawn.uexp" 265
"../../../Engine/Plugins/FX/Niagara/Content/Enums/SpriteRenderer/ENiagara_ScaleSpriteSize.uasset" 266
"../../../Engine/Plugins/FX/Niagara/Content/Enums/SpriteRenderer/ENiagara_ScaleSpriteSize.uexp" 267
"D:/UnrealProjects/Aura2/Content/Assets/Effects/Soul/M_SoulGlow.uasset" 268
"D:/UnrealProjects/Aura2/Content/Assets/Effects/Soul/M_SoulGlow.uexp" 269
"D:/UnrealProjects/Aura2/Content/Assets/Effects/Soul/NS_Cast_Teleport.uasset" 270
"D:/UnrealProjects/Aura2/Content/Assets/Effects/Soul/NS_Cast_Teleport.uexp" 271
"D:/UnrealProjects/Aura2/Content/Blueprints/AbilitySystem/GameplayCueNotifies/GC_Teleport.uasset" 272
"D:/UnrealProjects/Aura2/Content/Blueprints/AbilitySystem/GameplayCueNotifies/GC_Teleport.uexp" 273
"D:/UnrealProjects/Aura2/Content/Assets/Effects/Shared/M_Ring.uasset" 274
"D:/UnrealProjects/Aura2/Content/Assets/Effects/Shared/M_Ring.uexp" 275
"D:/UnrealProjects/Aura2/Content/Assets/Effects/Combat/NS_GroundSummon.uasset" 276
"D:/UnrealProjects/Aura2/Content/Assets/Effects/Combat/NS_GroundSummon.uexp" 277
"D:/UnrealProjects/Aura2/Content/Blueprints/AbilitySystem/GameplayCueNotifies/GC_SummonMinion.uasset" 278
"D:/UnrealProjects/Aura2/Content/Blueprints/AbilitySystem/GameplayCueNotifies/GC_SummonMinion.uexp" 279
"../../../Engine/Plugins/FX/Niagara/Content/VectorFields/Assets/TilingCurl32.uasset" 280
"../../../Engine/Plugins/FX/Niagara/Content/VectorFields/Assets/TilingCurl32.uexp" 281
"../../../Engine/Plugins/FX/Niagara/Content/Enums/ENiagaraCurlNoiseQuality.uasset" 282
"../../../Engine/Plugins/FX/Niagara/Content/Enums/ENiagaraCurlNoiseQuality.uexp" 283
"../../../Engine/Plugins/FX/Niagara/Content/VectorFields/Assets/TilingCurl64.uasset" 284
"../../../Engine/Plugins/FX/Niagara/Content/VectorFields/Assets/TilingCurl64.uexp" 285
"../../../Engine/Plugins/FX/Niagara/Content/VectorFields/Assets/TilingCurl16.uasset" 286
"../../../Engine/Plugins/FX/Niagara/Content/VectorFields/Assets/TilingCurl16.uexp" 287
"D:/UnrealProjects/Aura2/Content/Assets/Effects/Shared/noise_blur_min.ubulk" 288
"D:/UnrealProjects/Aura2/Content/Assets/Effects/Shared/noise_blur_min.uasset" 289
"D:/UnrealProjects/Aura2/Content/Assets/Effects/Shared/noise_blur_min.uexp" 290
"D:/UnrealProjects/Aura2/Content/Assets/Effects/Shock/Material/M_ElectricRibbon_Trans.uasset" 291
"D:/UnrealProjects/Aura2/Content/Assets/Effects/Shock/Material/M_ElectricRibbon_Trans.uexp" 292
"D:/UnrealProjects/Aura2/Content/Assets/Effects/Shock/Material/M_ElectricRibbon_Add.uasset" 293
"D:/UnrealProjects/Aura2/Content/Assets/Effects/Shock/Material/M_ElectricRibbon_Add.uexp" 294
"D:/UnrealProjects/Aura2/Content/Assets/Effects/Shock/Material/DefaultSpriteMaterial_Trans.uasset" 295
"D:/UnrealProjects/Aura2/Content/Assets/Effects/Shock/Material/DefaultSpriteMaterial_Trans.uexp" 296
"D:/UnrealProjects/Aura2/Content/Assets/Effects/Shock/NS_ElectricBeam.uasset" 297
"D:/UnrealProjects/Aura2/Content/Assets/Effects/Shock/NS_ElectricBeam.uexp" 298
"D:/UnrealProjects/Aura2/Content/Assets/Sounds/Abilities/FireBolt/att_InWorld.uasset" 299
"D:/UnrealProjects/Aura2/Content/Assets/Sounds/Abilities/FireBolt/att_InWorld.uexp" 300
"D:/UnrealProjects/Aura2/Content/Assets/Sounds/Abilities/Shock/wav/SFX_Electric_Hum_Loop_01.ubulk" 301
"D:/UnrealProjects/Aura2/Content/Assets/Sounds/Abilities/Shock/wav/SFX_Electric_Hum_Loop_01.uasset" 302
"D:/UnrealProjects/Aura2/Content/Assets/Sounds/Abilities/Shock/wav/SFX_Electric_Hum_Loop_01.uexp" 303
"D:/UnrealProjects/Aura2/Content/Assets/Sounds/Abilities/Shock/wav/SFX_Electric_Hum_Loop_02.ubulk" 304
"D:/UnrealProjects/Aura2/Content/Assets/Sounds/Abilities/Shock/wav/SFX_Electric_Hum_Loop_02.uasset" 305
"D:/UnrealProjects/Aura2/Content/Assets/Sounds/Abilities/Shock/wav/SFX_Electric_Hum_Loop_02.uexp" 306
"D:/UnrealProjects/Aura2/Content/Assets/Sounds/Abilities/Shock/wav/SFX_Electric_Hum_Loop_03.ubulk" 307
"D:/UnrealProjects/Aura2/Content/Assets/Sounds/Abilities/Shock/wav/SFX_Electric_Hum_Loop_03.uasset" 308
"D:/UnrealProjects/Aura2/Content/Assets/Sounds/Abilities/Shock/wav/SFX_Electric_Hum_Loop_03.uexp" 309
"D:/UnrealProjects/Aura2/Content/Assets/Sounds/Abilities/Shock/sfx_ShockLoop.uasset" 310
"D:/UnrealProjects/Aura2/Content/Assets/Sounds/Abilities/Shock/sfx_ShockLoop.uexp" 311
"D:/UnrealProjects/Aura2/Content/Blueprints/AbilitySystem/GameplayCueNotifies/GC_SpinningLoop.uasset" 312
"D:/UnrealProjects/Aura2/Content/Blueprints/AbilitySystem/GameplayCueNotifies/GC_SpinningLoop.uexp" 313
"../../../Engine/Content/EditorBlueprintResources/StandardMacros.uasset" 314
"../../../Engine/Content/EditorBlueprintResources/StandardMacros.uexp" 315
"D:/UnrealProjects/Aura2/Content/Assets/Effects/Firenado/NS_TornadoSpawn.uasset" 316
"D:/UnrealProjects/Aura2/Content/Assets/Effects/Firenado/NS_TornadoSpawn.uexp" 317
"D:/UnrealProjects/Aura2/Content/Blueprints/AbilitySystem/GameplayCueNotifies/GC_SpawnTornado.uasset" 318
"D:/UnrealProjects/Aura2/Content/Blueprints/AbilitySystem/GameplayCueNotifies/GC_SpawnTornado.uexp" 319
"D:/UnrealProjects/Aura2/Content/Assets/Effects/Shock/NS_SphereSpawn.uasset" 320
"D:/UnrealProjects/Aura2/Content/Assets/Effects/Shock/NS_SphereSpawn.uexp" 321
"D:/UnrealProjects/Aura2/Content/Blueprints/AbilitySystem/GameplayCueNotifies/GC_SpawnSphere.uasset" 322
"D:/UnrealProjects/Aura2/Content/Blueprints/AbilitySystem/GameplayCueNotifies/GC_SpawnSphere.uexp" 323
"D:/UnrealProjects/Aura2/Content/Assets/Effects/ArcaneArea/NS_ArcaneSpawn.uasset" 324
"D:/UnrealProjects/Aura2/Content/Assets/Effects/ArcaneArea/NS_ArcaneSpawn.uexp" 325
"D:/UnrealProjects/Aura2/Content/Blueprints/AbilitySystem/GameplayCueNotifies/GC_SpawnArcane.uasset" 326
"D:/UnrealProjects/Aura2/Content/Blueprints/AbilitySystem/GameplayCueNotifies/GC_SpawnArcane.uexp" 327
"D:/UnrealProjects/Aura2/Content/Assets/Effects/Shock/NS_Sparks.uasset" 328
"D:/UnrealProjects/Aura2/Content/Assets/Effects/Shock/NS_Sparks.uexp" 329
"D:/UnrealProjects/Aura2/Content/Blueprints/AbilitySystem/GameplayCueNotifies/GC_Sparks.uasset" 330
"D:/UnrealProjects/Aura2/Content/Blueprints/AbilitySystem/GameplayCueNotifies/GC_Sparks.uexp" 331
"D:/UnrealProjects/Aura2/Content/Assets/Enemies/Goblin/Slingshot/Materials/SlingshotRock/SlingshotRock_low_DefaultMaterial_OcclusionRoughnessMetallic.ubulk" 332
"D:/UnrealProjects/Aura2/Content/Assets/Enemies/Goblin/Slingshot/Materials/SlingshotRock/SlingshotRock_low_DefaultMaterial_OcclusionRoughnessMetallic.uasset" 333
"D:/UnrealProjects/Aura2/Content/Assets/Enemies/Goblin/Slingshot/Materials/SlingshotRock/SlingshotRock_low_DefaultMaterial_OcclusionRoughnessMetallic.uexp" 334
"D:/UnrealProjects/Aura2/Content/Assets/Enemies/Goblin/Slingshot/Materials/SlingshotRock/SlingshotRock_low_DefaultMaterial_Normal.ubulk" 335
"D:/UnrealProjects/Aura2/Content/Assets/Enemies/Goblin/Slingshot/Materials/SlingshotRock/SlingshotRock_low_DefaultMaterial_Normal.uasset" 336
"D:/UnrealProjects/Aura2/Content/Assets/Enemies/Goblin/Slingshot/Materials/SlingshotRock/SlingshotRock_low_DefaultMaterial_Normal.uexp" 337
"D:/UnrealProjects/Aura2/Content/Assets/Enemies/Goblin/Slingshot/Materials/SlingshotRock/SlingshotRock_low_DefaultMaterial_BaseColor.ubulk" 338
"D:/UnrealProjects/Aura2/Content/Assets/Enemies/Goblin/Slingshot/Materials/SlingshotRock/SlingshotRock_low_DefaultMaterial_BaseColor.uasset" 339
"D:/UnrealProjects/Aura2/Content/Assets/Enemies/Goblin/Slingshot/Materials/SlingshotRock/SlingshotRock_low_DefaultMaterial_BaseColor.uexp" 340
"D:/UnrealProjects/Aura2/Content/Assets/Enemies/Goblin/Slingshot/Materials/SlingshotRock/M_SlingshotRock.uasset" 341
"D:/UnrealProjects/Aura2/Content/Assets/Enemies/Goblin/Slingshot/Materials/SlingshotRock/M_SlingshotRock.uexp" 342
"D:/UnrealProjects/Aura2/Content/Assets/Enemies/Goblin/Slingshot/SM_SlingshotRock.ubulk" 343
"D:/UnrealProjects/Aura2/Content/Assets/Enemies/Goblin/Slingshot/SM_SlingshotRock.uasset" 344
"D:/UnrealProjects/Aura2/Content/Assets/Enemies/Goblin/Slingshot/SM_SlingshotRock.uexp" 345
"D:/UnrealProjects/Aura2/Content/Assets/Effects/Combat/NS_SlingshotImpact.uasset" 346
"D:/UnrealProjects/Aura2/Content/Assets/Effects/Combat/NS_SlingshotImpact.uexp" 347
"D:/UnrealProjects/Aura2/Content/Assets/Sounds/Enemies/Goblin/RockHit/SFX_RockHit_Body_03.ubulk" 348
"D:/UnrealProjects/Aura2/Content/Assets/Sounds/Enemies/Goblin/RockHit/SFX_RockHit_Body_03.uasset" 349
"D:/UnrealProjects/Aura2/Content/Assets/Sounds/Enemies/Goblin/RockHit/SFX_RockHit_Body_03.uexp" 350
"D:/UnrealProjects/Aura2/Content/Assets/Sounds/Enemies/Goblin/RockHit/SFX_RockHit_Body_02.ubulk" 351
"D:/UnrealProjects/Aura2/Content/Assets/Sounds/Enemies/Goblin/RockHit/SFX_RockHit_Body_02.uasset" 352
"D:/UnrealProjects/Aura2/Content/Assets/Sounds/Enemies/Goblin/RockHit/SFX_RockHit_Body_02.uexp" 353
"D:/UnrealProjects/Aura2/Content/Assets/Sounds/Enemies/Goblin/RockHit/SFX_RockHit_Body_01.ubulk" 354
"D:/UnrealProjects/Aura2/Content/Assets/Sounds/Enemies/Goblin/RockHit/SFX_RockHit_Body_01.uasset" 355
"D:/UnrealProjects/Aura2/Content/Assets/Sounds/Enemies/Goblin/RockHit/SFX_RockHit_Body_01.uexp" 356
"D:/UnrealProjects/Aura2/Content/Assets/Sounds/Enemies/Goblin/RockHit/sfx_RockHit.uasset" 357
"D:/UnrealProjects/Aura2/Content/Assets/Sounds/Enemies/Goblin/RockHit/sfx_RockHit.uexp" 358
"D:/UnrealProjects/Aura2/Content/Blueprints/AbilitySystem/GameplayCueNotifies/GC_SlingShot_Impact.uasset" 359
"D:/UnrealProjects/Aura2/Content/Blueprints/AbilitySystem/GameplayCueNotifies/GC_SlingShot_Impact.uexp" 360
"D:/UnrealProjects/Aura2/Content/Blueprints/AbilitySystem/GameplayCueNotifies/GC_ShockLoop_ElectroSphere.uasset" 361
"D:/UnrealProjects/Aura2/Content/Blueprints/AbilitySystem/GameplayCueNotifies/GC_ShockLoop_ElectroSphere.uexp" 362
"D:/UnrealProjects/Aura2/Content/Blueprints/AbilitySystem/GameplayCueNotifies/GC_ShockLoop.uasset" 363
"D:/UnrealProjects/Aura2/Content/Blueprints/AbilitySystem/GameplayCueNotifies/GC_ShockLoop.uexp" 364
"D:/UnrealProjects/Aura2/Content/Assets/Sounds/Abilities/Shock/wav/SFX_Electric_Burst_01.ubulk" 365
"D:/UnrealProjects/Aura2/Content/Assets/Sounds/Abilities/Shock/wav/SFX_Electric_Burst_01.uasset" 366
"D:/UnrealProjects/Aura2/Content/Assets/Sounds/Abilities/Shock/wav/SFX_Electric_Burst_01.uexp" 367
"D:/UnrealProjects/Aura2/Content/Assets/Sounds/Abilities/Shock/wav/SFX_Electric_Burst_02.ubulk" 368
"D:/UnrealProjects/Aura2/Content/Assets/Sounds/Abilities/Shock/wav/SFX_Electric_Burst_02.uasset" 369
"D:/UnrealProjects/Aura2/Content/Assets/Sounds/Abilities/Shock/wav/SFX_Electric_Burst_02.uexp" 370
"D:/UnrealProjects/Aura2/Content/Assets/Sounds/Abilities/Shock/wav/SFX_Electric_Burst_04.ubulk" 371
"D:/UnrealProjects/Aura2/Content/Assets/Sounds/Abilities/Shock/wav/SFX_Electric_Burst_04.uasset" 372
"D:/UnrealProjects/Aura2/Content/Assets/Sounds/Abilities/Shock/wav/SFX_Electric_Burst_04.uexp" 373
"D:/UnrealProjects/Aura2/Content/Assets/Sounds/Abilities/Shock/wav/SFX_Electric_Burst_05.ubulk" 374
"D:/UnrealProjects/Aura2/Content/Assets/Sounds/Abilities/Shock/wav/SFX_Electric_Burst_05.uasset" 375
"D:/UnrealProjects/Aura2/Content/Assets/Sounds/Abilities/Shock/wav/SFX_Electric_Burst_05.uexp" 376
"D:/UnrealProjects/Aura2/Content/Assets/Sounds/Abilities/Shock/wav/SFX_Electric_Burst_06.ubulk" 377
"D:/UnrealProjects/Aura2/Content/Assets/Sounds/Abilities/Shock/wav/SFX_Electric_Burst_06.uasset" 378
"D:/UnrealProjects/Aura2/Content/Assets/Sounds/Abilities/Shock/wav/SFX_Electric_Burst_06.uexp" 379
"D:/UnrealProjects/Aura2/Content/Assets/Sounds/Abilities/Shock/sfx_Shock.uasset" 380
"D:/UnrealProjects/Aura2/Content/Assets/Sounds/Abilities/Shock/sfx_Shock.uexp" 381
"D:/UnrealProjects/Aura2/Content/Blueprints/AbilitySystem/GameplayCueNotifies/GC_ShockBurst.uasset" 382
"D:/UnrealProjects/Aura2/Content/Blueprints/AbilitySystem/GameplayCueNotifies/GC_ShockBurst.uexp" 383
"../../../Engine/Content/Functions/Engine_MaterialFunctions01/Opacity/CameraDepthFade.uasset" 384
"../../../Engine/Content/Functions/Engine_MaterialFunctions01/Opacity/CameraDepthFade.uexp" 385
"../../../Engine/Content/EngineMaterials/T_Default_Material_Grid_M.ubulk" 386
"../../../Engine/Content/EngineMaterials/T_Default_Material_Grid_M.uasset" 387
"../../../Engine/Content/EngineMaterials/T_Default_Material_Grid_M.uexp" 388
"../../../Engine/Content/EngineMaterials/T_Default_Material_Grid_N.ubulk" 389
"../../../Engine/Content/EngineMaterials/T_Default_Material_Grid_N.uasset" 390
"../../../Engine/Content/EngineMaterials/T_Default_Material_Grid_N.uexp" 391
"../../../Engine/Content/EngineMaterials/WorldGridMaterial.uasset" 392
"../../../Engine/Content/EngineMaterials/WorldGridMaterial.uexp" 393
"../../../Engine/Content/BasicShapes/Plane.ubulk" 394
"../../../Engine/Content/BasicShapes/Plane.uasset" 395
"../../../Engine/Content/BasicShapes/Plane.uexp" 396
"D:/UnrealProjects/Aura2/Content/Kobo_Dungeon/Textures/A-Blank-01.ubulk" 397
"D:/UnrealProjects/Aura2/Content/Kobo_Dungeon/Textures/A-Blank-01.uasset" 398
"D:/UnrealProjects/Aura2/Content/Kobo_Dungeon/Textures/A-Blank-01.uexp" 399
"D:/UnrealProjects/Aura2/Content/Assets/RangeIndicator/M_RangeIndicator.uasset" 400
"D:/UnrealProjects/Aura2/Content/Assets/RangeIndicator/M_RangeIndicator.uexp" 401
"D:/UnrealProjects/Aura2/Content/Assets/MagicCircles/MagicCircle_1.ubulk" 402
"D:/UnrealProjects/Aura2/Content/Assets/MagicCircles/MagicCircle_1.uasset" 403
"D:/UnrealProjects/Aura2/Content/Assets/MagicCircles/MagicCircle_1.uexp" 404
"D:/UnrealProjects/Aura2/Content/Assets/RangeIndicator/MI_RangeIndicator_Circle.uasset" 405
"D:/UnrealProjects/Aura2/Content/Assets/RangeIndicator/MI_RangeIndicator_Circle.uexp" 406
"D:/UnrealProjects/Aura2/Content/Blueprints/AbilitySystem/GameplayCueNotifies/GC_RangeIndicator.uasset" 407
"D:/UnrealProjects/Aura2/Content/Blueprints/AbilitySystem/GameplayCueNotifies/GC_RangeIndicator.uexp" 408
"D:/UnrealProjects/Aura2/Content/Blueprints/AbilitySystem/GameplayCueNotifies/GC_RangeBurst.uasset" 409
"D:/UnrealProjects/Aura2/Content/Blueprints/AbilitySystem/GameplayCueNotifies/GC_RangeBurst.uexp" 410
"D:/UnrealProjects/Aura2/Content/Assets/Effects/Shared/M_Crescent.uasset" 411
"D:/UnrealProjects/Aura2/Content/Assets/Effects/Shared/M_Crescent.uexp" 412
"../../../Engine/Plugins/FX/Niagara/Content/Enums/Utility/ENiagara_DynamicMaterialParametersInputMode.uasset" 413
"../../../Engine/Plugins/FX/Niagara/Content/Enums/Utility/ENiagara_DynamicMaterialParametersInputMode.uexp" 414
"../../../Engine/Content/Functions/Engine_MaterialFunctions01/Density/ExponentialDensity.uasset" 415
"../../../Engine/Content/Functions/Engine_MaterialFunctions01/Density/ExponentialDensity.uexp" 416
"../../../Engine/Content/Functions/Engine_MaterialFunctions01/Gradient/RadialGradientExponential.uasset" 417
"../../../Engine/Content/Functions/Engine_MaterialFunctions01/Gradient/RadialGradientExponential.uexp" 418
"D:/UnrealProjects/Aura2/Content/Assets/Effects/Fire/M_Distortion2.uasset" 419
"D:/UnrealProjects/Aura2/Content/Assets/Effects/Fire/M_Distortion2.uexp" 420
"D:/UnrealProjects/Aura2/Content/Assets/Effects/ManaDrain/NS_ManaDrain.uasset" 421
"D:/UnrealProjects/Aura2/Content/Assets/Effects/ManaDrain/NS_ManaDrain.uexp" 422
"D:/UnrealProjects/Aura2/Content/Blueprints/AbilitySystem/GameplayCueNotifies/GC_MindControlled.uasset" 423
"D:/UnrealProjects/Aura2/Content/Blueprints/AbilitySystem/GameplayCueNotifies/GC_MindControlled.uexp" 424
"D:/UnrealProjects/Aura2/Content/Blueprints/AbilitySystem/GameplayCueNotifies/GC_Message.uasset" 425
"D:/UnrealProjects/Aura2/Content/Blueprints/AbilitySystem/GameplayCueNotifies/GC_Message.uexp" 426
"D:/UnrealProjects/Aura2/Content/Blueprints/AbilitySystem/GameplayCueNotifies/GC_MeleeImpact.uasset" 427
"D:/UnrealProjects/Aura2/Content/Blueprints/AbilitySystem/GameplayCueNotifies/GC_MeleeImpact.uexp" 428
"../../../Engine/Content/EngineMaterials/DefaultMaterial.uasset" 429
"../../../Engine/Content/EngineMaterials/DefaultMaterial.uexp" 430
"D:/UnrealProjects/Aura2/Content/Assets/Effects/Shared/Sphere.ubulk" 431
"D:/UnrealProjects/Aura2/Content/Assets/Effects/Shared/Sphere.uasset" 432
"D:/UnrealProjects/Aura2/Content/Assets/Effects/Shared/Sphere.uexp" 433
"D:/UnrealProjects/Aura2/Content/Assets/Effects/Shared/sparkle_01.ubulk" 434
"D:/UnrealProjects/Aura2/Content/Assets/Effects/Shared/sparkle_01.uasset" 435
"D:/UnrealProjects/Aura2/Content/Assets/Effects/Shared/sparkle_01.uexp" 436
"D:/UnrealProjects/Aura2/Content/Assets/Effects/Shared/M_Spark.uasset" 437
"D:/UnrealProjects/Aura2/Content/Assets/Effects/Shared/M_Spark.uexp" 438
"D:/UnrealProjects/Aura2/Content/Assets/Effects/Shared/M_DefaultSprite_trans.uasset" 439
"D:/UnrealProjects/Aura2/Content/Assets/Effects/Shared/M_DefaultSprite_trans.uexp" 440
"D:/UnrealProjects/Aura2/Content/Assets/Effects/Projectiles/FireExplosion/M_ExplosionSphere1.uasset" 441
"D:/UnrealProjects/Aura2/Content/Assets/Effects/Projectiles/FireExplosion/M_ExplosionSphere1.uexp" 442
"D:/UnrealProjects/Aura2/Content/Assets/Effects/Fire/NS_FireExplosion.uasset" 443
"D:/UnrealProjects/Aura2/Content/Assets/Effects/Fire/NS_FireExplosion.uexp" 444
"D:/UnrealProjects/Aura2/Content/Assets/Sounds/Abilities/FireNado/SFX_Fire-Nado_03.ubulk" 445
"D:/UnrealProjects/Aura2/Content/Assets/Sounds/Abilities/FireNado/SFX_Fire-Nado_03.uasset" 446
"D:/UnrealProjects/Aura2/Content/Assets/Sounds/Abilities/FireNado/SFX_Fire-Nado_03.uexp" 447
"D:/UnrealProjects/Aura2/Content/Assets/Sounds/Abilities/FireNado/sfx_FireNado_End.uasset" 448
"D:/UnrealProjects/Aura2/Content/Assets/Sounds/Abilities/FireNado/sfx_FireNado_End.uexp" 449
"D:/UnrealProjects/Aura2/Content/Blueprints/AbilitySystem/GameplayCueNotifies/GC_FireNado_Destroy.uasset" 450
"D:/UnrealProjects/Aura2/Content/Blueprints/AbilitySystem/GameplayCueNotifies/GC_FireNado_Destroy.uexp" 451
"../../../Engine/Plugins/FX/Niagara/Content/Enums/ENiagaraCalculateRadiusOptions.uasset" 452
"../../../Engine/Plugins/FX/Niagara/Content/Enums/ENiagaraCalculateRadiusOptions.uexp" 453
"../../../Engine/Plugins/FX/Niagara/Content/Enums/ENiagara_WrapClamp.uasset" 454
"../../../Engine/Plugins/FX/Niagara/Content/Enums/ENiagara_WrapClamp.uexp" 455
"../../../Engine/Plugins/FX/Niagara/Content/Enums/ENiagara_SubUVLookupModeV2.uasset" 456
"../../../Engine/Plugins/FX/Niagara/Content/Enums/ENiagara_SubUVLookupModeV2.uexp" 457
"../../../Engine/Plugins/FX/Niagara/Content/Enums/ENiagaraMeshTransforms.uasset" 458
"../../../Engine/Plugins/FX/Niagara/Content/Enums/ENiagaraMeshTransforms.uexp" 459
"../../../Engine/Plugins/FX/Niagara/Content/Enums/ENiagaraMeshOrSprite.uasset" 460
"../../../Engine/Plugins/FX/Niagara/Content/Enums/ENiagaraMeshOrSprite.uexp" 461
"../../../Engine/Plugins/FX/Niagara/Content/Enums/Utility/ENiagara_UpdateMeshOrientationMode.uasset" 462
"../../../Engine/Plugins/FX/Niagara/Content/Enums/Utility/ENiagara_UpdateMeshOrientationMode.uexp" 463
"../../../Engine/Plugins/FX/Niagara/Content/Enums/Utility/ENiagara_OrientVectorCount.uasset" 464
"../../../Engine/Plugins/FX/Niagara/Content/Enums/Utility/ENiagara_OrientVectorCount.uexp" 465
"../../../Engine/Plugins/FX/Niagara/Content/Enums/SpriteRenderer/ENiagara_FPSPlayrate.uasset" 466
"../../../Engine/Plugins/FX/Niagara/Content/Enums/SpriteRenderer/ENiagara_FPSPlayrate.uexp" 467
"../../../Engine/Plugins/FX/Niagara/Content/Enums/SpriteRenderer/ENiagara_AutomaticManual.uasset" 468
"../../../Engine/Plugins/FX/Niagara/Content/Enums/SpriteRenderer/ENiagara_AutomaticManual.uexp" 469
"../../../Engine/Content/Functions/Engine_MaterialFunctions02/ExampleContent/Textures/OffsetNoiseDistanceFields_ForNormals.ubulk" 470
"../../../Engine/Content/Functions/Engine_MaterialFunctions02/ExampleContent/Textures/OffsetNoiseDistanceFields_ForNormals.uasset" 471
"../../../Engine/Content/Functions/Engine_MaterialFunctions02/ExampleContent/Textures/OffsetNoiseDistanceFields_ForNormals.uexp" 472
"../../../Engine/Content/Functions/Engine_MaterialFunctions02/Fresnel_Function.uasset" 473
"../../../Engine/Content/Functions/Engine_MaterialFunctions02/Fresnel_Function.uexp" 474
"D:/UnrealProjects/Aura2/Content/Assets/Effects/Firenado/Tornado.uasset" 475
"D:/UnrealProjects/Aura2/Content/Assets/Effects/Firenado/Tornado.uexp" 476
"D:/UnrealProjects/Aura2/Content/Assets/Effects/Firenado/SM_Tornado.ubulk" 477
"D:/UnrealProjects/Aura2/Content/Assets/Effects/Firenado/SM_Tornado.uasset" 478
"D:/UnrealProjects/Aura2/Content/Assets/Effects/Firenado/SM_Tornado.uexp" 479
"../../../Engine/Content/Functions/Engine_MaterialFunctions02/Utility/VectorToRadialValue.uasset" 480
"../../../Engine/Content/Functions/Engine_MaterialFunctions02/Utility/VectorToRadialValue.uexp" 481
"D:/UnrealProjects/Aura2/Content/Assets/Effects/Firenado/LowResBlurredNoise.uasset" 482
"D:/UnrealProjects/Aura2/Content/Assets/Effects/Firenado/LowResBlurredNoise.uexp" 483
"D:/UnrealProjects/Aura2/Content/Assets/Effects/Firenado/M_Swirl.uasset" 484
"D:/UnrealProjects/Aura2/Content/Assets/Effects/Firenado/M_Swirl.uexp" 485
"D:/UnrealProjects/Aura2/Content/Assets/Effects/Firenado/T_Smoke_Tiled_D.ubulk" 486
"D:/UnrealProjects/Aura2/Content/Assets/Effects/Firenado/T_Smoke_Tiled_D.uasset" 487
"D:/UnrealProjects/Aura2/Content/Assets/Effects/Firenado/T_Smoke_Tiled_D.uexp" 488
"D:/UnrealProjects/Aura2/Content/Assets/Effects/Firenado/T_Smoke_SubUV.ubulk" 489
"D:/UnrealProjects/Aura2/Content/Assets/Effects/Firenado/T_Smoke_SubUV.uasset" 490
"D:/UnrealProjects/Aura2/Content/Assets/Effects/Firenado/T_Smoke_SubUV.uexp" 491
"D:/UnrealProjects/Aura2/Content/Assets/Effects/Firenado/M_smoke_subUV.uasset" 492
"D:/UnrealProjects/Aura2/Content/Assets/Effects/Firenado/M_smoke_subUV.uexp" 493
"../../../Engine/Content/Functions/Engine_MaterialFunctions01/Gradient/RadialGradient.uasset" 494
"../../../Engine/Content/Functions/Engine_MaterialFunctions01/Gradient/RadialGradient.uexp" 495
"D:/UnrealProjects/Aura2/Content/Assets/Effects/Firenado/M_radial_ramp.uasset" 496
"D:/UnrealProjects/Aura2/Content/Assets/Effects/Firenado/M_radial_ramp.uexp" 497
"../../../Engine/Content/Tutorial/SubEditors/TutorialAssets/T_SmokeSubUV_8X8.ubulk" 498
"../../../Engine/Content/Tutorial/SubEditors/TutorialAssets/T_SmokeSubUV_8X8.uasset" 499
"../../../Engine/Content/Tutorial/SubEditors/TutorialAssets/T_SmokeSubUV_8X8.uexp" 500
"../../../Engine/Plugins/FX/Niagara/Content/Enums/ENiagara_SubUVLookupMode.uasset" 501
"../../../Engine/Plugins/FX/Niagara/Content/Enums/ENiagara_SubUVLookupMode.uexp" 502
"D:/UnrealProjects/Aura2/Content/Assets/Effects/Firenado/NS_Tornado.uasset" 503
"D:/UnrealProjects/Aura2/Content/Assets/Effects/Firenado/NS_Tornado.uexp" 504
"D:/UnrealProjects/Aura2/Content/Assets/Sounds/Abilities/FireNado/sfx_FireNado.uasset" 505
"D:/UnrealProjects/Aura2/Content/Assets/Sounds/Abilities/FireNado/sfx_FireNado.uexp" 506
"D:/UnrealProjects/Aura2/Content/Blueprints/AbilitySystem/GameplayCueNotifies/GC_FireNado.uasset" 507
"D:/UnrealProjects/Aura2/Content/Blueprints/AbilitySystem/GameplayCueNotifies/GC_FireNado.uexp" 508
"D:/UnrealProjects/Aura2/Content/Assets/Effects/Projectiles/FireExplosion/NS_FireExplosion1.uasset" 509
"D:/UnrealProjects/Aura2/Content/Assets/Effects/Projectiles/FireExplosion/NS_FireExplosion1.uexp" 510
"D:/UnrealProjects/Aura2/Content/Assets/Sounds/Abilities/FireBolt/wav/Impact/SFX_Fireball_Hit_03.ubulk" 511
"D:/UnrealProjects/Aura2/Content/Assets/Sounds/Abilities/FireBolt/wav/Impact/SFX_Fireball_Hit_03.uasset" 512
"D:/UnrealProjects/Aura2/Content/Assets/Sounds/Abilities/FireBolt/wav/Impact/SFX_Fireball_Hit_03.uexp" 513
"D:/UnrealProjects/Aura2/Content/Assets/Sounds/Abilities/FireBolt/wav/Impact/SFX_Fireball_Hit_01.ubulk" 514
"D:/UnrealProjects/Aura2/Content/Assets/Sounds/Abilities/FireBolt/wav/Impact/SFX_Fireball_Hit_01.uasset" 515
"D:/UnrealProjects/Aura2/Content/Assets/Sounds/Abilities/FireBolt/wav/Impact/SFX_Fireball_Hit_01.uexp" 516
"D:/UnrealProjects/Aura2/Content/Assets/Sounds/Abilities/FireBolt/wav/Impact/SFX_Fireball_Hit_02.ubulk" 517
"D:/UnrealProjects/Aura2/Content/Assets/Sounds/Abilities/FireBolt/wav/Impact/SFX_Fireball_Hit_02.uasset" 518
"D:/UnrealProjects/Aura2/Content/Assets/Sounds/Abilities/FireBolt/wav/Impact/SFX_Fireball_Hit_02.uexp" 519
"D:/UnrealProjects/Aura2/Content/Assets/Sounds/Abilities/FireBolt/sfx_FireBolt_Impact.uasset" 520
"D:/UnrealProjects/Aura2/Content/Assets/Sounds/Abilities/FireBolt/sfx_FireBolt_Impact.uexp" 521
"D:/UnrealProjects/Aura2/Content/Blueprints/AbilitySystem/GameplayCueNotifies/GC_FireboltImpact.uasset" 522
"D:/UnrealProjects/Aura2/Content/Blueprints/AbilitySystem/GameplayCueNotifies/GC_FireboltImpact.uexp" 523
"D:/UnrealProjects/Aura2/Content/Assets/Effects/Projectiles/FireBolt/Materials/Textures/Noise_blur_1.uasset" 524
"D:/UnrealProjects/Aura2/Content/Assets/Effects/Projectiles/FireBolt/Materials/Textures/Noise_blur_1.uexp" 525
"D:/UnrealProjects/Aura2/Content/Assets/Effects/Projectiles/FireBolt/Materials/M_Fire.uasset" 526
"D:/UnrealProjects/Aura2/Content/Assets/Effects/Projectiles/FireBolt/Materials/M_Fire.uexp" 527
"D:/UnrealProjects/Aura2/Content/Assets/Effects/Projectiles/FireBolt/NS_Fire_3.uasset" 528
"D:/UnrealProjects/Aura2/Content/Assets/Effects/Projectiles/FireBolt/NS_Fire_3.uexp" 529
"D:/UnrealProjects/Aura2/Content/Assets/Sounds/Abilities/FireBolt/wav/Hiss/SFX_Drone_Rocket_Booster.ubulk" 530
"D:/UnrealProjects/Aura2/Content/Assets/Sounds/Abilities/FireBolt/wav/Hiss/SFX_Drone_Rocket_Booster.uasset" 531
"D:/UnrealProjects/Aura2/Content/Assets/Sounds/Abilities/FireBolt/wav/Hiss/SFX_Drone_Rocket_Booster.uexp" 532
"D:/UnrealProjects/Aura2/Content/Assets/Sounds/Abilities/FireBolt/sfx_FireBoltHiss1.uasset" 533
"D:/UnrealProjects/Aura2/Content/Assets/Sounds/Abilities/FireBolt/sfx_FireBoltHiss1.uexp" 534
"D:/UnrealProjects/Aura2/Content/Blueprints/AbilitySystem/GameplayCueNotifies/GC_Firebolt.uasset" 535
"D:/UnrealProjects/Aura2/Content/Blueprints/AbilitySystem/GameplayCueNotifies/GC_Firebolt.uexp" 536
"D:/UnrealProjects/Aura2/Content/Assets/Effects/Projectiles/FireExplosion/M_ExplosionSphere.uasset" 537
"D:/UnrealProjects/Aura2/Content/Assets/Effects/Projectiles/FireExplosion/M_ExplosionSphere.uexp" 538
"D:/UnrealProjects/Aura2/Content/Assets/Effects/Projectiles/FireExplosion/NS_FireExplosion.uasset" 539
"D:/UnrealProjects/Aura2/Content/Assets/Effects/Projectiles/FireExplosion/NS_FireExplosion.uexp" 540
"D:/UnrealProjects/Aura2/Content/Blueprints/AbilitySystem/GameplayCueNotifies/GC_FireBlast.uasset" 541
"D:/UnrealProjects/Aura2/Content/Blueprints/AbilitySystem/GameplayCueNotifies/GC_FireBlast.uexp" 542
"D:/UnrealProjects/Aura2/Content/Assets/Effects/Shock/NS_ElectroExplosion.uasset" 543
"D:/UnrealProjects/Aura2/Content/Assets/Effects/Shock/NS_ElectroExplosion.uexp" 544
"D:/UnrealProjects/Aura2/Content/Blueprints/AbilitySystem/GameplayCueNotifies/GC_ElectroSphere_Destroy.uasset" 545
"D:/UnrealProjects/Aura2/Content/Blueprints/AbilitySystem/GameplayCueNotifies/GC_ElectroSphere_Destroy.uexp" 546
"D:/UnrealProjects/Aura2/Content/Assets/Effects/ManaDrain/NS_Electro.uasset" 547
"D:/UnrealProjects/Aura2/Content/Assets/Effects/ManaDrain/NS_Electro.uexp" 548
"D:/UnrealProjects/Aura2/Content/Blueprints/AbilitySystem/GameplayCueNotifies/GC_ElectroSphere.uasset" 549
"D:/UnrealProjects/Aura2/Content/Blueprints/AbilitySystem/GameplayCueNotifies/GC_ElectroSphere.uexp" 550
"../../../Engine/Content/Functions/Engine_MaterialFunctions01/ImageAdjustment/DeriveHDRfromLDR.uasset" 551
"../../../Engine/Content/Functions/Engine_MaterialFunctions01/ImageAdjustment/DeriveHDRfromLDR.uexp" 552
"D:/UnrealProjects/Aura2/Content/Assets/Effects/LevelUp/Materials/OffsetNoiseDistanceFields_ForNormals.ubulk" 553
"D:/UnrealProjects/Aura2/Content/Assets/Effects/LevelUp/Materials/OffsetNoiseDistanceFields_ForNormals.uasset" 554
"D:/UnrealProjects/Aura2/Content/Assets/Effects/LevelUp/Materials/OffsetNoiseDistanceFields_ForNormals.uexp" 555
"D:/UnrealProjects/Aura2/Content/Assets/Effects/LevelUp/Materials/M_PanningNoise.uasset" 556
"D:/UnrealProjects/Aura2/Content/Assets/Effects/LevelUp/Materials/M_PanningNoise.uexp" 557
"D:/UnrealProjects/Aura2/Content/Assets/Effects/LevelUp/NS_LevelUp.uasset" 558
"D:/UnrealProjects/Aura2/Content/Assets/Effects/LevelUp/NS_LevelUp.uexp" 559
"D:/UnrealProjects/Aura2/Content/Blueprints/AbilitySystem/GameplayCueNotifies/GC_Cast_MindControl.uasset" 560
"D:/UnrealProjects/Aura2/Content/Blueprints/AbilitySystem/GameplayCueNotifies/GC_Cast_MindControl.uexp" 561
"../../../Engine/Plugins/FX/Niagara/Content/Enums/ENiagara_RotationDefinitionApproach.uasset" 562
"../../../Engine/Plugins/FX/Niagara/Content/Enums/ENiagara_RotationDefinitionApproach.uexp" 563
"../../../Engine/Plugins/FX/Niagara/Content/Enums/ENiagara_GPUCollisionType.uasset" 564
"../../../Engine/Plugins/FX/Niagara/Content/Enums/ENiagara_GPUCollisionType.uexp" 565
"../../../Engine/Plugins/FX/Niagara/Content/Enums/ENiagara_CPUCollisionType.uasset" 566
"../../../Engine/Plugins/FX/Niagara/Content/Enums/ENiagara_CPUCollisionType.uexp" 567
"../../../Engine/Plugins/FX/Niagara/Content/Enums/ENiagaraRestitutionMergeType.uasset" 568
"../../../Engine/Plugins/FX/Niagara/Content/Enums/ENiagaraRestitutionMergeType.uexp" 569
"../../../Engine/Plugins/FX/Niagara/Content/Enums/ENiagaraFrictionMergeType.uasset" 570
"../../../Engine/Plugins/FX/Niagara/Content/Enums/ENiagaraFrictionMergeType.uexp" 571
"../../../Engine/Plugins/FX/Niagara/Content/Enums/ENiagaraCollisionRadiusOptions.uasset" 572
"../../../Engine/Plugins/FX/Niagara/Content/Enums/ENiagaraCollisionRadiusOptions.uexp" 573
"../../../Engine/Plugins/FX/Niagara/Content/Enums/Collision/SceneDepthCollisionQueryMethod.uasset" 574
"../../../Engine/Plugins/FX/Niagara/Content/Enums/Collision/SceneDepthCollisionQueryMethod.uexp" 575
"../../../Engine/Plugins/FX/Niagara/Content/Enums/ENiagara_Float4Channel.uasset" 576
"../../../Engine/Plugins/FX/Niagara/Content/Enums/ENiagara_Float4Channel.uexp" 577
"../../../Engine/Plugins/FX/Niagara/Content/Enums/Transforms/ENiagara_MeshOrientationOptions.uasset" 578
"../../../Engine/Plugins/FX/Niagara/Content/Enums/Transforms/ENiagara_MeshOrientationOptions.uexp" 579
"D:/UnrealProjects/Aura2/Content/Assets/Spells/Shards/Material/Shards_low_DefaultMaterial_OcclusionRoughnessMetallic.ubulk" 580
"D:/UnrealProjects/Aura2/Content/Assets/Spells/Shards/Material/Shards_low_DefaultMaterial_OcclusionRoughnessMetallic.uasset" 581
"D:/UnrealProjects/Aura2/Content/Assets/Spells/Shards/Material/Shards_low_DefaultMaterial_OcclusionRoughnessMetallic.uexp" 582
"D:/UnrealProjects/Aura2/Content/Assets/Spells/Shards/Material/Shards_low_DefaultMaterial_Normal.ubulk" 583
"D:/UnrealProjects/Aura2/Content/Assets/Spells/Shards/Material/Shards_low_DefaultMaterial_Normal.uasset" 584
"D:/UnrealProjects/Aura2/Content/Assets/Spells/Shards/Material/Shards_low_DefaultMaterial_Normal.uexp" 585
"D:/UnrealProjects/Aura2/Content/Assets/Spells/Shards/Material/Shards_low_DefaultMaterial_BaseColor.ubulk" 586
"D:/UnrealProjects/Aura2/Content/Assets/Spells/Shards/Material/Shards_low_DefaultMaterial_BaseColor.uasset" 587
"D:/UnrealProjects/Aura2/Content/Assets/Spells/Shards/Material/Shards_low_DefaultMaterial_BaseColor.uexp" 588
"D:/UnrealProjects/Aura2/Content/Assets/Spells/Shards/Material/M_Shards.uasset" 589
"D:/UnrealProjects/Aura2/Content/Assets/Spells/Shards/Material/M_Shards.uexp" 590
"D:/UnrealProjects/Aura2/Content/Assets/Spells/Shards/SM_Shard_debris.ubulk" 591
"D:/UnrealProjects/Aura2/Content/Assets/Spells/Shards/SM_Shard_debris.uasset" 592
"D:/UnrealProjects/Aura2/Content/Assets/Spells/Shards/SM_Shard_debris.uexp" 593
"D:/UnrealProjects/Aura2/Content/Assets/Spells/Shards/SM_Shard_small.ubulk" 594
"D:/UnrealProjects/Aura2/Content/Assets/Spells/Shards/SM_Shard_small.uasset" 595
"D:/UnrealProjects/Aura2/Content/Assets/Spells/Shards/SM_Shard_small.uexp" 596
"D:/UnrealProjects/Aura2/Content/Assets/Spells/Shards/SM_Shard_large.ubulk" 597
"D:/UnrealProjects/Aura2/Content/Assets/Spells/Shards/SM_Shard_large.uasset" 598
"D:/UnrealProjects/Aura2/Content/Assets/Spells/Shards/SM_Shard_large.uexp" 599
"D:/UnrealProjects/Aura2/Content/Assets/Effects/ArcaneShards/NS_ArcaneShards.uasset" 600
"D:/UnrealProjects/Aura2/Content/Assets/Effects/ArcaneShards/NS_ArcaneShards.uexp" 601
"D:/UnrealProjects/Aura2/Content/Assets/Sounds/Abilities/ArcaneShards/wav/SFX_RockSpikes_06.ubulk" 602
"D:/UnrealProjects/Aura2/Content/Assets/Sounds/Abilities/ArcaneShards/wav/SFX_RockSpikes_06.uasset" 603
"D:/UnrealProjects/Aura2/Content/Assets/Sounds/Abilities/ArcaneShards/wav/SFX_RockSpikes_06.uexp" 604
"D:/UnrealProjects/Aura2/Content/Assets/Sounds/Abilities/ArcaneShards/wav/SFX_RockSpikes_05.ubulk" 605
"D:/UnrealProjects/Aura2/Content/Assets/Sounds/Abilities/ArcaneShards/wav/SFX_RockSpikes_05.uasset" 606
"D:/UnrealProjects/Aura2/Content/Assets/Sounds/Abilities/ArcaneShards/wav/SFX_RockSpikes_05.uexp" 607
"D:/UnrealProjects/Aura2/Content/Assets/Sounds/Abilities/ArcaneShards/wav/SFX_RockSpikes_04.ubulk" 608
"D:/UnrealProjects/Aura2/Content/Assets/Sounds/Abilities/ArcaneShards/wav/SFX_RockSpikes_04.uasset" 609
"D:/UnrealProjects/Aura2/Content/Assets/Sounds/Abilities/ArcaneShards/wav/SFX_RockSpikes_04.uexp" 610
"D:/UnrealProjects/Aura2/Content/Assets/Sounds/Abilities/ArcaneShards/wav/SFX_RockSpikes_03.ubulk" 611
"D:/UnrealProjects/Aura2/Content/Assets/Sounds/Abilities/ArcaneShards/wav/SFX_RockSpikes_03.uasset" 612
"D:/UnrealProjects/Aura2/Content/Assets/Sounds/Abilities/ArcaneShards/wav/SFX_RockSpikes_03.uexp" 613
"D:/UnrealProjects/Aura2/Content/Assets/Sounds/Abilities/ArcaneShards/wav/SFX_RockSpikes_02.ubulk" 614
"D:/UnrealProjects/Aura2/Content/Assets/Sounds/Abilities/ArcaneShards/wav/SFX_RockSpikes_02.uasset" 615
"D:/UnrealProjects/Aura2/Content/Assets/Sounds/Abilities/ArcaneShards/wav/SFX_RockSpikes_02.uexp" 616
"D:/UnrealProjects/Aura2/Content/Assets/Sounds/Abilities/ArcaneShards/wav/SFX_RockSpikes_01.ubulk" 617
"D:/UnrealProjects/Aura2/Content/Assets/Sounds/Abilities/ArcaneShards/wav/SFX_RockSpikes_01.uasset" 618
"D:/UnrealProjects/Aura2/Content/Assets/Sounds/Abilities/ArcaneShards/wav/SFX_RockSpikes_01.uexp" 619
"D:/UnrealProjects/Aura2/Content/Assets/Sounds/Abilities/ArcaneShards/sfx_ArcaneShards.uasset" 620
"D:/UnrealProjects/Aura2/Content/Assets/Sounds/Abilities/ArcaneShards/sfx_ArcaneShards.uexp" 621
"D:/UnrealProjects/Aura2/Content/Blueprints/AbilitySystem/GameplayCueNotifies/GC_ArcaneShards.uasset" 622
"D:/UnrealProjects/Aura2/Content/Blueprints/AbilitySystem/GameplayCueNotifies/GC_ArcaneShards.uexp" 623
"D:/UnrealProjects/Aura2/Content/Assets/Effects/ArcaneMissile/NS_ArcaneMissileExplosion.uasset" 624
"D:/UnrealProjects/Aura2/Content/Assets/Effects/ArcaneMissile/NS_ArcaneMissileExplosion.uexp" 625
"D:/UnrealProjects/Aura2/Content/Blueprints/AbilitySystem/GameplayCueNotifies/GC_ArcaneOrbitExplosion.uasset" 626
"D:/UnrealProjects/Aura2/Content/Blueprints/AbilitySystem/GameplayCueNotifies/GC_ArcaneOrbitExplosion.uexp" 627
"D:/UnrealProjects/Aura2/Content/Assets/Items/Roots/Goblin_Teeth.uasset" 628
"D:/UnrealProjects/Aura2/Content/Assets/Items/Roots/Goblin_Teeth.uexp" 629
"D:/UnrealProjects/Aura2/Content/Assets/Items/Helmets/Helmet_002_Texture.uasset" 630
"D:/UnrealProjects/Aura2/Content/Assets/Items/Helmets/Helmet_002_Texture.uexp" 631
"D:/UnrealProjects/Aura2/Content/Assets/Items/Helmets/Helmet_001_Texture.uasset" 632
"D:/UnrealProjects/Aura2/Content/Assets/Items/Helmets/Helmet_001_Texture.uexp" 633
"D:/UnrealProjects/Aura2/Content/Assets/Items/Boots/Boots_001_Texture.uasset" 634
"D:/UnrealProjects/Aura2/Content/Assets/Items/Boots/Boots_001_Texture.uexp" 635
"D:/UnrealProjects/Aura2/Content/Assets/Items/Armors/Armor_001_Tex.uasset" 636
"D:/UnrealProjects/Aura2/Content/Assets/Items/Armors/Armor_001_Tex.uexp" 637
"D:/UnrealProjects/Aura2/Content/Assets/Characters/Aura/Staff/Staff_Icon2.uasset" 638
"D:/UnrealProjects/Aura2/Content/Assets/Characters/Aura/Staff/Staff_Icon2.uexp" 639
"../../../Engine/Content/EngineMaterials/BlendFunc_DefBlend.uasset" 640
"../../../Engine/Content/EngineMaterials/BlendFunc_DefBlend.uexp" 641
"../../../Engine/Content/EngineMaterials/BlendFunc_DefBase.uasset" 642
"../../../Engine/Content/EngineMaterials/BlendFunc_DefBase.uexp" 643
"../../../Engine/Content/Functions/Engine_MaterialFunctions03/Blends/Blend_Difference.uasset" 644
"../../../Engine/Content/Functions/Engine_MaterialFunctions03/Blends/Blend_Difference.uexp" 645
"D:/UnrealProjects/Aura2/Content/Assets/Characters/Aura/Staff/Materials/Staff_low_Top_OcclusionRoughnessMetallic.ubulk" 646
"D:/UnrealProjects/Aura2/Content/Assets/Characters/Aura/Staff/Materials/Staff_low_Top_OcclusionRoughnessMetallic.uasset" 647
"D:/UnrealProjects/Aura2/Content/Assets/Characters/Aura/Staff/Materials/Staff_low_Top_OcclusionRoughnessMetallic.uexp" 648
"D:/UnrealProjects/Aura2/Content/Assets/Characters/Aura/Staff/Materials/Staff_low_Top_Normal.ubulk" 649
"D:/UnrealProjects/Aura2/Content/Assets/Characters/Aura/Staff/Materials/Staff_low_Top_Normal.uasset" 650
"D:/UnrealProjects/Aura2/Content/Assets/Characters/Aura/Staff/Materials/Staff_low_Top_Normal.uexp" 651
"D:/UnrealProjects/Aura2/Content/Assets/Characters/Aura/Staff/Materials/Staff_low_Top_Emissive.ubulk" 652
"D:/UnrealProjects/Aura2/Content/Assets/Characters/Aura/Staff/Materials/Staff_low_Top_Emissive.uasset" 653
"D:/UnrealProjects/Aura2/Content/Assets/Characters/Aura/Staff/Materials/Staff_low_Top_Emissive.uexp" 654
"D:/UnrealProjects/Aura2/Content/Assets/Characters/Aura/Staff/Materials/Staff_low_Top_BaseColor.ubulk" 655
"D:/UnrealProjects/Aura2/Content/Assets/Characters/Aura/Staff/Materials/Staff_low_Top_BaseColor.uasset" 656
"D:/UnrealProjects/Aura2/Content/Assets/Characters/Aura/Staff/Materials/Staff_low_Top_BaseColor.uexp" 657
"D:/UnrealProjects/Aura2/Content/Assets/Characters/Aura/Staff/Materials/M_Staff_Blue.uasset" 658
"D:/UnrealProjects/Aura2/Content/Assets/Characters/Aura/Staff/Materials/M_Staff_Blue.uexp" 659
"../../../Engine/Content/Functions/Engine_MaterialFunctions01/Shading/PowerToRoughness.uasset" 660
"../../../Engine/Content/Functions/Engine_MaterialFunctions01/Shading/PowerToRoughness.uexp" 661
"../../../Engine/Content/EditorMaterials/Dataflow/DataflowTwoSidedVertexMaterial.uasset" 662
"../../../Engine/Content/EditorMaterials/Dataflow/DataflowTwoSidedVertexMaterial.uexp" 663
"../../../Engine/Content/EditorMaterials/Dataflow/DataflowVertexMaterial.uasset" 664
"../../../Engine/Content/EditorMaterials/Dataflow/DataflowVertexMaterial.uexp" 665
"../../../Engine/Plugins/VirtualProduction/CameraCalibrationCore/Content/Materials/M_DefaultEvenSquare.uasset" 666
"../../../Engine/Plugins/VirtualProduction/CameraCalibrationCore/Content/Materials/M_DefaultEvenSquare.uexp" 667
"../../../Engine/Plugins/VirtualProduction/CameraCalibrationCore/Content/Materials/M_DefaultOddSquare.uasset" 668
"../../../Engine/Plugins/VirtualProduction/CameraCalibrationCore/Content/Materials/M_DefaultOddSquare.uexp" 669
"../../../Engine/Plugins/Animation/ControlRig/Content/Controls/ControlRigGizmoMaterial.uasset" 670
"../../../Engine/Plugins/Animation/ControlRig/Content/Controls/ControlRigGizmoMaterial.uexp" 671
"../../../Engine/Plugins/Animation/ControlRig/Content/Controls/ControlRigXRayMaterial.uasset" 672
"../../../Engine/Plugins/Animation/ControlRig/Content/Controls/ControlRigXRayMaterial.uexp" 673
"../../../Engine/Content/Functions/Engine_MaterialFunctions02/Utility/BreakOutFloat3Components.uasset" 674
"../../../Engine/Content/Functions/Engine_MaterialFunctions02/Utility/BreakOutFloat3Components.uexp" 675
"../../../Engine/Content/Functions/Engine_MaterialFunctions02/Utility/VectorLength.uasset" 676
"../../../Engine/Content/Functions/Engine_MaterialFunctions02/Utility/VectorLength.uexp" 677
"../../../Engine/Content/Functions/Engine_MaterialFunctions02/WorldPositionOffset/ObjectScale.uasset" 678
"../../../Engine/Content/Functions/Engine_MaterialFunctions02/WorldPositionOffset/ObjectScale.uexp" 679
"../../../Engine/Content/Functions/Engine_MaterialFunctions02/SafeNormalize.uasset" 680
"../../../Engine/Content/Functions/Engine_MaterialFunctions02/SafeNormalize.uexp" 681
"../../../Engine/Plugins/Editor/SpeedTreeImporter/Content/SpeedTree9/UnpackInteger3.uasset" 682
"../../../Engine/Plugins/Editor/SpeedTreeImporter/Content/SpeedTree9/UnpackInteger3.uexp" 683
"../../../Engine/Plugins/Editor/SpeedTreeImporter/Content/SpeedTree9/UnpackDirection.uasset" 684
"../../../Engine/Plugins/Editor/SpeedTreeImporter/Content/SpeedTree9/UnpackDirection.uexp" 685
"../../../Engine/Plugins/Editor/SpeedTreeImporter/Content/SpeedTree9/game_wind_noise.ubulk" 686
"../../../Engine/Plugins/Editor/SpeedTreeImporter/Content/SpeedTree9/game_wind_noise.uasset" 687
"../../../Engine/Plugins/Editor/SpeedTreeImporter/Content/SpeedTree9/game_wind_noise.uexp" 688
"../../../Engine/Plugins/Editor/SpeedTreeImporter/Content/SpeedTree9/SpeedTreeWindMotion.uasset" 689
"../../../Engine/Plugins/Editor/SpeedTreeImporter/Content/SpeedTree9/SpeedTreeWindMotion.uexp" 690
"../../../Engine/Plugins/Editor/SpeedTreeImporter/Content/SpeedTree9/SpeedTreeBranchMotion.uasset" 691
"../../../Engine/Plugins/Editor/SpeedTreeImporter/Content/SpeedTree9/SpeedTreeBranchMotion.uexp" 692
"../../../Engine/Content/Functions/Engine_MaterialFunctions02/ObjectLocalBounds.uasset" 693
"../../../Engine/Content/Functions/Engine_MaterialFunctions02/ObjectLocalBounds.uexp" 694
"../../../Engine/Content/Functions/Engine_MaterialFunctions02/UVs/BoundingBoxBased_0-1_UVW.uasset" 695
"../../../Engine/Content/Functions/Engine_MaterialFunctions02/UVs/BoundingBoxBased_0-1_UVW.uexp" 696
"../../../Engine/Plugins/Editor/SpeedTreeImporter/Content/SpeedTree9/SpeedTreeWind.uasset" 697
"../../../Engine/Plugins/Editor/SpeedTreeImporter/Content/SpeedTree9/SpeedTreeWind.uexp" 698
"../../../Engine/Plugins/Editor/SpeedTreeImporter/Content/SpeedTree9/EmptyNormal.uasset" 699
"../../../Engine/Plugins/Editor/SpeedTreeImporter/Content/SpeedTree9/EmptyNormal.uexp" 700
"../../../Engine/Plugins/Editor/SpeedTreeImporter/Content/SpeedTree9/Empty.uasset" 701
"../../../Engine/Plugins/Editor/SpeedTreeImporter/Content/SpeedTree9/Empty.uexp" 702
"../../../Engine/Plugins/Editor/SpeedTreeImporter/Content/SpeedTree9/SpeedTreeBillboard.uasset" 703
"../../../Engine/Plugins/Editor/SpeedTreeImporter/Content/SpeedTree9/SpeedTreeBillboard.uexp" 704
"../../../Engine/Plugins/Editor/SpeedTreeImporter/Content/SpeedTree9/SpeedTreeBillboardMaster.uasset" 705
"../../../Engine/Plugins/Editor/SpeedTreeImporter/Content/SpeedTree9/SpeedTreeBillboardMaster.uexp" 706
"../../../Engine/Plugins/Editor/SpeedTreeImporter/Content/SpeedTree9/SpeedTreeCameraFacing.uasset" 707
"../../../Engine/Plugins/Editor/SpeedTreeImporter/Content/SpeedTree9/SpeedTreeCameraFacing.uexp" 708
"../../../Engine/Plugins/Editor/SpeedTreeImporter/Content/SpeedTree9/SpeedTreeMaster.uasset" 709
"../../../Engine/Plugins/Editor/SpeedTreeImporter/Content/SpeedTree9/SpeedTreeMaster.uexp" 710
"../../../Engine/Plugins/Interchange/Assets/Content/Functions/MX_AbsorptionVDF.uasset" 711
"../../../Engine/Plugins/Interchange/Assets/Content/Functions/MX_AbsorptionVDF.uexp" 712
"../../../Engine/Plugins/Interchange/Assets/Content/Functions/MX_AnisotropicVDF.uasset" 713
"../../../Engine/Plugins/Interchange/Assets/Content/Functions/MX_AnisotropicVDF.uexp" 714
"../../../Engine/Plugins/Interchange/Assets/Content/Functions/MX_BurleyDiffuseBSDF.uasset" 715
"../../../Engine/Plugins/Interchange/Assets/Content/Functions/MX_BurleyDiffuseBSDF.uexp" 716
"../../../Engine/Plugins/Interchange/Assets/Content/Functions/MX_ConductorBSDF.uasset" 717
"../../../Engine/Plugins/Interchange/Assets/Content/Functions/MX_ConductorBSDF.uexp" 718
"../../../Engine/Plugins/Interchange/Assets/Content/Functions/MX_ConicalEDF.uasset" 719
"../../../Engine/Plugins/Interchange/Assets/Content/Functions/MX_ConicalEDF.uexp" 720
"../../../Engine/Plugins/Interchange/Assets/Content/Functions/MX_DielectricBSDF.uasset" 721
"../../../Engine/Plugins/Interchange/Assets/Content/Functions/MX_DielectricBSDF.uexp" 722
"../../../Engine/Content/Functions/Engine_MaterialFunctions02/Utility/BlendAngleCorrectedNormals.uasset" 723
"../../../Engine/Content/Functions/Engine_MaterialFunctions02/Utility/BlendAngleCorrectedNormals.uexp" 724
"../../../Engine/Plugins/Interchange/Assets/Content/Functions/MX_Displacement.uasset" 725
"../../../Engine/Plugins/Interchange/Assets/Content/Functions/MX_Displacement.uexp" 726
"../../../Engine/Plugins/Interchange/Assets/Content/Functions/MX_GeneralizedSchlickBSDF.uasset" 727
"../../../Engine/Plugins/Interchange/Assets/Content/Functions/MX_GeneralizedSchlickBSDF.uexp" 728
"../../../Engine/Plugins/Interchange/Assets/Content/Functions/MX_MeasuredEDF.uasset" 729
"../../../Engine/Plugins/Interchange/Assets/Content/Functions/MX_MeasuredEDF.uexp" 730
"../../../Engine/Plugins/Interchange/Assets/Content/Functions/MF_IridescenceNoLUT.uasset" 731
"../../../Engine/Plugins/Interchange/Assets/Content/Functions/MF_IridescenceNoLUT.uexp" 732
"../../../Engine/Plugins/Interchange/Assets/Content/Functions/MX_StandardSurface.uasset" 733
"../../../Engine/Plugins/Interchange/Assets/Content/Functions/MX_StandardSurface.uexp" 734
"../../../Engine/Plugins/Interchange/Assets/Content/Functions/MX_OpenPBR_Opaque.uasset" 735
"../../../Engine/Plugins/Interchange/Assets/Content/Functions/MX_OpenPBR_Opaque.uexp" 736
"../../../Engine/Plugins/Interchange/Assets/Content/Functions/MX_TransmissionSurface.uasset" 737
"../../../Engine/Plugins/Interchange/Assets/Content/Functions/MX_TransmissionSurface.uexp" 738
"../../../Engine/Plugins/Interchange/Assets/Content/Functions/MX_OpenPBR_Translucent.uasset" 739
"../../../Engine/Plugins/Interchange/Assets/Content/Functions/MX_OpenPBR_Translucent.uexp" 740
"../../../Engine/Plugins/Interchange/Assets/Content/Functions/MX_OrenNayarBSDF.uasset" 741
"../../../Engine/Plugins/Interchange/Assets/Content/Functions/MX_OrenNayarBSDF.uexp" 742
"../../../Engine/Plugins/Interchange/Assets/Content/Functions/MX_SheenBSDF.uasset" 743
"../../../Engine/Plugins/Interchange/Assets/Content/Functions/MX_SheenBSDF.uexp" 744
"../../../Engine/Plugins/Interchange/Assets/Content/Functions/MX_SubsurfaceBSDF.uasset" 745
"../../../Engine/Plugins/Interchange/Assets/Content/Functions/MX_SubsurfaceBSDF.uexp" 746
"../../../Engine/Plugins/Interchange/Assets/Content/Functions/MX_Surface.uasset" 747
"../../../Engine/Plugins/Interchange/Assets/Content/Functions/MX_Surface.uexp" 748
"../../../Engine/Plugins/Interchange/Assets/Content/Functions/MX_SurfaceUnlit.uasset" 749
"../../../Engine/Plugins/Interchange/Assets/Content/Functions/MX_SurfaceUnlit.uexp" 750
"../../../Engine/Plugins/Interchange/Assets/Content/Functions/MX_ThinFilmBSDF.uasset" 751
"../../../Engine/Plugins/Interchange/Assets/Content/Functions/MX_ThinFilmBSDF.uexp" 752
"../../../Engine/Plugins/Interchange/Assets/Content/Functions/MX_TranslucentBSDF.uasset" 753
"../../../Engine/Plugins/Interchange/Assets/Content/Functions/MX_TranslucentBSDF.uexp" 754
"../../../Engine/Plugins/Interchange/Assets/Content/Functions/MX_UniformEDF.uasset" 755
"../../../Engine/Plugins/Interchange/Assets/Content/Functions/MX_UniformEDF.uexp" 756
"../../../Engine/Plugins/Interchange/Assets/Content/Functions/MX_UsdPreviewSurface.uasset" 757
"../../../Engine/Plugins/Interchange/Assets/Content/Functions/MX_UsdPreviewSurface.uexp" 758
"../../../Engine/Plugins/Runtime/HairStrands/Content/Materials/HairCardsDefaultMaterial.uasset" 759
"../../../Engine/Plugins/Runtime/HairStrands/Content/Materials/HairCardsDefaultMaterial.uexp" 760
"../../../Engine/Content/Functions/Engine_MaterialFunctions02/Utility/MakeFloat2.uasset" 761
"../../../Engine/Content/Functions/Engine_MaterialFunctions02/Utility/MakeFloat2.uexp" 762
"../../../Engine/Content/Functions/Engine_MaterialFunctions02/Utility/MakeFloat3.uasset" 763
"../../../Engine/Content/Functions/Engine_MaterialFunctions02/Utility/MakeFloat3.uexp" 764
"../../../Engine/Content/EngineMaterials/HairDebugColor.uasset" 765
"../../../Engine/Content/EngineMaterials/HairDebugColor.uexp" 766
"../../../Engine/Content/EngineMaterials/HairColorMap.uasset" 767
"../../../Engine/Content/EngineMaterials/HairColorMap.uexp" 768
"../../../Engine/Plugins/Runtime/HairStrands/Content/Materials/HairGroupColors.uasset" 769
"../../../Engine/Plugins/Runtime/HairStrands/Content/Materials/HairGroupColors.uexp" 770
"../../../Engine/Plugins/Runtime/HairStrands/Content/Materials/HairDebugMaterial.uasset" 771
"../../../Engine/Plugins/Runtime/HairStrands/Content/Materials/HairDebugMaterial.uexp" 772
"../../../Engine/Plugins/Runtime/HairStrands/Content/Materials/HairDefaultMaterial.uasset" 773
"../../../Engine/Plugins/Runtime/HairStrands/Content/Materials/HairDefaultMaterial.uexp" 774
"../../../Engine/Plugins/Runtime/HairStrands/Content/Materials/HairMeshesDefaultMaterial.uasset" 775
"../../../Engine/Plugins/Runtime/HairStrands/Content/Materials/HairMeshesDefaultMaterial.uexp" 776
"../../../Engine/Content/EditorLandscapeResources/DefaultAlphaTexture.uasset" 777
"../../../Engine/Content/EditorLandscapeResources/DefaultAlphaTexture.uexp" 778
"../../../Engine/Content/EditorLandscapeResources/LandscapeDirtyMaterial.uasset" 779
"../../../Engine/Content/EditorLandscapeResources/LandscapeDirtyMaterial.uexp" 780
"../../../Engine/Content/Functions/Engine_MaterialFunctions02/Utility/BreakOutFloat2Components.uasset" 781
"../../../Engine/Content/Functions/Engine_MaterialFunctions02/Utility/BreakOutFloat2Components.uexp" 782
"../../../Engine/Content/Functions/Engine_MaterialFunctions01/Texturing/ScaleUVsByCenter.uasset" 783
"../../../Engine/Content/Functions/Engine_MaterialFunctions01/Texturing/ScaleUVsByCenter.uexp" 784
"../../../Engine/Content/Functions/Engine_MaterialFunctions02/WorldPositionOffset/LocalPosition.uasset" 785
"../../../Engine/Content/Functions/Engine_MaterialFunctions02/WorldPositionOffset/LocalPosition.uexp" 786
"../../../Engine/Content/EngineMaterials/DefaultDiffuse.ubulk" 787
"../../../Engine/Content/EngineMaterials/DefaultDiffuse.uasset" 788
"../../../Engine/Content/EngineMaterials/DefaultDiffuse.uexp" 789
"../../../Engine/Content/Functions/Engine_MaterialFunctions01/Texturing/TextureCropping.uasset" 790
"../../../Engine/Content/Functions/Engine_MaterialFunctions01/Texturing/TextureCropping.uexp" 791
"../../../Engine/Content/Functions/Engine_MaterialFunctions02/ExampleContent/DebugNumberStrip.uasset" 792
"../../../Engine/Content/Functions/Engine_MaterialFunctions02/ExampleContent/DebugNumberStrip.uexp" 793
"../../../Engine/Content/Functions/Engine_MaterialFunctions01/Debug/DebugIntValues.uasset" 794
"../../../Engine/Content/Functions/Engine_MaterialFunctions01/Debug/DebugIntValues.uexp" 795
"../../../Engine/Content/EditorLandscapeResources/LandscapeLayerUsageMaterial.uasset" 796
"../../../Engine/Content/EditorLandscapeResources/LandscapeLayerUsageMaterial.uexp" 797
"../../../Engine/Content/EditorLandscapeResources/WhiteSquareTexture.uasset" 798
"../../../Engine/Content/EditorLandscapeResources/WhiteSquareTexture.uexp" 799
"../../../Engine/Content/EditorLandscapeResources/LayerVisMaterial.uasset" 800
"../../../Engine/Content/EditorLandscapeResources/LayerVisMaterial.uexp" 801
"../../../Engine/Content/EditorMaterials/PhAT_NoCollisionMaterial.uasset" 802
"../../../Engine/Content/EditorMaterials/PhAT_NoCollisionMaterial.uexp" 803
"../../../Engine/Content/EditorMaterials/PhAT_UnselectedMaterial.uasset" 804
"../../../Engine/Content/EditorMaterials/PhAT_UnselectedMaterial.uexp" 805
"../../../Engine/Content/EditorMaterials/PreviewShadowIndicator.ubulk" 806
"../../../Engine/Content/EditorMaterials/PreviewShadowIndicator.uasset" 807
"../../../Engine/Content/EditorMaterials/PreviewShadowIndicator.uexp" 808
"../../../Engine/Content/EditorMaterials/PreviewShadowIndicatorMaterial.uasset" 809
"../../../Engine/Content/EditorMaterials/PreviewShadowIndicatorMaterial.uexp" 810
"../../../Engine/Content/EngineDamageTypes/DmgTypeBP_Environmental.uasset" 811
"../../../Engine/Content/EngineDamageTypes/DmgTypeBP_Environmental.uexp" 812
"../../../Engine/Content/EngineDebugMaterials/DebugEditorMaterial.uasset" 813
"../../../Engine/Content/EngineDebugMaterials/DebugEditorMaterial.uexp" 814
"../../../Engine/Content/EngineDebugMaterials/DebugMeshMaterial.uasset" 815
"../../../Engine/Content/EngineDebugMaterials/DebugMeshMaterial.uexp" 816
"../../../Engine/Content/EngineDebugMaterials/M_SimpleUnlitTranslucent.uasset" 817
"../../../Engine/Content/EngineDebugMaterials/M_SimpleUnlitTranslucent.uexp" 818
"../../../Engine/Content/Functions/Engine_MaterialFunctions02/Utility/CameraDirectionVector.uasset" 819
"../../../Engine/Content/Functions/Engine_MaterialFunctions02/Utility/CameraDirectionVector.uexp" 820
"../../../Engine/Content/EngineDebugMaterials/VolumeToRender.uasset" 821
"../../../Engine/Content/EngineDebugMaterials/VolumeToRender.uexp" 822
"../../../Engine/Content/EngineDebugMaterials/M_VolumeRenderSphereTracePP.uasset" 823
"../../../Engine/Content/EngineDebugMaterials/M_VolumeRenderSphereTracePP.uexp" 824
"../../../Engine/Content/EngineMaterials/DefaultDeferredDecalMaterial.uasset" 825
"../../../Engine/Content/EngineMaterials/DefaultDeferredDecalMaterial.uexp" 826
"../../../Engine/Content/EngineMaterials/DefaultLightFunctionMaterial.uasset" 827
"../../../Engine/Content/EngineMaterials/DefaultLightFunctionMaterial.uexp" 828
"../../../Engine/Content/EngineMaterials/DefaultPostProcessMaterial.uasset" 829
"../../../Engine/Content/EngineMaterials/DefaultPostProcessMaterial.uexp" 830
"../../../Engine/Content/EngineFonts/RobotoDistanceField.uasset" 831
"../../../Engine/Content/EngineFonts/RobotoDistanceField.uexp" 832
"../../../Engine/Content/EngineMaterials/DefaultTextMaterialOpaque.uasset" 833
"../../../Engine/Content/EngineMaterials/DefaultTextMaterialOpaque.uexp" 834
"../../../Engine/Content/EngineMaterials/DefaultWhiteGrid_Low.uasset" 835
"../../../Engine/Content/EngineMaterials/DefaultWhiteGrid_Low.uexp" 836
"../../../Engine/Content/EngineMaterials/EmissiveMeshMaterial.uasset" 837
"../../../Engine/Content/EngineMaterials/EmissiveMeshMaterial.uexp" 838
"../../../Engine/Content/EngineMaterials/BaseFlattenNormalMap.uasset" 839
"../../../Engine/Content/EngineMaterials/BaseFlattenNormalMap.uexp" 840
"../../../Engine/Content/EngineMaterials/BaseFlattenDiffuseMap.uasset" 841
"../../../Engine/Content/EngineMaterials/BaseFlattenDiffuseMap.uexp" 842
"../../../Engine/Content/EngineMaterials/BaseFlattenEmissiveMap.uasset" 843
"../../../Engine/Content/EngineMaterials/BaseFlattenEmissiveMap.uexp" 844
"../../../Engine/Content/EngineMaterials/BaseFlattenGrayscaleMap.uasset" 845
"../../../Engine/Content/EngineMaterials/BaseFlattenGrayscaleMap.uexp" 846
"../../../Engine/Content/EngineMaterials/BaseFlattenLinearColor.uasset" 847
"../../../Engine/Content/EngineMaterials/BaseFlattenLinearColor.uexp" 848
"../../../Engine/Content/Functions/Engine_MaterialFunctions02/PivotPainter2/Black_1x1_EXR_Texture.uasset" 849
"../../../Engine/Content/Functions/Engine_MaterialFunctions02/PivotPainter2/Black_1x1_EXR_Texture.uexp" 850
"../../../Engine/Content/EngineMaterials/FlattenMaterial.uasset" 851
"../../../Engine/Content/EngineMaterials/FlattenMaterial.uexp" 852
"../../../Engine/Content/EngineMaterials/BaseFlattenNormalMap_VT.ubulk" 853
"../../../Engine/Content/EngineMaterials/BaseFlattenNormalMap_VT.uasset" 854
"../../../Engine/Content/EngineMaterials/BaseFlattenNormalMap_VT.uexp" 855
"../../../Engine/Content/EngineMaterials/BaseFlattenDiffuseMap_VT.ubulk" 856
"../../../Engine/Content/EngineMaterials/BaseFlattenDiffuseMap_VT.uasset" 857
"../../../Engine/Content/EngineMaterials/BaseFlattenDiffuseMap_VT.uexp" 858
"../../../Engine/Content/EngineMaterials/BaseFlattenEmissiveMap_VT.ubulk" 859
"../../../Engine/Content/EngineMaterials/BaseFlattenEmissiveMap_VT.uasset" 860
"../../../Engine/Content/EngineMaterials/BaseFlattenEmissiveMap_VT.uexp" 861
"../../../Engine/Content/EngineMaterials/BaseFlattenLinearColor_VT.ubulk" 862
"../../../Engine/Content/EngineMaterials/BaseFlattenLinearColor_VT.uasset" 863
"../../../Engine/Content/EngineMaterials/BaseFlattenLinearColor_VT.uexp" 864
"../../../Engine/Content/EngineMaterials/BaseFlattenGrayscaleMap_VT.ubulk" 865
"../../../Engine/Content/EngineMaterials/BaseFlattenGrayscaleMap_VT.uasset" 866
"../../../Engine/Content/EngineMaterials/BaseFlattenGrayscaleMap_VT.uexp" 867
"../../../Engine/Content/EngineMaterials/Black_1x1_EXR_Texture_VT.ubulk" 868
"../../../Engine/Content/EngineMaterials/Black_1x1_EXR_Texture_VT.uasset" 869
"../../../Engine/Content/EngineMaterials/Black_1x1_EXR_Texture_VT.uexp" 870
"../../../Engine/Content/EngineMaterials/FlattenMaterial_VT.uasset" 871
"../../../Engine/Content/EngineMaterials/FlattenMaterial_VT.uexp" 872
"../../../Engine/Content/EngineMaterials/FlattenMaterial_WS_Normal_VT.uasset" 873
"../../../Engine/Content/EngineMaterials/FlattenMaterial_WS_Normal_VT.uexp" 874
"../../../Engine/Content/EngineMaterials/GizmoMaterial.uasset" 875
"../../../Engine/Content/EngineMaterials/GizmoMaterial.uexp" 876
"../../../Engine/Content/EngineMaterials/InvalidLightmapSettings.ubulk" 877
"../../../Engine/Content/EngineMaterials/InvalidLightmapSettings.uasset" 878
"../../../Engine/Content/EngineMaterials/InvalidLightmapSettings.uexp" 879
"../../../Engine/Content/EngineMaterials/M_InvalidLightmapSettings.uasset" 880
"../../../Engine/Content/EngineMaterials/M_InvalidLightmapSettings.uexp" 881
"../../../Engine/Content/EngineMaterials/NaniteHiddenSectionMaterial.uasset" 882
"../../../Engine/Content/EngineMaterials/NaniteHiddenSectionMaterial.uexp" 883
"../../../Engine/Content/Functions/Engine_MaterialFunctions02/WorldPositionOffset/CameraOffset.uasset" 884
"../../../Engine/Content/Functions/Engine_MaterialFunctions02/WorldPositionOffset/CameraOffset.uexp" 885
"../../../Engine/Content/EngineMaterials/PhAT_JointLimitMaterial.uasset" 886
"../../../Engine/Content/EngineMaterials/PhAT_JointLimitMaterial.uexp" 887
"../../../Engine/Content/EngineMaterials/DefaultCalibrationColor.uasset" 888
"../../../Engine/Content/EngineMaterials/DefaultCalibrationColor.uexp" 889
"../../../Engine/Content/EngineMaterials/PPM_DefaultCalibrationColor.uasset" 890
"../../../Engine/Content/EngineMaterials/PPM_DefaultCalibrationColor.uexp" 891
"../../../Engine/Content/EngineMaterials/DefaultCalibrationGrayscale.uasset" 892
"../../../Engine/Content/EngineMaterials/DefaultCalibrationGrayscale.uexp" 893
"../../../Engine/Content/EngineMaterials/PPM_DefaultCalibrationGrayscale.uasset" 894
"../../../Engine/Content/EngineMaterials/PPM_DefaultCalibrationGrayscale.uexp" 895
"../../../Engine/Content/EngineMaterials/RemoveSurfaceMaterial.uasset" 896
"../../../Engine/Content/EngineMaterials/RemoveSurfaceMaterial.uexp" 897
"../../../Engine/Content/BasicShapes/BasicShapeMaterial.uasset" 898
"../../../Engine/Content/BasicShapes/BasicShapeMaterial.uexp" 899
"../../../Engine/Plugins/Animation/ControlRig/Content/M_Manip.uasset" 900
"../../../Engine/Plugins/Animation/ControlRig/Content/M_Manip.uexp" 901
"../../../Engine/Content/EngineMeshes/Sphere.ubulk" 902
"../../../Engine/Content/EngineMeshes/Sphere.uasset" 903
"../../../Engine/Content/EngineMeshes/Sphere.uexp" 904
"../../../Engine/Content/EngineResources/DefaultTextureCube.uasset" 905
"../../../Engine/Content/EngineResources/DefaultTextureCube.uexp" 906
"../../../Engine/Content/EngineMaterials/Substrate/Glints2/AGlintTex2dArray2.uasset" 907
"../../../Engine/Content/EngineMaterials/Substrate/Glints2/AGlintTex2dArray2.uexp" 908
"D:/UnrealProjects/Aura2/Content/Blueprints/Actor/RangeIndicator/M_RangeIndicatorOutline.uasset" 909
"D:/UnrealProjects/Aura2/Content/Blueprints/Actor/RangeIndicator/M_RangeIndicatorOutline.uexp" 910
"D:/UnrealProjects/Aura2/Content/Blueprints/Actor/RangeIndicator/MI_RangeIndicatorOutline_Rect.uasset" 911
"D:/UnrealProjects/Aura2/Content/Blueprints/Actor/RangeIndicator/MI_RangeIndicatorOutline_Rect.uexp" 912
"../../../Engine/Content/EngineMaterials/Substrate/Volume/SubstrateSimpleVolumeEnvLUT3D.uasset" 913
"../../../Engine/Content/EngineMaterials/Substrate/Volume/SubstrateSimpleVolumeEnvLUT3D.uexp" 914
"../../../Engine/Content/EngineMaterials/Substrate/Volume/SubstrateSimpleVolumeLUT3D.uasset" 915
"../../../Engine/Content/EngineMaterials/Substrate/Volume/SubstrateSimpleVolumeLUT3D.uexp" 916
"../../../Engine/Content/EngineMaterials/Substrate/GLints/AGlintTex2dArray.uasset" 917
"../../../Engine/Content/EngineMaterials/Substrate/GLints/AGlintTex2dArray.uexp" 918
"../../../Engine/Content/ArtTools/RenderToTexture/Meshes/S_1_Unit_Plane.ubulk" 919
"../../../Engine/Content/ArtTools/RenderToTexture/Meshes/S_1_Unit_Plane.uasset" 920
"../../../Engine/Content/ArtTools/RenderToTexture/Meshes/S_1_Unit_Plane.uexp" 921
"../../../Engine/Content/Functions/Engine_MaterialFunctions02/Math/Transform3x3Matrix.uasset" 922
"../../../Engine/Content/Functions/Engine_MaterialFunctions02/Math/Transform3x3Matrix.uexp" 923
"../../../Engine/Content/Functions/Engine_MaterialFunctions01/Texturing/FlattenNormal.uasset" 924
"../../../Engine/Content/Functions/Engine_MaterialFunctions01/Texturing/FlattenNormal.uexp" 925
"../../../Engine/Plugins/Interchange/Assets/Content/Utilities/New_LUT.uasset" 926
"../../../Engine/Plugins/Interchange/Assets/Content/Utilities/New_LUT.uexp" 927
"../../../Engine/Content/Functions/Engine_MaterialFunctions03/Math/RemapValueRange.uasset" 928
"../../../Engine/Content/Functions/Engine_MaterialFunctions03/Math/RemapValueRange.uexp" 929
"../../../Engine/Plugins/Interchange/Assets/Content/Functions/MF_Iridescence.uasset" 930
"../../../Engine/Plugins/Interchange/Assets/Content/Functions/MF_Iridescence.uexp" 931
"../../../Engine/Plugins/Interchange/Assets/Content/gltf/Textures/T_White_srgb.uasset" 932
"../../../Engine/Plugins/Interchange/Assets/Content/gltf/Textures/T_White_srgb.uexp" 933
"../../../Engine/Plugins/Interchange/Assets/Content/gltf/MaterialFunctions/MF_BaseColor.uasset" 934
"../../../Engine/Plugins/Interchange/Assets/Content/gltf/MaterialFunctions/MF_BaseColor.uexp" 935
"../../../Engine/Plugins/Interchange/Assets/Content/gltf/MaterialFunctions/MF_RotateV2.uasset" 936
"../../../Engine/Plugins/Interchange/Assets/Content/gltf/MaterialFunctions/MF_RotateV2.uexp" 937
"../../../Engine/Plugins/Interchange/Assets/Content/gltf/MaterialFunctions/MF_TransformUVs.uasset" 938
"../../../Engine/Plugins/Interchange/Assets/Content/gltf/MaterialFunctions/MF_TransformUVs.uexp" 939
"../../../Engine/Plugins/Interchange/Assets/Content/gltf/MaterialFunctions/MF_IOR.uasset" 940
"../../../Engine/Plugins/Interchange/Assets/Content/gltf/MaterialFunctions/MF_IOR.uexp" 941
"../../../Engine/Plugins/Interchange/Assets/Content/gltf/MaterialFunctions/MF_Iridescence.uasset" 942
"../../../Engine/Plugins/Interchange/Assets/Content/gltf/MaterialFunctions/MF_Iridescence.uexp" 943
"../../../Engine/Plugins/Interchange/Assets/Content/gltf/Textures/T_White_Linear.uasset" 944
"../../../Engine/Plugins/Interchange/Assets/Content/gltf/Textures/T_White_Linear.uexp" 945
"../../../Engine/Plugins/Interchange/Assets/Content/gltf/MaterialFunctions/MF_MetallicRoughness.uasset" 946
"../../../Engine/Plugins/Interchange/Assets/Content/gltf/MaterialFunctions/MF_MetallicRoughness.uexp" 947
"../../../Engine/Plugins/Interchange/Assets/Content/gltf/MaterialFunctions/MF_RotateNormals_TS.uasset" 948
"../../../Engine/Plugins/Interchange/Assets/Content/gltf/MaterialFunctions/MF_RotateNormals_TS.uexp" 949
"../../../Engine/Plugins/Interchange/Assets/Content/gltf/MaterialFunctions/MF_ScaleNormal.uasset" 950
"../../../Engine/Plugins/Interchange/Assets/Content/gltf/MaterialFunctions/MF_ScaleNormal.uexp" 951
"../../../Engine/Plugins/Interchange/Assets/Content/gltf/Textures/T_Generic_N.uasset" 952
"../../../Engine/Plugins/Interchange/Assets/Content/gltf/Textures/T_Generic_N.uexp" 953
"../../../Engine/Plugins/Interchange/Assets/Content/gltf/MaterialFunctions/MF_Normals.uasset" 954
"../../../Engine/Plugins/Interchange/Assets/Content/gltf/MaterialFunctions/MF_Normals.uexp" 955
"../../../Engine/Plugins/Interchange/Assets/Content/gltf/MaterialFunctions/MF_Occlusion.uasset" 956
"../../../Engine/Plugins/Interchange/Assets/Content/gltf/MaterialFunctions/MF_Occlusion.uexp" 957
"../../../Engine/Plugins/Interchange/Assets/Content/gltf/MaterialFunctions/MF_Specular.uasset" 958
"../../../Engine/Plugins/Interchange/Assets/Content/gltf/MaterialFunctions/MF_Specular.uexp" 959
"../../../Engine/Plugins/Interchange/Assets/Content/gltf/Textures/T_Anisotropy_Direction_Linear.uasset" 960
"../../../Engine/Plugins/Interchange/Assets/Content/gltf/Textures/T_Anisotropy_Direction_Linear.uexp" 961
"../../../Engine/Plugins/Interchange/Assets/Content/gltf/MaterialFunctions/MF_SpecularAnisotropy.uasset" 962
"../../../Engine/Plugins/Interchange/Assets/Content/gltf/MaterialFunctions/MF_SpecularAnisotropy.uexp" 963
"../../../Engine/Plugins/Interchange/Assets/Content/gltf/MaterialFunctions/MF_Emissive.uasset" 964
"../../../Engine/Plugins/Interchange/Assets/Content/gltf/MaterialFunctions/MF_Emissive.uexp" 965
"../../../Engine/Plugins/Interchange/Assets/Content/gltf/MaterialFunctions/MF_Clearcoat.uasset" 966
"../../../Engine/Plugins/Interchange/Assets/Content/gltf/MaterialFunctions/MF_Clearcoat.uexp" 967
"../../../Engine/Plugins/Interchange/Assets/Content/gltf/MaterialBodies/MF_ClearCoat_Body.uasset" 968
"../../../Engine/Plugins/Interchange/Assets/Content/gltf/MaterialBodies/MF_ClearCoat_Body.uexp" 969
"../../../Engine/Plugins/Interchange/Assets/Content/gltf/M_ClearCoat.uasset" 970
"../../../Engine/Plugins/Interchange/Assets/Content/gltf/M_ClearCoat.uexp" 971
"../../../Engine/Plugins/Interchange/Assets/Content/gltf/MaterialInstances/MI_ClearCoat_Blend.uasset" 972
"../../../Engine/Plugins/Interchange/Assets/Content/gltf/MaterialInstances/MI_ClearCoat_Blend.uexp" 973
"../../../Engine/Plugins/Interchange/Assets/Content/gltf/MaterialInstances/MI_ClearCoat_Blend_DS.uasset" 974
"../../../Engine/Plugins/Interchange/Assets/Content/gltf/MaterialInstances/MI_ClearCoat_Blend_DS.uexp" 975
"../../../Engine/Plugins/Interchange/Assets/Content/gltf/MaterialInstances/MI_ClearCoat_Mask.uasset" 976
"../../../Engine/Plugins/Interchange/Assets/Content/gltf/MaterialInstances/MI_ClearCoat_Mask.uexp" 977
"../../../Engine/Plugins/Interchange/Assets/Content/gltf/MaterialInstances/MI_ClearCoat_Mask_DS.uasset" 978
"../../../Engine/Plugins/Interchange/Assets/Content/gltf/MaterialInstances/MI_ClearCoat_Mask_DS.uexp" 979
"../../../Engine/Plugins/Interchange/Assets/Content/gltf/MaterialInstances/MI_ClearCoat_Opaque.uasset" 980
"../../../Engine/Plugins/Interchange/Assets/Content/gltf/MaterialInstances/MI_ClearCoat_Opaque.uexp" 981
"../../../Engine/Plugins/Interchange/Assets/Content/gltf/MaterialBodies/MF_Default_Body.uasset" 982
"../../../Engine/Plugins/Interchange/Assets/Content/gltf/MaterialBodies/MF_Default_Body.uexp" 983
"../../../Engine/Plugins/Interchange/Assets/Content/gltf/M_Default.uasset" 984
"../../../Engine/Plugins/Interchange/Assets/Content/gltf/M_Default.uexp" 985
"../../../Engine/Plugins/Interchange/Assets/Content/gltf/MaterialInstances/MI_Default_Blend.uasset" 986
"../../../Engine/Plugins/Interchange/Assets/Content/gltf/MaterialInstances/MI_Default_Blend.uexp" 987
"../../../Engine/Plugins/Interchange/Assets/Content/gltf/MaterialInstances/MI_Default_Blend_DS.uasset" 988
"../../../Engine/Plugins/Interchange/Assets/Content/gltf/MaterialInstances/MI_Default_Blend_DS.uexp" 989
"../../../Engine/Plugins/Interchange/Assets/Content/gltf/MaterialInstances/MI_Default_Mask.uasset" 990
"../../../Engine/Plugins/Interchange/Assets/Content/gltf/MaterialInstances/MI_Default_Mask.uexp" 991
"../../../Engine/Plugins/Interchange/Assets/Content/gltf/MaterialInstances/MI_Default_Mask_DS.uasset" 992
"../../../Engine/Plugins/Interchange/Assets/Content/gltf/MaterialInstances/MI_Default_Mask_DS.uexp" 993
"../../../Engine/Plugins/Interchange/Assets/Content/gltf/MaterialInstances/MI_Default_Opaque.uasset" 994
"../../../Engine/Plugins/Interchange/Assets/Content/gltf/MaterialInstances/MI_Default_Opaque.uexp" 995
"../../../Engine/Plugins/Interchange/Assets/Content/gltf/MaterialFunctions/MF_Sheen.uasset" 996
"../../../Engine/Plugins/Interchange/Assets/Content/gltf/MaterialFunctions/MF_Sheen.uexp" 997
"../../../Engine/Plugins/Interchange/Assets/Content/gltf/MaterialBodies/MF_Sheen_Body.uasset" 998
"../../../Engine/Plugins/Interchange/Assets/Content/gltf/MaterialBodies/MF_Sheen_Body.uexp" 999
"../../../Engine/Plugins/Interchange/Assets/Content/gltf/M_Sheen.uasset" 1000
"../../../Engine/Plugins/Interchange/Assets/Content/gltf/M_Sheen.uexp" 1001
"../../../Engine/Plugins/Interchange/Assets/Content/gltf/MaterialInstances/MI_Sheen_Blend.uasset" 1002
"../../../Engine/Plugins/Interchange/Assets/Content/gltf/MaterialInstances/MI_Sheen_Blend.uexp" 1003
"../../../Engine/Plugins/Interchange/Assets/Content/gltf/MaterialInstances/MI_Sheen_Blend_DS.uasset" 1004
"../../../Engine/Plugins/Interchange/Assets/Content/gltf/MaterialInstances/MI_Sheen_Blend_DS.uexp" 1005
"../../../Engine/Plugins/Interchange/Assets/Content/gltf/MaterialInstances/MI_Sheen_Mask.uasset" 1006
"../../../Engine/Plugins/Interchange/Assets/Content/gltf/MaterialInstances/MI_Sheen_Mask.uexp" 1007
"../../../Engine/Plugins/Interchange/Assets/Content/gltf/MaterialInstances/MI_Sheen_Mask_DS.uasset" 1008
"../../../Engine/Plugins/Interchange/Assets/Content/gltf/MaterialInstances/MI_Sheen_Mask_DS.uexp" 1009
"../../../Engine/Plugins/Interchange/Assets/Content/gltf/MaterialInstances/MI_Sheen_Opaque.uasset" 1010
"../../../Engine/Plugins/Interchange/Assets/Content/gltf/MaterialInstances/MI_Sheen_Opaque.uexp" 1011
"../../../Engine/Plugins/Interchange/Assets/Content/gltf/MaterialInstances/MI_Sheen_Opaque_DS.uasset" 1012
"../../../Engine/Plugins/Interchange/Assets/Content/gltf/MaterialInstances/MI_Sheen_Opaque_DS.uexp" 1013
"../../../Engine/Content/Functions/Engine_MaterialFunctions02/Math/AddComponents.uasset" 1014
"../../../Engine/Content/Functions/Engine_MaterialFunctions02/Math/AddComponents.uexp" 1015
"../../../Engine/Plugins/Interchange/Assets/Content/gltf/MaterialFunctions/MF_DiffuseSpecGloss.uasset" 1016
"../../../Engine/Plugins/Interchange/Assets/Content/gltf/MaterialFunctions/MF_DiffuseSpecGloss.uexp" 1017
"../../../Engine/Plugins/Interchange/Assets/Content/gltf/MaterialFunctions/MF_MaxComponentValue.uasset" 1018
"../../../Engine/Plugins/Interchange/Assets/Content/gltf/MaterialFunctions/MF_MaxComponentValue.uexp" 1019
"../../../Engine/Plugins/Interchange/Assets/Content/gltf/MaterialFunctions/MF_PerceivedBrightness.uasset" 1020
"../../../Engine/Plugins/Interchange/Assets/Content/gltf/MaterialFunctions/MF_PerceivedBrightness.uexp" 1021
"../../../Engine/Plugins/Interchange/Assets/Content/gltf/MaterialFunctions/MF_SpecGlossToMetalRoughness.uasset" 1022
"../../../Engine/Plugins/Interchange/Assets/Content/gltf/MaterialFunctions/MF_SpecGlossToMetalRoughness.uexp" 1023
"../../../Engine/Plugins/Interchange/Assets/Content/gltf/MaterialBodies/MF_SpecularGlossiness_Body.uasset" 1024
"../../../Engine/Plugins/Interchange/Assets/Content/gltf/MaterialBodies/MF_SpecularGlossiness_Body.uexp" 1025
"../../../Engine/Plugins/Interchange/Assets/Content/gltf/M_SpecularGlossiness.uasset" 1026
"../../../Engine/Plugins/Interchange/Assets/Content/gltf/M_SpecularGlossiness.uexp" 1027
"../../../Engine/Plugins/Interchange/Assets/Content/gltf/MaterialInstances/MI_SpecularGlossiness_Blend.uasset" 1028
"../../../Engine/Plugins/Interchange/Assets/Content/gltf/MaterialInstances/MI_SpecularGlossiness_Blend.uexp" 1029
"../../../Engine/Plugins/Interchange/Assets/Content/gltf/MaterialInstances/MI_SpecularGlossiness_Blend_DS.uasset" 1030
"../../../Engine/Plugins/Interchange/Assets/Content/gltf/MaterialInstances/MI_SpecularGlossiness_Blend_DS.uexp" 1031
"../../../Engine/Plugins/Interchange/Assets/Content/gltf/MaterialInstances/MI_SpecularGlossiness_Mask.uasset" 1032
"../../../Engine/Plugins/Interchange/Assets/Content/gltf/MaterialInstances/MI_SpecularGlossiness_Mask.uexp" 1033
"../../../Engine/Plugins/Interchange/Assets/Content/gltf/MaterialInstances/MI_SpecularGlossiness_Mask_DS.uasset" 1034
"../../../Engine/Plugins/Interchange/Assets/Content/gltf/MaterialInstances/MI_SpecularGlossiness_Mask_DS.uexp" 1035
"../../../Engine/Plugins/Interchange/Assets/Content/gltf/MaterialInstances/MI_SpecularGlossiness_Opaque.uasset" 1036
"../../../Engine/Plugins/Interchange/Assets/Content/gltf/MaterialInstances/MI_SpecularGlossiness_Opaque.uexp" 1037
"../../../Engine/Plugins/Interchange/Assets/Content/gltf/MaterialInstances/MI_SpecularGlossiness_Opaque_DS.uasset" 1038
"../../../Engine/Plugins/Interchange/Assets/Content/gltf/MaterialInstances/MI_SpecularGlossiness_Opaque_DS.uexp" 1039
"../../../Engine/Content/EngineMaterials/Good64x64TilingNoiseHighFreq.uasset" 1040
"../../../Engine/Content/EngineMaterials/Good64x64TilingNoiseHighFreq.uexp" 1041
"../../../Engine/Content/Functions/Engine_MaterialFunctions02/Texturing/ScreenAlignedPixelToPixelUVs.uasset" 1042
"../../../Engine/Content/Functions/Engine_MaterialFunctions02/Texturing/ScreenAlignedPixelToPixelUVs.uexp" 1043
"../../../Engine/Plugins/Interchange/Assets/Content/gltf/MaterialFunctions/MF_Fresnel_DS.uasset" 1044
"../../../Engine/Plugins/Interchange/Assets/Content/gltf/MaterialFunctions/MF_Fresnel_DS.uexp" 1045
"../../../Engine/Plugins/Interchange/Assets/Content/gltf/MaterialFunctions/MF_Temporal_Blur.uasset" 1046
"../../../Engine/Plugins/Interchange/Assets/Content/gltf/MaterialFunctions/MF_Temporal_Blur.uexp" 1047
"../../../Engine/Plugins/Interchange/Assets/Content/gltf/MaterialFunctions/MF_Transmission.uasset" 1048
"../../../Engine/Plugins/Interchange/Assets/Content/gltf/MaterialFunctions/MF_Transmission.uexp" 1049
"../../../Engine/Plugins/Interchange/Assets/Content/gltf/MaterialBodies/MF_Transmission_Body.uasset" 1050
"../../../Engine/Plugins/Interchange/Assets/Content/gltf/MaterialBodies/MF_Transmission_Body.uexp" 1051
"../../../Engine/Plugins/Interchange/Assets/Content/gltf/M_Transmission.uasset" 1052
"../../../Engine/Plugins/Interchange/Assets/Content/gltf/M_Transmission.uexp" 1053
"../../../Engine/Plugins/Interchange/Assets/Content/gltf/MaterialInstances/MI_Transmission.uasset" 1054
"../../../Engine/Plugins/Interchange/Assets/Content/gltf/MaterialInstances/MI_Transmission.uexp" 1055
"../../../Engine/Plugins/Interchange/Assets/Content/gltf/MaterialInstances/MI_Transmission_DS.uasset" 1056
"../../../Engine/Plugins/Interchange/Assets/Content/gltf/MaterialInstances/MI_Transmission_DS.uexp" 1057
"../../../Engine/Plugins/Interchange/Assets/Content/gltf/MaterialBodies/MF_Unlit_Body.uasset" 1058
"../../../Engine/Plugins/Interchange/Assets/Content/gltf/MaterialBodies/MF_Unlit_Body.uexp" 1059
"../../../Engine/Plugins/Interchange/Assets/Content/gltf/M_Unlit.uasset" 1060
"../../../Engine/Plugins/Interchange/Assets/Content/gltf/M_Unlit.uexp" 1061
"../../../Engine/Plugins/Interchange/Assets/Content/gltf/MaterialInstances/MI_Unlit_Blend.uasset" 1062
"../../../Engine/Plugins/Interchange/Assets/Content/gltf/MaterialInstances/MI_Unlit_Blend.uexp" 1063
"../../../Engine/Plugins/Interchange/Assets/Content/gltf/MaterialInstances/MI_Unlit_Blend_DS.uasset" 1064
"../../../Engine/Plugins/Interchange/Assets/Content/gltf/MaterialInstances/MI_Unlit_Blend_DS.uexp" 1065
"../../../Engine/Plugins/Interchange/Assets/Content/gltf/MaterialInstances/MI_Unlit_Mask.uasset" 1066
"../../../Engine/Plugins/Interchange/Assets/Content/gltf/MaterialInstances/MI_Unlit_Mask.uexp" 1067
"../../../Engine/Plugins/Interchange/Assets/Content/gltf/MaterialInstances/MI_Unlit_Mask_DS.uasset" 1068
"../../../Engine/Plugins/Interchange/Assets/Content/gltf/MaterialInstances/MI_Unlit_Mask_DS.uexp" 1069
"../../../Engine/Plugins/Interchange/Assets/Content/gltf/MaterialInstances/MI_Unlit_Opaque.uasset" 1070
"../../../Engine/Plugins/Interchange/Assets/Content/gltf/MaterialInstances/MI_Unlit_Opaque.uexp" 1071
"../../../Engine/Plugins/Interchange/Assets/Content/gltf/MaterialInstances/MI_Unlit_Opaque_DS.uasset" 1072
"../../../Engine/Plugins/Interchange/Assets/Content/gltf/MaterialInstances/MI_Unlit_Opaque_DS.uexp" 1073
"../../../Engine/Content/VREditor/LaserPointer/VR_LaserPower_01.ubulk" 1074
"../../../Engine/Content/VREditor/LaserPointer/VR_LaserPower_01.uasset" 1075
"../../../Engine/Content/VREditor/LaserPointer/VR_LaserPower_01.uexp" 1076
"../../../Engine/Content/VREditor/TransformGizmo/TransformGizmoMaterial.uasset" 1077
"../../../Engine/Content/VREditor/TransformGizmo/TransformGizmoMaterial.uexp" 1078
"../../../Engine/Content/VREditor/TransformGizmo/TranslucentTransformGizmoMaterial.uasset" 1079
"../../../Engine/Content/VREditor/TransformGizmo/TranslucentTransformGizmoMaterial.uexp" 1080
"../../../Engine/Content/VREditor/TransformGizmo/BoundingBoxCorner.ubulk" 1081
"../../../Engine/Content/VREditor/TransformGizmo/BoundingBoxCorner.uasset" 1082
"../../../Engine/Content/VREditor/TransformGizmo/BoundingBoxCorner.uexp" 1083
"../../../Engine/Content/VREditor/TransformGizmo/BoundingBoxEdge.ubulk" 1084
"../../../Engine/Content/VREditor/TransformGizmo/BoundingBoxEdge.uasset" 1085
"../../../Engine/Content/VREditor/TransformGizmo/BoundingBoxEdge.uexp" 1086
"../../../Engine/Content/VREditor/TransformGizmo/Xray.uasset" 1087
"../../../Engine/Content/VREditor/TransformGizmo/Xray.uexp" 1088
"../../../Engine/Content/VREditor/TransformGizmo/Main.uasset" 1089
"../../../Engine/Content/VREditor/TransformGizmo/Main.uexp" 1090
"../../../Engine/Content/VREditor/TransformGizmo/SM_Sequencer_Node.ubulk" 1091
"../../../Engine/Content/VREditor/TransformGizmo/SM_Sequencer_Node.uasset" 1092
"../../../Engine/Content/VREditor/TransformGizmo/SM_Sequencer_Node.uexp" 1093
"../../../Engine/Content/EditorMaterials/Camera/CineMat.uasset" 1094
"../../../Engine/Content/EditorMaterials/Camera/CineMat.uexp" 1095
"../../../Engine/Content/EditorMaterials/Camera/MI_CineMat_Rig.uasset" 1096
"../../../Engine/Content/EditorMaterials/Camera/MI_CineMat_Rig.uexp" 1097
"../../../Engine/Content/EditorMeshes/Camera/SM_CraneRig_Arm.ubulk" 1098
"../../../Engine/Content/EditorMeshes/Camera/SM_CraneRig_Arm.uasset" 1099
"../../../Engine/Content/EditorMeshes/Camera/SM_CraneRig_Arm.uexp" 1100
"../../../Engine/Content/EditorMeshes/Camera/SM_CraneRig_Base.ubulk" 1101
"../../../Engine/Content/EditorMeshes/Camera/SM_CraneRig_Base.uasset" 1102
"../../../Engine/Content/EditorMeshes/Camera/SM_CraneRig_Base.uexp" 1103
"../../../Engine/Content/EditorMeshes/Camera/SM_CraneRig_Body.ubulk" 1104
"../../../Engine/Content/EditorMeshes/Camera/SM_CraneRig_Body.uasset" 1105
"../../../Engine/Content/EditorMeshes/Camera/SM_CraneRig_Body.uexp" 1106
"../../../Engine/Content/EditorMeshes/Camera/SM_CraneRig_Mount.ubulk" 1107
"../../../Engine/Content/EditorMeshes/Camera/SM_CraneRig_Mount.uasset" 1108
"../../../Engine/Content/EditorMeshes/Camera/SM_CraneRig_Mount.uexp" 1109
"../../../Engine/Content/EditorMeshes/Camera/SM_RailRig_Mount.ubulk" 1110
"../../../Engine/Content/EditorMeshes/Camera/SM_RailRig_Mount.uasset" 1111
"../../../Engine/Content/EditorMeshes/Camera/SM_RailRig_Mount.uexp" 1112
"../../../Engine/Content/EditorMeshes/Camera/SM_RailRig_Track.ubulk" 1113
"../../../Engine/Content/EditorMeshes/Camera/SM_RailRig_Track.uasset" 1114
"../../../Engine/Content/EditorMeshes/Camera/SM_RailRig_Track.uexp" 1115
"../../../Engine/Plugins/Animation/ControlRig/Content/Controls/ControlRig_Arrow2_1mm.ubulk" 1116
"../../../Engine/Plugins/Animation/ControlRig/Content/Controls/ControlRig_Arrow2_1mm.uasset" 1117
"../../../Engine/Plugins/Animation/ControlRig/Content/Controls/ControlRig_Arrow2_1mm.uexp" 1118
"../../../Engine/Plugins/Animation/ControlRig/Content/Controls/ControlRig_Arrow2_3mm.ubulk" 1119
"../../../Engine/Plugins/Animation/ControlRig/Content/Controls/ControlRig_Arrow2_3mm.uasset" 1120
"../../../Engine/Plugins/Animation/ControlRig/Content/Controls/ControlRig_Arrow2_3mm.uexp" 1121
"../../../Engine/Plugins/Animation/ControlRig/Content/Controls/ControlRig_Arrow2_solid.ubulk" 1122
"../../../Engine/Plugins/Animation/ControlRig/Content/Controls/ControlRig_Arrow2_solid.uasset" 1123
"../../../Engine/Plugins/Animation/ControlRig/Content/Controls/ControlRig_Arrow2_solid.uexp" 1124
"../../../Engine/Plugins/Animation/ControlRig/Content/Controls/ControlRig_Arrow4_1mm.ubulk" 1125
"../../../Engine/Plugins/Animation/ControlRig/Content/Controls/ControlRig_Arrow4_1mm.uasset" 1126
"../../../Engine/Plugins/Animation/ControlRig/Content/Controls/ControlRig_Arrow4_1mm.uexp" 1127
"../../../Engine/Plugins/Animation/ControlRig/Content/Controls/ControlRig_Arrow4_3mm.ubulk" 1128
"../../../Engine/Plugins/Animation/ControlRig/Content/Controls/ControlRig_Arrow4_3mm.uasset" 1129
"../../../Engine/Plugins/Animation/ControlRig/Content/Controls/ControlRig_Arrow4_3mm.uexp" 1130
"../../../Engine/Plugins/Animation/ControlRig/Content/Controls/ControlRig_Arrow4_solid.ubulk" 1131
"../../../Engine/Plugins/Animation/ControlRig/Content/Controls/ControlRig_Arrow4_solid.uasset" 1132
"../../../Engine/Plugins/Animation/ControlRig/Content/Controls/ControlRig_Arrow4_solid.uexp" 1133
"../../../Engine/Plugins/Animation/ControlRig/Content/Controls/ControlRig_Arrow_1mm.ubulk" 1134
"../../../Engine/Plugins/Animation/ControlRig/Content/Controls/ControlRig_Arrow_1mm.uasset" 1135
"../../../Engine/Plugins/Animation/ControlRig/Content/Controls/ControlRig_Arrow_1mm.uexp" 1136
"../../../Engine/Plugins/Animation/ControlRig/Content/Controls/ControlRig_Arrow_3mm.ubulk" 1137
"../../../Engine/Plugins/Animation/ControlRig/Content/Controls/ControlRig_Arrow_3mm.uasset" 1138
"../../../Engine/Plugins/Animation/ControlRig/Content/Controls/ControlRig_Arrow_3mm.uexp" 1139
"../../../Engine/Plugins/Animation/ControlRig/Content/Controls/ControlRig_Arrow_solid.ubulk" 1140
"../../../Engine/Plugins/Animation/ControlRig/Content/Controls/ControlRig_Arrow_solid.uasset" 1141
"../../../Engine/Plugins/Animation/ControlRig/Content/Controls/ControlRig_Arrow_solid.uexp" 1142
"../../../Engine/Plugins/Animation/ControlRig/Content/Controls/ControlRig_Box_1mm.ubulk" 1143
"../../../Engine/Plugins/Animation/ControlRig/Content/Controls/ControlRig_Box_1mm.uasset" 1144
"../../../Engine/Plugins/Animation/ControlRig/Content/Controls/ControlRig_Box_1mm.uexp" 1145
"../../../Engine/Plugins/Animation/ControlRig/Content/Controls/ControlRig_Box_3mm.ubulk" 1146
"../../../Engine/Plugins/Animation/ControlRig/Content/Controls/ControlRig_Box_3mm.uasset" 1147
"../../../Engine/Plugins/Animation/ControlRig/Content/Controls/ControlRig_Box_3mm.uexp" 1148
"../../../Engine/Plugins/Animation/ControlRig/Content/Controls/ControlRig_Box_solid.ubulk" 1149
"../../../Engine/Plugins/Animation/ControlRig/Content/Controls/ControlRig_Box_solid.uasset" 1150
"../../../Engine/Plugins/Animation/ControlRig/Content/Controls/ControlRig_Box_solid.uexp" 1151
"../../../Engine/Plugins/Animation/ControlRig/Content/Controls/ControlRig_Circle_1mm.ubulk" 1152
"../../../Engine/Plugins/Animation/ControlRig/Content/Controls/ControlRig_Circle_1mm.uasset" 1153
"../../../Engine/Plugins/Animation/ControlRig/Content/Controls/ControlRig_Circle_1mm.uexp" 1154
"../../../Engine/Plugins/Animation/ControlRig/Content/Controls/ControlRig_Circle_3mm.ubulk" 1155
"../../../Engine/Plugins/Animation/ControlRig/Content/Controls/ControlRig_Circle_3mm.uasset" 1156
"../../../Engine/Plugins/Animation/ControlRig/Content/Controls/ControlRig_Circle_3mm.uexp" 1157
"../../../Engine/Plugins/Animation/ControlRig/Content/Controls/ControlRig_Circle_solid.ubulk" 1158
"../../../Engine/Plugins/Animation/ControlRig/Content/Controls/ControlRig_Circle_solid.uasset" 1159
"../../../Engine/Plugins/Animation/ControlRig/Content/Controls/ControlRig_Circle_solid.uexp" 1160
"../../../Engine/Plugins/Animation/ControlRig/Content/Controls/ControlRig_Diamond_1mm.ubulk" 1161
"../../../Engine/Plugins/Animation/ControlRig/Content/Controls/ControlRig_Diamond_1mm.uasset" 1162
"../../../Engine/Plugins/Animation/ControlRig/Content/Controls/ControlRig_Diamond_1mm.uexp" 1163
"../../../Engine/Plugins/Animation/ControlRig/Content/Controls/ControlRig_Diamond_3mm.ubulk" 1164
"../../../Engine/Plugins/Animation/ControlRig/Content/Controls/ControlRig_Diamond_3mm.uasset" 1165
"../../../Engine/Plugins/Animation/ControlRig/Content/Controls/ControlRig_Diamond_3mm.uexp" 1166
"../../../Engine/Plugins/Animation/ControlRig/Content/Controls/ControlRig_Diamond_solid.ubulk" 1167
"../../../Engine/Plugins/Animation/ControlRig/Content/Controls/ControlRig_Diamond_solid.uasset" 1168
"../../../Engine/Plugins/Animation/ControlRig/Content/Controls/ControlRig_Diamond_solid.uexp" 1169
"../../../Engine/Plugins/Animation/ControlRig/Content/Controls/ControlRig_HalfCircle_1mm.ubulk" 1170
"../../../Engine/Plugins/Animation/ControlRig/Content/Controls/ControlRig_HalfCircle_1mm.uasset" 1171
"../../../Engine/Plugins/Animation/ControlRig/Content/Controls/ControlRig_HalfCircle_1mm.uexp" 1172
"../../../Engine/Plugins/Animation/ControlRig/Content/Controls/ControlRig_HalfCircle_3mm.ubulk" 1173
"../../../Engine/Plugins/Animation/ControlRig/Content/Controls/ControlRig_HalfCircle_3mm.uasset" 1174
"../../../Engine/Plugins/Animation/ControlRig/Content/Controls/ControlRig_HalfCircle_3mm.uexp" 1175
"../../../Engine/Plugins/Animation/ControlRig/Content/Controls/ControlRig_HalfCircle_solid.ubulk" 1176
"../../../Engine/Plugins/Animation/ControlRig/Content/Controls/ControlRig_HalfCircle_solid.uasset" 1177
"../../../Engine/Plugins/Animation/ControlRig/Content/Controls/ControlRig_HalfCircle_solid.uexp" 1178
"../../../Engine/Plugins/Animation/ControlRig/Content/Controls/ControlRig_Hexagon_1mm.ubulk" 1179
"../../../Engine/Plugins/Animation/ControlRig/Content/Controls/ControlRig_Hexagon_1mm.uasset" 1180
"../../../Engine/Plugins/Animation/ControlRig/Content/Controls/ControlRig_Hexagon_1mm.uexp" 1181
"../../../Engine/Plugins/Animation/ControlRig/Content/Controls/ControlRig_Hexagon_3mm.ubulk" 1182
"../../../Engine/Plugins/Animation/ControlRig/Content/Controls/ControlRig_Hexagon_3mm.uasset" 1183
"../../../Engine/Plugins/Animation/ControlRig/Content/Controls/ControlRig_Hexagon_3mm.uexp" 1184
"../../../Engine/Plugins/Animation/ControlRig/Content/Controls/ControlRig_Hexagon_solid.ubulk" 1185
"../../../Engine/Plugins/Animation/ControlRig/Content/Controls/ControlRig_Hexagon_solid.uasset" 1186
"../../../Engine/Plugins/Animation/ControlRig/Content/Controls/ControlRig_Hexagon_solid.uexp" 1187
"../../../Engine/Plugins/Animation/ControlRig/Content/Controls/ControlRig_Octagon_1mm.ubulk" 1188
"../../../Engine/Plugins/Animation/ControlRig/Content/Controls/ControlRig_Octagon_1mm.uasset" 1189
"../../../Engine/Plugins/Animation/ControlRig/Content/Controls/ControlRig_Octagon_1mm.uexp" 1190
"../../../Engine/Plugins/Animation/ControlRig/Content/Controls/ControlRig_Octagon_3mm.ubulk" 1191
"../../../Engine/Plugins/Animation/ControlRig/Content/Controls/ControlRig_Octagon_3mm.uasset" 1192
"../../../Engine/Plugins/Animation/ControlRig/Content/Controls/ControlRig_Octagon_3mm.uexp" 1193
"../../../Engine/Plugins/Animation/ControlRig/Content/Controls/ControlRig_Octagon_solid.ubulk" 1194
"../../../Engine/Plugins/Animation/ControlRig/Content/Controls/ControlRig_Octagon_solid.uasset" 1195
"../../../Engine/Plugins/Animation/ControlRig/Content/Controls/ControlRig_Octagon_solid.uexp" 1196
"../../../Engine/Plugins/Animation/ControlRig/Content/Controls/ControlRig_Pyramid_1mm.ubulk" 1197
"../../../Engine/Plugins/Animation/ControlRig/Content/Controls/ControlRig_Pyramid_1mm.uasset" 1198
"../../../Engine/Plugins/Animation/ControlRig/Content/Controls/ControlRig_Pyramid_1mm.uexp" 1199
"../../../Engine/Plugins/Animation/ControlRig/Content/Controls/ControlRig_Pyramid_3mm.ubulk" 1200
"../../../Engine/Plugins/Animation/ControlRig/Content/Controls/ControlRig_Pyramid_3mm.uasset" 1201
"../../../Engine/Plugins/Animation/ControlRig/Content/Controls/ControlRig_Pyramid_3mm.uexp" 1202
"../../../Engine/Plugins/Animation/ControlRig/Content/Controls/ControlRig_Pyramid_solid.ubulk" 1203
"../../../Engine/Plugins/Animation/ControlRig/Content/Controls/ControlRig_Pyramid_solid.uasset" 1204
"../../../Engine/Plugins/Animation/ControlRig/Content/Controls/ControlRig_Pyramid_solid.uexp" 1205
"../../../Engine/Plugins/Animation/ControlRig/Content/Controls/ControlRig_QuarterCircle_1mm.ubulk" 1206
"../../../Engine/Plugins/Animation/ControlRig/Content/Controls/ControlRig_QuarterCircle_1mm.uasset" 1207
"../../../Engine/Plugins/Animation/ControlRig/Content/Controls/ControlRig_QuarterCircle_1mm.uexp" 1208
"../../../Engine/Plugins/Animation/ControlRig/Content/Controls/ControlRig_QuarterCircle_3mm.ubulk" 1209
"../../../Engine/Plugins/Animation/ControlRig/Content/Controls/ControlRig_QuarterCircle_3mm.uasset" 1210
"../../../Engine/Plugins/Animation/ControlRig/Content/Controls/ControlRig_QuarterCircle_3mm.uexp" 1211
"../../../Engine/Plugins/Animation/ControlRig/Content/Controls/ControlRig_QuarterCircle_solid.ubulk" 1212
"../../../Engine/Plugins/Animation/ControlRig/Content/Controls/ControlRig_QuarterCircle_solid.uasset" 1213
"../../../Engine/Plugins/Animation/ControlRig/Content/Controls/ControlRig_QuarterCircle_solid.uexp" 1214
"../../../Engine/Plugins/Animation/ControlRig/Content/Controls/ControlRig_RoundedSquare_1mm.ubulk" 1215
"../../../Engine/Plugins/Animation/ControlRig/Content/Controls/ControlRig_RoundedSquare_1mm.uasset" 1216
"../../../Engine/Plugins/Animation/ControlRig/Content/Controls/ControlRig_RoundedSquare_1mm.uexp" 1217
"../../../Engine/Plugins/Animation/ControlRig/Content/Controls/ControlRig_RoundedSquare_3mm.ubulk" 1218
"../../../Engine/Plugins/Animation/ControlRig/Content/Controls/ControlRig_RoundedSquare_3mm.uasset" 1219
"../../../Engine/Plugins/Animation/ControlRig/Content/Controls/ControlRig_RoundedSquare_3mm.uexp" 1220
"../../../Engine/Plugins/Animation/ControlRig/Content/Controls/ControlRig_RoundedSquare_solid.ubulk" 1221
"../../../Engine/Plugins/Animation/ControlRig/Content/Controls/ControlRig_RoundedSquare_solid.uasset" 1222
"../../../Engine/Plugins/Animation/ControlRig/Content/Controls/ControlRig_RoundedSquare_solid.uexp" 1223
"../../../Engine/Plugins/Animation/ControlRig/Content/Controls/ControlRig_RoundedTriangle_1mm.ubulk" 1224
"../../../Engine/Plugins/Animation/ControlRig/Content/Controls/ControlRig_RoundedTriangle_1mm.uasset" 1225
"../../../Engine/Plugins/Animation/ControlRig/Content/Controls/ControlRig_RoundedTriangle_1mm.uexp" 1226
"../../../Engine/Plugins/Animation/ControlRig/Content/Controls/ControlRig_RoundedTriangle_3mm.ubulk" 1227
"../../../Engine/Plugins/Animation/ControlRig/Content/Controls/ControlRig_RoundedTriangle_3mm.uasset" 1228
"../../../Engine/Plugins/Animation/ControlRig/Content/Controls/ControlRig_RoundedTriangle_3mm.uexp" 1229
"../../../Engine/Plugins/Animation/ControlRig/Content/Controls/ControlRig_RoundedTriangle_solid.ubulk" 1230
"../../../Engine/Plugins/Animation/ControlRig/Content/Controls/ControlRig_RoundedTriangle_solid.uasset" 1231
"../../../Engine/Plugins/Animation/ControlRig/Content/Controls/ControlRig_RoundedTriangle_solid.uexp" 1232
"../../../Engine/Plugins/Animation/ControlRig/Content/Controls/ControlRig_Sphere_1mm.ubulk" 1233
"../../../Engine/Plugins/Animation/ControlRig/Content/Controls/ControlRig_Sphere_1mm.uasset" 1234
"../../../Engine/Plugins/Animation/ControlRig/Content/Controls/ControlRig_Sphere_1mm.uexp" 1235
"../../../Engine/Plugins/Animation/ControlRig/Content/Controls/ControlRig_Sphere_3mm.ubulk" 1236
"../../../Engine/Plugins/Animation/ControlRig/Content/Controls/ControlRig_Sphere_3mm.uasset" 1237
"../../../Engine/Plugins/Animation/ControlRig/Content/Controls/ControlRig_Sphere_3mm.uexp" 1238
"../../../Engine/Plugins/Animation/ControlRig/Content/Controls/ControlRig_Sphere_solid.ubulk" 1239
"../../../Engine/Plugins/Animation/ControlRig/Content/Controls/ControlRig_Sphere_solid.uasset" 1240
"../../../Engine/Plugins/Animation/ControlRig/Content/Controls/ControlRig_Sphere_solid.uexp" 1241
"../../../Engine/Plugins/Animation/ControlRig/Content/Controls/ControlRig_Square_1mm.ubulk" 1242
"../../../Engine/Plugins/Animation/ControlRig/Content/Controls/ControlRig_Square_1mm.uasset" 1243
"../../../Engine/Plugins/Animation/ControlRig/Content/Controls/ControlRig_Square_1mm.uexp" 1244
"../../../Engine/Plugins/Animation/ControlRig/Content/Controls/ControlRig_Square_3mm.ubulk" 1245
"../../../Engine/Plugins/Animation/ControlRig/Content/Controls/ControlRig_Square_3mm.uasset" 1246
"../../../Engine/Plugins/Animation/ControlRig/Content/Controls/ControlRig_Square_3mm.uexp" 1247
"../../../Engine/Plugins/Animation/ControlRig/Content/Controls/ControlRig_Square_solid.ubulk" 1248
"../../../Engine/Plugins/Animation/ControlRig/Content/Controls/ControlRig_Square_solid.uasset" 1249
"../../../Engine/Plugins/Animation/ControlRig/Content/Controls/ControlRig_Square_solid.uexp" 1250
"../../../Engine/Plugins/Animation/ControlRig/Content/Controls/ControlRig_Star4_1mm.ubulk" 1251
"../../../Engine/Plugins/Animation/ControlRig/Content/Controls/ControlRig_Star4_1mm.uasset" 1252
"../../../Engine/Plugins/Animation/ControlRig/Content/Controls/ControlRig_Star4_1mm.uexp" 1253
"../../../Engine/Plugins/Animation/ControlRig/Content/Controls/ControlRig_Star4_3mm.ubulk" 1254
"../../../Engine/Plugins/Animation/ControlRig/Content/Controls/ControlRig_Star4_3mm.uasset" 1255
"../../../Engine/Plugins/Animation/ControlRig/Content/Controls/ControlRig_Star4_3mm.uexp" 1256
"../../../Engine/Plugins/Animation/ControlRig/Content/Controls/ControlRig_Star4_solid.ubulk" 1257
"../../../Engine/Plugins/Animation/ControlRig/Content/Controls/ControlRig_Star4_solid.uasset" 1258
"../../../Engine/Plugins/Animation/ControlRig/Content/Controls/ControlRig_Star4_solid.uexp" 1259
"../../../Engine/Plugins/Animation/ControlRig/Content/Controls/ControlRig_Triangle_1mm.ubulk" 1260
"../../../Engine/Plugins/Animation/ControlRig/Content/Controls/ControlRig_Triangle_1mm.uasset" 1261
"../../../Engine/Plugins/Animation/ControlRig/Content/Controls/ControlRig_Triangle_1mm.uexp" 1262
"../../../Engine/Plugins/Animation/ControlRig/Content/Controls/ControlRig_Triangle_3mm.ubulk" 1263
"../../../Engine/Plugins/Animation/ControlRig/Content/Controls/ControlRig_Triangle_3mm.uasset" 1264
"../../../Engine/Plugins/Animation/ControlRig/Content/Controls/ControlRig_Triangle_3mm.uexp" 1265
"../../../Engine/Plugins/Animation/ControlRig/Content/Controls/ControlRig_Triangle_solid.ubulk" 1266
"../../../Engine/Plugins/Animation/ControlRig/Content/Controls/ControlRig_Triangle_solid.uasset" 1267
"../../../Engine/Plugins/Animation/ControlRig/Content/Controls/ControlRig_Triangle_solid.uexp" 1268
"../../../Engine/Plugins/Animation/ControlRig/Content/Controls/ControlRig_Wedge_1mm.ubulk" 1269
"../../../Engine/Plugins/Animation/ControlRig/Content/Controls/ControlRig_Wedge_1mm.uasset" 1270
"../../../Engine/Plugins/Animation/ControlRig/Content/Controls/ControlRig_Wedge_1mm.uexp" 1271
"../../../Engine/Plugins/Animation/ControlRig/Content/Controls/ControlRig_Wedge_3mm.ubulk" 1272
"../../../Engine/Plugins/Animation/ControlRig/Content/Controls/ControlRig_Wedge_3mm.uasset" 1273
"../../../Engine/Plugins/Animation/ControlRig/Content/Controls/ControlRig_Wedge_3mm.uexp" 1274
"../../../Engine/Plugins/Animation/ControlRig/Content/Controls/ControlRig_Wedge_solid.ubulk" 1275
"../../../Engine/Plugins/Animation/ControlRig/Content/Controls/ControlRig_Wedge_solid.uasset" 1276
"../../../Engine/Plugins/Animation/ControlRig/Content/Controls/ControlRig_Wedge_solid.uexp" 1277
"../../../Engine/Content/EditorLandscapeResources/ColorMaskBrushMaterial.uasset" 1278
"../../../Engine/Content/EditorLandscapeResources/ColorMaskBrushMaterial.uexp" 1279
"../../../Engine/Content/EditorLandscapeResources/ColorMaskBrushMaterial_MaskedRegion.uasset" 1280
"../../../Engine/Content/EditorLandscapeResources/ColorMaskBrushMaterial_MaskedRegion.uexp" 1281
"../../../Engine/Content/Functions/Engine_MaterialFunctions03/Math/WithinRangeFloat2.uasset" 1282
"../../../Engine/Content/Functions/Engine_MaterialFunctions03/Math/WithinRangeFloat2.uexp" 1283
"../../../Engine/Content/EditorLandscapeResources/MaskBrushMaterial.uasset" 1284
"../../../Engine/Content/EditorLandscapeResources/MaskBrushMaterial.uexp" 1285
"../../../Engine/Content/EditorLandscapeResources/MaskBrushMaterial_MaskedRegion.uasset" 1286
"../../../Engine/Content/EditorLandscapeResources/MaskBrushMaterial_MaskedRegion.uexp" 1287
"../../../Engine/Content/EditorLandscapeResources/SelectBrushMaterial.uasset" 1288
"../../../Engine/Content/EditorLandscapeResources/SelectBrushMaterial.uexp" 1289
"../../../Engine/Content/EditorLandscapeResources/SelectBrushMaterial_Selected.uasset" 1290
"../../../Engine/Content/EditorLandscapeResources/SelectBrushMaterial_Selected.uexp" 1291
"../../../Engine/Content/EditorLandscapeResources/SelectBrushMaterial_SelectedRegion.uasset" 1292
"../../../Engine/Content/EditorLandscapeResources/SelectBrushMaterial_SelectedRegion.uexp" 1293
"../../../Engine/Content/EditorLandscapeResources/SplineEditorMeshMat.uasset" 1294
"../../../Engine/Content/EditorLandscapeResources/SplineEditorMeshMat.uexp" 1295
"../../../Engine/Content/EditorLandscapeResources/SplineEditorMesh.ubulk" 1296
"../../../Engine/Content/EditorLandscapeResources/SplineEditorMesh.uasset" 1297
"../../../Engine/Content/EditorLandscapeResources/SplineEditorMesh.uexp" 1298
"../../../Engine/Content/EngineMaterials/WeightMapPlaceholderTexture.uasset" 1299
"../../../Engine/Content/EngineMaterials/WeightMapPlaceholderTexture.uexp" 1300
"../../../Engine/Content/EngineMaterials/WeightMapArrayPlaceholderTexture.uasset" 1301
"../../../Engine/Content/EngineMaterials/WeightMapArrayPlaceholderTexture.uexp" 1302
"../../../Engine/Content/EngineResources/WhiteSquareTexture.uasset" 1303
"../../../Engine/Content/EngineResources/WhiteSquareTexture.uexp" 1304
"../../../Engine/Content/EngineMaterials/Widget3DPassThrough.uasset" 1305
"../../../Engine/Content/EngineMaterials/Widget3DPassThrough.uexp" 1306
"../../../Engine/Content/EngineMaterials/Widget3DPassThrough_Masked.uasset" 1307
"../../../Engine/Content/EngineMaterials/Widget3DPassThrough_Masked.uexp" 1308
"../../../Engine/Content/EngineMaterials/Widget3DPassThrough_Opaque.uasset" 1309
"../../../Engine/Content/EngineMaterials/Widget3DPassThrough_Opaque.uexp" 1310
"../../../Engine/Content/EngineMaterials/Widget3DPassThrough_Masked_OneSided.uasset" 1311
"../../../Engine/Content/EngineMaterials/Widget3DPassThrough_Masked_OneSided.uexp" 1312
"../../../Engine/Content/EngineMaterials/Widget3DPassThrough_Opaque_OneSided.uasset" 1313
"../../../Engine/Content/EngineMaterials/Widget3DPassThrough_Opaque_OneSided.uexp" 1314
"../../../Engine/Content/EngineMaterials/Widget3DPassThrough_Translucent.uasset" 1315
"../../../Engine/Content/EngineMaterials/Widget3DPassThrough_Translucent.uexp" 1316
"../../../Engine/Content/EngineMaterials/Widget3DPassThrough_Translucent_OneSided.uasset" 1317
"../../../Engine/Content/EngineMaterials/Widget3DPassThrough_Translucent_OneSided.uexp" 1318
"../../../Engine/Content/BasicShapes/Cone.ubulk" 1319
"../../../Engine/Content/BasicShapes/Cone.uasset" 1320
"../../../Engine/Content/BasicShapes/Cone.uexp" 1321
"../../../Engine/Content/BasicShapes/Cylinder.ubulk" 1322
"../../../Engine/Content/BasicShapes/Cylinder.uasset" 1323
"../../../Engine/Content/BasicShapes/Cylinder.uexp" 1324
"../../../Engine/Content/BasicShapes/Sphere.ubulk" 1325
"../../../Engine/Content/BasicShapes/Sphere.uasset" 1326
"../../../Engine/Content/BasicShapes/Sphere.uexp" 1327
"../../../Engine/Plugins/Media/MediaPlate/Content/SM_MediaPlateScreen.ubulk" 1328
"../../../Engine/Plugins/Media/MediaPlate/Content/SM_MediaPlateScreen.uasset" 1329
"../../../Engine/Plugins/Media/MediaPlate/Content/SM_MediaPlateScreen.uexp" 1330
"../../../Engine/Plugins/2D/Paper2D/Content/DefaultSpriteMaterial.uasset" 1331
"../../../Engine/Plugins/2D/Paper2D/Content/DefaultSpriteMaterial.uexp" 1332
"../../../Engine/Plugins/2D/Paper2D/Content/MaskedUnlitSpriteMaterial.uasset" 1333
"../../../Engine/Plugins/2D/Paper2D/Content/MaskedUnlitSpriteMaterial.uexp" 1334
"../../../Engine/Plugins/2D/Paper2D/Content/OpaqueUnlitSpriteMaterial.uasset" 1335
"../../../Engine/Plugins/2D/Paper2D/Content/OpaqueUnlitSpriteMaterial.uexp" 1336
"../../../Engine/Plugins/NNE/NNEDenoiser/Content/NNE_oidn2-3-0_rt_hdr_calb_cnrm_large__dyn__fp16_opset11_ForwardAlpha.uasset" 1337
"../../../Engine/Plugins/NNE/NNEDenoiser/Content/NNE_oidn2-3-0_rt_hdr_calb_cnrm_large__dyn__fp16_opset11_ForwardAlpha.uexp" 1338
"../../../Engine/Plugins/NNE/NNEDenoiser/Content/NNE_oidn2-3-0_rt_hdr_calb_cnrm_large__dyn__fp16_opset11_DenoiseAlpha.uasset" 1339
"../../../Engine/Plugins/NNE/NNEDenoiser/Content/NNE_oidn2-3-0_rt_hdr_calb_cnrm_large__dyn__fp16_opset11_DenoiseAlpha.uexp" 1340
"../../../Engine/Plugins/NNE/NNEDenoiser/Content/NNE_oidn2-3-0_rt_hdr_alb_nrm__dyn__fp16_opset11_ForwardAlpha.uasset" 1341
"../../../Engine/Plugins/NNE/NNEDenoiser/Content/NNE_oidn2-3-0_rt_hdr_alb_nrm__dyn__fp16_opset11_ForwardAlpha.uexp" 1342
"../../../Engine/Plugins/NNE/NNEDenoiser/Content/NNE_oidn2-3-0_rt_hdr_alb_nrm__dyn__fp16_opset11_DenoiseAlpha.uasset" 1343
"../../../Engine/Plugins/NNE/NNEDenoiser/Content/NNE_oidn2-3-0_rt_hdr_alb_nrm__dyn__fp16_opset11_DenoiseAlpha.uexp" 1344
"../../../Engine/Plugins/NNE/NNEDenoiser/Content/NNE_oidn2-3-0_rt_hdr_alb_nrm_small__dyn__fp16_opset11_ForwardAlpha.uasset" 1345
"../../../Engine/Plugins/NNE/NNEDenoiser/Content/NNE_oidn2-3-0_rt_hdr_alb_nrm_small__dyn__fp16_opset11_ForwardAlpha.uexp" 1346
"../../../Engine/Plugins/NNE/NNEDenoiser/Content/NNE_oidn2-3-0_rt_hdr_alb_nrm_small__dyn__fp16_opset11_DenoiseAlpha.uasset" 1347
"../../../Engine/Plugins/NNE/NNEDenoiser/Content/NNE_oidn2-3-0_rt_hdr_alb_nrm_small__dyn__fp16_opset11_DenoiseAlpha.uexp" 1348
"../../../Engine/Plugins/NNE/NNEDenoiser/Content/NNED_Oidn2-3_HighQuality_Alpha.uasset" 1349
"../../../Engine/Plugins/NNE/NNEDenoiser/Content/NNED_Oidn2-3_HighQuality_Alpha.uexp" 1350
"../../../Engine/Plugins/NNE/NNEDenoiser/Content/NNED_Oidn2-3_HighQuality.uasset" 1351
"../../../Engine/Plugins/NNE/NNEDenoiser/Content/NNED_Oidn2-3_HighQuality.uexp" 1352
"../../../Engine/Plugins/NNE/NNEDenoiser/Content/NNED_Oidn2-3_Fast_Alpha.uasset" 1353
"../../../Engine/Plugins/NNE/NNEDenoiser/Content/NNED_Oidn2-3_Fast_Alpha.uexp" 1354
"../../../Engine/Plugins/NNE/NNEDenoiser/Content/NNED_Oidn2-3_Fast.uasset" 1355
"../../../Engine/Plugins/NNE/NNEDenoiser/Content/NNED_Oidn2-3_Fast.uexp" 1356
"../../../Engine/Plugins/NNE/NNEDenoiser/Content/NNED_Oidn2-3_Balanced_Alpha.uasset" 1357
"../../../Engine/Plugins/NNE/NNEDenoiser/Content/NNED_Oidn2-3_Balanced_Alpha.uexp" 1358
"../../../Engine/Plugins/NNE/NNEDenoiser/Content/NNED_Oidn2-3_Balanced.uasset" 1359
"../../../Engine/Plugins/NNE/NNEDenoiser/Content/NNED_Oidn2-3_Balanced.uexp" 1360
"../../../Engine/Plugins/NNE/NNEDenoiser/Content/NNEDT_Oidn2-3_Balanced_Alpha.uasset" 1361
"../../../Engine/Plugins/NNE/NNEDenoiser/Content/NNEDT_Oidn2-3_Balanced_Alpha.uexp" 1362
"../../../Engine/Plugins/NNE/NNEDenoiser/Content/NNEDT_Oidn2-3_Balanced.uasset" 1363
"../../../Engine/Plugins/NNE/NNEDenoiser/Content/NNEDT_Oidn2-3_Balanced.uexp" 1364
"../../../Engine/Content/EngineResources/LandscapeVisibilityLayerInfo.uasset" 1365
"../../../Engine/Content/EngineResources/LandscapeVisibilityLayerInfo.uexp" 1366
"../../../Engine/Plugins/Animation/DeformerGraph/Content/DeformerFunctions/DG_Function_ComputeNormalsTangents.uasset" 1367
"../../../Engine/Plugins/Animation/DeformerGraph/Content/DeformerFunctions/DG_Function_ComputeNormalsTangents.uexp" 1368
"../../../Engine/Plugins/Animation/DeformerGraph/Content/DeformerFunctions/DG_Function_LinearBlendSkin_Morph_Cloth_PositionOnly.uasset" 1369
"../../../Engine/Plugins/Animation/DeformerGraph/Content/DeformerFunctions/DG_Function_LinearBlendSkin_Morph_Cloth_PositionOnly.uexp" 1370
"../../../Engine/Plugins/Animation/DeformerGraph/Content/Deformers/DG_LinearBlendSkin_Morph_Cloth_RecomputeNormals.uasset" 1371
"../../../Engine/Plugins/Animation/DeformerGraph/Content/Deformers/DG_LinearBlendSkin_Morph_Cloth_RecomputeNormals.uexp" 1372
"../../../Engine/Plugins/Animation/DeformerGraph/Content/DeformerFunctions/DG_Function_LinearBlendSkin_Morph_Cloth.uasset" 1373
"../../../Engine/Plugins/Animation/DeformerGraph/Content/DeformerFunctions/DG_Function_LinearBlendSkin_Morph_Cloth.uexp" 1374
"../../../Engine/Plugins/Animation/DeformerGraph/Content/Deformers/DG_LinearBlendSkin_Morph_Cloth.uasset" 1375
"../../../Engine/Plugins/Animation/DeformerGraph/Content/Deformers/DG_LinearBlendSkin_Morph_Cloth.uexp" 1376
"../../../Engine/Content/VREditor/Sounds/UI/Drop_Item_From_ContentBrowser.ubulk" 1377
"../../../Engine/Content/VREditor/Sounds/UI/Drop_Item_From_ContentBrowser.uasset" 1378
"../../../Engine/Content/VREditor/Sounds/UI/Drop_Item_From_ContentBrowser.uexp" 1379
"../../../Engine/Content/VREditor/TransformGizmo/TransformGizmoMaterial_Inst.uasset" 1380
"../../../Engine/Content/VREditor/TransformGizmo/TransformGizmoMaterial_Inst.uexp" 1381
"../../../Engine/Content/VREditor/TransformGizmo/TranslucentTransformGizmoMaterial_Inst.uasset" 1382
"../../../Engine/Content/VREditor/TransformGizmo/TranslucentTransformGizmoMaterial_Inst.uexp" 1383
"../../../Engine/Content/Functions/Engine_MaterialFunctions02/SplitComponents.uasset" 1384
"../../../Engine/Content/Functions/Engine_MaterialFunctions02/SplitComponents.uexp" 1385
"../../../Engine/Content/VREditor/SnapGrid/SnapGridMaterial.uasset" 1386
"../../../Engine/Content/VREditor/SnapGrid/SnapGridMaterial.uexp" 1387
"../../../Engine/Content/VREditor/SnapGrid/SnapGridPlaneMesh.ubulk" 1388
"../../../Engine/Content/VREditor/SnapGrid/SnapGridPlaneMesh.uasset" 1389
"../../../Engine/Content/VREditor/SnapGrid/SnapGridPlaneMesh.uexp" 1390
"../../../Engine/Content/VREditor/Sounds/UI/Gizmo_Handle_Clicked.ubulk" 1391
"../../../Engine/Content/VREditor/Sounds/UI/Gizmo_Handle_Clicked.uasset" 1392
"../../../Engine/Content/VREditor/Sounds/UI/Gizmo_Handle_Clicked.uexp" 1393
"../../../Engine/Content/VREditor/Sounds/UI/Object_PickUp.ubulk" 1394
"../../../Engine/Content/VREditor/Sounds/UI/Object_PickUp.uasset" 1395
"../../../Engine/Content/VREditor/Sounds/UI/Object_PickUp.uexp" 1396
"../../../Engine/Content/VREditor/Sounds/UI/Object_Snaps_To_Another_Actor.ubulk" 1397
"../../../Engine/Content/VREditor/Sounds/UI/Object_Snaps_To_Another_Actor.uasset" 1398
"../../../Engine/Content/VREditor/Sounds/UI/Object_Snaps_To_Another_Actor.uexp" 1399
"../../../Engine/Content/VREditor/Sounds/UI/Object_Snaps_To_Grid.ubulk" 1400
"../../../Engine/Content/VREditor/Sounds/UI/Object_Snaps_To_Grid.uasset" 1401
"../../../Engine/Content/VREditor/Sounds/UI/Object_Snaps_To_Grid.uexp" 1402
"../../../Engine/Content/VREditor/Sounds/UI/Scaling_Down.ubulk" 1403
"../../../Engine/Content/VREditor/Sounds/UI/Scaling_Down.uasset" 1404
"../../../Engine/Content/VREditor/Sounds/UI/Scaling_Down.uexp" 1405
"../../../Engine/Content/VREditor/Sounds/UI/Scaling_Up.ubulk" 1406
"../../../Engine/Content/VREditor/Sounds/UI/Scaling_Up.uasset" 1407
"../../../Engine/Content/VREditor/Sounds/UI/Scaling_Up.uexp" 1408
"../../../Engine/Content/VREditor/Sounds/UI/Selection_Changes.ubulk" 1409
"../../../Engine/Content/VREditor/Sounds/UI/Selection_Changes.uasset" 1410
"../../../Engine/Content/VREditor/Sounds/UI/Selection_Changes.uexp" 1411
"../../../Engine/Content/VREditor/TransformGizmo/PlaneTranslationHandle.ubulk" 1412
"../../../Engine/Content/VREditor/TransformGizmo/PlaneTranslationHandle.uasset" 1413
"../../../Engine/Content/VREditor/TransformGizmo/PlaneTranslationHandle.uexp" 1414
"../../../Engine/Content/VREditor/TransformGizmo/RotationHandleFull.ubulk" 1415
"../../../Engine/Content/VREditor/TransformGizmo/RotationHandleFull.uasset" 1416
"../../../Engine/Content/VREditor/TransformGizmo/RotationHandleFull.uexp" 1417
"../../../Engine/Content/VREditor/TransformGizmo/RotationHandleIndicator.ubulk" 1418
"../../../Engine/Content/VREditor/TransformGizmo/RotationHandleIndicator.uasset" 1419
"../../../Engine/Content/VREditor/TransformGizmo/RotationHandleIndicator.uexp" 1420
"../../../Engine/Content/VREditor/TransformGizmo/RotationHandleQuarter.ubulk" 1421
"../../../Engine/Content/VREditor/TransformGizmo/RotationHandleQuarter.uasset" 1422
"../../../Engine/Content/VREditor/TransformGizmo/RotationHandleQuarter.uexp" 1423
"../../../Engine/Content/VREditor/TransformGizmo/StartRotationHandleIndicator.ubulk" 1424
"../../../Engine/Content/VREditor/TransformGizmo/StartRotationHandleIndicator.uasset" 1425
"../../../Engine/Content/VREditor/TransformGizmo/StartRotationHandleIndicator.uexp" 1426
"../../../Engine/Content/VREditor/TransformGizmo/TransformGizmoFreeRotation.ubulk" 1427
"../../../Engine/Content/VREditor/TransformGizmo/TransformGizmoFreeRotation.uasset" 1428
"../../../Engine/Content/VREditor/TransformGizmo/TransformGizmoFreeRotation.uexp" 1429
"../../../Engine/Content/VREditor/TransformGizmo/TranslateArrowHandle.ubulk" 1430
"../../../Engine/Content/VREditor/TransformGizmo/TranslateArrowHandle.uasset" 1431
"../../../Engine/Content/VREditor/TransformGizmo/TranslateArrowHandle.uexp" 1432
"../../../Engine/Content/VREditor/TransformGizmo/UniformScaleHandle.ubulk" 1433
"../../../Engine/Content/VREditor/TransformGizmo/UniformScaleHandle.uasset" 1434
"../../../Engine/Content/VREditor/TransformGizmo/UniformScaleHandle.uexp" 1435
"../../../Engine/Content/EngineSky/T_Sky_Stars.ubulk" 1436
"../../../Engine/Content/EngineSky/T_Sky_Stars.uasset" 1437
"../../../Engine/Content/EngineSky/T_Sky_Stars.uexp" 1438
"../../../Engine/Content/EngineSky/T_Sky_Clouds_M.ubulk" 1439
"../../../Engine/Content/EngineSky/T_Sky_Clouds_M.uasset" 1440
"../../../Engine/Content/EngineSky/T_Sky_Clouds_M.uexp" 1441
"../../../Engine/Content/EngineSky/T_Sky_Blue.ubulk" 1442
"../../../Engine/Content/EngineSky/T_Sky_Blue.uasset" 1443
"../../../Engine/Content/EngineSky/T_Sky_Blue.uexp" 1444
"../../../Engine/Content/EngineSky/M_Sky_Panning_Clouds2.uasset" 1445
"../../../Engine/Content/EngineSky/M_Sky_Panning_Clouds2.uexp" 1446
"../../../Engine/Content/EngineSky/SM_SkySphere.ubulk" 1447
"../../../Engine/Content/EngineSky/SM_SkySphere.uasset" 1448
"../../../Engine/Content/EngineSky/SM_SkySphere.uexp" 1449
"../../../Engine/Content/EngineSky/M_SimpleSkyDome.uasset" 1450
"../../../Engine/Content/EngineSky/M_SimpleSkyDome.uexp" 1451
"D:/UnrealProjects/Aura2/Content/Assets/Dungeon/Beacon/Material/Beacon_low_DefaultMaterial_BaseColor.ubulk" 1452
"D:/UnrealProjects/Aura2/Content/Assets/Dungeon/Beacon/Material/Beacon_low_DefaultMaterial_BaseColor.uasset" 1453
"D:/UnrealProjects/Aura2/Content/Assets/Dungeon/Beacon/Material/Beacon_low_DefaultMaterial_BaseColor.uexp" 1454
"D:/UnrealProjects/Aura2/Content/Assets/Dungeon/Beacon/Material/Beacon_low_DefaultMaterial_Emissive.ubulk" 1455
"D:/UnrealProjects/Aura2/Content/Assets/Dungeon/Beacon/Material/Beacon_low_DefaultMaterial_Emissive.uasset" 1456
"D:/UnrealProjects/Aura2/Content/Assets/Dungeon/Beacon/Material/Beacon_low_DefaultMaterial_Emissive.uexp" 1457
"D:/UnrealProjects/Aura2/Content/Assets/Dungeon/Beacon/Material/Beacon_low_DefaultMaterial_Normal.ubulk" 1458
"D:/UnrealProjects/Aura2/Content/Assets/Dungeon/Beacon/Material/Beacon_low_DefaultMaterial_Normal.uasset" 1459
"D:/UnrealProjects/Aura2/Content/Assets/Dungeon/Beacon/Material/Beacon_low_DefaultMaterial_Normal.uexp" 1460
"D:/UnrealProjects/Aura2/Content/Assets/Dungeon/Beacon/Material/Beacon_low_DefaultMaterial_OcclusionRoughnessMetallic.ubulk" 1461
"D:/UnrealProjects/Aura2/Content/Assets/Dungeon/Beacon/Material/Beacon_low_DefaultMaterial_OcclusionRoughnessMetallic.uasset" 1462
"D:/UnrealProjects/Aura2/Content/Assets/Dungeon/Beacon/Material/Beacon_low_DefaultMaterial_OcclusionRoughnessMetallic.uexp" 1463
"D:/UnrealProjects/Aura2/Content/Assets/Dungeon/Beacon/Material/M_Beacon.uasset" 1464
"D:/UnrealProjects/Aura2/Content/Assets/Dungeon/Beacon/Material/M_Beacon.uexp" 1465
"D:/UnrealProjects/Aura2/Content/Assets/Dungeon/Beacon/Material/MI_Beacon.uasset" 1466
"D:/UnrealProjects/Aura2/Content/Assets/Dungeon/Beacon/Material/MI_Beacon.uexp" 1467
"D:/UnrealProjects/Aura2/Content/Assets/Dungeon/Beacon/SM_Beacon.ubulk" 1468
"D:/UnrealProjects/Aura2/Content/Assets/Dungeon/Beacon/SM_Beacon.uasset" 1469
"D:/UnrealProjects/Aura2/Content/Assets/Dungeon/Beacon/SM_Beacon.uexp" 1470
"D:/UnrealProjects/Aura2/Content/Assets/Materials/PP_Highlight.uasset" 1471
"D:/UnrealProjects/Aura2/Content/Assets/Materials/PP_Highlight.uexp" 1472
"../../../Engine/Content/EngineSky/VolumetricClouds/VT_PerlinWorley_Balanced.uasset" 1473
"../../../Engine/Content/EngineSky/VolumetricClouds/VT_PerlinWorley_Balanced.uexp" 1474
"../../../Engine/Content/EngineSky/VolumetricClouds/T_Profile_08.ubulk" 1475
"../../../Engine/Content/EngineSky/VolumetricClouds/T_Profile_08.uasset" 1476
"../../../Engine/Content/EngineSky/VolumetricClouds/T_Profile_08.uexp" 1477
"../../../Engine/Content/EngineSky/VolumetricClouds/T_CloudPattern.ubulk" 1478
"../../../Engine/Content/EngineSky/VolumetricClouds/T_CloudPattern.uasset" 1479
"../../../Engine/Content/EngineSky/VolumetricClouds/T_CloudPattern.uexp" 1480
"../../../Engine/Content/EngineSky/VolumetricClouds/T_CloudMask.ubulk" 1481
"../../../Engine/Content/EngineSky/VolumetricClouds/T_CloudMask.uasset" 1482
"../../../Engine/Content/EngineSky/VolumetricClouds/T_CloudMask.uexp" 1483
"../../../Engine/Content/Functions/Engine_MaterialFunctions02/Utility/BreakOutFloat4Components.uasset" 1484
"../../../Engine/Content/Functions/Engine_MaterialFunctions02/Utility/BreakOutFloat4Components.uexp" 1485
"../../../Engine/Content/Functions/Engine_MaterialFunctions02/Utility/MakeFloat4.uasset" 1486
"../../../Engine/Content/Functions/Engine_MaterialFunctions02/Utility/MakeFloat4.uexp" 1487
"../../../Engine/Content/EngineResources/DefaultVolumeTexture2D.uasset" 1488
"../../../Engine/Content/EngineResources/DefaultVolumeTexture2D.uexp" 1489
"../../../Engine/Content/EngineResources/DefaultVolumeTexture.uasset" 1490
"../../../Engine/Content/EngineResources/DefaultVolumeTexture.uexp" 1491
"../../../Engine/Content/EngineSky/VolumetricClouds/VT_Lightning.uasset" 1492
"../../../Engine/Content/EngineSky/VolumetricClouds/VT_Lightning.uexp" 1493
"../../../Engine/Content/Functions/Engine_MaterialFunctions01/Units/Km-to-Cm.uasset" 1494
"../../../Engine/Content/Functions/Engine_MaterialFunctions01/Units/Km-to-Cm.uexp" 1495
"../../../Engine/Content/EngineSky/VolumetricClouds/m_SimpleVolumetricCloud.uasset" 1496
"../../../Engine/Content/EngineSky/VolumetricClouds/m_SimpleVolumetricCloud.uexp" 1497
"../../../Engine/Content/EngineSky/VolumetricClouds/m_SimpleVolumetricCloud_Inst.uasset" 1498
"../../../Engine/Content/EngineSky/VolumetricClouds/m_SimpleVolumetricCloud_Inst.uexp" 1499
"D:/UnrealProjects/Aura2/Content/Assets/Dungeon/Materials/Tileset1x1/Tilese1x1_2/Tileset1x1_low_DefaultMaterial_OcclusionRoughnessMetallic.ubulk" 1500
"D:/UnrealProjects/Aura2/Content/Assets/Dungeon/Materials/Tileset1x1/Tilese1x1_2/Tileset1x1_low_DefaultMaterial_OcclusionRoughnessMetallic.uasset" 1501
"D:/UnrealProjects/Aura2/Content/Assets/Dungeon/Materials/Tileset1x1/Tilese1x1_2/Tileset1x1_low_DefaultMaterial_OcclusionRoughnessMetallic.uexp" 1502
"D:/UnrealProjects/Aura2/Content/Assets/Dungeon/Materials/Tileset1x1/Tilese1x1_2/Tileset1x1_low_DefaultMaterial_Normal.ubulk" 1503
"D:/UnrealProjects/Aura2/Content/Assets/Dungeon/Materials/Tileset1x1/Tilese1x1_2/Tileset1x1_low_DefaultMaterial_Normal.uasset" 1504
"D:/UnrealProjects/Aura2/Content/Assets/Dungeon/Materials/Tileset1x1/Tilese1x1_2/Tileset1x1_low_DefaultMaterial_Normal.uexp" 1505
"D:/UnrealProjects/Aura2/Content/Assets/Dungeon/Materials/Tileset1x1/Tilese1x1_2/Tileset1x1_low_DefaultMaterial_BaseColor.ubulk" 1506
"D:/UnrealProjects/Aura2/Content/Assets/Dungeon/Materials/Tileset1x1/Tilese1x1_2/Tileset1x1_low_DefaultMaterial_BaseColor.uasset" 1507
"D:/UnrealProjects/Aura2/Content/Assets/Dungeon/Materials/Tileset1x1/Tilese1x1_2/Tileset1x1_low_DefaultMaterial_BaseColor.uexp" 1508
"D:/UnrealProjects/Aura2/Content/Assets/Dungeon/Materials/Tileset1x1/Tilese1x1_2/M_Tilese1x1_2.uasset" 1509
"D:/UnrealProjects/Aura2/Content/Assets/Dungeon/Materials/Tileset1x1/Tilese1x1_2/M_Tilese1x1_2.uexp" 1510
"../../../Engine/Content/Functions/Engine_MaterialFunctions02/Utility/DitherTemporalAA.uasset" 1511
"../../../Engine/Content/Functions/Engine_MaterialFunctions02/Utility/DitherTemporalAA.uexp" 1512
"D:/UnrealProjects/Aura2/Content/Assets/Dungeon/Materials/Tileset1x1/Tilese1x1_2/M_Tilese1x1_2_F.uasset" 1513
"D:/UnrealProjects/Aura2/Content/Assets/Dungeon/Materials/Tileset1x1/Tilese1x1_2/M_Tilese1x1_2_F.uexp" 1514
"D:/UnrealProjects/Aura2/Content/Assets/Dungeon/Materials/Tileset1x1/Tilese1x1_2/M_Tilese1x1_2_F_Inst.uasset" 1515
"D:/UnrealProjects/Aura2/Content/Assets/Dungeon/Materials/Tileset1x1/Tilese1x1_2/M_Tilese1x1_2_F_Inst.uexp" 1516
"D:/UnrealProjects/Aura2/Content/Assets/Dungeon/SM_Tile1x1_B.ubulk" 1517
"D:/UnrealProjects/Aura2/Content/Assets/Dungeon/SM_Tile1x1_B.uasset" 1518
"D:/UnrealProjects/Aura2/Content/Assets/Dungeon/SM_Tile1x1_B.uexp" 1519
"D:/UnrealProjects/Aura2/Content/Assets/Dungeon/Materials/Tileset1x1/Tileset1x1_1/Tileset1x1_low_DefaultMaterial_OcclusionRoughnessMetallic.ubulk" 1520
"D:/UnrealProjects/Aura2/Content/Assets/Dungeon/Materials/Tileset1x1/Tileset1x1_1/Tileset1x1_low_DefaultMaterial_OcclusionRoughnessMetallic.uasset" 1521
"D:/UnrealProjects/Aura2/Content/Assets/Dungeon/Materials/Tileset1x1/Tileset1x1_1/Tileset1x1_low_DefaultMaterial_OcclusionRoughnessMetallic.uexp" 1522
"D:/UnrealProjects/Aura2/Content/Assets/Dungeon/Materials/Tileset1x1/Tileset1x1_1/Tileset1x1_low_DefaultMaterial_Normal.ubulk" 1523
"D:/UnrealProjects/Aura2/Content/Assets/Dungeon/Materials/Tileset1x1/Tileset1x1_1/Tileset1x1_low_DefaultMaterial_Normal.uasset" 1524
"D:/UnrealProjects/Aura2/Content/Assets/Dungeon/Materials/Tileset1x1/Tileset1x1_1/Tileset1x1_low_DefaultMaterial_Normal.uexp" 1525
"D:/UnrealProjects/Aura2/Content/Assets/Dungeon/Materials/Tileset1x1/Tileset1x1_1/Tileset1x1_low_DefaultMaterial_BaseColor.ubulk" 1526
"D:/UnrealProjects/Aura2/Content/Assets/Dungeon/Materials/Tileset1x1/Tileset1x1_1/Tileset1x1_low_DefaultMaterial_BaseColor.uasset" 1527
"D:/UnrealProjects/Aura2/Content/Assets/Dungeon/Materials/Tileset1x1/Tileset1x1_1/Tileset1x1_low_DefaultMaterial_BaseColor.uexp" 1528
"D:/UnrealProjects/Aura2/Content/Assets/Dungeon/Materials/Tileset1x1/Tileset1x1_1/M_Tileset1x1_1.uasset" 1529
"D:/UnrealProjects/Aura2/Content/Assets/Dungeon/Materials/Tileset1x1/Tileset1x1_1/M_Tileset1x1_1.uexp" 1530
"D:/UnrealProjects/Aura2/Content/Assets/Dungeon/SM_Tile_1x2.ubulk" 1531
"D:/UnrealProjects/Aura2/Content/Assets/Dungeon/SM_Tile_1x2.uasset" 1532
"D:/UnrealProjects/Aura2/Content/Assets/Dungeon/SM_Tile_1x2.uexp" 1533
"D:/UnrealProjects/Aura2/Content/Assets/Dungeon/Materials/Tileset3/Tileset3_low_DefaultMaterial_OcclusionRoughnessMetallic.ubulk" 1534
"D:/UnrealProjects/Aura2/Content/Assets/Dungeon/Materials/Tileset3/Tileset3_low_DefaultMaterial_OcclusionRoughnessMetallic.uasset" 1535
"D:/UnrealProjects/Aura2/Content/Assets/Dungeon/Materials/Tileset3/Tileset3_low_DefaultMaterial_OcclusionRoughnessMetallic.uexp" 1536
"D:/UnrealProjects/Aura2/Content/Assets/Dungeon/Materials/Tileset3/Tileset3_low_DefaultMaterial_Normal.ubulk" 1537
"D:/UnrealProjects/Aura2/Content/Assets/Dungeon/Materials/Tileset3/Tileset3_low_DefaultMaterial_Normal.uasset" 1538
"D:/UnrealProjects/Aura2/Content/Assets/Dungeon/Materials/Tileset3/Tileset3_low_DefaultMaterial_Normal.uexp" 1539
"D:/UnrealProjects/Aura2/Content/Assets/Dungeon/Materials/Tileset3/Tileset3_low_DefaultMaterial_BaseColor.ubulk" 1540
"D:/UnrealProjects/Aura2/Content/Assets/Dungeon/Materials/Tileset3/Tileset3_low_DefaultMaterial_BaseColor.uasset" 1541
"D:/UnrealProjects/Aura2/Content/Assets/Dungeon/Materials/Tileset3/Tileset3_low_DefaultMaterial_BaseColor.uexp" 1542
"D:/UnrealProjects/Aura2/Content/Assets/Dungeon/Materials/Tileset3/M_Tileset3.uasset" 1543
"D:/UnrealProjects/Aura2/Content/Assets/Dungeon/Materials/Tileset3/M_Tileset3.uexp" 1544
"D:/UnrealProjects/Aura2/Content/Assets/Dungeon/SM_Tile_3x3_B.ubulk" 1545
"D:/UnrealProjects/Aura2/Content/Assets/Dungeon/SM_Tile_3x3_B.uasset" 1546
"D:/UnrealProjects/Aura2/Content/Assets/Dungeon/SM_Tile_3x3_B.uexp" 1547
"D:/UnrealProjects/Aura2/Content/Assets/Dungeon/Materials/TilesetEdge/Tileset_Edge_low_Corner_wall_OcclusionRoughnessMetallic.ubulk" 1548
"D:/UnrealProjects/Aura2/Content/Assets/Dungeon/Materials/TilesetEdge/Tileset_Edge_low_Corner_wall_OcclusionRoughnessMetallic.uasset" 1549
"D:/UnrealProjects/Aura2/Content/Assets/Dungeon/Materials/TilesetEdge/Tileset_Edge_low_Corner_wall_OcclusionRoughnessMetallic.uexp" 1550
"D:/UnrealProjects/Aura2/Content/Assets/Dungeon/Materials/TilesetEdge/Tileset_Edge_low_Corner_wall_Normal.ubulk" 1551
"D:/UnrealProjects/Aura2/Content/Assets/Dungeon/Materials/TilesetEdge/Tileset_Edge_low_Corner_wall_Normal.uasset" 1552
"D:/UnrealProjects/Aura2/Content/Assets/Dungeon/Materials/TilesetEdge/Tileset_Edge_low_Corner_wall_Normal.uexp" 1553
"D:/UnrealProjects/Aura2/Content/Assets/Dungeon/Materials/TilesetEdge/Tileset_Edge_low_Corner_wall_BaseColor.ubulk" 1554
"D:/UnrealProjects/Aura2/Content/Assets/Dungeon/Materials/TilesetEdge/Tileset_Edge_low_Corner_wall_BaseColor.uasset" 1555
"D:/UnrealProjects/Aura2/Content/Assets/Dungeon/Materials/TilesetEdge/Tileset_Edge_low_Corner_wall_BaseColor.uexp" 1556
"D:/UnrealProjects/Aura2/Content/Assets/Dungeon/Materials/TilesetEdge/M_Edge_wall.uasset" 1557
"D:/UnrealProjects/Aura2/Content/Assets/Dungeon/Materials/TilesetEdge/M_Edge_wall.uexp" 1558
"D:/UnrealProjects/Aura2/Content/Assets/Dungeon/Materials/TilesetEdge/Tileset_Edge_low_M_Balusters_OcclusionRoughnessMetallic.ubulk" 1559
"D:/UnrealProjects/Aura2/Content/Assets/Dungeon/Materials/TilesetEdge/Tileset_Edge_low_M_Balusters_OcclusionRoughnessMetallic.uasset" 1560
"D:/UnrealProjects/Aura2/Content/Assets/Dungeon/Materials/TilesetEdge/Tileset_Edge_low_M_Balusters_OcclusionRoughnessMetallic.uexp" 1561
"D:/UnrealProjects/Aura2/Content/Assets/Dungeon/Materials/TilesetEdge/Tileset_Edge_low_M_Balusters_Normal.ubulk" 1562
"D:/UnrealProjects/Aura2/Content/Assets/Dungeon/Materials/TilesetEdge/Tileset_Edge_low_M_Balusters_Normal.uasset" 1563
"D:/UnrealProjects/Aura2/Content/Assets/Dungeon/Materials/TilesetEdge/Tileset_Edge_low_M_Balusters_Normal.uexp" 1564
"D:/UnrealProjects/Aura2/Content/Assets/Dungeon/Materials/TilesetEdge/Tileset_Edge_low_M_Balusters_BaseColor.ubulk" 1565
"D:/UnrealProjects/Aura2/Content/Assets/Dungeon/Materials/TilesetEdge/Tileset_Edge_low_M_Balusters_BaseColor.uasset" 1566
"D:/UnrealProjects/Aura2/Content/Assets/Dungeon/Materials/TilesetEdge/Tileset_Edge_low_M_Balusters_BaseColor.uexp" 1567
"D:/UnrealProjects/Aura2/Content/Assets/Dungeon/Materials/TilesetEdge/M_Edge_balusters.uasset" 1568
"D:/UnrealProjects/Aura2/Content/Assets/Dungeon/Materials/TilesetEdge/M_Edge_balusters.uexp" 1569
"D:/UnrealProjects/Aura2/Content/Assets/Dungeon/Materials/TilesetEdge/Tileset_Edge_low_M_Rail_OcclusionRoughnessMetallic.ubulk" 1570
"D:/UnrealProjects/Aura2/Content/Assets/Dungeon/Materials/TilesetEdge/Tileset_Edge_low_M_Rail_OcclusionRoughnessMetallic.uasset" 1571
"D:/UnrealProjects/Aura2/Content/Assets/Dungeon/Materials/TilesetEdge/Tileset_Edge_low_M_Rail_OcclusionRoughnessMetallic.uexp" 1572
"D:/UnrealProjects/Aura2/Content/Assets/Dungeon/Materials/TilesetEdge/Tileset_Edge_low_M_Rail_Normal.ubulk" 1573
"D:/UnrealProjects/Aura2/Content/Assets/Dungeon/Materials/TilesetEdge/Tileset_Edge_low_M_Rail_Normal.uasset" 1574
"D:/UnrealProjects/Aura2/Content/Assets/Dungeon/Materials/TilesetEdge/Tileset_Edge_low_M_Rail_Normal.uexp" 1575
"D:/UnrealProjects/Aura2/Content/Assets/Dungeon/Materials/TilesetEdge/Tileset_Edge_low_M_Rail_BaseColor.ubulk" 1576
"D:/UnrealProjects/Aura2/Content/Assets/Dungeon/Materials/TilesetEdge/Tileset_Edge_low_M_Rail_BaseColor.uasset" 1577
"D:/UnrealProjects/Aura2/Content/Assets/Dungeon/Materials/TilesetEdge/Tileset_Edge_low_M_Rail_BaseColor.uexp" 1578
"D:/UnrealProjects/Aura2/Content/Assets/Dungeon/Materials/TilesetEdge/M_Edge_rail.uasset" 1579
"D:/UnrealProjects/Aura2/Content/Assets/Dungeon/Materials/TilesetEdge/M_Edge_rail.uexp" 1580
"D:/UnrealProjects/Aura2/Content/Assets/Dungeon/Materials/TilesetEdge/Tileset_Edge_low_Corner_step_OcclusionRoughnessMetallic.ubulk" 1581
"D:/UnrealProjects/Aura2/Content/Assets/Dungeon/Materials/TilesetEdge/Tileset_Edge_low_Corner_step_OcclusionRoughnessMetallic.uasset" 1582
"D:/UnrealProjects/Aura2/Content/Assets/Dungeon/Materials/TilesetEdge/Tileset_Edge_low_Corner_step_OcclusionRoughnessMetallic.uexp" 1583
"D:/UnrealProjects/Aura2/Content/Assets/Dungeon/Materials/TilesetEdge/Tileset_Edge_low_Corner_step_Normal.ubulk" 1584
"D:/UnrealProjects/Aura2/Content/Assets/Dungeon/Materials/TilesetEdge/Tileset_Edge_low_Corner_step_Normal.uasset" 1585
"D:/UnrealProjects/Aura2/Content/Assets/Dungeon/Materials/TilesetEdge/Tileset_Edge_low_Corner_step_Normal.uexp" 1586
"D:/UnrealProjects/Aura2/Content/Assets/Dungeon/Materials/TilesetEdge/Tileset_Edge_low_Corner_step_BaseColor.ubulk" 1587
"D:/UnrealProjects/Aura2/Content/Assets/Dungeon/Materials/TilesetEdge/Tileset_Edge_low_Corner_step_BaseColor.uasset" 1588
"D:/UnrealProjects/Aura2/Content/Assets/Dungeon/Materials/TilesetEdge/Tileset_Edge_low_Corner_step_BaseColor.uexp" 1589
"D:/UnrealProjects/Aura2/Content/Assets/Dungeon/Materials/TilesetEdge/M_Edge_step.uasset" 1590
"D:/UnrealProjects/Aura2/Content/Assets/Dungeon/Materials/TilesetEdge/M_Edge_step.uexp" 1591
"D:/UnrealProjects/Aura2/Content/Assets/Dungeon/SM_TilesetEdge_nobase_2.ubulk" 1592
"D:/UnrealProjects/Aura2/Content/Assets/Dungeon/SM_TilesetEdge_nobase_2.uasset" 1593
"D:/UnrealProjects/Aura2/Content/Assets/Dungeon/SM_TilesetEdge_nobase_2.uexp" 1594
"D:/UnrealProjects/Aura2/Content/Assets/Dungeon/SM_TilesetEdge_nobase_3.ubulk" 1595
"D:/UnrealProjects/Aura2/Content/Assets/Dungeon/SM_TilesetEdge_nobase_3.uasset" 1596
"D:/UnrealProjects/Aura2/Content/Assets/Dungeon/SM_TilesetEdge_nobase_3.uexp" 1597
"D:/UnrealProjects/Aura2/Content/Assets/Dungeon/SM_TilesetEdge_nobase_4.ubulk" 1598
"D:/UnrealProjects/Aura2/Content/Assets/Dungeon/SM_TilesetEdge_nobase_4.uasset" 1599
"D:/UnrealProjects/Aura2/Content/Assets/Dungeon/SM_TilesetEdge_nobase_4.uexp" 1600
"D:/UnrealProjects/Aura2/Content/Blueprints/Actor/FadeActor/BI_FadeInterface.uasset" 1601
"D:/UnrealProjects/Aura2/Content/Blueprints/Actor/FadeActor/BI_FadeInterface.uexp" 1602
"D:/UnrealProjects/Aura2/Content/Assets/Dungeon/Beacon/Material/M_Beacon_F.uasset" 1603
"D:/UnrealProjects/Aura2/Content/Assets/Dungeon/Beacon/Material/M_Beacon_F.uexp" 1604
"D:/UnrealProjects/Aura2/Content/Assets/Dungeon/Beacon/Material/M_Beacon_F_Inst.uasset" 1605
"D:/UnrealProjects/Aura2/Content/Assets/Dungeon/Beacon/Material/M_Beacon_F_Inst.uexp" 1606
"D:/UnrealProjects/Aura2/Content/Blueprints/Actor/FadeActor/BP_FadeActor.uasset" 1607
"D:/UnrealProjects/Aura2/Content/Blueprints/Actor/FadeActor/BP_FadeActor.uexp" 1608
"D:/UnrealProjects/Aura2/Content/Assets/Effects/Fire/M_Fire.uasset" 1609
"D:/UnrealProjects/Aura2/Content/Assets/Effects/Fire/M_Fire.uexp" 1610
"D:/UnrealProjects/Aura2/Content/Assets/Effects/Fire/M_Distortion.uasset" 1611
"D:/UnrealProjects/Aura2/Content/Assets/Effects/Fire/M_Distortion.uexp" 1612
"D:/UnrealProjects/Aura2/Content/Assets/Effects/Fire/NS_Fire.uasset" 1613
"D:/UnrealProjects/Aura2/Content/Assets/Effects/Fire/NS_Fire.uexp" 1614
"D:/UnrealProjects/Aura2/Content/Assets/Dungeon/Beacon/SM_Pillar.ubulk" 1615
"D:/UnrealProjects/Aura2/Content/Assets/Dungeon/Beacon/SM_Pillar.uasset" 1616
"D:/UnrealProjects/Aura2/Content/Assets/Dungeon/Beacon/SM_Pillar.uexp" 1617
"D:/UnrealProjects/Aura2/Content/Blueprints/Actor/FlamePillar/BP_FlamePillar.uasset" 1618
"D:/UnrealProjects/Aura2/Content/Blueprints/Actor/FlamePillar/BP_FlamePillar.uexp" 1619
"D:/UnrealProjects/Aura2/Content/Assets/Dungeon/SM_Tile_2x4.ubulk" 1620
"D:/UnrealProjects/Aura2/Content/Assets/Dungeon/SM_Tile_2x4.uasset" 1621
"D:/UnrealProjects/Aura2/Content/Assets/Dungeon/SM_Tile_2x4.uexp" 1622
"D:/UnrealProjects/Aura2/Content/Assets/Effects/Cursor/T_Crystal.ubulk" 1623
"D:/UnrealProjects/Aura2/Content/Assets/Effects/Cursor/T_Crystal.uasset" 1624
"D:/UnrealProjects/Aura2/Content/Assets/Effects/Cursor/T_Crystal.uexp" 1625
"D:/UnrealProjects/Aura2/Content/Assets/Effects/Cursor/M_Cursor.uasset" 1626
"D:/UnrealProjects/Aura2/Content/Assets/Effects/Cursor/M_Cursor.uexp" 1627
"D:/UnrealProjects/Aura2/Content/Assets/Effects/Cursor/SM_CursorMesh.ubulk" 1628
"D:/UnrealProjects/Aura2/Content/Assets/Effects/Cursor/SM_CursorMesh.uasset" 1629
"D:/UnrealProjects/Aura2/Content/Assets/Effects/Cursor/SM_CursorMesh.uexp" 1630
"D:/UnrealProjects/Aura2/Content/Assets/Effects/Cursor/M_Cursor_Yellow.uasset" 1631
"D:/UnrealProjects/Aura2/Content/Assets/Effects/Cursor/M_Cursor_Yellow.uexp" 1632
"D:/UnrealProjects/Aura2/Content/Assets/Effects/Cursor/FX_Cursor_Tutorial.uasset" 1633
"D:/UnrealProjects/Aura2/Content/Assets/Effects/Cursor/FX_Cursor_Tutorial.uexp" 1634
"D:/UnrealProjects/Aura2/Content/Blueprints/SpawnVolumes/BP_SpawnVolume.uasset" 1635
"D:/UnrealProjects/Aura2/Content/Blueprints/SpawnVolumes/BP_SpawnVolume.uexp" 1636
"D:/UnrealProjects/Aura2/Content/Assets/Dungeon/SM_Block_1x1x4.ubulk" 1637
"D:/UnrealProjects/Aura2/Content/Assets/Dungeon/SM_Block_1x1x4.uasset" 1638
"D:/UnrealProjects/Aura2/Content/Assets/Dungeon/SM_Block_1x1x4.uexp" 1639
"D:/UnrealProjects/Aura2/Content/Blueprints/Actor/BP_RevealBlock.uasset" 1640
"D:/UnrealProjects/Aura2/Content/Blueprints/Actor/BP_RevealBlock.uexp" 1641
"D:/UnrealProjects/Aura2/Content/Assets/MagicCircles/M_MagicCircle_1.uasset" 1642
"D:/UnrealProjects/Aura2/Content/Assets/MagicCircles/M_MagicCircle_1.uexp" 1643
"D:/UnrealProjects/Aura2/Content/Assets/MagicCircles/MI_MagicCircle_Blue.uasset" 1644
"D:/UnrealProjects/Aura2/Content/Assets/MagicCircles/MI_MagicCircle_Blue.uexp" 1645
"D:/UnrealProjects/Aura2/Content/Assets/Dungeon/Checkpoint/Material/Checkpoint_low_DefaultMaterial_OcclusionRoughnessMetallic.ubulk" 1646
"D:/UnrealProjects/Aura2/Content/Assets/Dungeon/Checkpoint/Material/Checkpoint_low_DefaultMaterial_OcclusionRoughnessMetallic.uasset" 1647
"D:/UnrealProjects/Aura2/Content/Assets/Dungeon/Checkpoint/Material/Checkpoint_low_DefaultMaterial_OcclusionRoughnessMetallic.uexp" 1648
"D:/UnrealProjects/Aura2/Content/Assets/Dungeon/Checkpoint/Material/Checkpoint_low_DefaultMaterial_Normal.ubulk" 1649
"D:/UnrealProjects/Aura2/Content/Assets/Dungeon/Checkpoint/Material/Checkpoint_low_DefaultMaterial_Normal.uasset" 1650
"D:/UnrealProjects/Aura2/Content/Assets/Dungeon/Checkpoint/Material/Checkpoint_low_DefaultMaterial_Normal.uexp" 1651
"D:/UnrealProjects/Aura2/Content/Assets/Dungeon/Checkpoint/Material/Checkpoint_low_DefaultMaterial_Emissive.ubulk" 1652
"D:/UnrealProjects/Aura2/Content/Assets/Dungeon/Checkpoint/Material/Checkpoint_low_DefaultMaterial_Emissive.uasset" 1653
"D:/UnrealProjects/Aura2/Content/Assets/Dungeon/Checkpoint/Material/Checkpoint_low_DefaultMaterial_Emissive.uexp" 1654
"D:/UnrealProjects/Aura2/Content/Assets/Dungeon/Checkpoint/Material/Checkpoint_low_DefaultMaterial_BaseColor.ubulk" 1655
"D:/UnrealProjects/Aura2/Content/Assets/Dungeon/Checkpoint/Material/Checkpoint_low_DefaultMaterial_BaseColor.uasset" 1656
"D:/UnrealProjects/Aura2/Content/Assets/Dungeon/Checkpoint/Material/Checkpoint_low_DefaultMaterial_BaseColor.uexp" 1657
"D:/UnrealProjects/Aura2/Content/Assets/Dungeon/Checkpoint/Material/M_Checkpoint.uasset" 1658
"D:/UnrealProjects/Aura2/Content/Assets/Dungeon/Checkpoint/Material/M_Checkpoint.uexp" 1659
"D:/UnrealProjects/Aura2/Content/Assets/Dungeon/Checkpoint/Material/MI_Checkpoint.uasset" 1660
"D:/UnrealProjects/Aura2/Content/Assets/Dungeon/Checkpoint/Material/MI_Checkpoint.uexp" 1661
"D:/UnrealProjects/Aura2/Content/Assets/Dungeon/Checkpoint/SM_Checkpoint.ubulk" 1662
"D:/UnrealProjects/Aura2/Content/Assets/Dungeon/Checkpoint/SM_Checkpoint.uasset" 1663
"D:/UnrealProjects/Aura2/Content/Assets/Dungeon/Checkpoint/SM_Checkpoint.uexp" 1664
"D:/UnrealProjects/Aura2/Content/Blueprints/AbilitySystem/CheckPoint/GE_HealAllHPMP.uasset" 1665
"D:/UnrealProjects/Aura2/Content/Blueprints/AbilitySystem/CheckPoint/GE_HealAllHPMP.uexp" 1666
"D:/UnrealProjects/Aura2/Content/Blueprints/Actor/CheckPoint/BP_Checkpoint.uasset" 1667
"D:/UnrealProjects/Aura2/Content/Blueprints/Actor/CheckPoint/BP_Checkpoint.uexp" 1668
"D:/UnrealProjects/Aura2/Content/Assets/Dungeon/Materials/Stairs/columns_rims_OcclusionRoughnessMetallic.ubulk" 1669
"D:/UnrealProjects/Aura2/Content/Assets/Dungeon/Materials/Stairs/columns_rims_OcclusionRoughnessMetallic.uasset" 1670
"D:/UnrealProjects/Aura2/Content/Assets/Dungeon/Materials/Stairs/columns_rims_OcclusionRoughnessMetallic.uexp" 1671
"D:/UnrealProjects/Aura2/Content/Assets/Dungeon/Materials/Stairs/columns_rims_Normal.ubulk" 1672
"D:/UnrealProjects/Aura2/Content/Assets/Dungeon/Materials/Stairs/columns_rims_Normal.uasset" 1673
"D:/UnrealProjects/Aura2/Content/Assets/Dungeon/Materials/Stairs/columns_rims_Normal.uexp" 1674
"D:/UnrealProjects/Aura2/Content/Assets/Dungeon/Materials/Stairs/columns_rims_BaseColor.ubulk" 1675
"D:/UnrealProjects/Aura2/Content/Assets/Dungeon/Materials/Stairs/columns_rims_BaseColor.uasset" 1676
"D:/UnrealProjects/Aura2/Content/Assets/Dungeon/Materials/Stairs/columns_rims_BaseColor.uexp" 1677
"D:/UnrealProjects/Aura2/Content/Assets/Dungeon/Materials/Stairs/M_Stairs_ColumnsRims.uasset" 1678
"D:/UnrealProjects/Aura2/Content/Assets/Dungeon/Materials/Stairs/M_Stairs_ColumnsRims.uexp" 1679
"D:/UnrealProjects/Aura2/Content/Assets/Dungeon/Materials/Stairs/pillars_OcclusionRoughnessMetallic.ubulk" 1680
"D:/UnrealProjects/Aura2/Content/Assets/Dungeon/Materials/Stairs/pillars_OcclusionRoughnessMetallic.uasset" 1681
"D:/UnrealProjects/Aura2/Content/Assets/Dungeon/Materials/Stairs/pillars_OcclusionRoughnessMetallic.uexp" 1682
"D:/UnrealProjects/Aura2/Content/Assets/Dungeon/Materials/Stairs/pillars_Normal.ubulk" 1683
"D:/UnrealProjects/Aura2/Content/Assets/Dungeon/Materials/Stairs/pillars_Normal.uasset" 1684
"D:/UnrealProjects/Aura2/Content/Assets/Dungeon/Materials/Stairs/pillars_Normal.uexp" 1685
"D:/UnrealProjects/Aura2/Content/Assets/Dungeon/Materials/Stairs/pillars_BaseColor.ubulk" 1686
"D:/UnrealProjects/Aura2/Content/Assets/Dungeon/Materials/Stairs/pillars_BaseColor.uasset" 1687
"D:/UnrealProjects/Aura2/Content/Assets/Dungeon/Materials/Stairs/pillars_BaseColor.uexp" 1688
"D:/UnrealProjects/Aura2/Content/Assets/Dungeon/Materials/Stairs/M_Stairs_Pillars.uasset" 1689
"D:/UnrealProjects/Aura2/Content/Assets/Dungeon/Materials/Stairs/M_Stairs_Pillars.uexp" 1690
"D:/UnrealProjects/Aura2/Content/Assets/Dungeon/Materials/Stairs/rail_OcclusionRoughnessMetallic.ubulk" 1691
"D:/UnrealProjects/Aura2/Content/Assets/Dungeon/Materials/Stairs/rail_OcclusionRoughnessMetallic.uasset" 1692
"D:/UnrealProjects/Aura2/Content/Assets/Dungeon/Materials/Stairs/rail_OcclusionRoughnessMetallic.uexp" 1693
"D:/UnrealProjects/Aura2/Content/Assets/Dungeon/Materials/Stairs/rail_Normal.ubulk" 1694
"D:/UnrealProjects/Aura2/Content/Assets/Dungeon/Materials/Stairs/rail_Normal.uasset" 1695
"D:/UnrealProjects/Aura2/Content/Assets/Dungeon/Materials/Stairs/rail_Normal.uexp" 1696
"D:/UnrealProjects/Aura2/Content/Assets/Dungeon/Materials/Stairs/rail_BaseColor.ubulk" 1697
"D:/UnrealProjects/Aura2/Content/Assets/Dungeon/Materials/Stairs/rail_BaseColor.uasset" 1698
"D:/UnrealProjects/Aura2/Content/Assets/Dungeon/Materials/Stairs/rail_BaseColor.uexp" 1699
"D:/UnrealProjects/Aura2/Content/Assets/Dungeon/Materials/Stairs/M_Stairs_Rail.uasset" 1700
"D:/UnrealProjects/Aura2/Content/Assets/Dungeon/Materials/Stairs/M_Stairs_Rail.uexp" 1701
"D:/UnrealProjects/Aura2/Content/Assets/Dungeon/Materials/Stairs/steps_wall_OcclusionRoughnessMetallic.ubulk" 1702
"D:/UnrealProjects/Aura2/Content/Assets/Dungeon/Materials/Stairs/steps_wall_OcclusionRoughnessMetallic.uasset" 1703
"D:/UnrealProjects/Aura2/Content/Assets/Dungeon/Materials/Stairs/steps_wall_OcclusionRoughnessMetallic.uexp" 1704
"D:/UnrealProjects/Aura2/Content/Assets/Dungeon/Materials/Stairs/steps_wall_Normal.ubulk" 1705
"D:/UnrealProjects/Aura2/Content/Assets/Dungeon/Materials/Stairs/steps_wall_Normal.uasset" 1706
"D:/UnrealProjects/Aura2/Content/Assets/Dungeon/Materials/Stairs/steps_wall_Normal.uexp" 1707
"D:/UnrealProjects/Aura2/Content/Assets/Dungeon/Materials/Stairs/steps_wall_BaseColor.ubulk" 1708
"D:/UnrealProjects/Aura2/Content/Assets/Dungeon/Materials/Stairs/steps_wall_BaseColor.uasset" 1709
"D:/UnrealProjects/Aura2/Content/Assets/Dungeon/Materials/Stairs/steps_wall_BaseColor.uexp" 1710
"D:/UnrealProjects/Aura2/Content/Assets/Dungeon/Materials/Stairs/M_Stairs_Steps.uasset" 1711
"D:/UnrealProjects/Aura2/Content/Assets/Dungeon/Materials/Stairs/M_Stairs_Steps.uexp" 1712
"D:/UnrealProjects/Aura2/Content/Assets/Dungeon/SM_DungeonEntranceStair_.ubulk" 1713
"D:/UnrealProjects/Aura2/Content/Assets/Dungeon/SM_DungeonEntranceStair_.uasset" 1714
"D:/UnrealProjects/Aura2/Content/Assets/Dungeon/SM_DungeonEntranceStair_.uexp" 1715
"D:/UnrealProjects/Aura2/Content/Blueprints/Actor/CheckPoint/BP_MapEntrance.uasset" 1716
"D:/UnrealProjects/Aura2/Content/Blueprints/Actor/CheckPoint/BP_MapEntrance.uexp" 1717
"../../../Engine/Content/EngineResources/AICON-Red.uasset" 1718
"../../../Engine/Content/EngineResources/AICON-Red.uexp" 1719
"D:/UnrealProjects/Aura2/Content/Blueprints/AbilitySystem/SharedGameplayEffects/GE_InfiniteMana.uasset" 1720
"D:/UnrealProjects/Aura2/Content/Blueprints/AbilitySystem/SharedGameplayEffects/GE_InfiniteMana.uexp" 1721
"D:/UnrealProjects/Aura2/Content/Blueprints/AbilitySystem/SharedGameplayEffects/GE_Invincible.uasset" 1722
"D:/UnrealProjects/Aura2/Content/Blueprints/AbilitySystem/SharedGameplayEffects/GE_Invincible.uexp" 1723
"D:/UnrealProjects/Aura2/Content/Blueprints/AbilitySystem/SharedGameplayEffects/GE_ApplyDeadTag.uasset" 1724
"D:/UnrealProjects/Aura2/Content/Blueprints/AbilitySystem/SharedGameplayEffects/GE_ApplyDeadTag.uexp" 1725
"D:/UnrealProjects/Aura2/Content/Assets/Fonts/Pirata_One/PirataOne-Regular.uexp" 1726
"D:/UnrealProjects/Aura2/Content/Assets/Fonts/Pirata_One/PirataOne-Regular.uasset" 1727
"D:/UnrealProjects/Aura2/Content/Assets/Fonts/Pirata_One/PirataOne-Regular.ufont" 1728
"D:/UnrealProjects/Aura2/Content/Assets/Fonts/Pirata_One/PirataOne-Regular_Font.uasset" 1729
"D:/UnrealProjects/Aura2/Content/Assets/Fonts/Pirata_One/PirataOne-Regular_Font.uexp" 1730
"D:/UnrealProjects/Aura2/Content/Blueprints/UI/Font/MaruBuri-Regular.uexp" 1731
"D:/UnrealProjects/Aura2/Content/Blueprints/UI/Font/MaruBuri-Regular.uasset" 1732
"D:/UnrealProjects/Aura2/Content/Blueprints/UI/Font/MaruBuri-Regular.ufont" 1733
"D:/UnrealProjects/Aura2/Content/Blueprints/UI/Font/MaruBuri-Regular_Font.uasset" 1734
"D:/UnrealProjects/Aura2/Content/Blueprints/UI/Font/MaruBuri-Regular_Font.uexp" 1735
"D:/UnrealProjects/Aura2/Content/Blueprints/UI/SpellMenu/BP_NameLevel.uasset" 1736
"D:/UnrealProjects/Aura2/Content/Blueprints/UI/SpellMenu/BP_NameLevel.uexp" 1737
"D:/UnrealProjects/Aura2/Content/Blueprints/UI/ProgressBar/WBP_ProgressBar.uasset" 1738
"D:/UnrealProjects/Aura2/Content/Blueprints/UI/ProgressBar/WBP_ProgressBar.uexp" 1739
"D:/UnrealProjects/Aura2/Content/Blueprints/UI/ProgressBar/WBP_EnemyHealthBar.uasset" 1740
"D:/UnrealProjects/Aura2/Content/Blueprints/UI/ProgressBar/WBP_EnemyHealthBar.uexp" 1741
"D:/UnrealProjects/Aura2/Content/Assets/Effects/Combat/NS_BloodImpact.uasset" 1742
"D:/UnrealProjects/Aura2/Content/Assets/Effects/Combat/NS_BloodImpact.uexp" 1743
"D:/UnrealProjects/Aura2/Content/Assets/Effects/Stun/star.ubulk" 1744
"D:/UnrealProjects/Aura2/Content/Assets/Effects/Stun/star.uasset" 1745
"D:/UnrealProjects/Aura2/Content/Assets/Effects/Stun/star.uexp" 1746
"D:/UnrealProjects/Aura2/Content/Assets/Effects/Stun/M_Star.uasset" 1747
"D:/UnrealProjects/Aura2/Content/Assets/Effects/Stun/M_Star.uexp" 1748
"D:/UnrealProjects/Aura2/Content/Assets/Effects/Stun/NS_Stars.uasset" 1749
"D:/UnrealProjects/Aura2/Content/Assets/Effects/Stun/NS_Stars.uexp" 1750
"D:/UnrealProjects/Aura2/Content/Blueprints/AbilitySystem/Aura/Effects/GE_AuraPrimaryAttributes.uasset" 1751
"D:/UnrealProjects/Aura2/Content/Blueprints/AbilitySystem/Aura/Effects/GE_AuraPrimaryAttributes.uexp" 1752
"D:/UnrealProjects/Aura2/Content/Blueprints/AbilitySystem/Aura/Effects/GE_VitalAttributes.uasset" 1753
"D:/UnrealProjects/Aura2/Content/Blueprints/AbilitySystem/Aura/Effects/GE_VitalAttributes.uexp" 1754
"D:/UnrealProjects/Aura2/Content/Blueprints/AbilitySystem/Enemy/Effects/GE_SecondaryAttributes_Enemy.uasset" 1755
"D:/UnrealProjects/Aura2/Content/Blueprints/AbilitySystem/Enemy/Effects/GE_SecondaryAttributes_Enemy.uexp" 1756
"D:/UnrealProjects/Aura2/Content/Blueprints/AI/AIController/BP_AuraAIController.uasset" 1757
"D:/UnrealProjects/Aura2/Content/Blueprints/AI/AIController/BP_AuraAIController.uexp" 1758
"D:/UnrealProjects/Aura2/Content/Assets/Effects/Stun/NS_LifeSiphon.uasset" 1759
"D:/UnrealProjects/Aura2/Content/Assets/Effects/Stun/NS_LifeSiphon.uexp" 1760
"D:/UnrealProjects/Aura2/Content/Assets/Effects/Stun/NS_ManaSiphon.uasset" 1761
"D:/UnrealProjects/Aura2/Content/Assets/Effects/Stun/NS_ManaSiphon.uexp" 1762
"D:/UnrealProjects/Aura2/Content/Assets/Characters/Aura/SK_Aura.uasset" 1763
"D:/UnrealProjects/Aura2/Content/Assets/Characters/Aura/SK_Aura.uexp" 1764
"D:/UnrealProjects/Aura2/Content/Assets/Characters/Aura/PA_Aura.uasset" 1765
"D:/UnrealProjects/Aura2/Content/Assets/Characters/Aura/PA_Aura.uexp" 1766
"D:/UnrealProjects/Aura2/Content/Assets/Characters/Aura/Materials/Character_low_Tunic_BaseColor.ubulk" 1767
"D:/UnrealProjects/Aura2/Content/Assets/Characters/Aura/Materials/Character_low_Tunic_BaseColor.uasset" 1768
"D:/UnrealProjects/Aura2/Content/Assets/Characters/Aura/Materials/Character_low_Tunic_BaseColor.uexp" 1769
"D:/UnrealProjects/Aura2/Content/Assets/Characters/Aura/Materials/Character_low_Tunic_Normal.ubulk" 1770
"D:/UnrealProjects/Aura2/Content/Assets/Characters/Aura/Materials/Character_low_Tunic_Normal.uasset" 1771
"D:/UnrealProjects/Aura2/Content/Assets/Characters/Aura/Materials/Character_low_Tunic_Normal.uexp" 1772
"D:/UnrealProjects/Aura2/Content/Assets/Characters/Aura/Materials/Character_low_Tunic_OcclusionRoughnessMetallic.ubulk" 1773
"D:/UnrealProjects/Aura2/Content/Assets/Characters/Aura/Materials/Character_low_Tunic_OcclusionRoughnessMetallic.uasset" 1774
"D:/UnrealProjects/Aura2/Content/Assets/Characters/Aura/Materials/Character_low_Tunic_OcclusionRoughnessMetallic.uexp" 1775
"D:/UnrealProjects/Aura2/Content/Assets/Characters/Aura/Materials/M_Tunic.uasset" 1776
"D:/UnrealProjects/Aura2/Content/Assets/Characters/Aura/Materials/M_Tunic.uexp" 1777
"D:/UnrealProjects/Aura2/Content/Assets/Characters/Aura/Materials/Character_low_Hair_BaseColor.ubulk" 1778
"D:/UnrealProjects/Aura2/Content/Assets/Characters/Aura/Materials/Character_low_Hair_BaseColor.uasset" 1779
"D:/UnrealProjects/Aura2/Content/Assets/Characters/Aura/Materials/Character_low_Hair_BaseColor.uexp" 1780
"D:/UnrealProjects/Aura2/Content/Assets/Characters/Aura/Materials/Character_low_Hair_Normal.ubulk" 1781
"D:/UnrealProjects/Aura2/Content/Assets/Characters/Aura/Materials/Character_low_Hair_Normal.uasset" 1782
"D:/UnrealProjects/Aura2/Content/Assets/Characters/Aura/Materials/Character_low_Hair_Normal.uexp" 1783
"D:/UnrealProjects/Aura2/Content/Assets/Characters/Aura/Materials/Character_low_Hair_OcclusionRoughnessMetallic.ubulk" 1784
"D:/UnrealProjects/Aura2/Content/Assets/Characters/Aura/Materials/Character_low_Hair_OcclusionRoughnessMetallic.uasset" 1785
"D:/UnrealProjects/Aura2/Content/Assets/Characters/Aura/Materials/Character_low_Hair_OcclusionRoughnessMetallic.uexp" 1786
"D:/UnrealProjects/Aura2/Content/Assets/Characters/Aura/Materials/M_Hair.uasset" 1787
"D:/UnrealProjects/Aura2/Content/Assets/Characters/Aura/Materials/M_Hair.uexp" 1788
"D:/UnrealProjects/Aura2/Content/Assets/Characters/Aura/Materials/Character_low_Eyes_BaseColor.ubulk" 1789
"D:/UnrealProjects/Aura2/Content/Assets/Characters/Aura/Materials/Character_low_Eyes_BaseColor.uasset" 1790
"D:/UnrealProjects/Aura2/Content/Assets/Characters/Aura/Materials/Character_low_Eyes_BaseColor.uexp" 1791
"D:/UnrealProjects/Aura2/Content/Assets/Characters/Aura/Materials/Character_low_Eyes_Normal.ubulk" 1792
"D:/UnrealProjects/Aura2/Content/Assets/Characters/Aura/Materials/Character_low_Eyes_Normal.uasset" 1793
"D:/UnrealProjects/Aura2/Content/Assets/Characters/Aura/Materials/Character_low_Eyes_Normal.uexp" 1794
"D:/UnrealProjects/Aura2/Content/Assets/Characters/Aura/Materials/Character_low_Eyes_OcclusionRoughnessMetallic.ubulk" 1795
"D:/UnrealProjects/Aura2/Content/Assets/Characters/Aura/Materials/Character_low_Eyes_OcclusionRoughnessMetallic.uasset" 1796
"D:/UnrealProjects/Aura2/Content/Assets/Characters/Aura/Materials/Character_low_Eyes_OcclusionRoughnessMetallic.uexp" 1797
"D:/UnrealProjects/Aura2/Content/Assets/Characters/Aura/Materials/M_Eyes.uasset" 1798
"D:/UnrealProjects/Aura2/Content/Assets/Characters/Aura/Materials/M_Eyes.uexp" 1799
"D:/UnrealProjects/Aura2/Content/Assets/Characters/Aura/Materials/Character_low_Body_BaseColor.ubulk" 1800
"D:/UnrealProjects/Aura2/Content/Assets/Characters/Aura/Materials/Character_low_Body_BaseColor.uasset" 1801
"D:/UnrealProjects/Aura2/Content/Assets/Characters/Aura/Materials/Character_low_Body_BaseColor.uexp" 1802
"D:/UnrealProjects/Aura2/Content/Assets/Characters/Aura/Materials/Character_low_Body_Normal.ubulk" 1803
"D:/UnrealProjects/Aura2/Content/Assets/Characters/Aura/Materials/Character_low_Body_Normal.uasset" 1804
"D:/UnrealProjects/Aura2/Content/Assets/Characters/Aura/Materials/Character_low_Body_Normal.uexp" 1805
"D:/UnrealProjects/Aura2/Content/Assets/Characters/Aura/Materials/Character_low_Body_OcclusionRoughnessMetallic.ubulk" 1806
"D:/UnrealProjects/Aura2/Content/Assets/Characters/Aura/Materials/Character_low_Body_OcclusionRoughnessMetallic.uasset" 1807
"D:/UnrealProjects/Aura2/Content/Assets/Characters/Aura/Materials/Character_low_Body_OcclusionRoughnessMetallic.uexp" 1808
"D:/UnrealProjects/Aura2/Content/Assets/Characters/Aura/Materials/M_Body.uasset" 1809
"D:/UnrealProjects/Aura2/Content/Assets/Characters/Aura/Materials/M_Body.uexp" 1810
"D:/UnrealProjects/Aura2/Content/Assets/Characters/Aura/Materials/Character_low_Belt_BaseColor.ubulk" 1811
"D:/UnrealProjects/Aura2/Content/Assets/Characters/Aura/Materials/Character_low_Belt_BaseColor.uasset" 1812
"D:/UnrealProjects/Aura2/Content/Assets/Characters/Aura/Materials/Character_low_Belt_BaseColor.uexp" 1813
"D:/UnrealProjects/Aura2/Content/Assets/Characters/Aura/Materials/Character_low_Belt_Normal.ubulk" 1814
"D:/UnrealProjects/Aura2/Content/Assets/Characters/Aura/Materials/Character_low_Belt_Normal.uasset" 1815
"D:/UnrealProjects/Aura2/Content/Assets/Characters/Aura/Materials/Character_low_Belt_Normal.uexp" 1816
"D:/UnrealProjects/Aura2/Content/Assets/Characters/Aura/Materials/Character_low_Belt_OcclusionRoughnessMetallic.ubulk" 1817
"D:/UnrealProjects/Aura2/Content/Assets/Characters/Aura/Materials/Character_low_Belt_OcclusionRoughnessMetallic.uasset" 1818
"D:/UnrealProjects/Aura2/Content/Assets/Characters/Aura/Materials/Character_low_Belt_OcclusionRoughnessMetallic.uexp" 1819
"D:/UnrealProjects/Aura2/Content/Assets/Characters/Aura/Materials/M_Belt.uasset" 1820
"D:/UnrealProjects/Aura2/Content/Assets/Characters/Aura/Materials/M_Belt.uexp" 1821
"D:/UnrealProjects/Aura2/Content/Assets/Characters/Aura/Materials/Character_low_ArmGuard_BaseColor.ubulk" 1822
"D:/UnrealProjects/Aura2/Content/Assets/Characters/Aura/Materials/Character_low_ArmGuard_BaseColor.uasset" 1823
"D:/UnrealProjects/Aura2/Content/Assets/Characters/Aura/Materials/Character_low_ArmGuard_BaseColor.uexp" 1824
"D:/UnrealProjects/Aura2/Content/Assets/Characters/Aura/Materials/Character_low_ArmGuard_Normal.ubulk" 1825
"D:/UnrealProjects/Aura2/Content/Assets/Characters/Aura/Materials/Character_low_ArmGuard_Normal.uasset" 1826
"D:/UnrealProjects/Aura2/Content/Assets/Characters/Aura/Materials/Character_low_ArmGuard_Normal.uexp" 1827
"D:/UnrealProjects/Aura2/Content/Assets/Characters/Aura/Materials/Character_low_ArmGuard_OcclusionRoughnessMetallic.ubulk" 1828
"D:/UnrealProjects/Aura2/Content/Assets/Characters/Aura/Materials/Character_low_ArmGuard_OcclusionRoughnessMetallic.uasset" 1829
"D:/UnrealProjects/Aura2/Content/Assets/Characters/Aura/Materials/Character_low_ArmGuard_OcclusionRoughnessMetallic.uexp" 1830
"D:/UnrealProjects/Aura2/Content/Assets/Characters/Aura/Materials/M_ArmGuard.uasset" 1831
"D:/UnrealProjects/Aura2/Content/Assets/Characters/Aura/Materials/M_ArmGuard.uexp" 1832
"D:/UnrealProjects/Aura2/Content/Assets/Characters/Aura/SKM_Aura.uasset" 1833
"D:/UnrealProjects/Aura2/Content/Assets/Characters/Aura/SKM_Aura.uexp" 1834
"D:/UnrealProjects/Aura2/Content/Assets/Characters/Aura/Staff/Materials/M_Staff.uasset" 1835
"D:/UnrealProjects/Aura2/Content/Assets/Characters/Aura/Staff/Materials/M_Staff.uexp" 1836
"D:/UnrealProjects/Aura2/Content/Assets/Characters/Aura/Staff/Materials/Staff_low_Floaty_OcclusionRoughnessMetallic.ubulk" 1837
"D:/UnrealProjects/Aura2/Content/Assets/Characters/Aura/Staff/Materials/Staff_low_Floaty_OcclusionRoughnessMetallic.uasset" 1838
"D:/UnrealProjects/Aura2/Content/Assets/Characters/Aura/Staff/Materials/Staff_low_Floaty_OcclusionRoughnessMetallic.uexp" 1839
"D:/UnrealProjects/Aura2/Content/Assets/Characters/Aura/Staff/Materials/Staff_low_Floaty_Normal.ubulk" 1840
"D:/UnrealProjects/Aura2/Content/Assets/Characters/Aura/Staff/Materials/Staff_low_Floaty_Normal.uasset" 1841
"D:/UnrealProjects/Aura2/Content/Assets/Characters/Aura/Staff/Materials/Staff_low_Floaty_Normal.uexp" 1842
"D:/UnrealProjects/Aura2/Content/Assets/Characters/Aura/Staff/Materials/Staff_low_Floaty_Emissive.ubulk" 1843
"D:/UnrealProjects/Aura2/Content/Assets/Characters/Aura/Staff/Materials/Staff_low_Floaty_Emissive.uasset" 1844
"D:/UnrealProjects/Aura2/Content/Assets/Characters/Aura/Staff/Materials/Staff_low_Floaty_Emissive.uexp" 1845
"D:/UnrealProjects/Aura2/Content/Assets/Characters/Aura/Staff/Materials/Staff_low_Floaty_BaseColor.ubulk" 1846
"D:/UnrealProjects/Aura2/Content/Assets/Characters/Aura/Staff/Materials/Staff_low_Floaty_BaseColor.uasset" 1847
"D:/UnrealProjects/Aura2/Content/Assets/Characters/Aura/Staff/Materials/Staff_low_Floaty_BaseColor.uexp" 1848
"D:/UnrealProjects/Aura2/Content/Assets/Characters/Aura/Staff/Materials/M_Floaty.uasset" 1849
"D:/UnrealProjects/Aura2/Content/Assets/Characters/Aura/Staff/Materials/M_Floaty.uexp" 1850
"D:/UnrealProjects/Aura2/Content/Assets/Characters/Aura/Staff/SK_Staff.uasset" 1851
"D:/UnrealProjects/Aura2/Content/Assets/Characters/Aura/Staff/SK_Staff.uexp" 1852
"D:/UnrealProjects/Aura2/Content/Assets/Characters/Aura/Staff/PA_Staff.uasset" 1853
"D:/UnrealProjects/Aura2/Content/Assets/Characters/Aura/Staff/PA_Staff.uexp" 1854
"D:/UnrealProjects/Aura2/Content/Assets/Characters/Aura/Staff/SKM_Staff.uasset" 1855
"D:/UnrealProjects/Aura2/Content/Assets/Characters/Aura/Staff/SKM_Staff.uexp" 1856
"D:/UnrealProjects/Aura2/Content/Blueprints/AbilitySystem/Aura/Effects/GE_SecondaryAttributes.uasset" 1857
"D:/UnrealProjects/Aura2/Content/Blueprints/AbilitySystem/Aura/Effects/GE_SecondaryAttributes.uexp" 1858
"D:/UnrealProjects/Aura2/Content/Blueprints/UI/MiniMap/RT2D_Map.uasset" 1859
"D:/UnrealProjects/Aura2/Content/Blueprints/UI/MiniMap/RT2D_Map.uexp" 1860
"D:/UnrealProjects/Aura2/Content/Blueprints/AbilitySystem/Aura/Effects/GE_HealthManaRegeneration.uasset" 1861
"D:/UnrealProjects/Aura2/Content/Blueprints/AbilitySystem/Aura/Effects/GE_HealthManaRegeneration.uexp" 1862
"D:/UnrealProjects/Aura2/Content/Input/InputActions/IA_I.uasset" 1863
"D:/UnrealProjects/Aura2/Content/Input/InputActions/IA_I.uexp" 1864
"D:/UnrealProjects/Aura2/Content/Input/InputActions/IA_P.uasset" 1865
"D:/UnrealProjects/Aura2/Content/Input/InputActions/IA_P.uexp" 1866
"D:/UnrealProjects/Aura2/Content/Input/InputActions/IA_T.uasset" 1867
"D:/UnrealProjects/Aura2/Content/Input/InputActions/IA_T.uexp" 1868
"D:/UnrealProjects/Aura2/Content/Input/IMC_Menu.uasset" 1869
"D:/UnrealProjects/Aura2/Content/Input/IMC_Menu.uexp" 1870
"D:/UnrealProjects/Aura2/Content/Blueprints/UI/ViewModel/BP_TutorialDialogueViewModel.uasset" 1871
"D:/UnrealProjects/Aura2/Content/Blueprints/UI/ViewModel/BP_TutorialDialogueViewModel.uexp" 1872
"D:/UnrealProjects/Aura2/Content/Blueprints/UI/WBP_FadeIn.uasset" 1873
"D:/UnrealProjects/Aura2/Content/Blueprints/UI/WBP_FadeIn.uexp" 1874
"D:/UnrealProjects/Aura2/Content/Blueprints/UI/InventoryMenu/BP_DropItemName.uasset" 1875
"D:/UnrealProjects/Aura2/Content/Blueprints/UI/InventoryMenu/BP_DropItemName.uexp" 1876
"../../../Engine/Plugins/Interchange/Assets/Content/gltf/MaterialInstances/MI_Default_Opaque_DS.uasset" 1877
"../../../Engine/Plugins/Interchange/Assets/Content/gltf/MaterialInstances/MI_Default_Opaque_DS.uexp" 1878
"D:/UnrealProjects/Aura2/Content/Assets/Items/Roots/woodencrate_a/Textures/texture_pbr_20250901_normal.ubulk" 1879
"D:/UnrealProjects/Aura2/Content/Assets/Items/Roots/woodencrate_a/Textures/texture_pbr_20250901_normal.uasset" 1880
"D:/UnrealProjects/Aura2/Content/Assets/Items/Roots/woodencrate_a/Textures/texture_pbr_20250901_normal.uexp" 1881
"D:/UnrealProjects/Aura2/Content/Assets/Items/Roots/woodencrate_a/Textures/texture_pbr_20250901_metallic-texture_pbr_20250901_roughness.ubulk" 1882
"D:/UnrealProjects/Aura2/Content/Assets/Items/Roots/woodencrate_a/Textures/texture_pbr_20250901_metallic-texture_pbr_20250901_roughness.uasset" 1883
"D:/UnrealProjects/Aura2/Content/Assets/Items/Roots/woodencrate_a/Textures/texture_pbr_20250901_metallic-texture_pbr_20250901_roughness.uexp" 1884
"D:/UnrealProjects/Aura2/Content/Assets/Items/Roots/woodencrate_a/Textures/texture_pbr_20250901.ubulk" 1885
"D:/UnrealProjects/Aura2/Content/Assets/Items/Roots/woodencrate_a/Textures/texture_pbr_20250901.uasset" 1886
"D:/UnrealProjects/Aura2/Content/Assets/Items/Roots/woodencrate_a/Textures/texture_pbr_20250901.uexp" 1887
"D:/UnrealProjects/Aura2/Content/Assets/Items/Roots/woodencrate_a/Materials/WoodenCrate_A.uasset" 1888
"D:/UnrealProjects/Aura2/Content/Assets/Items/Roots/woodencrate_a/Materials/WoodenCrate_A.uexp" 1889
"D:/UnrealProjects/Aura2/Content/Assets/Items/Roots/woodencrate_a/StaticMeshes/Roots.ubulk" 1890
"D:/UnrealProjects/Aura2/Content/Assets/Items/Roots/woodencrate_a/StaticMeshes/Roots.uasset" 1891
"D:/UnrealProjects/Aura2/Content/Assets/Items/Roots/woodencrate_a/StaticMeshes/Roots.uexp" 1892
"D:/UnrealProjects/Aura2/Content/Blueprints/Actor/BP_DropItem.uasset" 1893
"D:/UnrealProjects/Aura2/Content/Blueprints/Actor/BP_DropItem.uexp" 1894
"D:/UnrealProjects/Aura2/Content/Blueprints/AbilitySystem/Aura/Effects/GE_HealMP.uasset" 1895
"D:/UnrealProjects/Aura2/Content/Blueprints/AbilitySystem/Aura/Effects/GE_HealMP.uexp" 1896
"D:/UnrealProjects/Aura2/Content/Assets/UI/Globes/TilingNoise05.ubulk" 1897
"D:/UnrealProjects/Aura2/Content/Assets/UI/Globes/TilingNoise05.uasset" 1898
"D:/UnrealProjects/Aura2/Content/Assets/UI/Globes/TilingNoise05.uexp" 1899
"../../../Engine/Content/Functions/Engine_MaterialFunctions03/Procedurals/GeneratedBand.uasset" 1900
"../../../Engine/Content/Functions/Engine_MaterialFunctions03/Procedurals/GeneratedBand.uexp" 1901
"D:/UnrealProjects/Aura2/Content/Assets/UI/Globes/M_FlowingGlobe.uasset" 1902
"D:/UnrealProjects/Aura2/Content/Assets/UI/Globes/M_FlowingGlobe.uexp" 1903
"D:/UnrealProjects/Aura2/Content/Assets/UI/Globes/MI_ManaGlobe.uasset" 1904
"D:/UnrealProjects/Aura2/Content/Assets/UI/Globes/MI_ManaGlobe.uexp" 1905
"D:/UnrealProjects/Aura2/Content/Assets/UI/Globes/MI_FireSkillBG.uasset" 1906
"D:/UnrealProjects/Aura2/Content/Assets/UI/Globes/MI_FireSkillBG.uexp" 1907
"D:/UnrealProjects/Aura2/Content/Assets/UI/Spells/FireBolt.uasset" 1908
"D:/UnrealProjects/Aura2/Content/Assets/UI/Spells/FireBolt.uexp" 1909
"D:/UnrealProjects/Aura2/Content/Assets/UI/Spells/FireNado.uasset" 1910
"D:/UnrealProjects/Aura2/Content/Assets/UI/Spells/FireNado.uexp" 1911
"D:/UnrealProjects/Aura2/Content/Assets/UI/Spells/FireBlast.uasset" 1912
"D:/UnrealProjects/Aura2/Content/Assets/UI/Spells/FireBlast.uexp" 1913
"D:/UnrealProjects/Aura2/Content/Blueprints/AbilitySystem/Aura/Abilities/Fire/FireBolt/BP_FireBolt.uasset" 1914
"D:/UnrealProjects/Aura2/Content/Blueprints/AbilitySystem/Aura/Abilities/Fire/FireBolt/BP_FireBolt.uexp" 1915
"D:/UnrealProjects/Aura2/Content/Blueprints/AbilitySystem/Data/CT_Damage.uasset" 1916
"D:/UnrealProjects/Aura2/Content/Blueprints/AbilitySystem/Data/CT_Damage.uexp" 1917
"D:/UnrealProjects/Aura2/Content/Blueprints/AbilitySystem/SharedDamageEffects/GE_Damage_Firebolt.uasset" 1918
"D:/UnrealProjects/Aura2/Content/Blueprints/AbilitySystem/SharedDamageEffects/GE_Damage_Firebolt.uexp" 1919
"D:/UnrealProjects/Aura2/Content/Blueprints/AbilitySystem/Data/CT_DamageCalcCoefficient.uasset" 1920
"D:/UnrealProjects/Aura2/Content/Blueprints/AbilitySystem/Data/CT_DamageCalcCoefficient.uexp" 1921
"D:/UnrealProjects/Aura2/Content/Blueprints/AbilitySystem/Data/CT_SpellCost.uasset" 1922
"D:/UnrealProjects/Aura2/Content/Blueprints/AbilitySystem/Data/CT_SpellCost.uexp" 1923
"D:/UnrealProjects/Aura2/Content/Blueprints/AbilitySystem/Aura/Abilities/Fire/FireBolt/GE_Cost_FireBolt.uasset" 1924
"D:/UnrealProjects/Aura2/Content/Blueprints/AbilitySystem/Aura/Abilities/Fire/FireBolt/GE_Cost_FireBolt.uexp" 1925
"D:/UnrealProjects/Aura2/Content/Blueprints/AbilitySystem/Data/CT_SpellCooldown.uasset" 1926
"D:/UnrealProjects/Aura2/Content/Blueprints/AbilitySystem/Data/CT_SpellCooldown.uexp" 1927
"D:/UnrealProjects/Aura2/Content/Blueprints/AbilitySystem/Aura/Abilities/Fire/FireBolt/GE_Cooldown_FireBolt.uasset" 1928
"D:/UnrealProjects/Aura2/Content/Blueprints/AbilitySystem/Aura/Abilities/Fire/FireBolt/GE_Cooldown_FireBolt.uexp" 1929
"D:/UnrealProjects/Aura2/Content/Blueprints/AnimNotify/AN_Montage_Event.uasset" 1930
"D:/UnrealProjects/Aura2/Content/Blueprints/AnimNotify/AN_Montage_Event.uexp" 1931
"D:/UnrealProjects/Aura2/Content/Assets/Textures/Mask/T_TrailMask_04.ubulk" 1932
"D:/UnrealProjects/Aura2/Content/Assets/Textures/Mask/T_TrailMask_04.uasset" 1933
"D:/UnrealProjects/Aura2/Content/Assets/Textures/Mask/T_TrailMask_04.uexp" 1934
"../../../Engine/Content/Functions/Engine_MaterialFunctions01/Gradient/LinearGradient.uasset" 1935
"../../../Engine/Content/Functions/Engine_MaterialFunctions01/Gradient/LinearGradient.uexp" 1936
"D:/UnrealProjects/Aura2/Content/Assets/Textures/RTs/RT_Draw_N_01.uasset" 1937
"D:/UnrealProjects/Aura2/Content/Assets/Textures/RTs/RT_Draw_N_01.uexp" 1938
"D:/UnrealProjects/Aura2/Content/Assets/Textures/Mask/T_TrailMask_06.ubulk" 1939
"D:/UnrealProjects/Aura2/Content/Assets/Textures/Mask/T_TrailMask_06.uasset" 1940
"D:/UnrealProjects/Aura2/Content/Assets/Textures/Mask/T_TrailMask_06.uexp" 1941
"D:/UnrealProjects/Aura2/Content/Assets/Textures/Mask/T_TrailMask_05.ubulk" 1942
"D:/UnrealProjects/Aura2/Content/Assets/Textures/Mask/T_TrailMask_05.uasset" 1943
"D:/UnrealProjects/Aura2/Content/Assets/Textures/Mask/T_TrailMask_05.uexp" 1944
"D:/UnrealProjects/Aura2/Content/Assets/Materials/M_Trail_Color.uasset" 1945
"D:/UnrealProjects/Aura2/Content/Assets/Materials/M_Trail_Color.uexp" 1946
"D:/UnrealProjects/Aura2/Content/Assets/Textures/Mask/T_TrailMask_03.ubulk" 1947
"D:/UnrealProjects/Aura2/Content/Assets/Textures/Mask/T_TrailMask_03.uasset" 1948
"D:/UnrealProjects/Aura2/Content/Assets/Textures/Mask/T_TrailMask_03.uexp" 1949
"D:/UnrealProjects/Aura2/Content/Assets/Materials/Trails_MI/MI_Trail_Color_01.uasset" 1950
"D:/UnrealProjects/Aura2/Content/Assets/Materials/Trails_MI/MI_Trail_Color_01.uexp" 1951
"D:/UnrealProjects/Aura2/Content/Assets/VFX/NS_Trail_03.uasset" 1952
"D:/UnrealProjects/Aura2/Content/Assets/VFX/NS_Trail_03.uexp" 1953
"D:/UnrealProjects/Aura2/Content/Assets/Sounds/Abilities/FireBolt/wav/Shoot/SFX_FireBall_Shoot_LowLevel_04.ubulk" 1954
"D:/UnrealProjects/Aura2/Content/Assets/Sounds/Abilities/FireBolt/wav/Shoot/SFX_FireBall_Shoot_LowLevel_04.uasset" 1955
"D:/UnrealProjects/Aura2/Content/Assets/Sounds/Abilities/FireBolt/wav/Shoot/SFX_FireBall_Shoot_LowLevel_04.uexp" 1956
"D:/UnrealProjects/Aura2/Content/Assets/Sounds/Abilities/FireBolt/wav/Shoot/SFX_FireBall_Shoot_LowLevel_03.ubulk" 1957
"D:/UnrealProjects/Aura2/Content/Assets/Sounds/Abilities/FireBolt/wav/Shoot/SFX_FireBall_Shoot_LowLevel_03.uasset" 1958
"D:/UnrealProjects/Aura2/Content/Assets/Sounds/Abilities/FireBolt/wav/Shoot/SFX_FireBall_Shoot_LowLevel_03.uexp" 1959
"D:/UnrealProjects/Aura2/Content/Assets/Sounds/Abilities/FireBolt/wav/Shoot/SFX_FireBall_Shoot_LowLevel_02.ubulk" 1960
"D:/UnrealProjects/Aura2/Content/Assets/Sounds/Abilities/FireBolt/wav/Shoot/SFX_FireBall_Shoot_LowLevel_02.uasset" 1961
"D:/UnrealProjects/Aura2/Content/Assets/Sounds/Abilities/FireBolt/wav/Shoot/SFX_FireBall_Shoot_LowLevel_02.uexp" 1962
"D:/UnrealProjects/Aura2/Content/Assets/Sounds/Abilities/FireBolt/wav/Shoot/SFX_FireBall_Shoot_LowLevel_01.ubulk" 1963
"D:/UnrealProjects/Aura2/Content/Assets/Sounds/Abilities/FireBolt/wav/Shoot/SFX_FireBall_Shoot_LowLevel_01.uasset" 1964
"D:/UnrealProjects/Aura2/Content/Assets/Sounds/Abilities/FireBolt/wav/Shoot/SFX_FireBall_Shoot_LowLevel_01.uexp" 1965
"D:/UnrealProjects/Aura2/Content/Assets/Sounds/Abilities/FireBolt/sfx_FireBolt.uasset" 1966
"D:/UnrealProjects/Aura2/Content/Assets/Sounds/Abilities/FireBolt/sfx_FireBolt.uexp" 1967
"../../../Engine/Content/Animation/DefaultAnimCurveCompressionSettings.uasset" 1968
"../../../Engine/Content/Animation/DefaultAnimCurveCompressionSettings.uexp" 1969
"../../../Engine/Content/Animation/DefaultAnimBoneCompressionSettings.uasset" 1970
"../../../Engine/Content/Animation/DefaultAnimBoneCompressionSettings.uexp" 1971
"D:/UnrealProjects/Aura2/Content/Assets/Characters/Aura/Animations/Abilities/Cast_FireBolt.uasset" 1972
"D:/UnrealProjects/Aura2/Content/Assets/Characters/Aura/Animations/Abilities/Cast_FireBolt.uexp" 1973
"D:/UnrealProjects/Aura2/Content/Assets/Characters/Aura/Animations/Abilities/AM_Cast_FireBolt.uasset" 1974
"D:/UnrealProjects/Aura2/Content/Assets/Characters/Aura/Animations/Abilities/AM_Cast_FireBolt.uexp" 1975
"D:/UnrealProjects/Aura2/Content/Blueprints/AbilitySystem/Aura/Abilities/Fire/FireBolt/GA_FireBolt.uasset" 1976
"D:/UnrealProjects/Aura2/Content/Blueprints/AbilitySystem/Aura/Abilities/Fire/FireBolt/GA_FireBolt.uexp" 1977
"D:/UnrealProjects/Aura2/Content/Blueprints/AbilitySystem/SharedDamageEffects/GE_Damage_Arcane.uasset" 1978
"D:/UnrealProjects/Aura2/Content/Blueprints/AbilitySystem/SharedDamageEffects/GE_Damage_Arcane.uexp" 1979
"D:/UnrealProjects/Aura2/Content/Blueprints/AbilitySystem/Aura/Abilities/Arcane/ArcaneOrbit/GE_Cost_ArcaneOrbit.uasset" 1980
"D:/UnrealProjects/Aura2/Content/Blueprints/AbilitySystem/Aura/Abilities/Arcane/ArcaneOrbit/GE_Cost_ArcaneOrbit.uexp" 1981
"D:/UnrealProjects/Aura2/Content/Blueprints/AbilitySystem/Aura/Abilities/Arcane/ArcaneOrbit/GE_Cooldown_ArcaneOrbit.uasset" 1982
"D:/UnrealProjects/Aura2/Content/Blueprints/AbilitySystem/Aura/Abilities/Arcane/ArcaneOrbit/GE_Cooldown_ArcaneOrbit.uexp" 1983
"D:/UnrealProjects/Aura2/Content/Kobo_Dungeon/Textures/T-FX/A-Flare-01.ubulk" 1984
"D:/UnrealProjects/Aura2/Content/Kobo_Dungeon/Textures/T-FX/A-Flare-01.uasset" 1985
"D:/UnrealProjects/Aura2/Content/Kobo_Dungeon/Textures/T-FX/A-Flare-01.uexp" 1986
"D:/UnrealProjects/Aura2/Content/Kobo_Dungeon/Materials/M-FX/M-PotionFlare.uasset" 1987
"D:/UnrealProjects/Aura2/Content/Kobo_Dungeon/Materials/M-FX/M-PotionFlare.uexp" 1988
"D:/UnrealProjects/Aura2/Content/Kobo_Dungeon/FX/FX-PotionWhisps-02.uasset" 1989
"D:/UnrealProjects/Aura2/Content/Kobo_Dungeon/FX/FX-PotionWhisps-02.uexp" 1990
"D:/UnrealProjects/Aura2/Content/Assets/Materials/M_DefaultSprite.uasset" 1991
"D:/UnrealProjects/Aura2/Content/Assets/Materials/M_DefaultSprite.uexp" 1992
"D:/UnrealProjects/Aura2/Content/Assets/Textures/Mask/T_TrailMask_16.ubulk" 1993
"D:/UnrealProjects/Aura2/Content/Assets/Textures/Mask/T_TrailMask_16.uasset" 1994
"D:/UnrealProjects/Aura2/Content/Assets/Textures/Mask/T_TrailMask_16.uexp" 1995
"D:/UnrealProjects/Aura2/Content/Assets/Materials/Trails_MI/MI_Trail_Color_12.uasset" 1996
"D:/UnrealProjects/Aura2/Content/Assets/Materials/Trails_MI/MI_Trail_Color_12.uexp" 1997
"D:/UnrealProjects/Aura2/Content/Assets/VFX/NS_Trail_13_2.uasset" 1998
"D:/UnrealProjects/Aura2/Content/Assets/VFX/NS_Trail_13_2.uexp" 1999
"D:/UnrealProjects/Aura2/Content/Assets/Spells/Shards/SM_Shard_Missile.ubulk" 2000
"D:/UnrealProjects/Aura2/Content/Assets/Spells/Shards/SM_Shard_Missile.uasset" 2001
"D:/UnrealProjects/Aura2/Content/Assets/Spells/Shards/SM_Shard_Missile.uexp" 2002
"D:/UnrealProjects/Aura2/Content/Blueprints/AbilitySystem/Aura/Abilities/Arcane/ArcaneOrbit/BP_ArcaneMissile.uasset" 2003
"D:/UnrealProjects/Aura2/Content/Blueprints/AbilitySystem/Aura/Abilities/Arcane/ArcaneOrbit/BP_ArcaneMissile.uexp" 2004
"D:/UnrealProjects/Aura2/Content/Blueprints/AbilitySystem/Aura/Abilities/Arcane/ArcaneOrbit/GA_ArcaneOrbit.uasset" 2005
"D:/UnrealProjects/Aura2/Content/Blueprints/AbilitySystem/Aura/Abilities/Arcane/ArcaneOrbit/GA_ArcaneOrbit.uexp" 2006
"D:/UnrealProjects/Aura2/Content/Blueprints/AbilitySystem/Aura/Abilities/PassiveSpells/GA_LifeSiphon.uasset" 2007
"D:/UnrealProjects/Aura2/Content/Blueprints/AbilitySystem/Aura/Abilities/PassiveSpells/GA_LifeSiphon.uexp" 2008
"D:/UnrealProjects/Aura2/Content/Assets/UI/Globes/MI_ArcaneSkillBG.uasset" 2009
"D:/UnrealProjects/Aura2/Content/Assets/UI/Globes/MI_ArcaneSkillBG.uexp" 2010
"D:/UnrealProjects/Aura2/Content/Assets/UI/Globes/MI_HaloSkillBG.uasset" 2011
"D:/UnrealProjects/Aura2/Content/Assets/UI/Globes/MI_HaloSkillBG.uexp" 2012
"D:/UnrealProjects/Aura2/Content/Assets/UI/Globes/MI_LifeSiphonSkillBG1.uasset" 2013
"D:/UnrealProjects/Aura2/Content/Assets/UI/Globes/MI_LifeSiphonSkillBG1.uexp" 2014
"D:/UnrealProjects/Aura2/Content/Assets/UI/Globes/MI_ManaSiphonSkillBG.uasset" 2015
"D:/UnrealProjects/Aura2/Content/Assets/UI/Globes/MI_ManaSiphonSkillBG.uexp" 2016
"D:/UnrealProjects/Aura2/Content/Assets/UI/Globes/MI_ShockSkillBG.uasset" 2017
"D:/UnrealProjects/Aura2/Content/Assets/UI/Globes/MI_ShockSkillBG.uexp" 2018
"D:/UnrealProjects/Aura2/Content/Assets/UI/Spells/ArcaneBlast.uasset" 2019
"D:/UnrealProjects/Aura2/Content/Assets/UI/Spells/ArcaneBlast.uexp" 2020
"D:/UnrealProjects/Aura2/Content/Assets/UI/Spells/ArcaneShards2.uasset" 2021
"D:/UnrealProjects/Aura2/Content/Assets/UI/Spells/ArcaneShards2.uexp" 2022
"D:/UnrealProjects/Aura2/Content/Assets/UI/Spells/area.uasset" 2023
"D:/UnrealProjects/Aura2/Content/Assets/UI/Spells/area.uexp" 2024
"D:/UnrealProjects/Aura2/Content/Assets/UI/Spells/BallLightning.uasset" 2025
"D:/UnrealProjects/Aura2/Content/Assets/UI/Spells/BallLightning.uexp" 2026
"D:/UnrealProjects/Aura2/Content/Assets/UI/Spells/Halo.uasset" 2027
"D:/UnrealProjects/Aura2/Content/Assets/UI/Spells/Halo.uexp" 2028
"D:/UnrealProjects/Aura2/Content/Assets/UI/Spells/LifeSiphon.uasset" 2029
"D:/UnrealProjects/Aura2/Content/Assets/UI/Spells/LifeSiphon.uexp" 2030
"D:/UnrealProjects/Aura2/Content/Assets/UI/Spells/Shock.uasset" 2031
"D:/UnrealProjects/Aura2/Content/Assets/UI/Spells/Shock.uexp" 2032
"D:/UnrealProjects/Aura2/Content/Assets/UI/Spells/teleport.ubulk" 2033
"D:/UnrealProjects/Aura2/Content/Assets/UI/Spells/teleport.uasset" 2034
"D:/UnrealProjects/Aura2/Content/Assets/UI/Spells/teleport.uexp" 2035
"D:/UnrealProjects/Aura2/Content/Blueprints/AbilitySystem/Aura/Effects/GE_BlockInput_Infinite.uasset" 2036
"D:/UnrealProjects/Aura2/Content/Blueprints/AbilitySystem/Aura/Effects/GE_BlockInput_Infinite.uexp" 2037
"D:/UnrealProjects/Aura2/Content/Blueprints/AbilitySystem/SharedDamageEffects/GE_Damage.uasset" 2038
"D:/UnrealProjects/Aura2/Content/Blueprints/AbilitySystem/SharedDamageEffects/GE_Damage.uexp" 2039
"D:/UnrealProjects/Aura2/Content/Blueprints/AbilitySystem/Aura/Effects/GE_GiveStunTag.uasset" 2040
"D:/UnrealProjects/Aura2/Content/Blueprints/AbilitySystem/Aura/Effects/GE_GiveStunTag.uexp" 2041
"D:/UnrealProjects/Aura2/Content/Blueprints/AbilitySystem/Aura/Effects/GE_SlowDown.uasset" 2042
"D:/UnrealProjects/Aura2/Content/Blueprints/AbilitySystem/Aura/Effects/GE_SlowDown.uexp" 2043
"D:/UnrealProjects/Aura2/Content/Blueprints/AbilitySystem/Aura/Effects/GE_SlowDecay.uasset" 2044
"D:/UnrealProjects/Aura2/Content/Blueprints/AbilitySystem/Aura/Effects/GE_SlowDecay.uexp" 2045
"D:/UnrealProjects/Aura2/Content/Blueprints/AbilitySystem/Aura/Abilities/Arcane/ArcaneArea/GE_Cost_ArcaneArea.uasset" 2046
"D:/UnrealProjects/Aura2/Content/Blueprints/AbilitySystem/Aura/Abilities/Arcane/ArcaneArea/GE_Cost_ArcaneArea.uexp" 2047
"D:/UnrealProjects/Aura2/Content/Blueprints/AbilitySystem/Aura/Abilities/Arcane/ArcaneArea/GE_Cooldown_ArcaneArea.uasset" 2048
"D:/UnrealProjects/Aura2/Content/Blueprints/AbilitySystem/Aura/Abilities/Arcane/ArcaneArea/GE_Cooldown_ArcaneArea.uexp" 2049
"D:/UnrealProjects/Aura2/Content/Assets/Materials/M_Trail_Refraction.uasset" 2050
"D:/UnrealProjects/Aura2/Content/Assets/Materials/M_Trail_Refraction.uexp" 2051
"D:/UnrealProjects/Aura2/Content/Assets/Textures/Mask/T_TrailMask_11.ubulk" 2052
"D:/UnrealProjects/Aura2/Content/Assets/Textures/Mask/T_TrailMask_11.uasset" 2053
"D:/UnrealProjects/Aura2/Content/Assets/Textures/Mask/T_TrailMask_11.uexp" 2054
"D:/UnrealProjects/Aura2/Content/Assets/Materials/Trails_MI/MI_Trail_Color_05.uasset" 2055
"D:/UnrealProjects/Aura2/Content/Assets/Materials/Trails_MI/MI_Trail_Color_05.uexp" 2056
"D:/UnrealProjects/Aura2/Content/Assets/VFX/NS_Trail_07.uasset" 2057
"D:/UnrealProjects/Aura2/Content/Assets/VFX/NS_Trail_07.uexp" 2058
"../../../Engine/Content/Animation/DefaultVariableFrameStrippingSettings.uasset" 2059
"../../../Engine/Content/Animation/DefaultVariableFrameStrippingSettings.uexp" 2060
"D:/UnrealProjects/Aura2/Content/Assets/Characters/Aura/Animations/Abilities/Cast_ArcaneArea.uasset" 2061
"D:/UnrealProjects/Aura2/Content/Assets/Characters/Aura/Animations/Abilities/Cast_ArcaneArea.uexp" 2062
"D:/UnrealProjects/Aura2/Content/Assets/Characters/Aura/Animations/Abilities/AM_Cast_ArcaneArea.uasset" 2063
"D:/UnrealProjects/Aura2/Content/Assets/Characters/Aura/Animations/Abilities/AM_Cast_ArcaneArea.uexp" 2064
"../../../Engine/Content/EngineResources/DefaultTexture.ubulk" 2065
"../../../Engine/Content/EngineResources/DefaultTexture.uasset" 2066
"../../../Engine/Content/EngineResources/DefaultTexture.uexp" 2067
"../../../Engine/Content/Functions/Engine_MaterialFunctions02/Texturing/CustomRotator.uasset" 2068
"../../../Engine/Content/Functions/Engine_MaterialFunctions02/Texturing/CustomRotator.uexp" 2069
"../../../Engine/Plugins/Enterprise/DatasmithContent/Content/Materials/FBXImporter/DeltaGenUVEdit.uasset" 2070
"../../../Engine/Plugins/Enterprise/DatasmithContent/Content/Materials/FBXImporter/DeltaGenUVEdit.uexp" 2071
"../../../Engine/Plugins/Enterprise/DatasmithContent/Content/Materials/FBXImporter/DeltaGenBase.uasset" 2072
"../../../Engine/Plugins/Enterprise/DatasmithContent/Content/Materials/FBXImporter/DeltaGenBase.uexp" 2073
"D:/UnrealProjects/Aura2/Content/Blueprints/AbilitySystem/Aura/Abilities/Arcane/ArcaneArea/M_AreaTrans.uasset" 2074
"D:/UnrealProjects/Aura2/Content/Blueprints/AbilitySystem/Aura/Abilities/Arcane/ArcaneArea/M_AreaTrans.uexp" 2075
"D:/UnrealProjects/Aura2/Content/Blueprints/AbilitySystem/Aura/Abilities/Arcane/ArcaneArea/SM_ArcaneArea.ubulk" 2076
"D:/UnrealProjects/Aura2/Content/Blueprints/AbilitySystem/Aura/Abilities/Arcane/ArcaneArea/SM_ArcaneArea.uasset" 2077
"D:/UnrealProjects/Aura2/Content/Blueprints/AbilitySystem/Aura/Abilities/Arcane/ArcaneArea/SM_ArcaneArea.uexp" 2078
"../../../Engine/Content/EditorResources/FieldNodes/_Resources/M_FieldRadiusPreview.uasset" 2079
"../../../Engine/Content/EditorResources/FieldNodes/_Resources/M_FieldRadiusPreview.uexp" 2080
"D:/UnrealProjects/Aura2/Content/Blueprints/AbilitySystem/Aura/Abilities/Arcane/ArcaneArea/BP_ArcaneArea.uasset" 2081
"D:/UnrealProjects/Aura2/Content/Blueprints/AbilitySystem/Aura/Abilities/Arcane/ArcaneArea/BP_ArcaneArea.uexp" 2082
"D:/UnrealProjects/Aura2/Content/Blueprints/AbilitySystem/Aura/Abilities/Arcane/ArcaneArea/GA_ArcaneArea.uasset" 2083
"D:/UnrealProjects/Aura2/Content/Blueprints/AbilitySystem/Aura/Abilities/Arcane/ArcaneArea/GA_ArcaneArea.uexp" 2084
"../../../Engine/Content/EngineDebugMaterials/TargetIcon.ubulk" 2085
"../../../Engine/Content/EngineDebugMaterials/TargetIcon.uasset" 2086
"../../../Engine/Content/EngineDebugMaterials/TargetIcon.uexp" 2087
"../../../Engine/Content/EditorResources/S_TargetPoint.uasset" 2088
"../../../Engine/Content/EditorResources/S_TargetPoint.uexp" 2089
"../../../Engine/Content/EditorMaterials/TargetIconSpawn.ubulk" 2090
"../../../Engine/Content/EditorMaterials/TargetIconSpawn.uasset" 2091
"../../../Engine/Content/EditorMaterials/TargetIconSpawn.uexp" 2092
"../../../Engine/Content/EditorMaterials/TargetIcon.ubulk" 2093
"../../../Engine/Content/EditorMaterials/TargetIcon.uasset" 2094
"../../../Engine/Content/EditorMaterials/TargetIcon.uexp" 2095
"D:/UnrealProjects/Aura2/Content/Blueprints/AbilitySystem/Aura/Abilities/Arcane/ArcaneShards/BP_PointCollection.uasset" 2096
"D:/UnrealProjects/Aura2/Content/Blueprints/AbilitySystem/Aura/Abilities/Arcane/ArcaneShards/BP_PointCollection.uexp" 2097
"D:/UnrealProjects/Aura2/Content/Blueprints/AbilitySystem/Aura/Abilities/Arcane/ArcaneShards/GE_Cost_ArcaneShards.uasset" 2098
"D:/UnrealProjects/Aura2/Content/Blueprints/AbilitySystem/Aura/Abilities/Arcane/ArcaneShards/GE_Cost_ArcaneShards.uexp" 2099
"D:/UnrealProjects/Aura2/Content/Blueprints/AbilitySystem/Aura/Abilities/Arcane/ArcaneShards/GE_Cooldown_ArcaneShards.uasset" 2100
"D:/UnrealProjects/Aura2/Content/Blueprints/AbilitySystem/Aura/Abilities/Arcane/ArcaneShards/GE_Cooldown_ArcaneShards.uexp" 2101
"D:/UnrealProjects/Aura2/Content/Assets/VFX/NS_Trail_13.uasset" 2102
"D:/UnrealProjects/Aura2/Content/Assets/VFX/NS_Trail_13.uexp" 2103
"D:/UnrealProjects/Aura2/Content/Assets/Characters/Aura/Animations/Abilities/Cast_ArcaneShards.uasset" 2104
"D:/UnrealProjects/Aura2/Content/Assets/Characters/Aura/Animations/Abilities/Cast_ArcaneShards.uexp" 2105
"D:/UnrealProjects/Aura2/Content/Assets/Characters/Aura/Animations/Abilities/AM_Cast_ArcaneShards.uasset" 2106
"D:/UnrealProjects/Aura2/Content/Assets/Characters/Aura/Animations/Abilities/AM_Cast_ArcaneShards.uexp" 2107
"D:/UnrealProjects/Aura2/Content/Blueprints/AbilitySystem/Aura/Abilities/Arcane/ArcaneShards/GA_ArcaneShards.uasset" 2108
"D:/UnrealProjects/Aura2/Content/Blueprints/AbilitySystem/Aura/Abilities/Arcane/ArcaneShards/GA_ArcaneShards.uexp" 2109
"D:/UnrealProjects/Aura2/Content/Blueprints/Actor/RangeIndicator/MI_RangeIndicatorOutline_Inst.uasset" 2110
"D:/UnrealProjects/Aura2/Content/Blueprints/Actor/RangeIndicator/MI_RangeIndicatorOutline_Inst.uexp" 2111
"D:/UnrealProjects/Aura2/Content/Blueprints/Actor/RangeIndicator/BP_AbilityRangeIndicator.uasset" 2112
"D:/UnrealProjects/Aura2/Content/Blueprints/Actor/RangeIndicator/BP_AbilityRangeIndicator.uexp" 2113
"D:/UnrealProjects/Aura2/Content/Blueprints/AbilitySystem/Aura/Abilities/Fire/FireBlast/BP_FireBall.uasset" 2114
"D:/UnrealProjects/Aura2/Content/Blueprints/AbilitySystem/Aura/Abilities/Fire/FireBlast/BP_FireBall.uexp" 2115
"D:/UnrealProjects/Aura2/Content/Blueprints/AbilitySystem/Aura/Abilities/Fire/FireBlast/GE_Cost_FireBlast.uasset" 2116
"D:/UnrealProjects/Aura2/Content/Blueprints/AbilitySystem/Aura/Abilities/Fire/FireBlast/GE_Cost_FireBlast.uexp" 2117
"D:/UnrealProjects/Aura2/Content/Blueprints/AbilitySystem/Aura/Abilities/Fire/FireBlast/GE_Cooldown_FireBlast.uasset" 2118
"D:/UnrealProjects/Aura2/Content/Blueprints/AbilitySystem/Aura/Abilities/Fire/FireBlast/GE_Cooldown_FireBlast.uexp" 2119
"D:/UnrealProjects/Aura2/Content/Blueprints/AbilitySystem/Aura/Abilities/Fire/FireBlast/GA_FireBlast.uasset" 2120
"D:/UnrealProjects/Aura2/Content/Blueprints/AbilitySystem/Aura/Abilities/Fire/FireBlast/GA_FireBlast.uexp" 2121
"D:/UnrealProjects/Aura2/Content/Blueprints/AbilitySystem/Aura/Abilities/Fire/FireNado/BP_FireTornado.uasset" 2122
"D:/UnrealProjects/Aura2/Content/Blueprints/AbilitySystem/Aura/Abilities/Fire/FireNado/BP_FireTornado.uexp" 2123
"D:/UnrealProjects/Aura2/Content/Blueprints/AbilitySystem/Aura/Abilities/Fire/FireNado/GE_Cost_FireNado.uasset" 2124
"D:/UnrealProjects/Aura2/Content/Blueprints/AbilitySystem/Aura/Abilities/Fire/FireNado/GE_Cost_FireNado.uexp" 2125
"D:/UnrealProjects/Aura2/Content/Blueprints/AbilitySystem/Aura/Abilities/Fire/FireNado/GE_Cooldown_FireNado.uasset" 2126
"D:/UnrealProjects/Aura2/Content/Blueprints/AbilitySystem/Aura/Abilities/Fire/FireNado/GE_Cooldown_FireNado.uexp" 2127
"D:/UnrealProjects/Aura2/Content/Assets/Characters/Aura/Animations/Abilities/Cast_FireNado.uasset" 2128
"D:/UnrealProjects/Aura2/Content/Assets/Characters/Aura/Animations/Abilities/Cast_FireNado.uexp" 2129
"D:/UnrealProjects/Aura2/Content/Assets/Characters/Aura/Animations/Abilities/AM_Cast_FireNado.uasset" 2130
"D:/UnrealProjects/Aura2/Content/Assets/Characters/Aura/Animations/Abilities/AM_Cast_FireNado.uexp" 2131
"D:/UnrealProjects/Aura2/Content/Blueprints/AbilitySystem/Aura/Abilities/Fire/FireNado/GA_FireNado.uasset" 2132
"D:/UnrealProjects/Aura2/Content/Blueprints/AbilitySystem/Aura/Abilities/Fire/FireNado/GA_FireNado.uexp" 2133
"D:/UnrealProjects/Aura2/Content/Blueprints/AbilitySystem/SharedDamageEffects/GE_Damage_Lightning.uasset" 2134
"D:/UnrealProjects/Aura2/Content/Blueprints/AbilitySystem/SharedDamageEffects/GE_Damage_Lightning.uexp" 2135
"D:/UnrealProjects/Aura2/Content/Blueprints/AbilitySystem/Aura/Abilities/Lightning/Electrocute/GE_Cost_Electrocute.uasset" 2136
"D:/UnrealProjects/Aura2/Content/Blueprints/AbilitySystem/Aura/Abilities/Lightning/Electrocute/GE_Cost_Electrocute.uexp" 2137
"D:/UnrealProjects/Aura2/Content/Blueprints/AbilitySystem/Aura/Abilities/Lightning/Electrocute/GE_CoolDown_Electrocute.uasset" 2138
"D:/UnrealProjects/Aura2/Content/Blueprints/AbilitySystem/Aura/Abilities/Lightning/Electrocute/GE_CoolDown_Electrocute.uexp" 2139
"D:/UnrealProjects/Aura2/Content/Assets/Textures/Mask/T_TrailMask_15.ubulk" 2140
"D:/UnrealProjects/Aura2/Content/Assets/Textures/Mask/T_TrailMask_15.uasset" 2141
"D:/UnrealProjects/Aura2/Content/Assets/Textures/Mask/T_TrailMask_15.uexp" 2142
"D:/UnrealProjects/Aura2/Content/Assets/Materials/Trails_MI/MI_Trail_Color_06.uasset" 2143
"D:/UnrealProjects/Aura2/Content/Assets/Materials/Trails_MI/MI_Trail_Color_06.uexp" 2144
"D:/UnrealProjects/Aura2/Content/Assets/VFX/NS_Trail_08.uasset" 2145
"D:/UnrealProjects/Aura2/Content/Assets/VFX/NS_Trail_08.uexp" 2146
"D:/UnrealProjects/Aura2/Content/Assets/Characters/Aura/Animations/Abilities/Cast_Shock.uasset" 2147
"D:/UnrealProjects/Aura2/Content/Assets/Characters/Aura/Animations/Abilities/Cast_Shock.uexp" 2148
"D:/UnrealProjects/Aura2/Content/Assets/Characters/Aura/Animations/Abilities/AM_Cast_Electrocute.uasset" 2149
"D:/UnrealProjects/Aura2/Content/Assets/Characters/Aura/Animations/Abilities/AM_Cast_Electrocute.uexp" 2150
"D:/UnrealProjects/Aura2/Content/Blueprints/AbilitySystem/Aura/Abilities/Lightning/Electrocute/GA_Electrocute.uasset" 2151
"D:/UnrealProjects/Aura2/Content/Blueprints/AbilitySystem/Aura/Abilities/Lightning/Electrocute/GA_Electrocute.uexp" 2152
"D:/UnrealProjects/Aura2/Content/Blueprints/AbilitySystem/Aura/Abilities/Lightning/ElectroSphere/GE_Cost_SpawnElectroSphere.uasset" 2153
"D:/UnrealProjects/Aura2/Content/Blueprints/AbilitySystem/Aura/Abilities/Lightning/ElectroSphere/GE_Cost_SpawnElectroSphere.uexp" 2154
"D:/UnrealProjects/Aura2/Content/Blueprints/AbilitySystem/Aura/Abilities/Lightning/ElectroSphere/GE_Cooldown_SpawnElectroSphere.uasset" 2155
"D:/UnrealProjects/Aura2/Content/Blueprints/AbilitySystem/Aura/Abilities/Lightning/ElectroSphere/GE_Cooldown_SpawnElectroSphere.uexp" 2156
"D:/UnrealProjects/Aura2/Content/Assets/Characters/Aura/Animations/Abilities/AM_Cast_SpawnElectroSphere.uasset" 2157
"D:/UnrealProjects/Aura2/Content/Assets/Characters/Aura/Animations/Abilities/AM_Cast_SpawnElectroSphere.uexp" 2158
"D:/UnrealProjects/Aura2/Content/Assets/Pickups/Potions/Bottle/Potion_low_Bottle_Opacity.ubulk" 2159
"D:/UnrealProjects/Aura2/Content/Assets/Pickups/Potions/Bottle/Potion_low_Bottle_Opacity.uasset" 2160
"D:/UnrealProjects/Aura2/Content/Assets/Pickups/Potions/Bottle/Potion_low_Bottle_Opacity.uexp" 2161
"D:/UnrealProjects/Aura2/Content/Assets/Pickups/Potions/Bottle/Potion_low_Bottle_OcclusionRoughnessMetallic.ubulk" 2162
"D:/UnrealProjects/Aura2/Content/Assets/Pickups/Potions/Bottle/Potion_low_Bottle_OcclusionRoughnessMetallic.uasset" 2163
"D:/UnrealProjects/Aura2/Content/Assets/Pickups/Potions/Bottle/Potion_low_Bottle_OcclusionRoughnessMetallic.uexp" 2164
"D:/UnrealProjects/Aura2/Content/Assets/Pickups/Potions/Bottle/Potion_low_Bottle_Normal.ubulk" 2165
"D:/UnrealProjects/Aura2/Content/Assets/Pickups/Potions/Bottle/Potion_low_Bottle_Normal.uasset" 2166
"D:/UnrealProjects/Aura2/Content/Assets/Pickups/Potions/Bottle/Potion_low_Bottle_Normal.uexp" 2167
"D:/UnrealProjects/Aura2/Content/Assets/Pickups/Potions/Bottle/Potion_low_Bottle_Emissive.ubulk" 2168
"D:/UnrealProjects/Aura2/Content/Assets/Pickups/Potions/Bottle/Potion_low_Bottle_Emissive.uasset" 2169
"D:/UnrealProjects/Aura2/Content/Assets/Pickups/Potions/Bottle/Potion_low_Bottle_Emissive.uexp" 2170
"D:/UnrealProjects/Aura2/Content/Assets/Pickups/Potions/Bottle/Potion_low_Bottle_BaseColor.ubulk" 2171
"D:/UnrealProjects/Aura2/Content/Assets/Pickups/Potions/Bottle/Potion_low_Bottle_BaseColor.uasset" 2172
"D:/UnrealProjects/Aura2/Content/Assets/Pickups/Potions/Bottle/Potion_low_Bottle_BaseColor.uexp" 2173
"D:/UnrealProjects/Aura2/Content/Assets/Pickups/Potions/Bottle/M_Bottle.uasset" 2174
"D:/UnrealProjects/Aura2/Content/Assets/Pickups/Potions/Bottle/M_Bottle.uexp" 2175
"D:/UnrealProjects/Aura2/Content/Assets/Pickups/Potions/Bottle/MI_Sphere.uasset" 2176
"D:/UnrealProjects/Aura2/Content/Assets/Pickups/Potions/Bottle/MI_Sphere.uexp" 2177
"D:/UnrealProjects/Aura2/Content/Assets/Effects/Shared/Sphere_Trans.ubulk" 2178
"D:/UnrealProjects/Aura2/Content/Assets/Effects/Shared/Sphere_Trans.uasset" 2179
"D:/UnrealProjects/Aura2/Content/Assets/Effects/Shared/Sphere_Trans.uexp" 2180
"D:/UnrealProjects/Aura2/Content/Blueprints/AbilitySystem/Aura/Abilities/Lightning/ElectroSphere/BP_ElectroSphere.uasset" 2181
"D:/UnrealProjects/Aura2/Content/Blueprints/AbilitySystem/Aura/Abilities/Lightning/ElectroSphere/BP_ElectroSphere.uexp" 2182
"D:/UnrealProjects/Aura2/Content/Blueprints/AbilitySystem/Aura/Abilities/Lightning/ElectroSphere/GA_SpawnElectroSphere.uasset" 2183
"D:/UnrealProjects/Aura2/Content/Blueprints/AbilitySystem/Aura/Abilities/Lightning/ElectroSphere/GA_SpawnElectroSphere.uexp" 2184
"D:/UnrealProjects/Aura2/Content/Kobo_Dungeon/Materials/M-FX/M-Embers.uasset" 2185
"D:/UnrealProjects/Aura2/Content/Kobo_Dungeon/Materials/M-FX/M-Embers.uexp" 2186
"D:/UnrealProjects/Aura2/Content/Blueprints/Actor/BP_GhostEffectActor.uasset" 2187
"D:/UnrealProjects/Aura2/Content/Blueprints/Actor/BP_GhostEffectActor.uexp" 2188
"D:/UnrealProjects/Aura2/Content/Assets/Effects/Teleport/NS_TeleportGhost.uasset" 2189
"D:/UnrealProjects/Aura2/Content/Assets/Effects/Teleport/NS_TeleportGhost.uexp" 2190
"D:/UnrealProjects/Aura2/Content/Blueprints/AbilitySystem/Aura/Abilities/Lightning/Teleport/GE_Cost_Teleport_SetByCaller1.uasset" 2191
"D:/UnrealProjects/Aura2/Content/Blueprints/AbilitySystem/Aura/Abilities/Lightning/Teleport/GE_Cost_Teleport_SetByCaller1.uexp" 2192
"D:/UnrealProjects/Aura2/Content/Blueprints/AbilitySystem/Aura/Abilities/Lightning/Teleport/GE_Cost_Teleport.uasset" 2193
"D:/UnrealProjects/Aura2/Content/Blueprints/AbilitySystem/Aura/Abilities/Lightning/Teleport/GE_Cost_Teleport.uexp" 2194
"D:/UnrealProjects/Aura2/Content/Blueprints/AbilitySystem/Aura/Abilities/Lightning/Teleport/GE_Cooldown_Teleport.uasset" 2195
"D:/UnrealProjects/Aura2/Content/Blueprints/AbilitySystem/Aura/Abilities/Lightning/Teleport/GE_Cooldown_Teleport.uexp" 2196
"D:/UnrealProjects/Aura2/Content/Assets/Characters/Aura/Animations/Abilities/Cast_Teleport.uasset" 2197
"D:/UnrealProjects/Aura2/Content/Assets/Characters/Aura/Animations/Abilities/Cast_Teleport.uexp" 2198
"D:/UnrealProjects/Aura2/Content/Assets/Characters/Aura/Animations/Abilities/AM_Cast_Teleport.uasset" 2199
"D:/UnrealProjects/Aura2/Content/Assets/Characters/Aura/Animations/Abilities/AM_Cast_Teleport.uexp" 2200
"D:/UnrealProjects/Aura2/Content/Blueprints/AbilitySystem/Aura/Abilities/Lightning/Teleport/GA_Teleport.uasset" 2201
"D:/UnrealProjects/Aura2/Content/Blueprints/AbilitySystem/Aura/Abilities/Lightning/Teleport/GA_Teleport.uexp" 2202
"D:/UnrealProjects/Aura2/Content/Blueprints/AbilitySystem/Aura/Abilities/PassiveSpells/GA_HaloOfProtection.uasset" 2203
"D:/UnrealProjects/Aura2/Content/Blueprints/AbilitySystem/Aura/Abilities/PassiveSpells/GA_HaloOfProtection.uexp" 2204
"D:/UnrealProjects/Aura2/Content/Blueprints/AbilitySystem/Aura/Abilities/PassiveSpells/GA_ManaSiphon.uasset" 2205
"D:/UnrealProjects/Aura2/Content/Blueprints/AbilitySystem/Aura/Abilities/PassiveSpells/GA_ManaSiphon.uexp" 2206
"D:/UnrealProjects/Aura2/Content/Blueprints/AbilitySystem/Data/DA_AbilityInfo.uasset" 2207
"D:/UnrealProjects/Aura2/Content/Blueprints/AbilitySystem/Data/DA_AbilityInfo.uexp" 2208
"D:/UnrealProjects/Aura2/Content/Blueprints/AbilitySystem/Data/DA_AbilityUpgradeInfo.uasset" 2209
"D:/UnrealProjects/Aura2/Content/Blueprints/AbilitySystem/Data/DA_AbilityUpgradeInfo.uexp" 2210
"D:/UnrealProjects/Aura2/Content/Blueprints/Game/BP_LoadScreenSaveGame.uasset" 2211
"D:/UnrealProjects/Aura2/Content/Blueprints/Game/BP_LoadScreenSaveGame.uexp" 2212
"D:/UnrealProjects/Aura2/Content/Blueprints/AbilitySystem/Enemy/Effects/CurveTables/CT_PrimaryAttributes_Warrior.uasset" 2213
"D:/UnrealProjects/Aura2/Content/Blueprints/AbilitySystem/Enemy/Effects/CurveTables/CT_PrimaryAttributes_Warrior.uexp" 2214
"D:/UnrealProjects/Aura2/Content/Blueprints/AbilitySystem/Enemy/Effects/GE_PrimaryAttributes_Warrior.uasset" 2215
"D:/UnrealProjects/Aura2/Content/Blueprints/AbilitySystem/Enemy/Effects/GE_PrimaryAttributes_Warrior.uexp" 2216
"D:/UnrealProjects/Aura2/Content/Blueprints/AbilitySystem/Enemy/Effects/GE_PrimaryAttributes_Ghoul.uasset" 2217
"D:/UnrealProjects/Aura2/Content/Blueprints/AbilitySystem/Enemy/Effects/GE_PrimaryAttributes_Ghoul.uexp" 2218
"D:/UnrealProjects/Aura2/Content/Blueprints/AbilitySystem/Enemy/Effects/CurveTables/CT_PrimaryAttributes_Ranger.uasset" 2219
"D:/UnrealProjects/Aura2/Content/Blueprints/AbilitySystem/Enemy/Effects/CurveTables/CT_PrimaryAttributes_Ranger.uexp" 2220
"D:/UnrealProjects/Aura2/Content/Blueprints/AbilitySystem/Enemy/Effects/GE_PrimaryAttributes_Ranger.uasset" 2221
"D:/UnrealProjects/Aura2/Content/Blueprints/AbilitySystem/Enemy/Effects/GE_PrimaryAttributes_Ranger.uexp" 2222
"D:/UnrealProjects/Aura2/Content/Blueprints/AbilitySystem/Enemy/Effects/CurveTables/CT_PrimaryAttributes_Elementalist.uasset" 2223
"D:/UnrealProjects/Aura2/Content/Blueprints/AbilitySystem/Enemy/Effects/CurveTables/CT_PrimaryAttributes_Elementalist.uexp" 2224
"D:/UnrealProjects/Aura2/Content/Blueprints/AbilitySystem/Enemy/Effects/GE_PrimaryAttributes_Boss_Shaman.uasset" 2225
"D:/UnrealProjects/Aura2/Content/Blueprints/AbilitySystem/Enemy/Effects/GE_PrimaryAttributes_Boss_Shaman.uexp" 2226
"D:/UnrealProjects/Aura2/Content/Blueprints/AbilitySystem/Enemy/Effects/GE_PrimaryAttributes_Shroom.uasset" 2227
"D:/UnrealProjects/Aura2/Content/Blueprints/AbilitySystem/Enemy/Effects/GE_PrimaryAttributes_Shroom.uexp" 2228
"D:/UnrealProjects/Aura2/Content/Blueprints/AbilitySystem/Enemy/Effects/GE_PrimaryAttributes_Elemetalist.uasset" 2229
"D:/UnrealProjects/Aura2/Content/Blueprints/AbilitySystem/Enemy/Effects/GE_PrimaryAttributes_Elemetalist.uexp" 2230
"../../../Engine/Content/Functions/Engine_MaterialFunctions01/ImageAdjustment/CheapContrast.uasset" 2231
"../../../Engine/Content/Functions/Engine_MaterialFunctions01/ImageAdjustment/CheapContrast.uexp" 2232
"../../../Engine/Content/MaterialTemplates/Textures/T_Noise01.ubulk" 2233
"../../../Engine/Content/MaterialTemplates/Textures/T_Noise01.uasset" 2234
"../../../Engine/Content/MaterialTemplates/Textures/T_Noise01.uexp" 2235
"../../../Engine/Content/Functions/Engine_MaterialFunctions02/ExampleContent/Textures/LowResBlurredNoise.uasset" 2236
"../../../Engine/Content/Functions/Engine_MaterialFunctions02/ExampleContent/Textures/LowResBlurredNoise.uexp" 2237
"D:/UnrealProjects/Aura2/Content/Assets/Enemies/Demon/Materials_Dark/Demon_low_M_Demon_OcclusionRoughnessMetallic.ubulk" 2238
"D:/UnrealProjects/Aura2/Content/Assets/Enemies/Demon/Materials_Dark/Demon_low_M_Demon_OcclusionRoughnessMetallic.uasset" 2239
"D:/UnrealProjects/Aura2/Content/Assets/Enemies/Demon/Materials_Dark/Demon_low_M_Demon_OcclusionRoughnessMetallic.uexp" 2240
"D:/UnrealProjects/Aura2/Content/Assets/Enemies/Demon/Materials_Dark/Demon_low_M_Demon_Normal.ubulk" 2241
"D:/UnrealProjects/Aura2/Content/Assets/Enemies/Demon/Materials_Dark/Demon_low_M_Demon_Normal.uasset" 2242
"D:/UnrealProjects/Aura2/Content/Assets/Enemies/Demon/Materials_Dark/Demon_low_M_Demon_Normal.uexp" 2243
"D:/UnrealProjects/Aura2/Content/Assets/Enemies/Demon/Materials_Dark/Demon_low_M_Demon_BaseColor.ubulk" 2244
"D:/UnrealProjects/Aura2/Content/Assets/Enemies/Demon/Materials_Dark/Demon_low_M_Demon_BaseColor.uasset" 2245
"D:/UnrealProjects/Aura2/Content/Assets/Enemies/Demon/Materials_Dark/Demon_low_M_Demon_BaseColor.uexp" 2246
"D:/UnrealProjects/Aura2/Content/Assets/Enemies/Demon/Materials_Dark/M_DemonDark_Dissolve.uasset" 2247
"D:/UnrealProjects/Aura2/Content/Assets/Enemies/Demon/Materials_Dark/M_DemonDark_Dissolve.uexp" 2248
"D:/UnrealProjects/Aura2/Content/Assets/Enemies/Demon/Materials_Dark/MI_DemonDark_Dissolve.uasset" 2249
"D:/UnrealProjects/Aura2/Content/Assets/Enemies/Demon/Materials_Dark/MI_DemonDark_Dissolve.uexp" 2250
"D:/UnrealProjects/Aura2/Content/Blueprints/Character/ABP_Enemy.uasset" 2251
"D:/UnrealProjects/Aura2/Content/Blueprints/Character/ABP_Enemy.uexp" 2252
"D:/UnrealProjects/Aura2/Content/Assets/Enemies/Demon/SK_Demon.uasset" 2253
"D:/UnrealProjects/Aura2/Content/Assets/Enemies/Demon/SK_Demon.uexp" 2254
"D:/UnrealProjects/Aura2/Content/Assets/Sounds/FootSteps/wav/SFX_Footsteps_Stone_10.ubulk" 2255
"D:/UnrealProjects/Aura2/Content/Assets/Sounds/FootSteps/wav/SFX_Footsteps_Stone_10.uasset" 2256
"D:/UnrealProjects/Aura2/Content/Assets/Sounds/FootSteps/wav/SFX_Footsteps_Stone_10.uexp" 2257
"D:/UnrealProjects/Aura2/Content/Assets/Sounds/FootSteps/wav/SFX_Footsteps_Stone_09.ubulk" 2258
"D:/UnrealProjects/Aura2/Content/Assets/Sounds/FootSteps/wav/SFX_Footsteps_Stone_09.uasset" 2259
"D:/UnrealProjects/Aura2/Content/Assets/Sounds/FootSteps/wav/SFX_Footsteps_Stone_09.uexp" 2260
"D:/UnrealProjects/Aura2/Content/Assets/Sounds/FootSteps/wav/SFX_Footsteps_Stone_08.ubulk" 2261
"D:/UnrealProjects/Aura2/Content/Assets/Sounds/FootSteps/wav/SFX_Footsteps_Stone_08.uasset" 2262
"D:/UnrealProjects/Aura2/Content/Assets/Sounds/FootSteps/wav/SFX_Footsteps_Stone_08.uexp" 2263
"D:/UnrealProjects/Aura2/Content/Assets/Sounds/FootSteps/wav/SFX_Footsteps_Stone_07.ubulk" 2264
"D:/UnrealProjects/Aura2/Content/Assets/Sounds/FootSteps/wav/SFX_Footsteps_Stone_07.uasset" 2265
"D:/UnrealProjects/Aura2/Content/Assets/Sounds/FootSteps/wav/SFX_Footsteps_Stone_07.uexp" 2266
"D:/UnrealProjects/Aura2/Content/Assets/Sounds/FootSteps/wav/SFX_Footsteps_Stone_06.ubulk" 2267
"D:/UnrealProjects/Aura2/Content/Assets/Sounds/FootSteps/wav/SFX_Footsteps_Stone_06.uasset" 2268
"D:/UnrealProjects/Aura2/Content/Assets/Sounds/FootSteps/wav/SFX_Footsteps_Stone_06.uexp" 2269
"D:/UnrealProjects/Aura2/Content/Assets/Sounds/FootSteps/wav/SFX_Footsteps_Stone_05.ubulk" 2270
"D:/UnrealProjects/Aura2/Content/Assets/Sounds/FootSteps/wav/SFX_Footsteps_Stone_05.uasset" 2271
"D:/UnrealProjects/Aura2/Content/Assets/Sounds/FootSteps/wav/SFX_Footsteps_Stone_05.uexp" 2272
"D:/UnrealProjects/Aura2/Content/Assets/Sounds/FootSteps/wav/SFX_Footsteps_Stone_04.ubulk" 2273
"D:/UnrealProjects/Aura2/Content/Assets/Sounds/FootSteps/wav/SFX_Footsteps_Stone_04.uasset" 2274
"D:/UnrealProjects/Aura2/Content/Assets/Sounds/FootSteps/wav/SFX_Footsteps_Stone_04.uexp" 2275
"D:/UnrealProjects/Aura2/Content/Assets/Sounds/FootSteps/wav/SFX_Footsteps_Stone_03.ubulk" 2276
"D:/UnrealProjects/Aura2/Content/Assets/Sounds/FootSteps/wav/SFX_Footsteps_Stone_03.uasset" 2277
"D:/UnrealProjects/Aura2/Content/Assets/Sounds/FootSteps/wav/SFX_Footsteps_Stone_03.uexp" 2278
"D:/UnrealProjects/Aura2/Content/Assets/Sounds/FootSteps/wav/SFX_Footsteps_Stone_02.ubulk" 2279
"D:/UnrealProjects/Aura2/Content/Assets/Sounds/FootSteps/wav/SFX_Footsteps_Stone_02.uasset" 2280
"D:/UnrealProjects/Aura2/Content/Assets/Sounds/FootSteps/wav/SFX_Footsteps_Stone_02.uexp" 2281
"D:/UnrealProjects/Aura2/Content/Assets/Sounds/FootSteps/wav/SFX_Footsteps_Stone_01.ubulk" 2282
"D:/UnrealProjects/Aura2/Content/Assets/Sounds/FootSteps/wav/SFX_Footsteps_Stone_01.uasset" 2283
"D:/UnrealProjects/Aura2/Content/Assets/Sounds/FootSteps/wav/SFX_Footsteps_Stone_01.uexp" 2284
"D:/UnrealProjects/Aura2/Content/Assets/Sounds/FootSteps/sfx_Footsteps1_Quiet.uasset" 2285
"D:/UnrealProjects/Aura2/Content/Assets/Sounds/FootSteps/sfx_Footsteps1_Quiet.uexp" 2286
"D:/UnrealProjects/Aura2/Content/Assets/Enemies/Demon/Animations/Demon_Red_Run.uasset" 2287
"D:/UnrealProjects/Aura2/Content/Assets/Enemies/Demon/Animations/Demon_Red_Run.uexp" 2288
"D:/UnrealProjects/Aura2/Content/Assets/Enemies/Demon/Animations/Demon_Red_Idle.uasset" 2289
"D:/UnrealProjects/Aura2/Content/Assets/Enemies/Demon/Animations/Demon_Red_Idle.uexp" 2290
"D:/UnrealProjects/Aura2/Content/Assets/Enemies/Demon/Animations/BS_Demon_IdleRun.uasset" 2291
"D:/UnrealProjects/Aura2/Content/Assets/Enemies/Demon/Animations/BS_Demon_IdleRun.uexp" 2292
"D:/UnrealProjects/Aura2/Content/Assets/Enemies/Demon/Animations/Demon_Stun.uasset" 2293
"D:/UnrealProjects/Aura2/Content/Assets/Enemies/Demon/Animations/Demon_Stun.uexp" 2294
"D:/UnrealProjects/Aura2/Content/Assets/Enemies/Demon/Animations/DemonShockLoop.uasset" 2295
"D:/UnrealProjects/Aura2/Content/Assets/Enemies/Demon/Animations/DemonShockLoop.uexp" 2296
"D:/UnrealProjects/Aura2/Content/Blueprints/Character/Demon/ABP_Demon.uasset" 2297
"D:/UnrealProjects/Aura2/Content/Blueprints/Character/Demon/ABP_Demon.uexp" 2298
"D:/UnrealProjects/Aura2/Content/Assets/Sounds/Enemies/Ghoul/Death/SFX_Demon_Death_01.ubulk" 2299
"D:/UnrealProjects/Aura2/Content/Assets/Sounds/Enemies/Ghoul/Death/SFX_Demon_Death_01.uasset" 2300
"D:/UnrealProjects/Aura2/Content/Assets/Sounds/Enemies/Ghoul/Death/SFX_Demon_Death_01.uexp" 2301
"D:/UnrealProjects/Aura2/Content/Assets/Sounds/Enemies/Ghoul/Death/SFX_Demon_Death_02.ubulk" 2302
"D:/UnrealProjects/Aura2/Content/Assets/Sounds/Enemies/Ghoul/Death/SFX_Demon_Death_02.uasset" 2303
"D:/UnrealProjects/Aura2/Content/Assets/Sounds/Enemies/Ghoul/Death/SFX_Demon_Death_02.uexp" 2304
"D:/UnrealProjects/Aura2/Content/Assets/Sounds/Enemies/Ghoul/Death/SFX_Demon_Death_03.ubulk" 2305
"D:/UnrealProjects/Aura2/Content/Assets/Sounds/Enemies/Ghoul/Death/SFX_Demon_Death_03.uasset" 2306
"D:/UnrealProjects/Aura2/Content/Assets/Sounds/Enemies/Ghoul/Death/SFX_Demon_Death_03.uexp" 2307
"D:/UnrealProjects/Aura2/Content/Assets/Sounds/Enemies/Demon/Hurt/sfx_DemonHurt.uasset" 2308
"D:/UnrealProjects/Aura2/Content/Assets/Sounds/Enemies/Demon/Hurt/sfx_DemonHurt.uexp" 2309
"D:/UnrealProjects/Aura2/Content/Assets/Enemies/Demon/Animations/Demon_HitReact.uasset" 2310
"D:/UnrealProjects/Aura2/Content/Assets/Enemies/Demon/Animations/Demon_HitReact.uexp" 2311
"D:/UnrealProjects/Aura2/Content/Assets/Enemies/Demon/Animations/AM_HitReact_Demon.uasset" 2312
"D:/UnrealProjects/Aura2/Content/Assets/Enemies/Demon/Animations/AM_HitReact_Demon.uexp" 2313
"D:/UnrealProjects/Aura2/Content/Assets/Enemies/Demon/PA_Demon.uasset" 2314
"D:/UnrealProjects/Aura2/Content/Assets/Enemies/Demon/PA_Demon.uexp" 2315
"D:/UnrealProjects/Aura2/Content/Assets/Enemies/Demon/Materials_Red/DemonRed/Demon_low_M_Demon_OcclusionRoughnessMetallic.ubulk" 2316
"D:/UnrealProjects/Aura2/Content/Assets/Enemies/Demon/Materials_Red/DemonRed/Demon_low_M_Demon_OcclusionRoughnessMetallic.uasset" 2317
"D:/UnrealProjects/Aura2/Content/Assets/Enemies/Demon/Materials_Red/DemonRed/Demon_low_M_Demon_OcclusionRoughnessMetallic.uexp" 2318
"D:/UnrealProjects/Aura2/Content/Assets/Enemies/Demon/Materials_Red/DemonRed/Demon_low_M_Demon_BaseColor.ubulk" 2319
"D:/UnrealProjects/Aura2/Content/Assets/Enemies/Demon/Materials_Red/DemonRed/Demon_low_M_Demon_BaseColor.uasset" 2320
"D:/UnrealProjects/Aura2/Content/Assets/Enemies/Demon/Materials_Red/DemonRed/Demon_low_M_Demon_BaseColor.uexp" 2321
"D:/UnrealProjects/Aura2/Content/Assets/Enemies/Demon/Materials_Red/DemonRed/Demon_low_M_Demon_Normal.ubulk" 2322
"D:/UnrealProjects/Aura2/Content/Assets/Enemies/Demon/Materials_Red/DemonRed/Demon_low_M_Demon_Normal.uasset" 2323
"D:/UnrealProjects/Aura2/Content/Assets/Enemies/Demon/Materials_Red/DemonRed/Demon_low_M_Demon_Normal.uexp" 2324
"D:/UnrealProjects/Aura2/Content/Assets/Enemies/Demon/Materials_Red/M_Demon_Red.uasset" 2325
"D:/UnrealProjects/Aura2/Content/Assets/Enemies/Demon/Materials_Red/M_Demon_Red.uexp" 2326
"D:/UnrealProjects/Aura2/Content/Assets/Enemies/Demon/SKM_Demon.uasset" 2327
"D:/UnrealProjects/Aura2/Content/Assets/Enemies/Demon/SKM_Demon.uexp" 2328
"D:/UnrealProjects/Aura2/Content/Assets/Sounds/Enemies/Demon/Death/sfx_DemonDeath.uasset" 2329
"D:/UnrealProjects/Aura2/Content/Assets/Sounds/Enemies/Demon/Death/sfx_DemonDeath.uexp" 2330
"D:/UnrealProjects/Aura2/Content/Assets/Sounds/Enemies/Ghoul/Swipe/SFX_Swipe_03.ubulk" 2331
"D:/UnrealProjects/Aura2/Content/Assets/Sounds/Enemies/Ghoul/Swipe/SFX_Swipe_03.uasset" 2332
"D:/UnrealProjects/Aura2/Content/Assets/Sounds/Enemies/Ghoul/Swipe/SFX_Swipe_03.uexp" 2333
"D:/UnrealProjects/Aura2/Content/Assets/Sounds/Enemies/Ghoul/Swipe/SFX_Swipe_02.ubulk" 2334
"D:/UnrealProjects/Aura2/Content/Assets/Sounds/Enemies/Ghoul/Swipe/SFX_Swipe_02.uasset" 2335
"D:/UnrealProjects/Aura2/Content/Assets/Sounds/Enemies/Ghoul/Swipe/SFX_Swipe_02.uexp" 2336
"D:/UnrealProjects/Aura2/Content/Assets/Sounds/Enemies/Ghoul/Swipe/SFX_Swipe_01.ubulk" 2337
"D:/UnrealProjects/Aura2/Content/Assets/Sounds/Enemies/Ghoul/Swipe/SFX_Swipe_01.uasset" 2338
"D:/UnrealProjects/Aura2/Content/Assets/Sounds/Enemies/Ghoul/Swipe/SFX_Swipe_01.uexp" 2339
"D:/UnrealProjects/Aura2/Content/Assets/Sounds/Enemies/Ghoul/Swipe/sfx_Swipe_Quiet.uasset" 2340
"D:/UnrealProjects/Aura2/Content/Assets/Sounds/Enemies/Ghoul/Swipe/sfx_Swipe_Quiet.uexp" 2341
"D:/UnrealProjects/Aura2/Content/Assets/Enemies/Demon/Animations/Demon_Throw.uasset" 2342
"D:/UnrealProjects/Aura2/Content/Assets/Enemies/Demon/Animations/Demon_Throw.uexp" 2343
"D:/UnrealProjects/Aura2/Content/Assets/Enemies/Demon/Animations/AM_Demon_Throw.uasset" 2344
"D:/UnrealProjects/Aura2/Content/Assets/Enemies/Demon/Animations/AM_Demon_Throw.uexp" 2345
"D:/UnrealProjects/Aura2/Content/Assets/Enemies/Demon/Materials_Dark/M_DemonDark.uasset" 2346
"D:/UnrealProjects/Aura2/Content/Assets/Enemies/Demon/Materials_Dark/M_DemonDark.uexp" 2347
"D:/UnrealProjects/Aura2/Content/Blueprints/Character/Demon/BP_Demon_Ranger.uasset" 2348
"D:/UnrealProjects/Aura2/Content/Blueprints/Character/Demon/BP_Demon_Ranger.uexp" 2349
"D:/UnrealProjects/Aura2/Content/Assets/Sounds/Enemies/Ghoul/Attack/SFX_Enemies_Ghoul_Attack_ClawSwipe_04.ubulk" 2350
"D:/UnrealProjects/Aura2/Content/Assets/Sounds/Enemies/Ghoul/Attack/SFX_Enemies_Ghoul_Attack_ClawSwipe_04.uasset" 2351
"D:/UnrealProjects/Aura2/Content/Assets/Sounds/Enemies/Ghoul/Attack/SFX_Enemies_Ghoul_Attack_ClawSwipe_04.uexp" 2352
"D:/UnrealProjects/Aura2/Content/Assets/Sounds/Enemies/Ghoul/Attack/SFX_Enemies_Ghoul_Attack_ClawSwipe_03.ubulk" 2353
"D:/UnrealProjects/Aura2/Content/Assets/Sounds/Enemies/Ghoul/Attack/SFX_Enemies_Ghoul_Attack_ClawSwipe_03.uasset" 2354
"D:/UnrealProjects/Aura2/Content/Assets/Sounds/Enemies/Ghoul/Attack/SFX_Enemies_Ghoul_Attack_ClawSwipe_03.uexp" 2355
"D:/UnrealProjects/Aura2/Content/Assets/Sounds/Enemies/Ghoul/Attack/SFX_Enemies_Ghoul_Attack_ClawSwipe_02.ubulk" 2356
"D:/UnrealProjects/Aura2/Content/Assets/Sounds/Enemies/Ghoul/Attack/SFX_Enemies_Ghoul_Attack_ClawSwipe_02.uasset" 2357
"D:/UnrealProjects/Aura2/Content/Assets/Sounds/Enemies/Ghoul/Attack/SFX_Enemies_Ghoul_Attack_ClawSwipe_02.uexp" 2358
"D:/UnrealProjects/Aura2/Content/Assets/Sounds/Enemies/Ghoul/Attack/SFX_Enemies_Ghoul_Attack_ClawSwipe_01.ubulk" 2359
"D:/UnrealProjects/Aura2/Content/Assets/Sounds/Enemies/Ghoul/Attack/SFX_Enemies_Ghoul_Attack_ClawSwipe_01.uasset" 2360
"D:/UnrealProjects/Aura2/Content/Assets/Sounds/Enemies/Ghoul/Attack/SFX_Enemies_Ghoul_Attack_ClawSwipe_01.uexp" 2361
"D:/UnrealProjects/Aura2/Content/Assets/Sounds/Enemies/Ghoul/Attack/sfx_GhoulAttack.uasset" 2362
"D:/UnrealProjects/Aura2/Content/Assets/Sounds/Enemies/Ghoul/Attack/sfx_GhoulAttack.uexp" 2363
"../../../Engine/Content/Animation/DefaultRecorderBoneCompression.uasset" 2364
"../../../Engine/Content/Animation/DefaultRecorderBoneCompression.uexp" 2365
"D:/UnrealProjects/Aura2/Content/Assets/Enemies/Demon/Animations/Demon_Attack_L.uasset" 2366
"D:/UnrealProjects/Aura2/Content/Assets/Enemies/Demon/Animations/Demon_Attack_L.uexp" 2367
"D:/UnrealProjects/Aura2/Content/Assets/Enemies/Demon/Animations/AM_Attack_Demon_L.uasset" 2368
"D:/UnrealProjects/Aura2/Content/Assets/Enemies/Demon/Animations/AM_Attack_Demon_L.uexp" 2369
"D:/UnrealProjects/Aura2/Content/Assets/Enemies/Demon/Animations/Demon_Attack_R.uasset" 2370
"D:/UnrealProjects/Aura2/Content/Assets/Enemies/Demon/Animations/Demon_Attack_R.uexp" 2371
"D:/UnrealProjects/Aura2/Content/Assets/Enemies/Demon/Animations/AM_Attack_Demon_R.uasset" 2372
"D:/UnrealProjects/Aura2/Content/Assets/Enemies/Demon/Animations/AM_Attack_Demon_R.uexp" 2373
"D:/UnrealProjects/Aura2/Content/Assets/Enemies/Demon/Materials_Red/M_DemonRed_Dissolve.uasset" 2374
"D:/UnrealProjects/Aura2/Content/Assets/Enemies/Demon/Materials_Red/M_DemonRed_Dissolve.uexp" 2375
"D:/UnrealProjects/Aura2/Content/Assets/Enemies/Demon/Materials_Red/MI_Demon_Red_Dissolve.uasset" 2376
"D:/UnrealProjects/Aura2/Content/Assets/Enemies/Demon/Materials_Red/MI_Demon_Red_Dissolve.uexp" 2377
"D:/UnrealProjects/Aura2/Content/Assets/Sounds/Enemies/Ghoul/Swipe/sfx_Swipe.uasset" 2378
"D:/UnrealProjects/Aura2/Content/Assets/Sounds/Enemies/Ghoul/Swipe/sfx_Swipe.uexp" 2379
"D:/UnrealProjects/Aura2/Content/Blueprints/Character/Demon/BP_Demon_Warrior.uasset" 2380
"D:/UnrealProjects/Aura2/Content/Blueprints/Character/Demon/BP_Demon_Warrior.uexp" 2381
"D:/UnrealProjects/Aura2/Content/Assets/Enemies/Shaman/SK_Shaman.uasset" 2382
"D:/UnrealProjects/Aura2/Content/Assets/Enemies/Shaman/SK_Shaman.uexp" 2383
"D:/UnrealProjects/Aura2/Content/Assets/Enemies/Shaman/Animations/Shaman_Summon.uasset" 2384
"D:/UnrealProjects/Aura2/Content/Assets/Enemies/Shaman/Animations/Shaman_Summon.uexp" 2385
"D:/UnrealProjects/Aura2/Content/Assets/Enemies/Shaman/Animations/AM_Shaman_Summon.uasset" 2386
"D:/UnrealProjects/Aura2/Content/Assets/Enemies/Shaman/Animations/AM_Shaman_Summon.uexp" 2387
"D:/UnrealProjects/Aura2/Content/Blueprints/AbilitySystem/Enemy/Abilities/GA_SummonAbility.uasset" 2388
"D:/UnrealProjects/Aura2/Content/Blueprints/AbilitySystem/Enemy/Abilities/GA_SummonAbility.uexp" 2389
"D:/UnrealProjects/Aura2/Content/Assets/Sounds/Abilities/Shock/wav/SFX_SpinningBeam.ubulk" 2390
"D:/UnrealProjects/Aura2/Content/Assets/Sounds/Abilities/Shock/wav/SFX_SpinningBeam.uasset" 2391
"D:/UnrealProjects/Aura2/Content/Assets/Sounds/Abilities/Shock/wav/SFX_SpinningBeam.uexp" 2392
"D:/UnrealProjects/Aura2/Content/Assets/Sounds/Abilities/Shock/wav/SFX_SpinningBeam_Loop.ubulk" 2393
"D:/UnrealProjects/Aura2/Content/Assets/Sounds/Abilities/Shock/wav/SFX_SpinningBeam_Loop.uasset" 2394
"D:/UnrealProjects/Aura2/Content/Assets/Sounds/Abilities/Shock/wav/SFX_SpinningBeam_Loop.uexp" 2395
"D:/UnrealProjects/Aura2/Content/Blueprints/Actor/BP_SpinningBeamActor.uasset" 2396
"D:/UnrealProjects/Aura2/Content/Blueprints/Actor/BP_SpinningBeamActor.uexp" 2397
"D:/UnrealProjects/Aura2/Content/Blueprints/AbilitySystem/Enemy/Effects/GE_SpinningBeam_CoolDown.uasset" 2398
"D:/UnrealProjects/Aura2/Content/Blueprints/AbilitySystem/Enemy/Effects/GE_SpinningBeam_CoolDown.uexp" 2399
"D:/UnrealProjects/Aura2/Content/Assets/Sounds/Enemies/Goblin/Roar/Goblin_Roar.ubulk" 2400
"D:/UnrealProjects/Aura2/Content/Assets/Sounds/Enemies/Goblin/Roar/Goblin_Roar.uasset" 2401
"D:/UnrealProjects/Aura2/Content/Assets/Sounds/Enemies/Goblin/Roar/Goblin_Roar.uexp" 2402
"D:/UnrealProjects/Aura2/Content/Assets/Sounds/Enemies/Goblin/Hurt/SFX_Goblin_Hurt_03.ubulk" 2403
"D:/UnrealProjects/Aura2/Content/Assets/Sounds/Enemies/Goblin/Hurt/SFX_Goblin_Hurt_03.uasset" 2404
"D:/UnrealProjects/Aura2/Content/Assets/Sounds/Enemies/Goblin/Hurt/SFX_Goblin_Hurt_03.uexp" 2405
"D:/UnrealProjects/Aura2/Content/Assets/Sounds/Enemies/Goblin/Hurt/SFX_Goblin_Hurt_02.ubulk" 2406
"D:/UnrealProjects/Aura2/Content/Assets/Sounds/Enemies/Goblin/Hurt/SFX_Goblin_Hurt_02.uasset" 2407
"D:/UnrealProjects/Aura2/Content/Assets/Sounds/Enemies/Goblin/Hurt/SFX_Goblin_Hurt_02.uexp" 2408
"D:/UnrealProjects/Aura2/Content/Assets/Sounds/Enemies/Goblin/Hurt/SFX_Goblin_Hurt_01.ubulk" 2409
"D:/UnrealProjects/Aura2/Content/Assets/Sounds/Enemies/Goblin/Hurt/SFX_Goblin_Hurt_01.uasset" 2410
"D:/UnrealProjects/Aura2/Content/Assets/Sounds/Enemies/Goblin/Hurt/SFX_Goblin_Hurt_01.uexp" 2411
"D:/UnrealProjects/Aura2/Content/Assets/Sounds/Enemies/Goblin/Hurt/sfx_Goblin_Roar.uasset" 2412
"D:/UnrealProjects/Aura2/Content/Assets/Sounds/Enemies/Goblin/Hurt/sfx_Goblin_Roar.uexp" 2413
"D:/UnrealProjects/Aura2/Content/Assets/Enemies/Shaman/Animations/Shaman_Roar.uasset" 2414
"D:/UnrealProjects/Aura2/Content/Assets/Enemies/Shaman/Animations/Shaman_Roar.uexp" 2415
"D:/UnrealProjects/Aura2/Content/Assets/Enemies/Shaman/Animations/AM_Shaman_SpinningBeam.uasset" 2416
"D:/UnrealProjects/Aura2/Content/Assets/Enemies/Shaman/Animations/AM_Shaman_SpinningBeam.uexp" 2417
"D:/UnrealProjects/Aura2/Content/Blueprints/AbilitySystem/Enemy/Abilities/GA_SpinningBeam.uasset" 2418
"D:/UnrealProjects/Aura2/Content/Blueprints/AbilitySystem/Enemy/Abilities/GA_SpinningBeam.uexp" 2419
"D:/UnrealProjects/Aura2/Content/Blueprints/AbilitySystem/SharedDamageEffects/GE_Damage_Slingshot.uasset" 2420
"D:/UnrealProjects/Aura2/Content/Blueprints/AbilitySystem/SharedDamageEffects/GE_Damage_Slingshot.uexp" 2421
"D:/UnrealProjects/Aura2/Content/Blueprints/AbilitySystem/Enemy/Abilities/BP_SlingshotRock.uasset" 2422
"D:/UnrealProjects/Aura2/Content/Blueprints/AbilitySystem/Enemy/Abilities/BP_SlingshotRock.uexp" 2423
"D:/UnrealProjects/Aura2/Content/Blueprints/AbilitySystem/Enemy/Abilities/GA_RangedAttack.uasset" 2424
"D:/UnrealProjects/Aura2/Content/Blueprints/AbilitySystem/Enemy/Abilities/GA_RangedAttack.uexp" 2425
"D:/UnrealProjects/Aura2/Content/Assets/Sounds/Enemies/Goblin/Swoosh/SFX_Sword_Swoosh_06.ubulk" 2426
"D:/UnrealProjects/Aura2/Content/Assets/Sounds/Enemies/Goblin/Swoosh/SFX_Sword_Swoosh_06.uasset" 2427
"D:/UnrealProjects/Aura2/Content/Assets/Sounds/Enemies/Goblin/Swoosh/SFX_Sword_Swoosh_06.uexp" 2428
"D:/UnrealProjects/Aura2/Content/Assets/Sounds/Enemies/Goblin/Swoosh/SFX_Sword_Swoosh_05.ubulk" 2429
"D:/UnrealProjects/Aura2/Content/Assets/Sounds/Enemies/Goblin/Swoosh/SFX_Sword_Swoosh_05.uasset" 2430
"D:/UnrealProjects/Aura2/Content/Assets/Sounds/Enemies/Goblin/Swoosh/SFX_Sword_Swoosh_05.uexp" 2431
"D:/UnrealProjects/Aura2/Content/Assets/Sounds/Enemies/Goblin/Swoosh/SFX_Sword_Swoosh_04.ubulk" 2432
"D:/UnrealProjects/Aura2/Content/Assets/Sounds/Enemies/Goblin/Swoosh/SFX_Sword_Swoosh_04.uasset" 2433
"D:/UnrealProjects/Aura2/Content/Assets/Sounds/Enemies/Goblin/Swoosh/SFX_Sword_Swoosh_04.uexp" 2434
"D:/UnrealProjects/Aura2/Content/Assets/Sounds/Enemies/Goblin/Swoosh/SFX_Sword_Swoosh_03.ubulk" 2435
"D:/UnrealProjects/Aura2/Content/Assets/Sounds/Enemies/Goblin/Swoosh/SFX_Sword_Swoosh_03.uasset" 2436
"D:/UnrealProjects/Aura2/Content/Assets/Sounds/Enemies/Goblin/Swoosh/SFX_Sword_Swoosh_03.uexp" 2437
"D:/UnrealProjects/Aura2/Content/Assets/Sounds/Enemies/Goblin/Swoosh/SFX_Sword_Swoosh_02.ubulk" 2438
"D:/UnrealProjects/Aura2/Content/Assets/Sounds/Enemies/Goblin/Swoosh/SFX_Sword_Swoosh_02.uasset" 2439
"D:/UnrealProjects/Aura2/Content/Assets/Sounds/Enemies/Goblin/Swoosh/SFX_Sword_Swoosh_02.uexp" 2440
"D:/UnrealProjects/Aura2/Content/Assets/Sounds/Enemies/Goblin/Swoosh/SFX_Sword_Swoosh_01.ubulk" 2441
"D:/UnrealProjects/Aura2/Content/Assets/Sounds/Enemies/Goblin/Swoosh/SFX_Sword_Swoosh_01.uasset" 2442
"D:/UnrealProjects/Aura2/Content/Assets/Sounds/Enemies/Goblin/Swoosh/SFX_Sword_Swoosh_01.uexp" 2443
"D:/UnrealProjects/Aura2/Content/Assets/Sounds/Enemies/Goblin/Swoosh/sfx_Swoosh.uasset" 2444
"D:/UnrealProjects/Aura2/Content/Assets/Sounds/Enemies/Goblin/Swoosh/sfx_Swoosh.uexp" 2445
"D:/UnrealProjects/Aura2/Content/Assets/Enemies/Goblin/SK_Goblin.uasset" 2446
"D:/UnrealProjects/Aura2/Content/Assets/Enemies/Goblin/SK_Goblin.uexp" 2447
"D:/UnrealProjects/Aura2/Content/Assets/Enemies/Goblin/Animations/Spear/Attack_Spear.uasset" 2448
"D:/UnrealProjects/Aura2/Content/Assets/Enemies/Goblin/Animations/Spear/Attack_Spear.uexp" 2449
"D:/UnrealProjects/Aura2/Content/Assets/Enemies/Goblin/Animations/Spear/AM_Attack_Spear_Montage.uasset" 2450
"D:/UnrealProjects/Aura2/Content/Assets/Enemies/Goblin/Animations/Spear/AM_Attack_Spear_Montage.uexp" 2451
"D:/UnrealProjects/Aura2/Content/Blueprints/AbilitySystem/Enemy/Abilities/GA_MeleeAttack.uasset" 2452
"D:/UnrealProjects/Aura2/Content/Blueprints/AbilitySystem/Enemy/Abilities/GA_MeleeAttack.uexp" 2453
"D:/UnrealProjects/Aura2/Content/Blueprints/AbilitySystem/Enemy/Effects/GE_HitReact.uasset" 2454
"D:/UnrealProjects/Aura2/Content/Blueprints/AbilitySystem/Enemy/Effects/GE_HitReact.uexp" 2455
"D:/UnrealProjects/Aura2/Content/Blueprints/AbilitySystem/Enemy/Abilities/GA_HitReact.uasset" 2456
"D:/UnrealProjects/Aura2/Content/Blueprints/AbilitySystem/Enemy/Abilities/GA_HitReact.uexp" 2457
"D:/UnrealProjects/Aura2/Content/Blueprints/AbilitySystem/Enemy/Abilities/GA_Ghoul_MeleeAttack.uasset" 2458
"D:/UnrealProjects/Aura2/Content/Blueprints/AbilitySystem/Enemy/Abilities/GA_Ghoul_MeleeAttack.uexp" 2459
"D:/UnrealProjects/Aura2/Content/Blueprints/AbilitySystem/Enemy/Effects/GE_Cooldown_EnemyFireNado.uasset" 2460
"D:/UnrealProjects/Aura2/Content/Blueprints/AbilitySystem/Enemy/Effects/GE_Cooldown_EnemyFireNado.uexp" 2461
"D:/UnrealProjects/Aura2/Content/Assets/Enemies/Shaman/Animations/Shaman_FireNado.uasset" 2462
"D:/UnrealProjects/Aura2/Content/Assets/Enemies/Shaman/Animations/Shaman_FireNado.uexp" 2463
"D:/UnrealProjects/Aura2/Content/Assets/Enemies/Shaman/Animations/AM_Shaman_FireNado.uasset" 2464
"D:/UnrealProjects/Aura2/Content/Assets/Enemies/Shaman/Animations/AM_Shaman_FireNado.uexp" 2465
"D:/UnrealProjects/Aura2/Content/Blueprints/AbilitySystem/Enemy/Abilities/GA_EnemyFireNado.uasset" 2466
"D:/UnrealProjects/Aura2/Content/Blueprints/AbilitySystem/Enemy/Abilities/GA_EnemyFireNado.uexp" 2467
"D:/UnrealProjects/Aura2/Content/Assets/Enemies/Shaman/Animations/Shaman_Attack.uasset" 2468
"D:/UnrealProjects/Aura2/Content/Assets/Enemies/Shaman/Animations/Shaman_Attack.uexp" 2469
"D:/UnrealProjects/Aura2/Content/Assets/Enemies/Shaman/Animations/AM_Shaman_FireBolt.uasset" 2470
"D:/UnrealProjects/Aura2/Content/Assets/Enemies/Shaman/Animations/AM_Shaman_FireBolt.uexp" 2471
"D:/UnrealProjects/Aura2/Content/Blueprints/AbilitySystem/Enemy/Effects/GE_Boss_FireBolt_Cooldown.uasset" 2472
"D:/UnrealProjects/Aura2/Content/Blueprints/AbilitySystem/Enemy/Effects/GE_Boss_FireBolt_Cooldown.uexp" 2473
"D:/UnrealProjects/Aura2/Content/Blueprints/AbilitySystem/Enemy/Abilities/GA_MagicAttack.uasset" 2474
"D:/UnrealProjects/Aura2/Content/Blueprints/AbilitySystem/Enemy/Abilities/GA_MagicAttack.uexp" 2475
"D:/UnrealProjects/Aura2/Content/Blueprints/AbilitySystem/Enemy/Abilities/GA_EnemyFirebolt.uasset" 2476
"D:/UnrealProjects/Aura2/Content/Blueprints/AbilitySystem/Enemy/Abilities/GA_EnemyFirebolt.uexp" 2477
"D:/UnrealProjects/Aura2/Content/Blueprints/AbilitySystem/Enemy/Effects/GE_Boss_FireBlast_Cooldown.uasset" 2478
"D:/UnrealProjects/Aura2/Content/Blueprints/AbilitySystem/Enemy/Effects/GE_Boss_FireBlast_Cooldown.uexp" 2479
"D:/UnrealProjects/Aura2/Content/Blueprints/AbilitySystem/Enemy/Abilities/GA_EnemyFireBlast.uasset" 2480
"D:/UnrealProjects/Aura2/Content/Blueprints/AbilitySystem/Enemy/Abilities/GA_EnemyFireBlast.uexp" 2481
"D:/UnrealProjects/Aura2/Content/Assets/Enemies/Shaman/Animations/AM_Shaman_ArcaneShards.uasset" 2482
"D:/UnrealProjects/Aura2/Content/Assets/Enemies/Shaman/Animations/AM_Shaman_ArcaneShards.uexp" 2483
"D:/UnrealProjects/Aura2/Content/Blueprints/AbilitySystem/Enemy/Effects/GE_Cooldown_Enemy_ArcaneShards.uasset" 2484
"D:/UnrealProjects/Aura2/Content/Blueprints/AbilitySystem/Enemy/Effects/GE_Cooldown_Enemy_ArcaneShards.uexp" 2485
"D:/UnrealProjects/Aura2/Content/Blueprints/AbilitySystem/Enemy/Abilities/GA_EnemyArcaneShards.uasset" 2486
"D:/UnrealProjects/Aura2/Content/Blueprints/AbilitySystem/Enemy/Abilities/GA_EnemyArcaneShards.uexp" 2487
"D:/UnrealProjects/Aura2/Content/Blueprints/AbilitySystem/Enemy/Effects/GE_Cooldown_ConeBeam.uasset" 2488
"D:/UnrealProjects/Aura2/Content/Blueprints/AbilitySystem/Enemy/Effects/GE_Cooldown_ConeBeam.uexp" 2489
"D:/UnrealProjects/Aura2/Content/Blueprints/AbilitySystem/Enemy/Abilities/GA_ConeBeam.uasset" 2490
"D:/UnrealProjects/Aura2/Content/Blueprints/AbilitySystem/Enemy/Abilities/GA_ConeBeam.uexp" 2491
"D:/UnrealProjects/Aura2/Content/Blueprints/AbilitySystem/Enemy/Abilities/GA_Boss_Firebolt.uasset" 2492
"D:/UnrealProjects/Aura2/Content/Blueprints/AbilitySystem/Enemy/Abilities/GA_Boss_Firebolt.uexp" 2493
"D:/UnrealProjects/Aura2/Content/Blueprints/AbilitySystem/Enemy/Abilities/GA_RangedAttack_KnockBack.uasset" 2494
"D:/UnrealProjects/Aura2/Content/Blueprints/AbilitySystem/Enemy/Abilities/GA_RangedAttack_KnockBack.uexp" 2495
"D:/UnrealProjects/Aura2/Content/Blueprints/AbilitySystem/Data/CT_XP_Reward.uasset" 2496
"D:/UnrealProjects/Aura2/Content/Blueprints/AbilitySystem/Data/CT_XP_Reward.uexp" 2497
"D:/UnrealProjects/Aura2/Content/Blueprints/AbilitySystem/Aura/Effects/GE_VitalAttributes1_SetByCaller.uasset" 2498
"D:/UnrealProjects/Aura2/Content/Blueprints/AbilitySystem/Aura/Effects/GE_VitalAttributes1_SetByCaller.uexp" 2499
"D:/UnrealProjects/Aura2/Content/Blueprints/AbilitySystem/Aura/Effects/GE_PrimaryAttributes_SetbyCaller.uasset" 2500
"D:/UnrealProjects/Aura2/Content/Blueprints/AbilitySystem/Aura/Effects/GE_PrimaryAttributes_SetbyCaller.uexp" 2501
"D:/UnrealProjects/Aura2/Content/Blueprints/AbilitySystem/Enemy/Abilities/GA_SpinningBeam_Fixed.uasset" 2502
"D:/UnrealProjects/Aura2/Content/Blueprints/AbilitySystem/Enemy/Abilities/GA_SpinningBeam_Fixed.uexp" 2503
"D:/UnrealProjects/Aura2/Content/Blueprints/AbilitySystem/Enemy/Abilities/GA_EnemyArcaneShards_Knockback.uasset" 2504
"D:/UnrealProjects/Aura2/Content/Blueprints/AbilitySystem/Enemy/Abilities/GA_EnemyArcaneShards_Knockback.uexp" 2505
"D:/UnrealProjects/Aura2/Content/Blueprints/AbilitySystem/Data/DA_CharacterClassInfo.uasset" 2506
"D:/UnrealProjects/Aura2/Content/Blueprints/AbilitySystem/Data/DA_CharacterClassInfo.uexp" 2507
"D:/UnrealProjects/Aura2/Content/Blueprints/AbilitySystem/Enemy/Effects/AbilityUpgrades/GE_Enemy_ArcaneShards_FirstLargeShard.uasset" 2508
"D:/UnrealProjects/Aura2/Content/Blueprints/AbilitySystem/Enemy/Effects/AbilityUpgrades/GE_Enemy_ArcaneShards_FirstLargeShard.uexp" 2509
"D:/UnrealProjects/Aura2/Content/Blueprints/AbilitySystem/Data/DA_EnemyAbilityUpgradeInfo.uasset" 2510
"D:/UnrealProjects/Aura2/Content/Blueprints/AbilitySystem/Data/DA_EnemyAbilityUpgradeInfo.uexp" 2511
"D:/UnrealProjects/Aura2/Content/Assets/Sounds/Potions/Consume/SFX_Potion_Consume_03.ubulk" 2512
"D:/UnrealProjects/Aura2/Content/Assets/Sounds/Potions/Consume/SFX_Potion_Consume_03.uasset" 2513
"D:/UnrealProjects/Aura2/Content/Assets/Sounds/Potions/Consume/SFX_Potion_Consume_03.uexp" 2514
"D:/UnrealProjects/Aura2/Content/Assets/Sounds/Potions/Consume/SFX_Potion_Consume_02.ubulk" 2515
"D:/UnrealProjects/Aura2/Content/Assets/Sounds/Potions/Consume/SFX_Potion_Consume_02.uasset" 2516
"D:/UnrealProjects/Aura2/Content/Assets/Sounds/Potions/Consume/SFX_Potion_Consume_02.uexp" 2517
"D:/UnrealProjects/Aura2/Content/Assets/Sounds/Potions/Consume/SFX_Potion_Consume_01.ubulk" 2518
"D:/UnrealProjects/Aura2/Content/Assets/Sounds/Potions/Consume/SFX_Potion_Consume_01.uasset" 2519
"D:/UnrealProjects/Aura2/Content/Assets/Sounds/Potions/Consume/SFX_Potion_Consume_01.uexp" 2520
"D:/UnrealProjects/Aura2/Content/Assets/Sounds/Potions/Consume/sfx_Potion_Consume.uasset" 2521
"D:/UnrealProjects/Aura2/Content/Assets/Sounds/Potions/Consume/sfx_Potion_Consume.uexp" 2522
"D:/UnrealProjects/Aura2/Content/Assets/Sounds/Potions/HitGround/SFX_Potion_HitGround_03.ubulk" 2523
"D:/UnrealProjects/Aura2/Content/Assets/Sounds/Potions/HitGround/SFX_Potion_HitGround_03.uasset" 2524
"D:/UnrealProjects/Aura2/Content/Assets/Sounds/Potions/HitGround/SFX_Potion_HitGround_03.uexp" 2525
"D:/UnrealProjects/Aura2/Content/Assets/Sounds/Potions/HitGround/SFX_Potion_HitGround_02.ubulk" 2526
"D:/UnrealProjects/Aura2/Content/Assets/Sounds/Potions/HitGround/SFX_Potion_HitGround_02.uasset" 2527
"D:/UnrealProjects/Aura2/Content/Assets/Sounds/Potions/HitGround/SFX_Potion_HitGround_02.uexp" 2528
"D:/UnrealProjects/Aura2/Content/Assets/Sounds/Potions/HitGround/SFX_Potion_HitGround_01.ubulk" 2529
"D:/UnrealProjects/Aura2/Content/Assets/Sounds/Potions/HitGround/SFX_Potion_HitGround_01.uasset" 2530
"D:/UnrealProjects/Aura2/Content/Assets/Sounds/Potions/HitGround/SFX_Potion_HitGround_01.uexp" 2531
"D:/UnrealProjects/Aura2/Content/Assets/Sounds/Potions/HitGround/sfx_Potion_HitGround.uasset" 2532
"D:/UnrealProjects/Aura2/Content/Assets/Sounds/Potions/HitGround/sfx_Potion_HitGround.uexp" 2533
"D:/UnrealProjects/Aura2/Content/Assets/Sounds/Potions/Spawn/SFX_Potion_PopsOut_04.ubulk" 2534
"D:/UnrealProjects/Aura2/Content/Assets/Sounds/Potions/Spawn/SFX_Potion_PopsOut_04.uasset" 2535
"D:/UnrealProjects/Aura2/Content/Assets/Sounds/Potions/Spawn/SFX_Potion_PopsOut_04.uexp" 2536
"D:/UnrealProjects/Aura2/Content/Assets/Sounds/Potions/Spawn/SFX_Potion_PopsOut_03.ubulk" 2537
"D:/UnrealProjects/Aura2/Content/Assets/Sounds/Potions/Spawn/SFX_Potion_PopsOut_03.uasset" 2538
"D:/UnrealProjects/Aura2/Content/Assets/Sounds/Potions/Spawn/SFX_Potion_PopsOut_03.uexp" 2539
"D:/UnrealProjects/Aura2/Content/Assets/Sounds/Potions/Spawn/SFX_Potion_PopsOut_02.ubulk" 2540
"D:/UnrealProjects/Aura2/Content/Assets/Sounds/Potions/Spawn/SFX_Potion_PopsOut_02.uasset" 2541
"D:/UnrealProjects/Aura2/Content/Assets/Sounds/Potions/Spawn/SFX_Potion_PopsOut_02.uexp" 2542
"D:/UnrealProjects/Aura2/Content/Assets/Sounds/Potions/Spawn/SFX_Potion_PopsOut_01.ubulk" 2543
"D:/UnrealProjects/Aura2/Content/Assets/Sounds/Potions/Spawn/SFX_Potion_PopsOut_01.uasset" 2544
"D:/UnrealProjects/Aura2/Content/Assets/Sounds/Potions/Spawn/SFX_Potion_PopsOut_01.uexp" 2545
"D:/UnrealProjects/Aura2/Content/Assets/Sounds/Potions/Spawn/sfx_Potion_Spawn.uasset" 2546
"D:/UnrealProjects/Aura2/Content/Assets/Sounds/Potions/Spawn/sfx_Potion_Spawn.uexp" 2547
"D:/UnrealProjects/Aura2/Content/Blueprints/Actor/BP_Pickup_Base.uasset" 2548
"D:/UnrealProjects/Aura2/Content/Blueprints/Actor/BP_Pickup_Base.uexp" 2549
"D:/UnrealProjects/Aura2/Content/Assets/Pickups/Potions/Liquid/T_WhiteLiquid_Opacity.ubulk" 2550
"D:/UnrealProjects/Aura2/Content/Assets/Pickups/Potions/Liquid/T_WhiteLiquid_Opacity.uasset" 2551
"D:/UnrealProjects/Aura2/Content/Assets/Pickups/Potions/Liquid/T_WhiteLiquid_Opacity.uexp" 2552
"D:/UnrealProjects/Aura2/Content/Assets/Pickups/Potions/Liquid/T_WhiteLiquid_OcclusionRoughnessMetallic.ubulk" 2553
"D:/UnrealProjects/Aura2/Content/Assets/Pickups/Potions/Liquid/T_WhiteLiquid_OcclusionRoughnessMetallic.uasset" 2554
"D:/UnrealProjects/Aura2/Content/Assets/Pickups/Potions/Liquid/T_WhiteLiquid_OcclusionRoughnessMetallic.uexp" 2555
"D:/UnrealProjects/Aura2/Content/Assets/Pickups/Potions/Liquid/T_WhiteLiquid_Normal.ubulk" 2556
"D:/UnrealProjects/Aura2/Content/Assets/Pickups/Potions/Liquid/T_WhiteLiquid_Normal.uasset" 2557
"D:/UnrealProjects/Aura2/Content/Assets/Pickups/Potions/Liquid/T_WhiteLiquid_Normal.uexp" 2558
"D:/UnrealProjects/Aura2/Content/Assets/Pickups/Potions/Liquid/T_WhiteLiquid_Emissive.ubulk" 2559
"D:/UnrealProjects/Aura2/Content/Assets/Pickups/Potions/Liquid/T_WhiteLiquid_Emissive.uasset" 2560
"D:/UnrealProjects/Aura2/Content/Assets/Pickups/Potions/Liquid/T_WhiteLiquid_Emissive.uexp" 2561
"D:/UnrealProjects/Aura2/Content/Assets/Pickups/Potions/Liquid/T_WhiteLiquid_BaseColor.ubulk" 2562
"D:/UnrealProjects/Aura2/Content/Assets/Pickups/Potions/Liquid/T_WhiteLiquid_BaseColor.uasset" 2563
"D:/UnrealProjects/Aura2/Content/Assets/Pickups/Potions/Liquid/T_WhiteLiquid_BaseColor.uexp" 2564
"D:/UnrealProjects/Aura2/Content/Assets/Pickups/Potions/Liquid/M_WhiteLiquid.uasset" 2565
"D:/UnrealProjects/Aura2/Content/Assets/Pickups/Potions/Liquid/M_WhiteLiquid.uexp" 2566
"D:/UnrealProjects/Aura2/Content/Assets/Pickups/Potions/Liquid/MI_RedLiquid.uasset" 2567
"D:/UnrealProjects/Aura2/Content/Assets/Pickups/Potions/Liquid/MI_RedLiquid.uexp" 2568
"D:/UnrealProjects/Aura2/Content/Assets/Pickups/Potions/Cork/T_Cork_OcclusionRoughnessMetallic.ubulk" 2569
"D:/UnrealProjects/Aura2/Content/Assets/Pickups/Potions/Cork/T_Cork_OcclusionRoughnessMetallic.uasset" 2570
"D:/UnrealProjects/Aura2/Content/Assets/Pickups/Potions/Cork/T_Cork_OcclusionRoughnessMetallic.uexp" 2571
"D:/UnrealProjects/Aura2/Content/Assets/Pickups/Potions/Cork/T_Cork_Normal.ubulk" 2572
"D:/UnrealProjects/Aura2/Content/Assets/Pickups/Potions/Cork/T_Cork_Normal.uasset" 2573
"D:/UnrealProjects/Aura2/Content/Assets/Pickups/Potions/Cork/T_Cork_Normal.uexp" 2574
"D:/UnrealProjects/Aura2/Content/Assets/Pickups/Potions/Cork/T_Cork_BaseColor.ubulk" 2575
"D:/UnrealProjects/Aura2/Content/Assets/Pickups/Potions/Cork/T_Cork_BaseColor.uasset" 2576
"D:/UnrealProjects/Aura2/Content/Assets/Pickups/Potions/Cork/T_Cork_BaseColor.uexp" 2577
"D:/UnrealProjects/Aura2/Content/Assets/Pickups/Potions/Cork/M_Cork.uasset" 2578
"D:/UnrealProjects/Aura2/Content/Assets/Pickups/Potions/Cork/M_Cork.uexp" 2579
"D:/UnrealProjects/Aura2/Content/Assets/Pickups/Potions/Bottle/MI_Bottle.uasset" 2580
"D:/UnrealProjects/Aura2/Content/Assets/Pickups/Potions/Bottle/MI_Bottle.uexp" 2581
"D:/UnrealProjects/Aura2/Content/Assets/Pickups/Potions/SM_PotionBottle.ubulk" 2582
"D:/UnrealProjects/Aura2/Content/Assets/Pickups/Potions/SM_PotionBottle.uasset" 2583
"D:/UnrealProjects/Aura2/Content/Assets/Pickups/Potions/SM_PotionBottle.uexp" 2584
"D:/UnrealProjects/Aura2/Content/Blueprints/Actor/Potion/CT_Potion.uasset" 2585
"D:/UnrealProjects/Aura2/Content/Blueprints/Actor/Potion/CT_Potion.uexp" 2586
"D:/UnrealProjects/Aura2/Content/Blueprints/Actor/Potion/GE_PotionHeal.uasset" 2587
"D:/UnrealProjects/Aura2/Content/Blueprints/Actor/Potion/GE_PotionHeal.uexp" 2588
"D:/UnrealProjects/Aura2/Content/Blueprints/Actor/Potion/BP_HealthPotion.uasset" 2589
"D:/UnrealProjects/Aura2/Content/Blueprints/Actor/Potion/BP_HealthPotion.uexp" 2590
"D:/UnrealProjects/Aura2/Content/Blueprints/Actor/Crystal/GE_CrystalHeal.uasset" 2591
"D:/UnrealProjects/Aura2/Content/Blueprints/Actor/Crystal/GE_CrystalHeal.uexp" 2592
"D:/UnrealProjects/Aura2/Content/Assets/Pickups/HealthCrystal/PM_HealthCrystal.uasset" 2593
"D:/UnrealProjects/Aura2/Content/Assets/Pickups/HealthCrystal/PM_HealthCrystal.uexp" 2594
"D:/UnrealProjects/Aura2/Content/Assets/Pickups/HealthCrystal/Materials/HealthCrystal_OcclusionRoughnessMetallic.ubulk" 2595
"D:/UnrealProjects/Aura2/Content/Assets/Pickups/HealthCrystal/Materials/HealthCrystal_OcclusionRoughnessMetallic.uasset" 2596
"D:/UnrealProjects/Aura2/Content/Assets/Pickups/HealthCrystal/Materials/HealthCrystal_OcclusionRoughnessMetallic.uexp" 2597
"D:/UnrealProjects/Aura2/Content/Assets/Pickups/HealthCrystal/Materials/HealthCrystal_Normal.ubulk" 2598
"D:/UnrealProjects/Aura2/Content/Assets/Pickups/HealthCrystal/Materials/HealthCrystal_Normal.uasset" 2599
"D:/UnrealProjects/Aura2/Content/Assets/Pickups/HealthCrystal/Materials/HealthCrystal_Normal.uexp" 2600
"D:/UnrealProjects/Aura2/Content/Assets/Pickups/HealthCrystal/Materials/HealthCrystal_Emissive.ubulk" 2601
"D:/UnrealProjects/Aura2/Content/Assets/Pickups/HealthCrystal/Materials/HealthCrystal_Emissive.uasset" 2602
"D:/UnrealProjects/Aura2/Content/Assets/Pickups/HealthCrystal/Materials/HealthCrystal_Emissive.uexp" 2603
"D:/UnrealProjects/Aura2/Content/Assets/Pickups/HealthCrystal/Materials/HealthCrystal_BaseColor.ubulk" 2604
"D:/UnrealProjects/Aura2/Content/Assets/Pickups/HealthCrystal/Materials/HealthCrystal_BaseColor.uasset" 2605
"D:/UnrealProjects/Aura2/Content/Assets/Pickups/HealthCrystal/Materials/HealthCrystal_BaseColor.uexp" 2606
"D:/UnrealProjects/Aura2/Content/Assets/Pickups/HealthCrystal/Materials/M_HealthCrystal.uasset" 2607
"D:/UnrealProjects/Aura2/Content/Assets/Pickups/HealthCrystal/Materials/M_HealthCrystal.uexp" 2608
"D:/UnrealProjects/Aura2/Content/Assets/Pickups/HealthCrystal/Materials/MI_HealthCrystal.uasset" 2609
"D:/UnrealProjects/Aura2/Content/Assets/Pickups/HealthCrystal/Materials/MI_HealthCrystal.uexp" 2610
"D:/UnrealProjects/Aura2/Content/Assets/Pickups/HealthCrystal/SM_HealthCrystal.ubulk" 2611
"D:/UnrealProjects/Aura2/Content/Assets/Pickups/HealthCrystal/SM_HealthCrystal.uasset" 2612
"D:/UnrealProjects/Aura2/Content/Assets/Pickups/HealthCrystal/SM_HealthCrystal.uexp" 2613
"D:/UnrealProjects/Aura2/Content/Blueprints/Actor/Crystal/BP_HealthCrystal.uasset" 2614
"D:/UnrealProjects/Aura2/Content/Blueprints/Actor/Crystal/BP_HealthCrystal.uexp" 2615
"D:/UnrealProjects/Aura2/Content/Blueprints/Actor/Crystal/GE_CrystalMana.uasset" 2616
"D:/UnrealProjects/Aura2/Content/Blueprints/Actor/Crystal/GE_CrystalMana.uexp" 2617
"D:/UnrealProjects/Aura2/Content/Blueprints/Actor/Crystal/BP_ManaCrystal.uasset" 2618
"D:/UnrealProjects/Aura2/Content/Blueprints/Actor/Crystal/BP_ManaCrystal.uexp" 2619
"D:/UnrealProjects/Aura2/Content/Blueprints/Actor/Potion/GE_PotionMana.uasset" 2620
"D:/UnrealProjects/Aura2/Content/Blueprints/Actor/Potion/GE_PotionMana.uexp" 2621
"D:/UnrealProjects/Aura2/Content/Assets/Pickups/Potions/Liquid/MI_BlueLiquid.uasset" 2622
"D:/UnrealProjects/Aura2/Content/Assets/Pickups/Potions/Liquid/MI_BlueLiquid.uexp" 2623
"D:/UnrealProjects/Aura2/Content/Blueprints/Actor/Potion/BP_ManaPotion.uasset" 2624
"D:/UnrealProjects/Aura2/Content/Blueprints/Actor/Potion/BP_ManaPotion.uexp" 2625
"D:/UnrealProjects/Aura2/Content/Blueprints/AbilitySystem/Data/DA_LootTiers.uasset" 2626
"D:/UnrealProjects/Aura2/Content/Blueprints/AbilitySystem/Data/DA_LootTiers.uexp" 2627
"D:/UnrealProjects/Aura2/Content/Assets/UI/Borders/BorderLarge/Border_Large.uasset" 2628
"D:/UnrealProjects/Aura2/Content/Assets/UI/Borders/BorderLarge/Border_Large.uexp" 2629
"D:/UnrealProjects/Aura2/Content/Assets/UI/Borders/BorderLarge_BG/Border_Large_BG.uasset" 2630
"D:/UnrealProjects/Aura2/Content/Assets/UI/Borders/BorderLarge_BG/Border_Large_BG.uexp" 2631
"D:/UnrealProjects/Aura2/Content/Blueprints/UI/Overlay/Subwidget/WBP_Message.uasset" 2632
"D:/UnrealProjects/Aura2/Content/Blueprints/UI/Overlay/Subwidget/WBP_Message.uexp" 2633
"D:/UnrealProjects/Aura2/Content/Blueprints/UI/Overlay/Subwidget/WBP_MessageBox.uasset" 2634
"D:/UnrealProjects/Aura2/Content/Blueprints/UI/Overlay/Subwidget/WBP_MessageBox.uexp" 2635
"D:/UnrealProjects/Aura2/Content/Blueprints/UI/Font/MaruBuri-Bold.uexp" 2636
"D:/UnrealProjects/Aura2/Content/Blueprints/UI/Font/MaruBuri-Bold.uasset" 2637
"D:/UnrealProjects/Aura2/Content/Blueprints/UI/Font/MaruBuri-Bold.ufont" 2638
"D:/UnrealProjects/Aura2/Content/Blueprints/UI/Font/MaruBuri-Bold_Font.uasset" 2639
"D:/UnrealProjects/Aura2/Content/Blueprints/UI/Font/MaruBuri-Bold_Font.uexp" 2640
"D:/UnrealProjects/Aura2/Content/Assets/UI/Pickups/T_Potion_Red.uasset" 2641
"D:/UnrealProjects/Aura2/Content/Assets/UI/Pickups/T_Potion_Red.uexp" 2642
"D:/UnrealProjects/Aura2/Content/Blueprints/UI/Overlay/Subwidget/WBP_EffectMessage.uasset" 2643
"D:/UnrealProjects/Aura2/Content/Blueprints/UI/Overlay/Subwidget/WBP_EffectMessage.uexp" 2644
"D:/UnrealProjects/Aura2/Content/Blueprints/UI/Overlay/Subwidget/WBP_CenterDescription.uasset" 2645
"D:/UnrealProjects/Aura2/Content/Blueprints/UI/Overlay/Subwidget/WBP_CenterDescription.uexp" 2646
"D:/UnrealProjects/Aura2/Content/Assets/UI/Pickups/T_HealthCrystal.uasset" 2647
"D:/UnrealProjects/Aura2/Content/Assets/UI/Pickups/T_HealthCrystal.uexp" 2648
"D:/UnrealProjects/Aura2/Content/Assets/UI/Pickups/T_ManaCrystal.uasset" 2649
"D:/UnrealProjects/Aura2/Content/Assets/UI/Pickups/T_ManaCrystal.uexp" 2650
"D:/UnrealProjects/Aura2/Content/Assets/UI/Pickups/T_Potion_Blue.uasset" 2651
"D:/UnrealProjects/Aura2/Content/Assets/UI/Pickups/T_Potion_Blue.uexp" 2652
"D:/UnrealProjects/Aura2/Content/Blueprints/UI/Data/DT_MessageWidgetData.uasset" 2653
"D:/UnrealProjects/Aura2/Content/Blueprints/UI/Data/DT_MessageWidgetData.uexp" 2654
"D:/UnrealProjects/Aura2/Content/Blueprints/UI/SettingMenu/BP_SettingsMenuWidgetController.uasset" 2655
"D:/UnrealProjects/Aura2/Content/Blueprints/UI/SettingMenu/BP_SettingsMenuWidgetController.uexp" 2656
"D:/UnrealProjects/Aura2/Content/Blueprints/Audio/SM_Main.uasset" 2657
"D:/UnrealProjects/Aura2/Content/Blueprints/Audio/SM_Main.uexp" 2658
"D:/UnrealProjects/Aura2/Content/Assets/Sounds/BGM/Cave__2___Ambience___Sound_Effect.ubulk" 2659
"D:/UnrealProjects/Aura2/Content/Assets/Sounds/BGM/Cave__2___Ambience___Sound_Effect.uasset" 2660
"D:/UnrealProjects/Aura2/Content/Assets/Sounds/BGM/Cave__2___Ambience___Sound_Effect.uexp" 2661
"D:/UnrealProjects/Aura2/Content/Assets/Sounds/BGM/MS_Ambient.uasset" 2662
"D:/UnrealProjects/Aura2/Content/Assets/Sounds/BGM/MS_Ambient.uexp" 2663
"D:/UnrealProjects/Aura2/Content/Assets/Sounds/BGM/Normal_Battle_I.ubulk" 2664
"D:/UnrealProjects/Aura2/Content/Assets/Sounds/BGM/Normal_Battle_I.uasset" 2665
"D:/UnrealProjects/Aura2/Content/Assets/Sounds/BGM/Normal_Battle_I.uexp" 2666
"D:/UnrealProjects/Aura2/Content/Assets/Sounds/BGM/MS_Boss_Battle1.uasset" 2667
"D:/UnrealProjects/Aura2/Content/Assets/Sounds/BGM/MS_Boss_Battle1.uexp" 2668
"D:/UnrealProjects/Aura2/Content/Assets/Sounds/BGM/Battle_2.ubulk" 2669
"D:/UnrealProjects/Aura2/Content/Assets/Sounds/BGM/Battle_2.uasset" 2670
"D:/UnrealProjects/Aura2/Content/Assets/Sounds/BGM/Battle_2.uexp" 2671
"D:/UnrealProjects/Aura2/Content/Assets/Sounds/BGM/MS_Boss_Battle2.uasset" 2672
"D:/UnrealProjects/Aura2/Content/Assets/Sounds/BGM/MS_Boss_Battle2.uexp" 2673
"D:/UnrealProjects/Aura2/Content/Assets/Sounds/BGM/2-12_Victory_Fanfare.ubulk" 2674
"D:/UnrealProjects/Aura2/Content/Assets/Sounds/BGM/2-12_Victory_Fanfare.uasset" 2675
"D:/UnrealProjects/Aura2/Content/Assets/Sounds/BGM/2-12_Victory_Fanfare.uexp" 2676
"D:/UnrealProjects/Aura2/Content/Assets/Sounds/BGM/MS_Boss_Defeated.uasset" 2677
"D:/UnrealProjects/Aura2/Content/Assets/Sounds/BGM/MS_Boss_Defeated.uexp" 2678
"D:/UnrealProjects/Aura2/Content/Blueprints/Audio/DA_SoundData.uasset" 2679
"D:/UnrealProjects/Aura2/Content/Blueprints/Audio/DA_SoundData.uexp" 2680
"D:/UnrealProjects/Aura2/Content/Blueprints/AbilitySystem/SharedGameplayEffects/GE_WaitForExecute.uasset" 2681
"D:/UnrealProjects/Aura2/Content/Blueprints/AbilitySystem/SharedGameplayEffects/GE_WaitForExecute.uexp" 2682
"D:/UnrealProjects/Aura2/Content/Assets/Characters/Aura/Staff/SM_Staff.ubulk" 2683
"D:/UnrealProjects/Aura2/Content/Assets/Characters/Aura/Staff/SM_Staff.uasset" 2684
"D:/UnrealProjects/Aura2/Content/Assets/Characters/Aura/Staff/SM_Staff.uexp" 2685
"D:/UnrealProjects/Aura2/Content/Assets/Items/Armors/gold_armor/Textures/gold_armor_texture_0.ubulk" 2686
"D:/UnrealProjects/Aura2/Content/Assets/Items/Armors/gold_armor/Textures/gold_armor_texture_0.uasset" 2687
"D:/UnrealProjects/Aura2/Content/Assets/Items/Armors/gold_armor/Textures/gold_armor_texture_0.uexp" 2688
"D:/UnrealProjects/Aura2/Content/Assets/Items/Armors/gold_armor/Textures/gold_armor_texture_1.ubulk" 2689
"D:/UnrealProjects/Aura2/Content/Assets/Items/Armors/gold_armor/Textures/gold_armor_texture_1.uasset" 2690
"D:/UnrealProjects/Aura2/Content/Assets/Items/Armors/gold_armor/Textures/gold_armor_texture_1.uexp" 2691
"D:/UnrealProjects/Aura2/Content/Assets/Items/Armors/gold_armor/Materials/wire_143224087.uasset" 2692
"D:/UnrealProjects/Aura2/Content/Assets/Items/Armors/gold_armor/Materials/wire_143224087.uexp" 2693
"D:/UnrealProjects/Aura2/Content/Assets/Items/Armors/gold_armor/StaticMeshes/gold_armor.ubulk" 2694
"D:/UnrealProjects/Aura2/Content/Assets/Items/Armors/gold_armor/StaticMeshes/gold_armor.uasset" 2695
"D:/UnrealProjects/Aura2/Content/Assets/Items/Armors/gold_armor/StaticMeshes/gold_armor.uexp" 2696
"D:/UnrealProjects/Aura2/Content/Assets/Items/Boots/botines_mamen/Textures/botines_mamen_texture_0.ubulk" 2697
"D:/UnrealProjects/Aura2/Content/Assets/Items/Boots/botines_mamen/Textures/botines_mamen_texture_0.uasset" 2698
"D:/UnrealProjects/Aura2/Content/Assets/Items/Boots/botines_mamen/Textures/botines_mamen_texture_0.uexp" 2699
"D:/UnrealProjects/Aura2/Content/Assets/Items/Boots/botines_mamen/Textures/botines_mamen_texture_1.ubulk" 2700
"D:/UnrealProjects/Aura2/Content/Assets/Items/Boots/botines_mamen/Textures/botines_mamen_texture_1.uasset" 2701
"D:/UnrealProjects/Aura2/Content/Assets/Items/Boots/botines_mamen/Textures/botines_mamen_texture_1.uexp" 2702
"D:/UnrealProjects/Aura2/Content/Assets/Items/Boots/botines_mamen/Textures/botines_mamen_texture_2.ubulk" 2703
"D:/UnrealProjects/Aura2/Content/Assets/Items/Boots/botines_mamen/Textures/botines_mamen_texture_2.uasset" 2704
"D:/UnrealProjects/Aura2/Content/Assets/Items/Boots/botines_mamen/Textures/botines_mamen_texture_2.uexp" 2705
"D:/UnrealProjects/Aura2/Content/Assets/Items/Boots/botines_mamen/Textures/botines_mamen_texture_3.ubulk" 2706
"D:/UnrealProjects/Aura2/Content/Assets/Items/Boots/botines_mamen/Textures/botines_mamen_texture_3.uasset" 2707
"D:/UnrealProjects/Aura2/Content/Assets/Items/Boots/botines_mamen/Textures/botines_mamen_texture_3.uexp" 2708
"D:/UnrealProjects/Aura2/Content/Assets/Items/Boots/botines_mamen/Materials/textured_0.uasset" 2709
"D:/UnrealProjects/Aura2/Content/Assets/Items/Boots/botines_mamen/Materials/textured_0.uexp" 2710
"D:/UnrealProjects/Aura2/Content/Assets/Items/Boots/botines_mamen/StaticMeshes/Boots_001_Right.ubulk" 2711
"D:/UnrealProjects/Aura2/Content/Assets/Items/Boots/botines_mamen/StaticMeshes/Boots_001_Right.uasset" 2712
"D:/UnrealProjects/Aura2/Content/Assets/Items/Boots/botines_mamen/StaticMeshes/Boots_001_Right.uexp" 2713
"D:/UnrealProjects/Aura2/Content/Maps/_GENERATED/Crat/Boots_001_D8893E2F.ubulk" 2714
"D:/UnrealProjects/Aura2/Content/Maps/_GENERATED/Crat/Boots_001_D8893E2F.uasset" 2715
"D:/UnrealProjects/Aura2/Content/Maps/_GENERATED/Crat/Boots_001_D8893E2F.uexp" 2716
"D:/UnrealProjects/Aura2/Content/Blueprints/AbilitySystem/SharedGameplayEffects/GE_GiveStatForItem_Weapon1.uasset" 2717
"D:/UnrealProjects/Aura2/Content/Blueprints/AbilitySystem/SharedGameplayEffects/GE_GiveStatForItem_Weapon1.uexp" 2718
"D:/UnrealProjects/Aura2/Content/Blueprints/AbilitySystem/SharedGameplayEffects/GE_GiveStatForItem_Helmet1.uasset" 2719
"D:/UnrealProjects/Aura2/Content/Blueprints/AbilitySystem/SharedGameplayEffects/GE_GiveStatForItem_Helmet1.uexp" 2720
"D:/UnrealProjects/Aura2/Content/Blueprints/AbilitySystem/SharedGameplayEffects/GE_GiveStatForItem_Charm.uasset" 2721
"D:/UnrealProjects/Aura2/Content/Blueprints/AbilitySystem/SharedGameplayEffects/GE_GiveStatForItem_Charm.uexp" 2722
"D:/UnrealProjects/Aura2/Content/Blueprints/AbilitySystem/SharedGameplayEffects/GE_GiveStatForItem_Boots1.uasset" 2723
"D:/UnrealProjects/Aura2/Content/Blueprints/AbilitySystem/SharedGameplayEffects/GE_GiveStatForItem_Boots1.uexp" 2724
"D:/UnrealProjects/Aura2/Content/Blueprints/AbilitySystem/SharedGameplayEffects/GE_GiveStatForItem_Armor.uasset" 2725
"D:/UnrealProjects/Aura2/Content/Blueprints/AbilitySystem/SharedGameplayEffects/GE_GiveStatForItem_Armor.uexp" 2726
"D:/UnrealProjects/Aura2/Content/Assets/Items/Boots/botines_mamen/StaticMeshes/Boots_001_Left.ubulk" 2727
"D:/UnrealProjects/Aura2/Content/Assets/Items/Boots/botines_mamen/StaticMeshes/Boots_001_Left.uasset" 2728
"D:/UnrealProjects/Aura2/Content/Assets/Items/Boots/botines_mamen/StaticMeshes/Boots_001_Left.uexp" 2729
"D:/UnrealProjects/Aura2/Content/Assets/Items/Helmets/stylized_wizard_hat/Textures/stylized_wizard_hat_texture_0.ubulk" 2730
"D:/UnrealProjects/Aura2/Content/Assets/Items/Helmets/stylized_wizard_hat/Textures/stylized_wizard_hat_texture_0.uasset" 2731
"D:/UnrealProjects/Aura2/Content/Assets/Items/Helmets/stylized_wizard_hat/Textures/stylized_wizard_hat_texture_0.uexp" 2732
"D:/UnrealProjects/Aura2/Content/Assets/Items/Helmets/stylized_wizard_hat/Textures/stylized_wizard_hat_texture_1.ubulk" 2733
"D:/UnrealProjects/Aura2/Content/Assets/Items/Helmets/stylized_wizard_hat/Textures/stylized_wizard_hat_texture_1.uasset" 2734
"D:/UnrealProjects/Aura2/Content/Assets/Items/Helmets/stylized_wizard_hat/Textures/stylized_wizard_hat_texture_1.uexp" 2735
"D:/UnrealProjects/Aura2/Content/Assets/Items/Helmets/stylized_wizard_hat/Textures/stylized_wizard_hat_texture_2.ubulk" 2736
"D:/UnrealProjects/Aura2/Content/Assets/Items/Helmets/stylized_wizard_hat/Textures/stylized_wizard_hat_texture_2.uasset" 2737
"D:/UnrealProjects/Aura2/Content/Assets/Items/Helmets/stylized_wizard_hat/Textures/stylized_wizard_hat_texture_2.uexp" 2738
"D:/UnrealProjects/Aura2/Content/Assets/Items/Helmets/stylized_wizard_hat/Textures/stylized_wizard_hat_texture_3.ubulk" 2739
"D:/UnrealProjects/Aura2/Content/Assets/Items/Helmets/stylized_wizard_hat/Textures/stylized_wizard_hat_texture_3.uasset" 2740
"D:/UnrealProjects/Aura2/Content/Assets/Items/Helmets/stylized_wizard_hat/Textures/stylized_wizard_hat_texture_3.uexp" 2741
"D:/UnrealProjects/Aura2/Content/Assets/Items/Helmets/stylized_wizard_hat/Materials/initialShadingGroup.uasset" 2742
"D:/UnrealProjects/Aura2/Content/Assets/Items/Helmets/stylized_wizard_hat/Materials/initialShadingGroup.uexp" 2743
"D:/UnrealProjects/Aura2/Content/Assets/Items/Helmets/Helmet_001.ubulk" 2744
"D:/UnrealProjects/Aura2/Content/Assets/Items/Helmets/Helmet_001.uasset" 2745
"D:/UnrealProjects/Aura2/Content/Assets/Items/Helmets/Helmet_001.uexp" 2746
"../../../Engine/Plugins/Interchange/Assets/Content/gltf/MaterialInstances/MI_ClearCoat_Opaque_DS.uasset" 2747
"../../../Engine/Plugins/Interchange/Assets/Content/gltf/MaterialInstances/MI_ClearCoat_Opaque_DS.uexp" 2748
"D:/UnrealProjects/Aura2/Content/Assets/Items/Helmets/phoenix_rising_linker_helmet/Materials/ValkyrieSpear.uasset" 2749
"D:/UnrealProjects/Aura2/Content/Assets/Items/Helmets/phoenix_rising_linker_helmet/Materials/ValkyrieSpear.uexp" 2750
"D:/UnrealProjects/Aura2/Content/Assets/Items/Helmets/Helmet_002_A7B01E8A.ubulk" 2751
"D:/UnrealProjects/Aura2/Content/Assets/Items/Helmets/Helmet_002_A7B01E8A.uasset" 2752
"D:/UnrealProjects/Aura2/Content/Assets/Items/Helmets/Helmet_002_A7B01E8A.uexp" 2753
"D:/UnrealProjects/Aura2/Content/Blueprints/AbilitySystem/Data/DT_ItemData.uasset" 2754
"D:/UnrealProjects/Aura2/Content/Blueprints/AbilitySystem/Data/DT_ItemData.uexp" 2755
"D:/UnrealProjects/Aura2/Content/Blueprints/AbilitySystem/Data/DA_ItemInfo.uasset" 2756
"D:/UnrealProjects/Aura2/Content/Blueprints/AbilitySystem/Data/DA_ItemInfo.uexp" 2757
"D:/UnrealProjects/Aura2/Content/Blueprints/AbilitySystem/Aura/Effects/GE_Revive_HalfHPMP.uasset" 2758
"D:/UnrealProjects/Aura2/Content/Blueprints/AbilitySystem/Aura/Effects/GE_Revive_HalfHPMP.uexp" 2759
"D:/UnrealProjects/Aura2/Content/Blueprints/AbilitySystem/Aura/Effects/GE_OverrideMP.uasset" 2760
"D:/UnrealProjects/Aura2/Content/Blueprints/AbilitySystem/Aura/Effects/GE_OverrideMP.uexp" 2761
"D:/UnrealProjects/Aura2/Content/Blueprints/AbilitySystem/Aura/Effects/GE_OverrideHP.uasset" 2762
"D:/UnrealProjects/Aura2/Content/Blueprints/AbilitySystem/Aura/Effects/GE_OverrideHP.uexp" 2763
"D:/UnrealProjects/Aura2/Content/Blueprints/AbilitySystem/Aura/Effects/GE_LevelUp_FullHPMP.uasset" 2764
"D:/UnrealProjects/Aura2/Content/Blueprints/AbilitySystem/Aura/Effects/GE_LevelUp_FullHPMP.uexp" 2765
"D:/UnrealProjects/Aura2/Content/Blueprints/AbilitySystem/Aura/Effects/GE_HealHP.uasset" 2766
"D:/UnrealProjects/Aura2/Content/Blueprints/AbilitySystem/Aura/Effects/GE_HealHP.uexp" 2767
"D:/UnrealProjects/Aura2/Content/Blueprints/Game/BP_AuraGameInstance.uasset" 2768
"D:/UnrealProjects/Aura2/Content/Blueprints/Game/BP_AuraGameInstance.uexp" 2769
"D:/UnrealProjects/Aura2/Content/Blueprints/UI/WidgetController/BP_OverlayWidgetController.uasset" 2770
"D:/UnrealProjects/Aura2/Content/Blueprints/UI/WidgetController/BP_OverlayWidgetController.uexp" 2771
"D:/UnrealProjects/Aura2/Content/Blueprints/UI/Font/MaruBuri-SemiBold.uexp" 2772
"D:/UnrealProjects/Aura2/Content/Blueprints/UI/Font/MaruBuri-SemiBold.uasset" 2773
"D:/UnrealProjects/Aura2/Content/Blueprints/UI/Font/MaruBuri-SemiBold.ufont" 2774
"D:/UnrealProjects/Aura2/Content/Blueprints/UI/Font/MaruBuri-SemiBold_Font.uasset" 2775
"D:/UnrealProjects/Aura2/Content/Blueprints/UI/Font/MaruBuri-SemiBold_Font.uexp" 2776
"D:/UnrealProjects/Aura2/Content/Blueprints/UI/Font/MaruBuri-Light.uexp" 2777
"D:/UnrealProjects/Aura2/Content/Blueprints/UI/Font/MaruBuri-Light.uasset" 2778
"D:/UnrealProjects/Aura2/Content/Blueprints/UI/Font/MaruBuri-Light.ufont" 2779
"D:/UnrealProjects/Aura2/Content/Blueprints/UI/Font/MaruBuri-Light_Font.uasset" 2780
"D:/UnrealProjects/Aura2/Content/Blueprints/UI/Font/MaruBuri-Light_Font.uexp" 2781
"D:/UnrealProjects/Aura2/Content/Blueprints/UI/Data/DT_RichTextStyle.uasset" 2782
"D:/UnrealProjects/Aura2/Content/Blueprints/UI/Data/DT_RichTextStyle.uexp" 2783
"D:/UnrealProjects/Aura2/Content/Blueprints/UI/InventoryMenu/WBP_ToolTipStatRow.uasset" 2784
"D:/UnrealProjects/Aura2/Content/Blueprints/UI/InventoryMenu/WBP_ToolTipStatRow.uexp" 2785
"D:/UnrealProjects/Aura2/Content/Blueprints/UI/WidgetController/BP_ItemToolTipWidgetController.uasset" 2786
"D:/UnrealProjects/Aura2/Content/Blueprints/UI/WidgetController/BP_ItemToolTipWidgetController.uexp" 2787
"D:/UnrealProjects/Aura2/Content/Assets/UI/Globes/M_FlowingUIBG.uasset" 2788
"D:/UnrealProjects/Aura2/Content/Assets/UI/Globes/M_FlowingUIBG.uexp" 2789
"D:/UnrealProjects/Aura2/Content/Assets/UI/Globes/MI_FlowingUIBG.uasset" 2790
"D:/UnrealProjects/Aura2/Content/Assets/UI/Globes/MI_FlowingUIBG.uexp" 2791
"D:/UnrealProjects/Aura2/Content/Blueprints/UI/InventoryMenu/WBP_ItemToolTip.uasset" 2792
"D:/UnrealProjects/Aura2/Content/Blueprints/UI/InventoryMenu/WBP_ItemToolTip.uexp" 2793
"D:/UnrealProjects/Aura2/Content/Blueprints/UI/WidgetController/BP_SpellUpgradesWidgetController.uasset" 2794
"D:/UnrealProjects/Aura2/Content/Blueprints/UI/WidgetController/BP_SpellUpgradesWidgetController.uexp" 2795
"D:/UnrealProjects/Aura2/Content/Blueprints/UI/WidgetController/BP_SpellMenuWidgetController.uasset" 2796
"D:/UnrealProjects/Aura2/Content/Blueprints/UI/WidgetController/BP_SpellMenuWidgetController.uexp" 2797
"D:/UnrealProjects/Aura2/Content/Blueprints/UI/SpellMenu/BP_UpgradeText.uasset" 2798
"D:/UnrealProjects/Aura2/Content/Blueprints/UI/SpellMenu/BP_UpgradeText.uexp" 2799
"D:/UnrealProjects/Aura2/Content/Blueprints/UI/SpellMenu/WBP_UpgradeMenu.uasset" 2800
"D:/UnrealProjects/Aura2/Content/Blueprints/UI/SpellMenu/WBP_UpgradeMenu.uexp" 2801
"D:/UnrealProjects/Aura2/Content/Assets/UI/Globes/M_EmptyGlobe.uasset" 2802
"D:/UnrealProjects/Aura2/Content/Assets/UI/Globes/M_EmptyGlobe.uexp" 2803
"D:/UnrealProjects/Aura2/Content/Assets/UI/Globes/MI_EmptyGlobe.uasset" 2804
"D:/UnrealProjects/Aura2/Content/Assets/UI/Globes/MI_EmptyGlobe.uexp" 2805
"D:/UnrealProjects/Aura2/Content/Assets/UI/Rings/SkillRing/SkillRing_1.uasset" 2806
"D:/UnrealProjects/Aura2/Content/Assets/UI/Rings/SkillRing/SkillRing_1.uexp" 2807
"D:/UnrealProjects/Aura2/Content/Assets/Sounds/Enemies/Goblin/UI/Unlock_Skills/SFX_UI_Unlock_SelectSkill.ubulk" 2808
"D:/UnrealProjects/Aura2/Content/Assets/Sounds/Enemies/Goblin/UI/Unlock_Skills/SFX_UI_Unlock_SelectSkill.uasset" 2809
"D:/UnrealProjects/Aura2/Content/Assets/Sounds/Enemies/Goblin/UI/Unlock_Skills/SFX_UI_Unlock_SelectSkill.uexp" 2810
"D:/UnrealProjects/Aura2/Content/Assets/Sounds/UI/ButtonClick/SFX_UI_ButtonClick_04.ubulk" 2811
"D:/UnrealProjects/Aura2/Content/Assets/Sounds/UI/ButtonClick/SFX_UI_ButtonClick_04.uasset" 2812
"D:/UnrealProjects/Aura2/Content/Assets/Sounds/UI/ButtonClick/SFX_UI_ButtonClick_04.uexp" 2813
"D:/UnrealProjects/Aura2/Content/Assets/Sounds/UI/Cancel/SFX_UI_Cancel_01.ubulk" 2814
"D:/UnrealProjects/Aura2/Content/Assets/Sounds/UI/Cancel/SFX_UI_Cancel_01.uasset" 2815
"D:/UnrealProjects/Aura2/Content/Assets/Sounds/UI/Cancel/SFX_UI_Cancel_01.uexp" 2816
"D:/UnrealProjects/Aura2/Content/Assets/UI/Globes/M_GlobeReversed.uasset" 2817
"D:/UnrealProjects/Aura2/Content/Assets/UI/Globes/M_GlobeReversed.uexp" 2818
"D:/UnrealProjects/Aura2/Content/Assets/UI/Globes/MI_LockedBG.uasset" 2819
"D:/UnrealProjects/Aura2/Content/Assets/UI/Globes/MI_LockedBG.uexp" 2820
"D:/UnrealProjects/Aura2/Content/Assets/UI/Rings/SkillRingGlow/SkillRing_1_Glow.uasset" 2821
"D:/UnrealProjects/Aura2/Content/Assets/UI/Rings/SkillRingGlow/SkillRing_1_Glow.uexp" 2822
"D:/UnrealProjects/Aura2/Content/Assets/UI/Spells/Locked.uasset" 2823
"D:/UnrealProjects/Aura2/Content/Assets/UI/Spells/Locked.uexp" 2824
"D:/UnrealProjects/Aura2/Content/Assets/UI/Spells/Locked_sm.uasset" 2825
"D:/UnrealProjects/Aura2/Content/Assets/UI/Spells/Locked_sm.uexp" 2826
"D:/UnrealProjects/Aura2/Content/Assets/UI/Spells/SelectionCircle.uasset" 2827
"D:/UnrealProjects/Aura2/Content/Assets/UI/Spells/SelectionCircle.uexp" 2828
"D:/UnrealProjects/Aura2/Content/Blueprints/UI/SpellGlobes/WBP_SpellGlobe_Button.uasset" 2829
"D:/UnrealProjects/Aura2/Content/Blueprints/UI/SpellGlobes/WBP_SpellGlobe_Button.uexp" 2830
"D:/UnrealProjects/Aura2/Content/Blueprints/UI/SpellMenu/WBP_PassiveSpellTree.uasset" 2831
"D:/UnrealProjects/Aura2/Content/Blueprints/UI/SpellMenu/WBP_PassiveSpellTree.uexp" 2832
"D:/UnrealProjects/Aura2/Content/Assets/UI/SpellTree/Line.uasset" 2833
"D:/UnrealProjects/Aura2/Content/Assets/UI/SpellTree/Line.uexp" 2834
"D:/UnrealProjects/Aura2/Content/Blueprints/UI/SpellMenu/WBP_OffensiveSpellTree.uasset" 2835
"D:/UnrealProjects/Aura2/Content/Blueprints/UI/SpellMenu/WBP_OffensiveSpellTree.uexp" 2836
"D:/UnrealProjects/Aura2/Content/Assets/Fonts/Amarante/Amarante-Regular.uexp" 2837
"D:/UnrealProjects/Aura2/Content/Assets/Fonts/Amarante/Amarante-Regular.uasset" 2838
"D:/UnrealProjects/Aura2/Content/Assets/Fonts/Amarante/Amarante-Regular.ufont" 2839
"D:/UnrealProjects/Aura2/Content/Assets/Fonts/Amarante/Amarante-Regular_Font.uasset" 2840
"D:/UnrealProjects/Aura2/Content/Assets/Fonts/Amarante/Amarante-Regular_Font.uexp" 2841
"D:/UnrealProjects/Aura2/Content/Blueprints/UI/SpellGlobes/WBP_EquippedRow_Button.uasset" 2842
"D:/UnrealProjects/Aura2/Content/Blueprints/UI/SpellGlobes/WBP_EquippedRow_Button.uexp" 2843
"D:/UnrealProjects/Aura2/Content/Assets/UI/SpellTree/OffensiveSelectionBox.uasset" 2844
"D:/UnrealProjects/Aura2/Content/Assets/UI/SpellTree/OffensiveSelectionBox.uexp" 2845
"D:/UnrealProjects/Aura2/Content/Assets/UI/SpellTree/PassiveSelectionBox.uasset" 2846
"D:/UnrealProjects/Aura2/Content/Assets/UI/SpellTree/PassiveSelectionBox.uexp" 2847
"D:/UnrealProjects/Aura2/Content/Blueprints/UI/SpellMenu/WBP_EquippedSpellRow.uasset" 2848
"D:/UnrealProjects/Aura2/Content/Blueprints/UI/SpellMenu/WBP_EquippedSpellRow.uexp" 2849
"D:/UnrealProjects/Aura2/Content/Assets/UI/Globes/MI_Flowing_Scroll.uasset" 2850
"D:/UnrealProjects/Aura2/Content/Assets/UI/Globes/MI_Flowing_Scroll.uexp" 2851
"D:/UnrealProjects/Aura2/Content/Assets/UI/Borders/Border_1/Border_1_png.uasset" 2852
"D:/UnrealProjects/Aura2/Content/Assets/UI/Borders/Border_1/Border_1_png.uexp" 2853
"D:/UnrealProjects/Aura2/Content/Blueprints/UI/AttributeMenu/WBP_FramedValue.uasset" 2854
"D:/UnrealProjects/Aura2/Content/Blueprints/UI/AttributeMenu/WBP_FramedValue.uexp" 2855
"../../../Engine/Content/EngineFonts/Faces/RobotoBold.uexp" 2856
"../../../Engine/Content/EngineFonts/Faces/RobotoBold.uasset" 2857
"../../../Engine/Content/EngineFonts/Faces/RobotoBold.ufont" 2858
"../../../Engine/Content/EngineFonts/Faces/RobotoBoldItalic.uexp" 2859
"../../../Engine/Content/EngineFonts/Faces/RobotoBoldItalic.uasset" 2860
"../../../Engine/Content/EngineFonts/Faces/RobotoBoldItalic.ufont" 2861
"../../../Engine/Content/EngineFonts/Faces/RobotoItalic.uexp" 2862
"../../../Engine/Content/EngineFonts/Faces/RobotoItalic.uasset" 2863
"../../../Engine/Content/EngineFonts/Faces/RobotoItalic.ufont" 2864
"../../../Engine/Content/EngineFonts/Faces/RobotoLight.uexp" 2865
"../../../Engine/Content/EngineFonts/Faces/RobotoLight.uasset" 2866
"../../../Engine/Content/EngineFonts/Faces/RobotoLight.ufont" 2867
"../../../Engine/Content/EngineFonts/Faces/RobotoRegular.uexp" 2868
"../../../Engine/Content/EngineFonts/Faces/RobotoRegular.uasset" 2869
"../../../Engine/Content/EngineFonts/Faces/RobotoRegular.ufont" 2870
"../../../Engine/Content/EngineFonts/Roboto.uasset" 2871
"../../../Engine/Content/EngineFonts/Roboto.uexp" 2872
"D:/UnrealProjects/Aura2/Content/Assets/Sounds/UI/Hover/SFX_UI_Hover_01.ubulk" 2873
"D:/UnrealProjects/Aura2/Content/Assets/Sounds/UI/Hover/SFX_UI_Hover_01.uasset" 2874
"D:/UnrealProjects/Aura2/Content/Assets/Sounds/UI/Hover/SFX_UI_Hover_01.uexp" 2875
"D:/UnrealProjects/Aura2/Content/Assets/Sounds/UI/ButtonClick/SFX_UI_ButtonClick_01.ubulk" 2876
"D:/UnrealProjects/Aura2/Content/Assets/Sounds/UI/ButtonClick/SFX_UI_ButtonClick_01.uasset" 2877
"D:/UnrealProjects/Aura2/Content/Assets/Sounds/UI/ButtonClick/SFX_UI_ButtonClick_01.uexp" 2878
"D:/UnrealProjects/Aura2/Content/Assets/UI/Button_Red/Button.uasset" 2879
"D:/UnrealProjects/Aura2/Content/Assets/UI/Button_Red/Button.uexp" 2880
"D:/UnrealProjects/Aura2/Content/Assets/UI/Button_Red/Button_Border.uasset" 2881
"D:/UnrealProjects/Aura2/Content/Assets/UI/Button_Red/Button_Border.uexp" 2882
"D:/UnrealProjects/Aura2/Content/Assets/UI/Button_Red/Button_Grayed_Out.uasset" 2883
"D:/UnrealProjects/Aura2/Content/Assets/UI/Button_Red/Button_Grayed_Out.uexp" 2884
"D:/UnrealProjects/Aura2/Content/Assets/UI/Button_Red/Button_Highlighted.uasset" 2885
"D:/UnrealProjects/Aura2/Content/Assets/UI/Button_Red/Button_Highlighted.uexp" 2886
"D:/UnrealProjects/Aura2/Content/Assets/UI/Button_Red/Button_Pressed.uasset" 2887
"D:/UnrealProjects/Aura2/Content/Assets/UI/Button_Red/Button_Pressed.uexp" 2888
"D:/UnrealProjects/Aura2/Content/Assets/UI/SpellTree/EquippedSpellsRowOutline.uasset" 2889
"D:/UnrealProjects/Aura2/Content/Assets/UI/SpellTree/EquippedSpellsRowOutline.uexp" 2890
"D:/UnrealProjects/Aura2/Content/Blueprints/UI/Button/WBP_Button.uasset" 2891
"D:/UnrealProjects/Aura2/Content/Blueprints/UI/Button/WBP_Button.uexp" 2892
"D:/UnrealProjects/Aura2/Content/Assets/Sounds/UI/ButtonClick/SFX_UI_ButtonClick_02.ubulk" 2893
"D:/UnrealProjects/Aura2/Content/Assets/Sounds/UI/ButtonClick/SFX_UI_ButtonClick_02.uasset" 2894
"D:/UnrealProjects/Aura2/Content/Assets/Sounds/UI/ButtonClick/SFX_UI_ButtonClick_02.uexp" 2895
"D:/UnrealProjects/Aura2/Content/Assets/Sounds/UI/Hover/SFX_UI_Hover_02.ubulk" 2896
"D:/UnrealProjects/Aura2/Content/Assets/Sounds/UI/Hover/SFX_UI_Hover_02.uasset" 2897
"D:/UnrealProjects/Aura2/Content/Assets/Sounds/UI/Hover/SFX_UI_Hover_02.uexp" 2898
"D:/UnrealProjects/Aura2/Content/Assets/UI/Wide_Button_Red/WideButton.uasset" 2899
"D:/UnrealProjects/Aura2/Content/Assets/UI/Wide_Button_Red/WideButton.uexp" 2900
"D:/UnrealProjects/Aura2/Content/Assets/UI/Wide_Button_Red/WideButton_GrayedOut.uasset" 2901
"D:/UnrealProjects/Aura2/Content/Assets/UI/Wide_Button_Red/WideButton_GrayedOut.uexp" 2902
"D:/UnrealProjects/Aura2/Content/Assets/UI/Wide_Button_Red/WideButton_Highlighted.uasset" 2903
"D:/UnrealProjects/Aura2/Content/Assets/UI/Wide_Button_Red/WideButton_Highlighted.uexp" 2904
"D:/UnrealProjects/Aura2/Content/Assets/UI/Wide_Button_Red/WideButton_Pressed_2.uasset" 2905
"D:/UnrealProjects/Aura2/Content/Assets/UI/Wide_Button_Red/WideButton_Pressed_2.uexp" 2906
"D:/UnrealProjects/Aura2/Content/Blueprints/UI/Button/WBP_WideButton.uasset" 2907
"D:/UnrealProjects/Aura2/Content/Blueprints/UI/Button/WBP_WideButton.uexp" 2908
"D:/UnrealProjects/Aura2/Content/Blueprints/UI/SpellMenu/WBP_SpellMenu.uasset" 2909
"D:/UnrealProjects/Aura2/Content/Blueprints/UI/SpellMenu/WBP_SpellMenu.uexp" 2910
"D:/UnrealProjects/Aura2/Content/Assets/UI/Globes/MI_LevelBG.uasset" 2911
"D:/UnrealProjects/Aura2/Content/Assets/UI/Globes/MI_LevelBG.uexp" 2912
"D:/UnrealProjects/Aura2/Content/Blueprints/UI/SpellGlobes/WBP_ValueGlobe.uasset" 2913
"D:/UnrealProjects/Aura2/Content/Blueprints/UI/SpellGlobes/WBP_ValueGlobe.uexp" 2914
"D:/UnrealProjects/Aura2/Content/Assets/Sounds/Enemies/Goblin/UI/ButtonClick/SFX_UI_ButtonClick_01.ubulk" 2915
"D:/UnrealProjects/Aura2/Content/Assets/Sounds/Enemies/Goblin/UI/ButtonClick/SFX_UI_ButtonClick_01.uasset" 2916
"D:/UnrealProjects/Aura2/Content/Assets/Sounds/Enemies/Goblin/UI/ButtonClick/SFX_UI_ButtonClick_01.uexp" 2917
"D:/UnrealProjects/Aura2/Content/Assets/Sounds/Enemies/Goblin/UI/Cancel/SFX_UI_Cancel_01.ubulk" 2918
"D:/UnrealProjects/Aura2/Content/Assets/Sounds/Enemies/Goblin/UI/Cancel/SFX_UI_Cancel_01.uasset" 2919
"D:/UnrealProjects/Aura2/Content/Assets/Sounds/Enemies/Goblin/UI/Cancel/SFX_UI_Cancel_01.uexp" 2920
"D:/UnrealProjects/Aura2/Content/Blueprints/UI/SettingMenu/WBP_VolumeRow.uasset" 2921
"D:/UnrealProjects/Aura2/Content/Blueprints/UI/SettingMenu/WBP_VolumeRow.uexp" 2922
"D:/UnrealProjects/Aura2/Content/Blueprints/UI/SettingMenu/WBP_SettingRow.uasset" 2923
"D:/UnrealProjects/Aura2/Content/Blueprints/UI/SettingMenu/WBP_SettingRow.uexp" 2924
"D:/UnrealProjects/Aura2/Content/Assets/UI/Borders/Border_1/lrgBorder_1.uasset" 2925
"D:/UnrealProjects/Aura2/Content/Assets/UI/Borders/Border_1/lrgBorder_1.uexp" 2926
"D:/UnrealProjects/Aura2/Content/Assets/UI/SelectMovement/MoveToKey.uasset" 2927
"D:/UnrealProjects/Aura2/Content/Assets/UI/SelectMovement/MoveToKey.uexp" 2928
"D:/UnrealProjects/Aura2/Content/Assets/UI/SelectMovement/MoveToMouse.uasset" 2929
"D:/UnrealProjects/Aura2/Content/Assets/UI/SelectMovement/MoveToMouse.uexp" 2930
"D:/UnrealProjects/Aura2/Content/Blueprints/UI/AreYouSure/WBP_AreYouSure.uasset" 2931
"D:/UnrealProjects/Aura2/Content/Blueprints/UI/AreYouSure/WBP_AreYouSure.uexp" 2932
"D:/UnrealProjects/Aura2/Content/Blueprints/UI/SettingMenu/WBP_SettingMenu.uasset" 2933
"D:/UnrealProjects/Aura2/Content/Blueprints/UI/SettingMenu/WBP_SettingMenu.uexp" 2934
"D:/UnrealProjects/Aura2/Content/Assets/UI/XPBar/xp_bar.uasset" 2935
"D:/UnrealProjects/Aura2/Content/Assets/UI/XPBar/xp_bar.uexp" 2936
"D:/UnrealProjects/Aura2/Content/Assets/UI/XPBar/xp_frame.uasset" 2937
"D:/UnrealProjects/Aura2/Content/Assets/UI/XPBar/xp_frame.uexp" 2938
"D:/UnrealProjects/Aura2/Content/Blueprints/UI/ProgressBar/WBP_XPBar.uasset" 2939
"D:/UnrealProjects/Aura2/Content/Blueprints/UI/ProgressBar/WBP_XPBar.uexp" 2940
"D:/UnrealProjects/Aura2/Content/Assets/UI/Globes/MI_GhostHealthGlobe.uasset" 2941
"D:/UnrealProjects/Aura2/Content/Assets/UI/Globes/MI_GhostHealthGlobe.uexp" 2942
"D:/UnrealProjects/Aura2/Content/Assets/UI/Globes/MI_HealthGlobe.uasset" 2943
"D:/UnrealProjects/Aura2/Content/Assets/UI/Globes/MI_HealthGlobe.uexp" 2944
"D:/UnrealProjects/Aura2/Content/Assets/UI/Rings/GlobeRing/GlobeRing.uasset" 2945
"D:/UnrealProjects/Aura2/Content/Assets/UI/Rings/GlobeRing/GlobeRing.uexp" 2946
"D:/UnrealProjects/Aura2/Content/Assets/UI/HealthMana/AuraRender.uasset" 2947
"D:/UnrealProjects/Aura2/Content/Assets/UI/HealthMana/AuraRender.uexp" 2948
"D:/UnrealProjects/Aura2/Content/Assets/UI/Rings/GlobeRing/GlobeRing1.uasset" 2949
"D:/UnrealProjects/Aura2/Content/Assets/UI/Rings/GlobeRing/GlobeRing1.uexp" 2950
"D:/UnrealProjects/Aura2/Content/Blueprints/UI/Overlay/Subwidget/WBP_PictureFrame.uasset" 2951
"D:/UnrealProjects/Aura2/Content/Blueprints/UI/Overlay/Subwidget/WBP_PictureFrame.uexp" 2952
"D:/UnrealProjects/Aura2/Content/Assets/Fonts/Nanum_Brush/NanumBrushScript-Regular.uexp" 2953
"D:/UnrealProjects/Aura2/Content/Assets/Fonts/Nanum_Brush/NanumBrushScript-Regular.uasset" 2954
"D:/UnrealProjects/Aura2/Content/Assets/Fonts/Nanum_Brush/NanumBrushScript-Regular.ufont" 2955
"D:/UnrealProjects/Aura2/Content/Assets/Fonts/Nanum_Brush/NanumBrushScript-Regular_Font.uasset" 2956
"D:/UnrealProjects/Aura2/Content/Assets/Fonts/Nanum_Brush/NanumBrushScript-Regular_Font.uexp" 2957
"D:/UnrealProjects/Aura2/Content/Assets/Sounds/LevelUp/SFX_LevelUp.ubulk" 2958
"D:/UnrealProjects/Aura2/Content/Assets/Sounds/LevelUp/SFX_LevelUp.uasset" 2959
"D:/UnrealProjects/Aura2/Content/Assets/Sounds/LevelUp/SFX_LevelUp.uexp" 2960
"D:/UnrealProjects/Aura2/Content/Assets/Sounds/LevelUp/sfx_LevelUpSound.uasset" 2961
"D:/UnrealProjects/Aura2/Content/Assets/Sounds/LevelUp/sfx_LevelUpSound.uexp" 2962
"D:/UnrealProjects/Aura2/Content/Blueprints/UI/Overlay/Subwidget/WBP_LevelUpMessage.uasset" 2963
"D:/UnrealProjects/Aura2/Content/Blueprints/UI/Overlay/Subwidget/WBP_LevelUpMessage.uexp" 2964
"D:/UnrealProjects/Aura2/Content/Blueprints/UI/SpellGlobes/WBP_SpellGlobe.uasset" 2965
"D:/UnrealProjects/Aura2/Content/Blueprints/UI/SpellGlobes/WBP_SpellGlobe.uexp" 2966
"D:/UnrealProjects/Aura2/Content/Blueprints/UI/ProgressBar/WBP_GlobeProgressBar.uasset" 2967
"D:/UnrealProjects/Aura2/Content/Blueprints/UI/ProgressBar/WBP_GlobeProgressBar.uexp" 2968
"D:/UnrealProjects/Aura2/Content/Assets/UI/Globes/MI_GhostManaGlobe.uasset" 2969
"D:/UnrealProjects/Aura2/Content/Assets/UI/Globes/MI_GhostManaGlobe.uexp" 2970
"D:/UnrealProjects/Aura2/Content/Blueprints/UI/ProgressBar/WBP_ManaGlobe.uasset" 2971
"D:/UnrealProjects/Aura2/Content/Blueprints/UI/ProgressBar/WBP_ManaGlobe.uexp" 2972
"D:/UnrealProjects/Aura2/Content/Blueprints/UI/ProgressBar/WBP_HealthGlobe.uasset" 2973
"D:/UnrealProjects/Aura2/Content/Blueprints/UI/ProgressBar/WBP_HealthGlobe.uexp" 2974
"D:/UnrealProjects/Aura2/Content/Blueprints/UI/Overlay/Subwidget/WBP_HealthManaSpells.uasset" 2975
"D:/UnrealProjects/Aura2/Content/Blueprints/UI/Overlay/Subwidget/WBP_HealthManaSpells.uexp" 2976
"../../../Engine/Content/EngineMaterials/DefaultWhiteGrid.ubulk" 2977
"../../../Engine/Content/EngineMaterials/DefaultWhiteGrid.uasset" 2978
"../../../Engine/Content/EngineMaterials/DefaultWhiteGrid.uexp" 2979
"D:/UnrealProjects/Aura2/Content/Blueprints/UI/MiniMap/M_Circle.uasset" 2980
"D:/UnrealProjects/Aura2/Content/Blueprints/UI/MiniMap/M_Circle.uexp" 2981
"D:/UnrealProjects/Aura2/Content/Blueprints/UI/MiniMap/WBP_MiniMap.uasset" 2982
"D:/UnrealProjects/Aura2/Content/Blueprints/UI/MiniMap/WBP_MiniMap.uexp" 2983
"D:/UnrealProjects/Aura2/Content/Blueprints/AbilitySystem/Data/DA_AttributeInfo.uasset" 2984
"D:/UnrealProjects/Aura2/Content/Blueprints/AbilitySystem/Data/DA_AttributeInfo.uexp" 2985
"D:/UnrealProjects/Aura2/Content/Blueprints/UI/WidgetController/BP_AttributeMenuWidgetController.uasset" 2986
"D:/UnrealProjects/Aura2/Content/Blueprints/UI/WidgetController/BP_AttributeMenuWidgetController.uexp" 2987
"D:/UnrealProjects/Aura2/Content/Blueprints/UI/AttributeMenu/WBP_TextValueRow.uasset" 2988
"D:/UnrealProjects/Aura2/Content/Blueprints/UI/AttributeMenu/WBP_TextValueRow.uexp" 2989
"D:/UnrealProjects/Aura2/Content/Blueprints/UI/AttributeMenu/WBP_TextValueButtonRow.uasset" 2990
"D:/UnrealProjects/Aura2/Content/Blueprints/UI/AttributeMenu/WBP_TextValueButtonRow.uexp" 2991
"D:/UnrealProjects/Aura2/Content/Blueprints/UI/AttributeMenu/WBP_AttributePointsRow.uasset" 2992
"D:/UnrealProjects/Aura2/Content/Blueprints/UI/AttributeMenu/WBP_AttributePointsRow.uexp" 2993
"D:/UnrealProjects/Aura2/Content/Assets/UI/Borders/Border_1/Border_1.uasset" 2994
"D:/UnrealProjects/Aura2/Content/Assets/UI/Borders/Border_1/Border_1.uexp" 2995
"D:/UnrealProjects/Aura2/Content/Blueprints/UI/AttributeMenu/WBP_AttributeMenu.uasset" 2996
"D:/UnrealProjects/Aura2/Content/Blueprints/UI/AttributeMenu/WBP_AttributeMenu.uexp" 2997
"D:/UnrealProjects/Aura2/Content/Blueprints/UI/MissionStart/WBP_MissionStart.uasset" 2998
"D:/UnrealProjects/Aura2/Content/Blueprints/UI/MissionStart/WBP_MissionStart.uexp" 2999
"D:/UnrealProjects/Aura2/Content/Blueprints/UI/WidgetController/BP_SaveProgressWidgetController.uasset" 3000
"D:/UnrealProjects/Aura2/Content/Blueprints/UI/WidgetController/BP_SaveProgressWidgetController.uexp" 3001
"D:/UnrealProjects/Aura2/Content/Blueprints/UI/WidgetController/BP_MissionWidgetController.uasset" 3002
"D:/UnrealProjects/Aura2/Content/Blueprints/UI/WidgetController/BP_MissionWidgetController.uexp" 3003
"D:/UnrealProjects/Aura2/Content/Blueprints/UI/GameOver/WBP_GameOver.uasset" 3004
"D:/UnrealProjects/Aura2/Content/Blueprints/UI/GameOver/WBP_GameOver.uexp" 3005
"D:/UnrealProjects/Aura2/Content/Blueprints/UI/WidgetController/BP_GameOverWidgetController.uasset" 3006
"D:/UnrealProjects/Aura2/Content/Blueprints/UI/WidgetController/BP_GameOverWidgetController.uexp" 3007
"D:/UnrealProjects/Aura2/Content/Blueprints/UI/ViewModel/BP_InventoryViewModel.uasset" 3008
"D:/UnrealProjects/Aura2/Content/Blueprints/UI/ViewModel/BP_InventoryViewModel.uexp" 3009
"D:/UnrealProjects/Aura2/Content/Blueprints/UI/ViewModel/BP_DebugMenuViewModel.uasset" 3010
"D:/UnrealProjects/Aura2/Content/Blueprints/UI/ViewModel/BP_DebugMenuViewModel.uexp" 3011
"D:/UnrealProjects/Aura2/Content/Blueprints/UI/ViewModel/BP_UpgradeCardViewModel.uasset" 3012
"D:/UnrealProjects/Aura2/Content/Blueprints/UI/ViewModel/BP_UpgradeCardViewModel.uexp" 3013
"D:/UnrealProjects/Aura2/Content/Blueprints/UI/ViewModel/BP_CardSelectionViewModel.uasset" 3014
"D:/UnrealProjects/Aura2/Content/Blueprints/UI/ViewModel/BP_CardSelectionViewModel.uexp" 3015
"D:/UnrealProjects/Aura2/Content/Blueprints/AbilitySystem/Enemy/Effects/GE_KillInstant.uasset" 3016
"D:/UnrealProjects/Aura2/Content/Blueprints/AbilitySystem/Enemy/Effects/GE_KillInstant.uexp" 3017
"D:/UnrealProjects/Aura2/Content/Blueprints/Character/Boss/BP_BossMonsterBase.uasset" 3018
"D:/UnrealProjects/Aura2/Content/Blueprints/Character/Boss/BP_BossMonsterBase.uexp" 3019
"D:/UnrealProjects/Aura2/Content/Assets/UI/HealthBar/Player/HealthBarBG.uasset" 3020
"D:/UnrealProjects/Aura2/Content/Assets/UI/HealthBar/Player/HealthBarBG.uexp" 3021
"D:/UnrealProjects/Aura2/Content/Assets/UI/HealthBar/Player/HealthBarBG_2.uasset" 3022
"D:/UnrealProjects/Aura2/Content/Assets/UI/HealthBar/Player/HealthBarBG_2.uexp" 3023
"D:/UnrealProjects/Aura2/Content/Assets/UI/HealthBar/Player/HealthBarFill.uasset" 3024
"D:/UnrealProjects/Aura2/Content/Assets/UI/HealthBar/Player/HealthBarFill.uexp" 3025
"D:/UnrealProjects/Aura2/Content/Assets/UI/HealthBar/Player/HealthBarFill_2.uasset" 3026
"D:/UnrealProjects/Aura2/Content/Assets/UI/HealthBar/Player/HealthBarFill_2.uexp" 3027
"D:/UnrealProjects/Aura2/Content/Blueprints/UI/ProgressBar/WBP_EnemyBoss_ProgressBar.uasset" 3028
"D:/UnrealProjects/Aura2/Content/Blueprints/UI/ProgressBar/WBP_EnemyBoss_ProgressBar.uexp" 3029
"D:/UnrealProjects/Aura2/Content/Blueprints/UI/ProgressBar/WBP_EnemyBoss_HealthBar.uasset" 3030
"D:/UnrealProjects/Aura2/Content/Blueprints/UI/ProgressBar/WBP_EnemyBoss_HealthBar.uexp" 3031
"D:/UnrealProjects/Aura2/Content/MSPresets/MSTextures/White.ubulk" 3032
"D:/UnrealProjects/Aura2/Content/MSPresets/MSTextures/White.uasset" 3033
"D:/UnrealProjects/Aura2/Content/MSPresets/MSTextures/White.uexp" 3034
"D:/UnrealProjects/Aura2/Content/Blueprints/UI/MissionObjective/WBP_Objective.uasset" 3035
"D:/UnrealProjects/Aura2/Content/Blueprints/UI/MissionObjective/WBP_Objective.uexp" 3036
"D:/UnrealProjects/Aura2/Content/Blueprints/UI/MissionObjective/WBP_MissionObjectives.uasset" 3037
"D:/UnrealProjects/Aura2/Content/Blueprints/UI/MissionObjective/WBP_MissionObjectives.uexp" 3038
"D:/UnrealProjects/Aura2/Content/Blueprints/UI/MissionObjective/WBP_MissionStack.uasset" 3039
"D:/UnrealProjects/Aura2/Content/Blueprints/UI/MissionObjective/WBP_MissionStack.uexp" 3040
"D:/UnrealProjects/Aura2/Content/Assets/UI/SaveIcon/SaveICON_Border.ubulk" 3041
"D:/UnrealProjects/Aura2/Content/Assets/UI/SaveIcon/SaveICON_Border.uasset" 3042
"D:/UnrealProjects/Aura2/Content/Assets/UI/SaveIcon/SaveICON_Border.uexp" 3043
"D:/UnrealProjects/Aura2/Content/Blueprints/UI/Overlay/Subwidget/WBP_SaveProgress.uasset" 3044
"D:/UnrealProjects/Aura2/Content/Blueprints/UI/Overlay/Subwidget/WBP_SaveProgress.uexp" 3045
"D:/UnrealProjects/Aura2/Content/Assets/Effects/Shared/M_DefaultSprite_UI.uasset" 3046
"D:/UnrealProjects/Aura2/Content/Assets/Effects/Shared/M_DefaultSprite_UI.uexp" 3047
"D:/UnrealProjects/Aura2/Content/Assets/Effects/Shared/MI_DefaultSprite_UI.uasset" 3048
"D:/UnrealProjects/Aura2/Content/Assets/Effects/Shared/MI_DefaultSprite_UI.uexp" 3049
"D:/UnrealProjects/Aura2/Content/Assets/Effects/NS_CardGlow.uasset" 3050
"D:/UnrealProjects/Aura2/Content/Assets/Effects/NS_CardGlow.uexp" 3051
"D:/UnrealProjects/Aura2/Content/Assets/UI/LoadScreen/PlusIcon_clearBG.ubulk" 3052
"D:/UnrealProjects/Aura2/Content/Assets/UI/LoadScreen/PlusIcon_clearBG.uasset" 3053
"D:/UnrealProjects/Aura2/Content/Assets/UI/LoadScreen/PlusIcon_clearBG.uexp" 3054
"D:/UnrealProjects/Aura2/Content/Blueprints/UI/CardSelection/WBP_CardSelection_Base.uasset" 3055
"D:/UnrealProjects/Aura2/Content/Blueprints/UI/CardSelection/WBP_CardSelection_Base.uexp" 3056
"D:/UnrealProjects/Aura2/Content/Assets/UI/Borders/BorderLarge/Border_Large_png.uasset" 3057
"D:/UnrealProjects/Aura2/Content/Assets/UI/Borders/BorderLarge/Border_Large_png.uexp" 3058
"D:/UnrealProjects/Aura2/Content/Assets/UI/Globes/M_LoadSlotBG.uasset" 3059
"D:/UnrealProjects/Aura2/Content/Assets/UI/Globes/M_LoadSlotBG.uexp" 3060
"D:/UnrealProjects/Aura2/Content/Assets/Effects/LevelUp/Materials/M_PanningNoise1.uasset" 3061
"D:/UnrealProjects/Aura2/Content/Assets/Effects/LevelUp/Materials/M_PanningNoise1.uexp" 3062
"D:/UnrealProjects/Aura2/Content/Assets/Effects/Shared/M_DefaultSprite_UI_Trans.uasset" 3063
"D:/UnrealProjects/Aura2/Content/Assets/Effects/Shared/M_DefaultSprite_UI_Trans.uexp" 3064
"D:/UnrealProjects/Aura2/Content/Blueprints/UI/CardSelection/WBP_UpgradeCard.uasset" 3065
"D:/UnrealProjects/Aura2/Content/Blueprints/UI/CardSelection/WBP_UpgradeCard.uexp" 3066
"D:/UnrealProjects/Aura2/Content/Blueprints/UI/CardSelection/WBP_CardSelection.uasset" 3067
"D:/UnrealProjects/Aura2/Content/Blueprints/UI/CardSelection/WBP_CardSelection.uexp" 3068
"D:/UnrealProjects/Aura2/Content/Blueprints/UI/HUD/BP_AuraHUD.uasset" 3069
"D:/UnrealProjects/Aura2/Content/Blueprints/UI/HUD/BP_AuraHUD.uexp" 3070
"D:/UnrealProjects/Aura2/Content/Assets/Sounds/UI/ButtonClick/SFX_UI_ButtonClick_03.ubulk" 3071
"D:/UnrealProjects/Aura2/Content/Assets/Sounds/UI/ButtonClick/SFX_UI_ButtonClick_03.uasset" 3072
"D:/UnrealProjects/Aura2/Content/Assets/Sounds/UI/ButtonClick/SFX_UI_ButtonClick_03.uexp" 3073
"D:/UnrealProjects/Aura2/Content/Blueprints/UI/DebugMenu/WBP_DebugRow.uasset" 3074
"D:/UnrealProjects/Aura2/Content/Blueprints/UI/DebugMenu/WBP_DebugRow.uexp" 3075
"D:/UnrealProjects/Aura2/Content/Blueprints/UI/DebugMenu/WBP_DebugMenu.uasset" 3076
"D:/UnrealProjects/Aura2/Content/Blueprints/UI/DebugMenu/WBP_DebugMenu.uexp" 3077
"D:/UnrealProjects/Aura2/Content/Blueprints/UI/ESCMenu/WBP_ESCMenu.uasset" 3078
"D:/UnrealProjects/Aura2/Content/Blueprints/UI/ESCMenu/WBP_ESCMenu.uexp" 3079
"D:/UnrealProjects/Aura2/Content/Blueprints/UI/InventoryMenu/WBP_DragItemIcon.uasset" 3080
"D:/UnrealProjects/Aura2/Content/Blueprints/UI/InventoryMenu/WBP_DragItemIcon.uexp" 3081
"D:/UnrealProjects/Aura2/Content/Blueprints/UI/InventoryMenu/WBP_InventorySlot.uasset" 3082
"D:/UnrealProjects/Aura2/Content/Blueprints/UI/InventoryMenu/WBP_InventorySlot.uexp" 3083
"D:/UnrealProjects/Aura2/Content/Assets/UI/Inventory/Weapon.uasset" 3084
"D:/UnrealProjects/Aura2/Content/Assets/UI/Inventory/Weapon.uexp" 3085
"D:/UnrealProjects/Aura2/Content/Blueprints/UI/InventoryMenu/WBP_EquipSlot.uasset" 3086
"D:/UnrealProjects/Aura2/Content/Blueprints/UI/InventoryMenu/WBP_EquipSlot.uexp" 3087
"D:/UnrealProjects/Aura2/Content/Assets/UI/Inventory/Armor.uasset" 3088
"D:/UnrealProjects/Aura2/Content/Assets/UI/Inventory/Armor.uexp" 3089
"D:/UnrealProjects/Aura2/Content/Assets/UI/Inventory/Boots.uasset" 3090
"D:/UnrealProjects/Aura2/Content/Assets/UI/Inventory/Boots.uexp" 3091
"D:/UnrealProjects/Aura2/Content/Assets/UI/Inventory/helmet.uasset" 3092
"D:/UnrealProjects/Aura2/Content/Assets/UI/Inventory/helmet.uexp" 3093
"D:/UnrealProjects/Aura2/Content/Blueprints/UI/InventoryMenu/WBP_InventoryMenu.uasset" 3094
"D:/UnrealProjects/Aura2/Content/Blueprints/UI/InventoryMenu/WBP_InventoryMenu.uexp" 3095
"D:/UnrealProjects/Aura2/Content/Blueprints/UI/Overlay/WBP_Overlay.uasset" 3096
"D:/UnrealProjects/Aura2/Content/Blueprints/UI/Overlay/WBP_Overlay.uexp" 3097
"D:/UnrealProjects/Aura2/Content/Blueprints/UI/Dialogue/Tutorial/WBP_Dialogue.uasset" 3098
"D:/UnrealProjects/Aura2/Content/Blueprints/UI/Dialogue/Tutorial/WBP_Dialogue.uexp" 3099
"D:/UnrealProjects/Aura2/Content/Input/InputActions/IA_ESC.uasset" 3100
"D:/UnrealProjects/Aura2/Content/Input/InputActions/IA_ESC.uexp" 3101
"D:/UnrealProjects/Aura2/Content/Input/IMC_Pause.uasset" 3102
"D:/UnrealProjects/Aura2/Content/Input/IMC_Pause.uexp" 3103
"D:/UnrealProjects/Aura2/Content/Input/InputActions/IA_1.uasset" 3104
"D:/UnrealProjects/Aura2/Content/Input/InputActions/IA_1.uexp" 3105
"D:/UnrealProjects/Aura2/Content/Input/InputActions/IA_2.uasset" 3106
"D:/UnrealProjects/Aura2/Content/Input/InputActions/IA_2.uexp" 3107
"D:/UnrealProjects/Aura2/Content/Input/InputActions/IA_3.uasset" 3108
"D:/UnrealProjects/Aura2/Content/Input/InputActions/IA_3.uexp" 3109
"D:/UnrealProjects/Aura2/Content/Input/InputActions/IA_4.uasset" 3110
"D:/UnrealProjects/Aura2/Content/Input/InputActions/IA_4.uexp" 3111
"D:/UnrealProjects/Aura2/Content/Input/InputActions/IA_LMB.uasset" 3112
"D:/UnrealProjects/Aura2/Content/Input/InputActions/IA_LMB.uexp" 3113
"D:/UnrealProjects/Aura2/Content/Input/InputActions/IA_MouseWheel.uasset" 3114
"D:/UnrealProjects/Aura2/Content/Input/InputActions/IA_MouseWheel.uexp" 3115
"D:/UnrealProjects/Aura2/Content/Input/InputActions/IA_RMB.uasset" 3116
"D:/UnrealProjects/Aura2/Content/Input/InputActions/IA_RMB.uexp" 3117
"D:/UnrealProjects/Aura2/Content/Input/InputActions/IA_Alt.uasset" 3118
"D:/UnrealProjects/Aura2/Content/Input/InputActions/IA_Alt.uexp" 3119
"D:/UnrealProjects/Aura2/Content/Input/InputActions/IA_B.uasset" 3120
"D:/UnrealProjects/Aura2/Content/Input/InputActions/IA_B.uexp" 3121
"D:/UnrealProjects/Aura2/Content/Input/InputActions/IA_D.uasset" 3122
"D:/UnrealProjects/Aura2/Content/Input/InputActions/IA_D.uexp" 3123
"D:/UnrealProjects/Aura2/Content/Input/InputActions/IA_Debug.uasset" 3124
"D:/UnrealProjects/Aura2/Content/Input/InputActions/IA_Debug.uexp" 3125
"D:/UnrealProjects/Aura2/Content/Input/InputActions/IA_E.uasset" 3126
"D:/UnrealProjects/Aura2/Content/Input/InputActions/IA_E.uexp" 3127
"D:/UnrealProjects/Aura2/Content/Input/InputActions/IA_Enter.uasset" 3128
"D:/UnrealProjects/Aura2/Content/Input/InputActions/IA_Enter.uexp" 3129
"D:/UnrealProjects/Aura2/Content/Input/InputActions/IA_G.uasset" 3130
"D:/UnrealProjects/Aura2/Content/Input/InputActions/IA_G.uexp" 3131
"D:/UnrealProjects/Aura2/Content/Input/InputActions/IA_Move.uasset" 3132
"D:/UnrealProjects/Aura2/Content/Input/InputActions/IA_Move.uexp" 3133
"D:/UnrealProjects/Aura2/Content/Input/InputActions/IA_Shift.uasset" 3134
"D:/UnrealProjects/Aura2/Content/Input/InputActions/IA_Shift.uexp" 3135
"D:/UnrealProjects/Aura2/Content/Input/InputActions/IA_U.uasset" 3136
"D:/UnrealProjects/Aura2/Content/Input/InputActions/IA_U.uexp" 3137
"D:/UnrealProjects/Aura2/Content/Input/IMC_AuraContext.uasset" 3138
"D:/UnrealProjects/Aura2/Content/Input/IMC_AuraContext.uexp" 3139
"D:/UnrealProjects/Aura2/Content/Input/DA_AuraInputConfig.uasset" 3140
"D:/UnrealProjects/Aura2/Content/Input/DA_AuraInputConfig.uexp" 3141
"D:/UnrealProjects/Aura2/Content/Blueprints/UI/FloatingText/WBP_DamageText.uasset" 3142
"D:/UnrealProjects/Aura2/Content/Blueprints/UI/FloatingText/WBP_DamageText.uexp" 3143
"D:/UnrealProjects/Aura2/Content/Blueprints/UI/FloatingText/BP_DamageTextComponent.uasset" 3144
"D:/UnrealProjects/Aura2/Content/Blueprints/UI/FloatingText/BP_DamageTextComponent.uexp" 3145
"D:/UnrealProjects/Aura2/Content/Assets/Effects/Cursor/FX_Cursor.uasset" 3146
"D:/UnrealProjects/Aura2/Content/Assets/Effects/Cursor/FX_Cursor.uexp" 3147
"D:/UnrealProjects/Aura2/Content/Blueprints/AbilitySystem/Aura/Abilities/Arcane/ArcaneShards/BP_MagicCircle.uasset" 3148
"D:/UnrealProjects/Aura2/Content/Blueprints/AbilitySystem/Aura/Abilities/Arcane/ArcaneShards/BP_MagicCircle.uexp" 3149
"D:/UnrealProjects/Aura2/Content/Blueprints/Player/BP_AuraPlayerController.uasset" 3150
"D:/UnrealProjects/Aura2/Content/Blueprints/Player/BP_AuraPlayerController.uexp" 3151
"D:/UnrealProjects/Aura2/Content/Blueprints/AbilitySystem/Aura/Abilities/Passive_Startup/GE_EventBasedEffect.uasset" 3152
"D:/UnrealProjects/Aura2/Content/Blueprints/AbilitySystem/Aura/Abilities/Passive_Startup/GE_EventBasedEffect.uexp" 3153
"D:/UnrealProjects/Aura2/Content/Blueprints/AbilitySystem/Aura/Abilities/Passive_Startup/GA_ListenForEvent.uasset" 3154
"D:/UnrealProjects/Aura2/Content/Blueprints/AbilitySystem/Aura/Abilities/Passive_Startup/GA_ListenForEvent.uexp" 3155
"../../../Engine/Plugins/2D/Paper2D/Content/TranslucentUnlitSpriteMaterial.uasset" 3156
"../../../Engine/Plugins/2D/Paper2D/Content/TranslucentUnlitSpriteMaterial.uexp" 3157
"D:/UnrealProjects/Aura2/Content/Assets/UI/MiniMap/Map_Arrow.uasset" 3158
"D:/UnrealProjects/Aura2/Content/Assets/UI/MiniMap/Map_Arrow.uexp" 3159
"D:/UnrealProjects/Aura2/Content/Assets/UI/MiniMap/Map_Arrow_Sprite_0.uasset" 3160
"D:/UnrealProjects/Aura2/Content/Assets/UI/MiniMap/Map_Arrow_Sprite_0.uexp" 3161
"D:/UnrealProjects/Aura2/Content/Assets/Effects/Stun/NS_Halo.uasset" 3162
"D:/UnrealProjects/Aura2/Content/Assets/Effects/Stun/NS_Halo.uexp" 3163
"D:/UnrealProjects/Aura2/Content/Assets/Effects/LevelUp/NS_Shine.uasset" 3164
"D:/UnrealProjects/Aura2/Content/Assets/Effects/LevelUp/NS_Shine.uexp" 3165
"D:/UnrealProjects/Aura2/Content/Assets/Characters/Aura/Animations/Abilities/Cast_Shock_Loop.uasset" 3166
"D:/UnrealProjects/Aura2/Content/Assets/Characters/Aura/Animations/Abilities/Cast_Shock_Loop.uexp" 3167
"D:/UnrealProjects/Aura2/Content/Assets/Characters/Aura/Animations/Abilities/Stun.uasset" 3168
"D:/UnrealProjects/Aura2/Content/Assets/Characters/Aura/Animations/Abilities/Stun.uexp" 3169
"D:/UnrealProjects/Aura2/Content/Assets/Characters/Aura/Animations/Idle.uasset" 3170
"D:/UnrealProjects/Aura2/Content/Assets/Characters/Aura/Animations/Idle.uexp" 3171
"D:/UnrealProjects/Aura2/Content/Assets/Characters/Aura/Animations/Walk.uasset" 3172
"D:/UnrealProjects/Aura2/Content/Assets/Characters/Aura/Animations/Walk.uexp" 3173
"D:/UnrealProjects/Aura2/Content/Assets/Sounds/FootSteps/sfx_Footsteps.uasset" 3174
"D:/UnrealProjects/Aura2/Content/Assets/Sounds/FootSteps/sfx_Footsteps.uexp" 3175
"D:/UnrealProjects/Aura2/Content/Assets/Characters/Aura/Animations/Run.uasset" 3176
"D:/UnrealProjects/Aura2/Content/Assets/Characters/Aura/Animations/Run.uexp" 3177
"D:/UnrealProjects/Aura2/Content/Assets/Characters/Aura/Animations/IdleWalkRun.uasset" 3178
"D:/UnrealProjects/Aura2/Content/Assets/Characters/Aura/Animations/IdleWalkRun.uexp" 3179
"D:/UnrealProjects/Aura2/Content/Assets/Characters/Aura/Animations/InAir.uasset" 3180
"D:/UnrealProjects/Aura2/Content/Assets/Characters/Aura/Animations/InAir.uexp" 3181
"D:/UnrealProjects/Aura2/Content/Blueprints/Character/Aura/ABP_Aura.uasset" 3182
"D:/UnrealProjects/Aura2/Content/Blueprints/Character/Aura/ABP_Aura.uexp" 3183
"D:/UnrealProjects/Aura2/Content/Blueprints/AbilitySystem/Aura/Effects/GE_DebugInvincible.uasset" 3184
"D:/UnrealProjects/Aura2/Content/Blueprints/AbilitySystem/Aura/Effects/GE_DebugInvincible.uexp" 3185
"D:/UnrealProjects/Aura2/Content/Blueprints/Character/Aura/BP_AuraCharacter.uasset" 3186
"D:/UnrealProjects/Aura2/Content/Blueprints/Character/Aura/BP_AuraCharacter.uexp" 3187
"D:/UnrealProjects/Aura2/Content/Blueprints/AI/EQS/EQS_PlayerContext.uasset" 3188
"D:/UnrealProjects/Aura2/Content/Blueprints/AI/EQS/EQS_PlayerContext.uexp" 3189
"D:/UnrealProjects/Aura2/Content/Blueprints/AI/EQS/EQ_FindRangedAttackPosition.uasset" 3190
"D:/UnrealProjects/Aura2/Content/Blueprints/AI/EQS/EQ_FindRangedAttackPosition.uexp" 3191
"D:/UnrealProjects/Aura2/Content/Blueprints/AI/Tasks/BTT_GoAroundTarget.uasset" 3192
"D:/UnrealProjects/Aura2/Content/Blueprints/AI/Tasks/BTT_GoAroundTarget.uexp" 3193
"D:/UnrealProjects/Aura2/Content/Blueprints/AI/Tasks/BTT_Attack.uasset" 3194
"D:/UnrealProjects/Aura2/Content/Blueprints/AI/Tasks/BTT_Attack.uexp" 3195
"D:/UnrealProjects/Aura2/Content/Blueprints/AI/Services/BTS_FindNearestPlayer.uasset" 3196
"D:/UnrealProjects/Aura2/Content/Blueprints/AI/Services/BTS_FindNearestPlayer.uexp" 3197
"D:/UnrealProjects/Aura2/Content/Blueprints/AI/BehaviorTree/BB_EnemyBlackboard.uasset" 3198
"D:/UnrealProjects/Aura2/Content/Blueprints/AI/BehaviorTree/BB_EnemyBlackboard.uexp" 3199
"D:/UnrealProjects/Aura2/Content/Blueprints/AI/BehaviorTree/BT_EnemyBehaviortree.uasset" 3200
"D:/UnrealProjects/Aura2/Content/Blueprints/AI/BehaviorTree/BT_EnemyBehaviortree.uexp" 3201
"D:/UnrealProjects/Aura2/Content/Blueprints/Character/BP_EnemyBase.uasset" 3202
"D:/UnrealProjects/Aura2/Content/Blueprints/Character/BP_EnemyBase.uexp" 3203
"D:/UnrealProjects/Aura2/Content/Assets/Enemies/Goblin/Animations/Spear/Run_Spear_fix.uasset" 3204
"D:/UnrealProjects/Aura2/Content/Assets/Enemies/Goblin/Animations/Spear/Run_Spear_fix.uexp" 3205
"D:/UnrealProjects/Aura2/Content/Assets/Enemies/Goblin/Animations/Spear/Idle_Spear2.uasset" 3206
"D:/UnrealProjects/Aura2/Content/Assets/Enemies/Goblin/Animations/Spear/Idle_Spear2.uexp" 3207
"D:/UnrealProjects/Aura2/Content/Assets/Enemies/Goblin/Animations/Spear/BS_GoblinSpear_IdleRun.uasset" 3208
"D:/UnrealProjects/Aura2/Content/Assets/Enemies/Goblin/Animations/Spear/BS_GoblinSpear_IdleRun.uexp" 3209
"D:/UnrealProjects/Aura2/Content/Assets/Enemies/Goblin/Animations/Spear/ShockLoop.uasset" 3210
"D:/UnrealProjects/Aura2/Content/Assets/Enemies/Goblin/Animations/Spear/ShockLoop.uexp" 3211
"D:/UnrealProjects/Aura2/Content/Assets/Enemies/Goblin/Animations/Spear/Stun_Loop.uasset" 3212
"D:/UnrealProjects/Aura2/Content/Assets/Enemies/Goblin/Animations/Spear/Stun_Loop.uexp" 3213
"D:/UnrealProjects/Aura2/Content/Blueprints/Character/Goblin_Spear/ABP_Goblin_Spear.uasset" 3214
"D:/UnrealProjects/Aura2/Content/Blueprints/Character/Goblin_Spear/ABP_Goblin_Spear.uexp" 3215
"D:/UnrealProjects/Aura2/Content/Assets/Sounds/Enemies/Goblin/Hurt/sfx_GoblinHurt.uasset" 3216
"D:/UnrealProjects/Aura2/Content/Assets/Sounds/Enemies/Goblin/Hurt/sfx_GoblinHurt.uexp" 3217
"D:/UnrealProjects/Aura2/Content/Assets/Enemies/Goblin/Animations/Spear/HitReact_Spear_cut.uasset" 3218
"D:/UnrealProjects/Aura2/Content/Assets/Enemies/Goblin/Animations/Spear/HitReact_Spear_cut.uexp" 3219
"D:/UnrealProjects/Aura2/Content/Assets/Enemies/Goblin/Animations/Spear/AM_HitReact_Spear_Montage.uasset" 3220
"D:/UnrealProjects/Aura2/Content/Assets/Enemies/Goblin/Animations/Spear/AM_HitReact_Spear_Montage.uexp" 3221
"D:/UnrealProjects/Aura2/Content/Assets/Enemies/Goblin/Materials/Goblin_low_M_Goblin_OcclusionRoughnessMetallic.ubulk" 3222
"D:/UnrealProjects/Aura2/Content/Assets/Enemies/Goblin/Materials/Goblin_low_M_Goblin_OcclusionRoughnessMetallic.uasset" 3223
"D:/UnrealProjects/Aura2/Content/Assets/Enemies/Goblin/Materials/Goblin_low_M_Goblin_OcclusionRoughnessMetallic.uexp" 3224
"D:/UnrealProjects/Aura2/Content/Assets/Enemies/Goblin/Materials/Goblin_low_M_Goblin_Normal.ubulk" 3225
"D:/UnrealProjects/Aura2/Content/Assets/Enemies/Goblin/Materials/Goblin_low_M_Goblin_Normal.uasset" 3226
"D:/UnrealProjects/Aura2/Content/Assets/Enemies/Goblin/Materials/Goblin_low_M_Goblin_Normal.uexp" 3227
"D:/UnrealProjects/Aura2/Content/Assets/Enemies/Goblin/Materials/Goblin_low_M_Goblin_BaseColor.ubulk" 3228
"D:/UnrealProjects/Aura2/Content/Assets/Enemies/Goblin/Materials/Goblin_low_M_Goblin_BaseColor.uasset" 3229
"D:/UnrealProjects/Aura2/Content/Assets/Enemies/Goblin/Materials/Goblin_low_M_Goblin_BaseColor.uexp" 3230
"D:/UnrealProjects/Aura2/Content/Assets/Enemies/Goblin/Materials/M_GoblinDissolve.uasset" 3231
"D:/UnrealProjects/Aura2/Content/Assets/Enemies/Goblin/Materials/M_GoblinDissolve.uexp" 3232
"D:/UnrealProjects/Aura2/Content/Assets/Enemies/Goblin/Materials/MI_GoblinDissolve.uasset" 3233
"D:/UnrealProjects/Aura2/Content/Assets/Enemies/Goblin/Materials/MI_GoblinDissolve.uexp" 3234
"D:/UnrealProjects/Aura2/Content/Assets/Enemies/Goblin/PA_Goblin.uasset" 3235
"D:/UnrealProjects/Aura2/Content/Assets/Enemies/Goblin/PA_Goblin.uexp" 3236
"D:/UnrealProjects/Aura2/Content/Assets/Enemies/Goblin/Materials/M_Goblin.uasset" 3237
"D:/UnrealProjects/Aura2/Content/Assets/Enemies/Goblin/Materials/M_Goblin.uexp" 3238
"D:/UnrealProjects/Aura2/Content/Assets/Enemies/Goblin/SKM_Goblin.uasset" 3239
"D:/UnrealProjects/Aura2/Content/Assets/Enemies/Goblin/SKM_Goblin.uexp" 3240
"D:/UnrealProjects/Aura2/Content/Assets/Enemies/Goblin/Spear/Materials/Spear_low_M_Spear_OcclusionRoughnessMetallic.ubulk" 3241
"D:/UnrealProjects/Aura2/Content/Assets/Enemies/Goblin/Spear/Materials/Spear_low_M_Spear_OcclusionRoughnessMetallic.uasset" 3242
"D:/UnrealProjects/Aura2/Content/Assets/Enemies/Goblin/Spear/Materials/Spear_low_M_Spear_OcclusionRoughnessMetallic.uexp" 3243
"D:/UnrealProjects/Aura2/Content/Assets/Enemies/Goblin/Spear/Materials/Spear_low_M_Spear_Normal.ubulk" 3244
"D:/UnrealProjects/Aura2/Content/Assets/Enemies/Goblin/Spear/Materials/Spear_low_M_Spear_Normal.uasset" 3245
"D:/UnrealProjects/Aura2/Content/Assets/Enemies/Goblin/Spear/Materials/Spear_low_M_Spear_Normal.uexp" 3246
"D:/UnrealProjects/Aura2/Content/Assets/Enemies/Goblin/Spear/Materials/Spear_low_M_Spear_BaseColor.ubulk" 3247
"D:/UnrealProjects/Aura2/Content/Assets/Enemies/Goblin/Spear/Materials/Spear_low_M_Spear_BaseColor.uasset" 3248
"D:/UnrealProjects/Aura2/Content/Assets/Enemies/Goblin/Spear/Materials/Spear_low_M_Spear_BaseColor.uexp" 3249
"D:/UnrealProjects/Aura2/Content/Assets/Enemies/Goblin/Spear/Materials/M_SpearDissolve.uasset" 3250
"D:/UnrealProjects/Aura2/Content/Assets/Enemies/Goblin/Spear/Materials/M_SpearDissolve.uexp" 3251
"D:/UnrealProjects/Aura2/Content/Assets/Enemies/Goblin/Spear/Materials/MI_Spear_Dissolve.uasset" 3252
"D:/UnrealProjects/Aura2/Content/Assets/Enemies/Goblin/Spear/Materials/MI_Spear_Dissolve.uexp" 3253
"D:/UnrealProjects/Aura2/Content/Assets/Enemies/Goblin/Spear/Materials/M_Spear.uasset" 3254
"D:/UnrealProjects/Aura2/Content/Assets/Enemies/Goblin/Spear/Materials/M_Spear.uexp" 3255
"D:/UnrealProjects/Aura2/Content/Assets/Enemies/Goblin/Spear/SKM_Spear_Skeleton.uasset" 3256
"D:/UnrealProjects/Aura2/Content/Assets/Enemies/Goblin/Spear/SKM_Spear_Skeleton.uexp" 3257
"D:/UnrealProjects/Aura2/Content/Assets/Enemies/Goblin/Spear/PA_GoblinSpear.uasset" 3258
"D:/UnrealProjects/Aura2/Content/Assets/Enemies/Goblin/Spear/PA_GoblinSpear.uexp" 3259
"D:/UnrealProjects/Aura2/Content/Assets/Enemies/Goblin/Spear/SKM_Spear.uasset" 3260
"D:/UnrealProjects/Aura2/Content/Assets/Enemies/Goblin/Spear/SKM_Spear.uexp" 3261
"D:/UnrealProjects/Aura2/Content/Assets/Sounds/Enemies/Goblin/Death/SFX_Goblin_Death_03.ubulk" 3262
"D:/UnrealProjects/Aura2/Content/Assets/Sounds/Enemies/Goblin/Death/SFX_Goblin_Death_03.uasset" 3263
"D:/UnrealProjects/Aura2/Content/Assets/Sounds/Enemies/Goblin/Death/SFX_Goblin_Death_03.uexp" 3264
"D:/UnrealProjects/Aura2/Content/Assets/Sounds/Enemies/Goblin/Death/SFX_Goblin_Death_02.ubulk" 3265
"D:/UnrealProjects/Aura2/Content/Assets/Sounds/Enemies/Goblin/Death/SFX_Goblin_Death_02.uasset" 3266
"D:/UnrealProjects/Aura2/Content/Assets/Sounds/Enemies/Goblin/Death/SFX_Goblin_Death_02.uexp" 3267
"D:/UnrealProjects/Aura2/Content/Assets/Sounds/Enemies/Goblin/Death/SFX_Goblin_Death_01.ubulk" 3268
"D:/UnrealProjects/Aura2/Content/Assets/Sounds/Enemies/Goblin/Death/SFX_Goblin_Death_01.uasset" 3269
"D:/UnrealProjects/Aura2/Content/Assets/Sounds/Enemies/Goblin/Death/SFX_Goblin_Death_01.uexp" 3270
"D:/UnrealProjects/Aura2/Content/Assets/Sounds/Enemies/Goblin/Death/sfx_GoblinDeath.uasset" 3271
"D:/UnrealProjects/Aura2/Content/Assets/Sounds/Enemies/Goblin/Death/sfx_GoblinDeath.uexp" 3272
"D:/UnrealProjects/Aura2/Content/Blueprints/Character/Goblin_Spear/BP_Goblin_Spear.uasset" 3273
"D:/UnrealProjects/Aura2/Content/Blueprints/Character/Goblin_Spear/BP_Goblin_Spear.uexp" 3274
"D:/UnrealProjects/Aura2/Content/Blueprints/SpawnVolumes/BP_SpawnPoint.uasset" 3275
"D:/UnrealProjects/Aura2/Content/Blueprints/SpawnVolumes/BP_SpawnPoint.uexp" 3276
"D:/UnrealProjects/Aura2/Content/Blueprints/Game/BP_AuraGameStateBase.uasset" 3277
"D:/UnrealProjects/Aura2/Content/Blueprints/Game/BP_AuraGameStateBase.uexp" 3278
"D:/UnrealProjects/Aura2/Content/Assets/Enemies/Shroom/Mesh/SK_Shroom.uasset" 3279
"D:/UnrealProjects/Aura2/Content/Assets/Enemies/Shroom/Mesh/SK_Shroom.uexp" 3280
"D:/UnrealProjects/Aura2/Content/Assets/Enemies/Shroom/Animations/Idle.uasset" 3281
"D:/UnrealProjects/Aura2/Content/Assets/Enemies/Shroom/Animations/Idle.uexp" 3282
"D:/UnrealProjects/Aura2/Content/Assets/Enemies/Shroom/Animations/Bounce.uasset" 3283
"D:/UnrealProjects/Aura2/Content/Assets/Enemies/Shroom/Animations/Bounce.uexp" 3284
"D:/UnrealProjects/Aura2/Content/Assets/Enemies/Shroom/Animations/BS_Shroom.uasset" 3285
"D:/UnrealProjects/Aura2/Content/Assets/Enemies/Shroom/Animations/BS_Shroom.uexp" 3286
"D:/UnrealProjects/Aura2/Content/Assets/Enemies/Shroom/Animations/Shock.uasset" 3287
"D:/UnrealProjects/Aura2/Content/Assets/Enemies/Shroom/Animations/Shock.uexp" 3288
"D:/UnrealProjects/Aura2/Content/Blueprints/Character/Shroom/ABP_Shroom.uasset" 3289
"D:/UnrealProjects/Aura2/Content/Blueprints/Character/Shroom/ABP_Shroom.uexp" 3290
"D:/UnrealProjects/Aura2/Content/Assets/Enemies/Shroom/Animations/HitReact.uasset" 3291
"D:/UnrealProjects/Aura2/Content/Assets/Enemies/Shroom/Animations/HitReact.uexp" 3292
"D:/UnrealProjects/Aura2/Content/Assets/Enemies/Shroom/Animations/AM_HitReact_Shroom.uasset" 3293
"D:/UnrealProjects/Aura2/Content/Assets/Enemies/Shroom/Animations/AM_HitReact_Shroom.uexp" 3294
"D:/UnrealProjects/Aura2/Content/Assets/Enemies/Shroom/Animations/AttackIdle.uasset" 3295
"D:/UnrealProjects/Aura2/Content/Assets/Enemies/Shroom/Animations/AttackIdle.uexp" 3296
"D:/UnrealProjects/Aura2/Content/Assets/Enemies/Shroom/Animations/AM_Shroom_Attack_2.uasset" 3297
"D:/UnrealProjects/Aura2/Content/Assets/Enemies/Shroom/Animations/AM_Shroom_Attack_2.uexp" 3298
"D:/UnrealProjects/Aura2/Content/Assets/Enemies/Shroom/Materials/Shroom_low_M_Shroom_OcclusionRoughnessMetallic.ubulk" 3299
"D:/UnrealProjects/Aura2/Content/Assets/Enemies/Shroom/Materials/Shroom_low_M_Shroom_OcclusionRoughnessMetallic.uasset" 3300
"D:/UnrealProjects/Aura2/Content/Assets/Enemies/Shroom/Materials/Shroom_low_M_Shroom_OcclusionRoughnessMetallic.uexp" 3301
"D:/UnrealProjects/Aura2/Content/Assets/Enemies/Shroom/Materials/Shroom_low_M_Shroom_Normal.ubulk" 3302
"D:/UnrealProjects/Aura2/Content/Assets/Enemies/Shroom/Materials/Shroom_low_M_Shroom_Normal.uasset" 3303
"D:/UnrealProjects/Aura2/Content/Assets/Enemies/Shroom/Materials/Shroom_low_M_Shroom_Normal.uexp" 3304
"D:/UnrealProjects/Aura2/Content/Assets/Enemies/Shroom/Materials/Shroom_low_M_Shroom_Emissive.ubulk" 3305
"D:/UnrealProjects/Aura2/Content/Assets/Enemies/Shroom/Materials/Shroom_low_M_Shroom_Emissive.uasset" 3306
"D:/UnrealProjects/Aura2/Content/Assets/Enemies/Shroom/Materials/Shroom_low_M_Shroom_Emissive.uexp" 3307
"D:/UnrealProjects/Aura2/Content/Assets/Enemies/Shroom/Materials/Shroom_low_M_Shroom_BaseColor.ubulk" 3308
"D:/UnrealProjects/Aura2/Content/Assets/Enemies/Shroom/Materials/Shroom_low_M_Shroom_BaseColor.uasset" 3309
"D:/UnrealProjects/Aura2/Content/Assets/Enemies/Shroom/Materials/Shroom_low_M_Shroom_BaseColor.uexp" 3310
"D:/UnrealProjects/Aura2/Content/Assets/Enemies/Shroom/Materials/M_Shroom_Orange.uasset" 3311
"D:/UnrealProjects/Aura2/Content/Assets/Enemies/Shroom/Materials/M_Shroom_Orange.uexp" 3312
"D:/UnrealProjects/Aura2/Content/Assets/Enemies/Shroom/Materials/M_Shroom_Green_Dissolve.uasset" 3313
"D:/UnrealProjects/Aura2/Content/Assets/Enemies/Shroom/Materials/M_Shroom_Green_Dissolve.uexp" 3314
"D:/UnrealProjects/Aura2/Content/Assets/Enemies/Shroom/Materials/MI_Shroom_Green_Dissolve.uasset" 3315
"D:/UnrealProjects/Aura2/Content/Assets/Enemies/Shroom/Materials/MI_Shroom_Green_Dissolve.uexp" 3316
"D:/UnrealProjects/Aura2/Content/Assets/Enemies/Shroom/Mesh/PA_Shroom.uasset" 3317
"D:/UnrealProjects/Aura2/Content/Assets/Enemies/Shroom/Mesh/PA_Shroom.uexp" 3318
"D:/UnrealProjects/Aura2/Content/Assets/Enemies/Shroom/Materials/M_Shroom.uasset" 3319
"D:/UnrealProjects/Aura2/Content/Assets/Enemies/Shroom/Materials/M_Shroom.uexp" 3320
"D:/UnrealProjects/Aura2/Content/Assets/Enemies/Shroom/Mesh/SKM_Shroom.uasset" 3321
"D:/UnrealProjects/Aura2/Content/Assets/Enemies/Shroom/Mesh/SKM_Shroom.uexp" 3322
"D:/UnrealProjects/Aura2/Content/Blueprints/Character/Shroom/BP_Shroom_Green.uasset" 3323
"D:/UnrealProjects/Aura2/Content/Blueprints/Character/Shroom/BP_Shroom_Green.uexp" 3324
"D:/UnrealProjects/Aura2/Content/Assets/Enemies/Shroom/Materials/M_Shroom_Dissolve.uasset" 3325
"D:/UnrealProjects/Aura2/Content/Assets/Enemies/Shroom/Materials/M_Shroom_Dissolve.uexp" 3326
"D:/UnrealProjects/Aura2/Content/Assets/Enemies/Shroom/Materials/MI_Shroom_Dissolve.uasset" 3327
"D:/UnrealProjects/Aura2/Content/Assets/Enemies/Shroom/Materials/MI_Shroom_Dissolve.uexp" 3328
"D:/UnrealProjects/Aura2/Content/Blueprints/Character/Shroom/BP_Shroom.uasset" 3329
"D:/UnrealProjects/Aura2/Content/Blueprints/Character/Shroom/BP_Shroom.uexp" 3330
"D:/UnrealProjects/Aura2/Content/Assets/Enemies/Goblin/Slingshot/Centered/SK_Slingshot.uasset" 3331
"D:/UnrealProjects/Aura2/Content/Assets/Enemies/Goblin/Slingshot/Centered/SK_Slingshot.uexp" 3332
"D:/UnrealProjects/Aura2/Content/Assets/Enemies/Goblin/Slingshot/Centered/Slingshot_Idle.uasset" 3333
"D:/UnrealProjects/Aura2/Content/Assets/Enemies/Goblin/Slingshot/Centered/Slingshot_Idle.uexp" 3334
"D:/UnrealProjects/Aura2/Content/Blueprints/Character/Goblin_Slingshot/ABP_Slingshot.uasset" 3335
"D:/UnrealProjects/Aura2/Content/Blueprints/Character/Goblin_Slingshot/ABP_Slingshot.uexp" 3336
"D:/UnrealProjects/Aura2/Content/Assets/Enemies/Goblin/Animations/Slingshot/Running_Slingshot.uasset" 3337
"D:/UnrealProjects/Aura2/Content/Assets/Enemies/Goblin/Animations/Slingshot/Running_Slingshot.uexp" 3338
"D:/UnrealProjects/Aura2/Content/Assets/Enemies/Goblin/Animations/Slingshot/Idle_Slingshot.uasset" 3339
"D:/UnrealProjects/Aura2/Content/Assets/Enemies/Goblin/Animations/Slingshot/Idle_Slingshot.uexp" 3340
"D:/UnrealProjects/Aura2/Content/Assets/Enemies/Goblin/Animations/Slingshot/BS_Goblin_Slingshot_IdleRun.uasset" 3341
"D:/UnrealProjects/Aura2/Content/Assets/Enemies/Goblin/Animations/Slingshot/BS_Goblin_Slingshot_IdleRun.uexp" 3342
"D:/UnrealProjects/Aura2/Content/Assets/Enemies/Goblin/Animations/Slingshot/Slingshot_Stun_Loop.uasset" 3343
"D:/UnrealProjects/Aura2/Content/Assets/Enemies/Goblin/Animations/Slingshot/Slingshot_Stun_Loop.uexp" 3344
"D:/UnrealProjects/Aura2/Content/Assets/Enemies/Goblin/Slingshot/Centered/Slingshot_Attack.uasset" 3345
"D:/UnrealProjects/Aura2/Content/Assets/Enemies/Goblin/Slingshot/Centered/Slingshot_Attack.uexp" 3346
"D:/UnrealProjects/Aura2/Content/Assets/Enemies/Goblin/Slingshot/Centered/AM_Slingshot_Attack.uasset" 3347
"D:/UnrealProjects/Aura2/Content/Assets/Enemies/Goblin/Slingshot/Centered/AM_Slingshot_Attack.uexp" 3348
"D:/UnrealProjects/Aura2/Content/Blueprints/Character/Goblin_Slingshot/ABP_Goblin_Slingshot.uasset" 3349
"D:/UnrealProjects/Aura2/Content/Blueprints/Character/Goblin_Slingshot/ABP_Goblin_Slingshot.uexp" 3350
"D:/UnrealProjects/Aura2/Content/Assets/Sounds/Slingshot/wav/SFX_BowDraw_FastShot_Full_03.ubulk" 3351
"D:/UnrealProjects/Aura2/Content/Assets/Sounds/Slingshot/wav/SFX_BowDraw_FastShot_Full_03.uasset" 3352
"D:/UnrealProjects/Aura2/Content/Assets/Sounds/Slingshot/wav/SFX_BowDraw_FastShot_Full_03.uexp" 3353
"D:/UnrealProjects/Aura2/Content/Assets/Sounds/Slingshot/wav/SFX_BowDraw_FastShot_Full_02.ubulk" 3354
"D:/UnrealProjects/Aura2/Content/Assets/Sounds/Slingshot/wav/SFX_BowDraw_FastShot_Full_02.uasset" 3355
"D:/UnrealProjects/Aura2/Content/Assets/Sounds/Slingshot/wav/SFX_BowDraw_FastShot_Full_02.uexp" 3356
"D:/UnrealProjects/Aura2/Content/Assets/Sounds/Slingshot/wav/SFX_BowDraw_FastShot_Full_01.ubulk" 3357
"D:/UnrealProjects/Aura2/Content/Assets/Sounds/Slingshot/wav/SFX_BowDraw_FastShot_Full_01.uasset" 3358
"D:/UnrealProjects/Aura2/Content/Assets/Sounds/Slingshot/wav/SFX_BowDraw_FastShot_Full_01.uexp" 3359
"D:/UnrealProjects/Aura2/Content/Assets/Sounds/Slingshot/sfx_Slingshot_Fire.uasset" 3360
"D:/UnrealProjects/Aura2/Content/Assets/Sounds/Slingshot/sfx_Slingshot_Fire.uexp" 3361
"D:/UnrealProjects/Aura2/Content/Assets/Enemies/Goblin/Animations/Slingshot/Attack_Slingshot.uasset" 3362
"D:/UnrealProjects/Aura2/Content/Assets/Enemies/Goblin/Animations/Slingshot/Attack_Slingshot.uexp" 3363
"D:/UnrealProjects/Aura2/Content/Assets/Enemies/Goblin/Animations/Slingshot/AM_Attack_Goblin_Slingshot.uasset" 3364
"D:/UnrealProjects/Aura2/Content/Assets/Enemies/Goblin/Animations/Slingshot/AM_Attack_Goblin_Slingshot.uexp" 3365
"D:/UnrealProjects/Aura2/Content/Assets/Enemies/Goblin/Animations/Slingshot/HitReact_Slingshot.uasset" 3366
"D:/UnrealProjects/Aura2/Content/Assets/Enemies/Goblin/Animations/Slingshot/HitReact_Slingshot.uexp" 3367
"D:/UnrealProjects/Aura2/Content/Assets/Enemies/Goblin/Animations/Slingshot/AM_HitReact_Slingshot_Montage.uasset" 3368
"D:/UnrealProjects/Aura2/Content/Assets/Enemies/Goblin/Animations/Slingshot/AM_HitReact_Slingshot_Montage.uexp" 3369
"D:/UnrealProjects/Aura2/Content/Assets/Enemies/Goblin/Slingshot/Materials/Red/Slingshot_low_M_Slingshot_OcclusionRoughnessMetallic.ubulk" 3370
"D:/UnrealProjects/Aura2/Content/Assets/Enemies/Goblin/Slingshot/Materials/Red/Slingshot_low_M_Slingshot_OcclusionRoughnessMetallic.uasset" 3371
"D:/UnrealProjects/Aura2/Content/Assets/Enemies/Goblin/Slingshot/Materials/Red/Slingshot_low_M_Slingshot_OcclusionRoughnessMetallic.uexp" 3372
"D:/UnrealProjects/Aura2/Content/Assets/Enemies/Goblin/Slingshot/Materials/Red/Slingshot_low_M_Slingshot_Normal.ubulk" 3373
"D:/UnrealProjects/Aura2/Content/Assets/Enemies/Goblin/Slingshot/Materials/Red/Slingshot_low_M_Slingshot_Normal.uasset" 3374
"D:/UnrealProjects/Aura2/Content/Assets/Enemies/Goblin/Slingshot/Materials/Red/Slingshot_low_M_Slingshot_Normal.uexp" 3375
"D:/UnrealProjects/Aura2/Content/Assets/Enemies/Goblin/Slingshot/Materials/Red/Slingshot_low_M_Slingshot_BaseColor.ubulk" 3376
"D:/UnrealProjects/Aura2/Content/Assets/Enemies/Goblin/Slingshot/Materials/Red/Slingshot_low_M_Slingshot_BaseColor.uasset" 3377
"D:/UnrealProjects/Aura2/Content/Assets/Enemies/Goblin/Slingshot/Materials/Red/Slingshot_low_M_Slingshot_BaseColor.uexp" 3378
"D:/UnrealProjects/Aura2/Content/Assets/Enemies/Goblin/Slingshot/Materials/Red/M_Slingshot_Red.uasset" 3379
"D:/UnrealProjects/Aura2/Content/Assets/Enemies/Goblin/Slingshot/Materials/Red/M_Slingshot_Red.uexp" 3380
"D:/UnrealProjects/Aura2/Content/Assets/Enemies/Goblin/Slingshot/Centered/PA_Slingshot.uasset" 3381
"D:/UnrealProjects/Aura2/Content/Assets/Enemies/Goblin/Slingshot/Centered/PA_Slingshot.uexp" 3382
"D:/UnrealProjects/Aura2/Content/Assets/Enemies/Goblin/Slingshot/Centered/SKM_Slingshot.uasset" 3383
"D:/UnrealProjects/Aura2/Content/Assets/Enemies/Goblin/Slingshot/Centered/SKM_Slingshot.uexp" 3384
"D:/UnrealProjects/Aura2/Content/Assets/Enemies/Goblin/Slingshot/Materials/Red/M_Slingshot_Red_Dissolve.uasset" 3385
"D:/UnrealProjects/Aura2/Content/Assets/Enemies/Goblin/Slingshot/Materials/Red/M_Slingshot_Red_Dissolve.uexp" 3386
"D:/UnrealProjects/Aura2/Content/Assets/Enemies/Goblin/Slingshot/Materials/Red/MI_Slingshot_Red_Dissolve.uasset" 3387
"D:/UnrealProjects/Aura2/Content/Assets/Enemies/Goblin/Slingshot/Materials/Red/MI_Slingshot_Red_Dissolve.uexp" 3388
"D:/UnrealProjects/Aura2/Content/Blueprints/Character/Goblin_Slingshot/BP_Goblin_Slingshot.uasset" 3389
"D:/UnrealProjects/Aura2/Content/Blueprints/Character/Goblin_Slingshot/BP_Goblin_Slingshot.uexp" 3390
"D:/UnrealProjects/Aura2/Content/Kobo_Dungeon/Textures/T-Normal/N-Chest-01-01.ubulk" 3391
"D:/UnrealProjects/Aura2/Content/Kobo_Dungeon/Textures/T-Normal/N-Chest-01-01.uasset" 3392
"D:/UnrealProjects/Aura2/Content/Kobo_Dungeon/Textures/T-Normal/N-Chest-01-01.uexp" 3393
"D:/UnrealProjects/Aura2/Content/Kobo_Dungeon/Textures/T-Albedo/A-Chest-01-01.ubulk" 3394
"D:/UnrealProjects/Aura2/Content/Kobo_Dungeon/Textures/T-Albedo/A-Chest-01-01.uasset" 3395
"D:/UnrealProjects/Aura2/Content/Kobo_Dungeon/Textures/T-Albedo/A-Chest-01-01.uexp" 3396
"../../../Engine/Content/EngineDebugMaterials/HeatmapGradient.ubulk" 3397
"../../../Engine/Content/EngineDebugMaterials/HeatmapGradient.uasset" 3398
"../../../Engine/Content/EngineDebugMaterials/HeatmapGradient.uexp" 3399
"../../../Engine/Content/Functions/Engine_MaterialFunctions01/ImageAdjustment/CheapContrast_RGB.uasset" 3400
"../../../Engine/Content/Functions/Engine_MaterialFunctions01/ImageAdjustment/CheapContrast_RGB.uexp" 3401
"D:/UnrealProjects/Aura2/Content/Kobo_Dungeon/Textures/N-Blank-01.ubulk" 3402
"D:/UnrealProjects/Aura2/Content/Kobo_Dungeon/Textures/N-Blank-01.uasset" 3403
"D:/UnrealProjects/Aura2/Content/Kobo_Dungeon/Textures/N-Blank-01.uexp" 3404
"D:/UnrealProjects/Aura2/Content/Kobo_Dungeon/Materials/M-Master/M-Master.uasset" 3405
"D:/UnrealProjects/Aura2/Content/Kobo_Dungeon/Materials/M-Master/M-Master.uexp" 3406
"D:/UnrealProjects/Aura2/Content/Kobo_Dungeon/Materials/M-Instance/MI-Chest-01-01.uasset" 3407
"D:/UnrealProjects/Aura2/Content/Kobo_Dungeon/Materials/M-Instance/MI-Chest-01-01.uexp" 3408
"D:/UnrealProjects/Aura2/Content/Kobo_Dungeon/Textures/T-Normal/N-Chest-01-02.ubulk" 3409
"D:/UnrealProjects/Aura2/Content/Kobo_Dungeon/Textures/T-Normal/N-Chest-01-02.uasset" 3410
"D:/UnrealProjects/Aura2/Content/Kobo_Dungeon/Textures/T-Normal/N-Chest-01-02.uexp" 3411
"D:/UnrealProjects/Aura2/Content/Kobo_Dungeon/Textures/T-Albedo/A-Chest-01-02.ubulk" 3412
"D:/UnrealProjects/Aura2/Content/Kobo_Dungeon/Textures/T-Albedo/A-Chest-01-02.uasset" 3413
"D:/UnrealProjects/Aura2/Content/Kobo_Dungeon/Textures/T-Albedo/A-Chest-01-02.uexp" 3414
"D:/UnrealProjects/Aura2/Content/Kobo_Dungeon/Materials/M-Instance/MI-Chest-01-02.uasset" 3415
"D:/UnrealProjects/Aura2/Content/Kobo_Dungeon/Materials/M-Instance/MI-Chest-01-02.uexp" 3416
"D:/UnrealProjects/Aura2/Content/Kobo_Dungeon/Meshes/SM-Chest-01.ubulk" 3417
"D:/UnrealProjects/Aura2/Content/Kobo_Dungeon/Meshes/SM-Chest-01.uasset" 3418
"D:/UnrealProjects/Aura2/Content/Kobo_Dungeon/Meshes/SM-Chest-01.uexp" 3419
"D:/UnrealProjects/Aura2/Content/Kobo_Dungeon/FX/FX-BrazierEmbers-03.uasset" 3420
"D:/UnrealProjects/Aura2/Content/Kobo_Dungeon/FX/FX-BrazierEmbers-03.uexp" 3421
"D:/UnrealProjects/Aura2/Content/Assets/Dungeon/SM-Chest-Top.ubulk" 3422
"D:/UnrealProjects/Aura2/Content/Assets/Dungeon/SM-Chest-Top.uasset" 3423
"D:/UnrealProjects/Aura2/Content/Assets/Dungeon/SM-Chest-Top.uexp" 3424
"D:/UnrealProjects/Aura2/Content/Kobo_Dungeon/Textures/T-Normal/N-Potion-01-01.ubulk" 3425
"D:/UnrealProjects/Aura2/Content/Kobo_Dungeon/Textures/T-Normal/N-Potion-01-01.uasset" 3426
"D:/UnrealProjects/Aura2/Content/Kobo_Dungeon/Textures/T-Normal/N-Potion-01-01.uexp" 3427
"D:/UnrealProjects/Aura2/Content/Kobo_Dungeon/Textures/T-Albedo/A-Potion-01-01.ubulk" 3428
"D:/UnrealProjects/Aura2/Content/Kobo_Dungeon/Textures/T-Albedo/A-Potion-01-01.uasset" 3429
"D:/UnrealProjects/Aura2/Content/Kobo_Dungeon/Textures/T-Albedo/A-Potion-01-01.uexp" 3430
"D:/UnrealProjects/Aura2/Content/Kobo_Dungeon/Materials/M-Instance/MI-Potion-01-01.uasset" 3431
"D:/UnrealProjects/Aura2/Content/Kobo_Dungeon/Materials/M-Instance/MI-Potion-01-01.uexp" 3432
"D:/UnrealProjects/Aura2/Content/Kobo_Dungeon/Textures/T-Normal/N-Potion-01-02.ubulk" 3433
"D:/UnrealProjects/Aura2/Content/Kobo_Dungeon/Textures/T-Normal/N-Potion-01-02.uasset" 3434
"D:/UnrealProjects/Aura2/Content/Kobo_Dungeon/Textures/T-Normal/N-Potion-01-02.uexp" 3435
"D:/UnrealProjects/Aura2/Content/Kobo_Dungeon/Textures/T-Albedo/A-Potion-01-02.ubulk" 3436
"D:/UnrealProjects/Aura2/Content/Kobo_Dungeon/Textures/T-Albedo/A-Potion-01-02.uasset" 3437
"D:/UnrealProjects/Aura2/Content/Kobo_Dungeon/Textures/T-Albedo/A-Potion-01-02.uexp" 3438
"D:/UnrealProjects/Aura2/Content/Kobo_Dungeon/Materials/M-Instance/MI-Potion-01-02.uasset" 3439
"D:/UnrealProjects/Aura2/Content/Kobo_Dungeon/Materials/M-Instance/MI-Potion-01-02.uexp" 3440
"D:/UnrealProjects/Aura2/Content/Kobo_Dungeon/Textures/T-Normal/N-Gemstone-05.ubulk" 3441
"D:/UnrealProjects/Aura2/Content/Kobo_Dungeon/Textures/T-Normal/N-Gemstone-05.uasset" 3442
"D:/UnrealProjects/Aura2/Content/Kobo_Dungeon/Textures/T-Normal/N-Gemstone-05.uexp" 3443
"D:/UnrealProjects/Aura2/Content/Kobo_Dungeon/Textures/T-Albedo/A-Gemstone-05.ubulk" 3444
"D:/UnrealProjects/Aura2/Content/Kobo_Dungeon/Textures/T-Albedo/A-Gemstone-05.uasset" 3445
"D:/UnrealProjects/Aura2/Content/Kobo_Dungeon/Textures/T-Albedo/A-Gemstone-05.uexp" 3446
"D:/UnrealProjects/Aura2/Content/Kobo_Dungeon/Materials/M-Instance/MI-Gemstone-05.uasset" 3447
"D:/UnrealProjects/Aura2/Content/Kobo_Dungeon/Materials/M-Instance/MI-Gemstone-05.uexp" 3448
"D:/UnrealProjects/Aura2/Content/Kobo_Dungeon/Textures/T-Normal/N-Gemstone-04.ubulk" 3449
"D:/UnrealProjects/Aura2/Content/Kobo_Dungeon/Textures/T-Normal/N-Gemstone-04.uasset" 3450
"D:/UnrealProjects/Aura2/Content/Kobo_Dungeon/Textures/T-Normal/N-Gemstone-04.uexp" 3451
"D:/UnrealProjects/Aura2/Content/Kobo_Dungeon/Textures/T-Albedo/A-Gemstone-04.ubulk" 3452
"D:/UnrealProjects/Aura2/Content/Kobo_Dungeon/Textures/T-Albedo/A-Gemstone-04.uasset" 3453
"D:/UnrealProjects/Aura2/Content/Kobo_Dungeon/Textures/T-Albedo/A-Gemstone-04.uexp" 3454
"D:/UnrealProjects/Aura2/Content/Kobo_Dungeon/Materials/M-Instance/MI-Gemstone-04.uasset" 3455
"D:/UnrealProjects/Aura2/Content/Kobo_Dungeon/Materials/M-Instance/MI-Gemstone-04.uexp" 3456
"D:/UnrealProjects/Aura2/Content/Kobo_Dungeon/Textures/T-Normal/N-Gemstone-03.ubulk" 3457
"D:/UnrealProjects/Aura2/Content/Kobo_Dungeon/Textures/T-Normal/N-Gemstone-03.uasset" 3458
"D:/UnrealProjects/Aura2/Content/Kobo_Dungeon/Textures/T-Normal/N-Gemstone-03.uexp" 3459
"D:/UnrealProjects/Aura2/Content/Kobo_Dungeon/Textures/T-Albedo/A-Gemstone-03.ubulk" 3460
"D:/UnrealProjects/Aura2/Content/Kobo_Dungeon/Textures/T-Albedo/A-Gemstone-03.uasset" 3461
"D:/UnrealProjects/Aura2/Content/Kobo_Dungeon/Textures/T-Albedo/A-Gemstone-03.uexp" 3462
"D:/UnrealProjects/Aura2/Content/Kobo_Dungeon/Materials/M-Instance/MI-Gemstone-03.uasset" 3463
"D:/UnrealProjects/Aura2/Content/Kobo_Dungeon/Materials/M-Instance/MI-Gemstone-03.uexp" 3464
"D:/UnrealProjects/Aura2/Content/Kobo_Dungeon/Textures/T-Normal/N-Gemstone-01.ubulk" 3465
"D:/UnrealProjects/Aura2/Content/Kobo_Dungeon/Textures/T-Normal/N-Gemstone-01.uasset" 3466
"D:/UnrealProjects/Aura2/Content/Kobo_Dungeon/Textures/T-Normal/N-Gemstone-01.uexp" 3467
"D:/UnrealProjects/Aura2/Content/Kobo_Dungeon/Textures/T-Albedo/A-Gemstone-01.ubulk" 3468
"D:/UnrealProjects/Aura2/Content/Kobo_Dungeon/Textures/T-Albedo/A-Gemstone-01.uasset" 3469
"D:/UnrealProjects/Aura2/Content/Kobo_Dungeon/Textures/T-Albedo/A-Gemstone-01.uexp" 3470
"D:/UnrealProjects/Aura2/Content/Kobo_Dungeon/Materials/M-Instance/MI-Gemstone-01.uasset" 3471
"D:/UnrealProjects/Aura2/Content/Kobo_Dungeon/Materials/M-Instance/MI-Gemstone-01.uexp" 3472
"D:/UnrealProjects/Aura2/Content/Kobo_Dungeon/Textures/T-Normal/N-Coin-01.ubulk" 3473
"D:/UnrealProjects/Aura2/Content/Kobo_Dungeon/Textures/T-Normal/N-Coin-01.uasset" 3474
"D:/UnrealProjects/Aura2/Content/Kobo_Dungeon/Textures/T-Normal/N-Coin-01.uexp" 3475
"D:/UnrealProjects/Aura2/Content/Kobo_Dungeon/Textures/T-Albedo/A-Coin-01.ubulk" 3476
"D:/UnrealProjects/Aura2/Content/Kobo_Dungeon/Textures/T-Albedo/A-Coin-01.uasset" 3477
"D:/UnrealProjects/Aura2/Content/Kobo_Dungeon/Textures/T-Albedo/A-Coin-01.uexp" 3478
"D:/UnrealProjects/Aura2/Content/Kobo_Dungeon/Materials/M-Instance/MI-Coin-01.uasset" 3479
"D:/UnrealProjects/Aura2/Content/Kobo_Dungeon/Materials/M-Instance/MI-Coin-01.uexp" 3480
"D:/UnrealProjects/Aura2/Content/Assets/Dungeon/SM-Chest-Bottom.ubulk" 3481
"D:/UnrealProjects/Aura2/Content/Assets/Dungeon/SM-Chest-Bottom.uasset" 3482
"D:/UnrealProjects/Aura2/Content/Assets/Dungeon/SM-Chest-Bottom.uexp" 3483
"D:/UnrealProjects/Aura2/Content/Blueprints/Actor/CheckPoint/BP_AbilityUpgradeChest.uasset" 3484
"D:/UnrealProjects/Aura2/Content/Blueprints/Actor/CheckPoint/BP_AbilityUpgradeChest.uexp" 3485
"D:/UnrealProjects/Aura2/Content/Blueprints/Actor/Area/GE_FireArea.uasset" 3486
"D:/UnrealProjects/Aura2/Content/Blueprints/Actor/Area/GE_FireArea.uexp" 3487
"D:/UnrealProjects/Aura2/Content/Assets/Effects/Fire/Texture_FireIcon.uasset" 3488
"D:/UnrealProjects/Aura2/Content/Assets/Effects/Fire/Texture_FireIcon.uexp" 3489
"D:/UnrealProjects/Aura2/Content/Assets/Effects/Fire/Texture_FireIcon_Sprite.uasset" 3490
"D:/UnrealProjects/Aura2/Content/Assets/Effects/Fire/Texture_FireIcon_Sprite.uexp" 3491
"D:/UnrealProjects/Aura2/Content/Assets/Effects/Fire/NS_FireArea.uasset" 3492
"D:/UnrealProjects/Aura2/Content/Assets/Effects/Fire/NS_FireArea.uexp" 3493
"D:/UnrealProjects/Aura2/Content/Blueprints/Actor/Area/BP_FireArea.uasset" 3494
"D:/UnrealProjects/Aura2/Content/Blueprints/Actor/Area/BP_FireArea.uexp" 3495
"D:/UnrealProjects/Aura2/Content/Blueprints/AbilitySystem/Data/DA_LevelUpInfo.uasset" 3496
"D:/UnrealProjects/Aura2/Content/Blueprints/AbilitySystem/Data/DA_LevelUpInfo.uexp" 3497
"D:/UnrealProjects/Aura2/Content/Blueprints/Player/BP_AuraPlayerState.uasset" 3498
"D:/UnrealProjects/Aura2/Content/Blueprints/Player/BP_AuraPlayerState.uexp" 3499
"D:/UnrealProjects/Aura2/Content/Blueprints/AbilitySystem/SharedGameplayEffects/GE_Invincible_3Sec.uasset" 3500
"D:/UnrealProjects/Aura2/Content/Blueprints/AbilitySystem/SharedGameplayEffects/GE_Invincible_3Sec.uexp" 3501
"D:/UnrealProjects/Aura2/Content/Blueprints/Game/BP_AuraGameMode.uasset" 3502
"D:/UnrealProjects/Aura2/Content/Blueprints/Game/BP_AuraGameMode.uexp" 3503
"D:/UnrealProjects/Aura2/Content/Assets/Dungeon/Materials/Tileset1/Tileset1_low_DefaultMaterial_OcclusionRoughnessMetallic.ubulk" 3504
"D:/UnrealProjects/Aura2/Content/Assets/Dungeon/Materials/Tileset1/Tileset1_low_DefaultMaterial_OcclusionRoughnessMetallic.uasset" 3505
"D:/UnrealProjects/Aura2/Content/Assets/Dungeon/Materials/Tileset1/Tileset1_low_DefaultMaterial_OcclusionRoughnessMetallic.uexp" 3506
"D:/UnrealProjects/Aura2/Content/Assets/Dungeon/Materials/Tileset1/Tileset1_low_DefaultMaterial_Normal.ubulk" 3507
"D:/UnrealProjects/Aura2/Content/Assets/Dungeon/Materials/Tileset1/Tileset1_low_DefaultMaterial_Normal.uasset" 3508
"D:/UnrealProjects/Aura2/Content/Assets/Dungeon/Materials/Tileset1/Tileset1_low_DefaultMaterial_Normal.uexp" 3509
"D:/UnrealProjects/Aura2/Content/Assets/Dungeon/Materials/Tileset1/Tileset1_low_DefaultMaterial_BaseColor.ubulk" 3510
"D:/UnrealProjects/Aura2/Content/Assets/Dungeon/Materials/Tileset1/Tileset1_low_DefaultMaterial_BaseColor.uasset" 3511
"D:/UnrealProjects/Aura2/Content/Assets/Dungeon/Materials/Tileset1/Tileset1_low_DefaultMaterial_BaseColor.uexp" 3512
"D:/UnrealProjects/Aura2/Content/Assets/Dungeon/Materials/Tileset1/M_Tileset1.uasset" 3513
"D:/UnrealProjects/Aura2/Content/Assets/Dungeon/Materials/Tileset1/M_Tileset1.uexp" 3514
"D:/UnrealProjects/Aura2/Content/Assets/Dungeon/Materials/Tileset1/M_Tileset1_F.uasset" 3515
"D:/UnrealProjects/Aura2/Content/Assets/Dungeon/Materials/Tileset1/M_Tileset1_F.uexp" 3516
"D:/UnrealProjects/Aura2/Content/Assets/Dungeon/Materials/Tileset1/M_Tileset1_F_Inst.uasset" 3517
"D:/UnrealProjects/Aura2/Content/Assets/Dungeon/Materials/Tileset1/M_Tileset1_F_Inst.uexp" 3518
"D:/UnrealProjects/Aura2/Content/Assets/Dungeon/Materials/TilesetEdge/M_Edge_balusters_F.uasset" 3519
"D:/UnrealProjects/Aura2/Content/Assets/Dungeon/Materials/TilesetEdge/M_Edge_balusters_F.uexp" 3520
"D:/UnrealProjects/Aura2/Content/Assets/Dungeon/Materials/TilesetEdge/M_Edge_balusters_F_Inst.uasset" 3521
"D:/UnrealProjects/Aura2/Content/Assets/Dungeon/Materials/TilesetEdge/M_Edge_balusters_F_Inst.uexp" 3522
"D:/UnrealProjects/Aura2/Content/Assets/Dungeon/Materials/TilesetEdge/M_Edge_rail_F.uasset" 3523
"D:/UnrealProjects/Aura2/Content/Assets/Dungeon/Materials/TilesetEdge/M_Edge_rail_F.uexp" 3524
"D:/UnrealProjects/Aura2/Content/Assets/Dungeon/Materials/TilesetEdge/M_Edge_rail_F_Inst.uasset" 3525
"D:/UnrealProjects/Aura2/Content/Assets/Dungeon/Materials/TilesetEdge/M_Edge_rail_F_Inst.uexp" 3526
"D:/UnrealProjects/Aura2/Content/Assets/Dungeon/Materials/TilesetEdge/M_Edge_step_F.uasset" 3527
"D:/UnrealProjects/Aura2/Content/Assets/Dungeon/Materials/TilesetEdge/M_Edge_step_F.uexp" 3528
"D:/UnrealProjects/Aura2/Content/Assets/Dungeon/Materials/TilesetEdge/M_Edge_step_F_Inst.uasset" 3529
"D:/UnrealProjects/Aura2/Content/Assets/Dungeon/Materials/TilesetEdge/M_Edge_step_F_Inst.uexp" 3530
"D:/UnrealProjects/Aura2/Content/Assets/Dungeon/Materials/TilesetEdge/M_Edge_wall_F.uasset" 3531
"D:/UnrealProjects/Aura2/Content/Assets/Dungeon/Materials/TilesetEdge/M_Edge_wall_F.uexp" 3532
"D:/UnrealProjects/Aura2/Content/Assets/Dungeon/Materials/TilesetEdge/M_Edge_wall_F_Inst.uasset" 3533
"D:/UnrealProjects/Aura2/Content/Assets/Dungeon/Materials/TilesetEdge/M_Edge_wall_F_Inst.uexp" 3534
"D:/UnrealProjects/Aura2/Content/Assets/Dungeon/SM_TilesetEdge_nobase_noblock.ubulk" 3535
"D:/UnrealProjects/Aura2/Content/Assets/Dungeon/SM_TilesetEdge_nobase_noblock.uasset" 3536
"D:/UnrealProjects/Aura2/Content/Assets/Dungeon/SM_TilesetEdge_nobase_noblock.uexp" 3537
"D:/UnrealProjects/Aura2/Content/Assets/Dungeon/Materials/CornerSmall/T_SmallCorner_OcclusionRoughnessMetallic.ubulk" 3538
"D:/UnrealProjects/Aura2/Content/Assets/Dungeon/Materials/CornerSmall/T_SmallCorner_OcclusionRoughnessMetallic.uasset" 3539
"D:/UnrealProjects/Aura2/Content/Assets/Dungeon/Materials/CornerSmall/T_SmallCorner_OcclusionRoughnessMetallic.uexp" 3540
"D:/UnrealProjects/Aura2/Content/Assets/Dungeon/Materials/CornerSmall/T_SmallCorner_Norm.ubulk" 3541
"D:/UnrealProjects/Aura2/Content/Assets/Dungeon/Materials/CornerSmall/T_SmallCorner_Norm.uasset" 3542
"D:/UnrealProjects/Aura2/Content/Assets/Dungeon/Materials/CornerSmall/T_SmallCorner_Norm.uexp" 3543
"D:/UnrealProjects/Aura2/Content/Assets/Dungeon/Materials/CornerSmall/T_SmallCorner_Base.ubulk" 3544
"D:/UnrealProjects/Aura2/Content/Assets/Dungeon/Materials/CornerSmall/T_SmallCorner_Base.uasset" 3545
"D:/UnrealProjects/Aura2/Content/Assets/Dungeon/Materials/CornerSmall/T_SmallCorner_Base.uexp" 3546
"D:/UnrealProjects/Aura2/Content/Assets/Dungeon/Materials/CornerSmall/M_CornerSmall_F.uasset" 3547
"D:/UnrealProjects/Aura2/Content/Assets/Dungeon/Materials/CornerSmall/M_CornerSmall_F.uexp" 3548
"D:/UnrealProjects/Aura2/Content/Assets/Dungeon/Materials/CornerSmall/M_CornerSmall_F_Inst.uasset" 3549
"D:/UnrealProjects/Aura2/Content/Assets/Dungeon/Materials/CornerSmall/M_CornerSmall_F_Inst.uexp" 3550
"D:/UnrealProjects/Aura2/Content/Assets/Dungeon/Materials/CornerSmall/M_CornerSmall.uasset" 3551
"D:/UnrealProjects/Aura2/Content/Assets/Dungeon/Materials/CornerSmall/M_CornerSmall.uexp" 3552
"D:/UnrealProjects/Aura2/Content/Assets/Dungeon/SM_USquare_Stair.ubulk" 3553
"D:/UnrealProjects/Aura2/Content/Assets/Dungeon/SM_USquare_Stair.uasset" 3554
"D:/UnrealProjects/Aura2/Content/Assets/Dungeon/SM_USquare_Stair.uexp" 3555
"D:/UnrealProjects/Aura2/Content/Blueprints/Actor/FadeActor/FA_USquare_Stair.uasset" 3556
"D:/UnrealProjects/Aura2/Content/Blueprints/Actor/FadeActor/FA_USquare_Stair.uexp" 3557
"D:/UnrealProjects/Aura2/Content/Assets/Dungeon/Materials/Stairs/M_Stairs_ColumnsRims_F.uasset" 3558
"D:/UnrealProjects/Aura2/Content/Assets/Dungeon/Materials/Stairs/M_Stairs_ColumnsRims_F.uexp" 3559
"D:/UnrealProjects/Aura2/Content/Assets/Dungeon/Materials/Stairs/M_Stairs_ColumnsRims_F_Inst.uasset" 3560
"D:/UnrealProjects/Aura2/Content/Assets/Dungeon/Materials/Stairs/M_Stairs_ColumnsRims_F_Inst.uexp" 3561
"D:/UnrealProjects/Aura2/Content/Assets/Dungeon/Materials/Stairs/M_Stairs_Pillars_F.uasset" 3562
"D:/UnrealProjects/Aura2/Content/Assets/Dungeon/Materials/Stairs/M_Stairs_Pillars_F.uexp" 3563
"D:/UnrealProjects/Aura2/Content/Assets/Dungeon/Materials/Stairs/M_Stairs_Pillars_F_Inst.uasset" 3564
"D:/UnrealProjects/Aura2/Content/Assets/Dungeon/Materials/Stairs/M_Stairs_Pillars_F_Inst.uexp" 3565
"D:/UnrealProjects/Aura2/Content/Assets/Dungeon/Materials/Stairs/M_Stairs_Rail_F.uasset" 3566
"D:/UnrealProjects/Aura2/Content/Assets/Dungeon/Materials/Stairs/M_Stairs_Rail_F.uexp" 3567
"D:/UnrealProjects/Aura2/Content/Assets/Dungeon/Materials/Stairs/M_Stairs_Rail_F_Inst.uasset" 3568
"D:/UnrealProjects/Aura2/Content/Assets/Dungeon/Materials/Stairs/M_Stairs_Rail_F_Inst.uexp" 3569
"D:/UnrealProjects/Aura2/Content/Assets/Dungeon/Materials/Stairs/M_Stairs_Steps_F.uasset" 3570
"D:/UnrealProjects/Aura2/Content/Assets/Dungeon/Materials/Stairs/M_Stairs_Steps_F.uexp" 3571
"D:/UnrealProjects/Aura2/Content/Assets/Dungeon/Materials/Stairs/M_Stairs_Steps_F_Inst.uasset" 3572
"D:/UnrealProjects/Aura2/Content/Assets/Dungeon/Materials/Stairs/M_Stairs_Steps_F_Inst.uexp" 3573
"D:/UnrealProjects/Aura2/Content/Assets/Dungeon/Materials/Tileset1x1/Tileset1x1_1/M_Tileset1x1_1_F.uasset" 3574
"D:/UnrealProjects/Aura2/Content/Assets/Dungeon/Materials/Tileset1x1/Tileset1x1_1/M_Tileset1x1_1_F.uexp" 3575
"D:/UnrealProjects/Aura2/Content/Assets/Dungeon/Materials/Tileset1x1/Tileset1x1_1/M_Tileset1x1_1_F_Inst.uasset" 3576
"D:/UnrealProjects/Aura2/Content/Assets/Dungeon/Materials/Tileset1x1/Tileset1x1_1/M_Tileset1x1_1_F_Inst.uexp" 3577
"D:/UnrealProjects/Aura2/Content/Assets/Dungeon/Materials/TilesetCorner_fixedlighting/T_Corner_Balusters_OcclusionRoughnessMetallic.ubulk" 3578
"D:/UnrealProjects/Aura2/Content/Assets/Dungeon/Materials/TilesetCorner_fixedlighting/T_Corner_Balusters_OcclusionRoughnessMetallic.uasset" 3579
"D:/UnrealProjects/Aura2/Content/Assets/Dungeon/Materials/TilesetCorner_fixedlighting/T_Corner_Balusters_OcclusionRoughnessMetallic.uexp" 3580
"D:/UnrealProjects/Aura2/Content/Assets/Dungeon/Materials/TilesetCorner_fixedlighting/T_Corner_Balusters_Normal.ubulk" 3581
"D:/UnrealProjects/Aura2/Content/Assets/Dungeon/Materials/TilesetCorner_fixedlighting/T_Corner_Balusters_Normal.uasset" 3582
"D:/UnrealProjects/Aura2/Content/Assets/Dungeon/Materials/TilesetCorner_fixedlighting/T_Corner_Balusters_Normal.uexp" 3583
"D:/UnrealProjects/Aura2/Content/Assets/Dungeon/Materials/TilesetCorner_fixedlighting/T_Corner_Balusters_BaseColor.ubulk" 3584
"D:/UnrealProjects/Aura2/Content/Assets/Dungeon/Materials/TilesetCorner_fixedlighting/T_Corner_Balusters_BaseColor.uasset" 3585
"D:/UnrealProjects/Aura2/Content/Assets/Dungeon/Materials/TilesetCorner_fixedlighting/T_Corner_Balusters_BaseColor.uexp" 3586
"D:/UnrealProjects/Aura2/Content/Assets/Dungeon/Materials/TilesetCorner_fixedlighting/M_TilesetCorner_Balusters.uasset" 3587
"D:/UnrealProjects/Aura2/Content/Assets/Dungeon/Materials/TilesetCorner_fixedlighting/M_TilesetCorner_Balusters.uexp" 3588
"D:/UnrealProjects/Aura2/Content/Assets/Dungeon/Materials/TilesetCorner_fixedlighting/T_Corner_Rail_OcclusionRoughnessMetallic.ubulk" 3589
"D:/UnrealProjects/Aura2/Content/Assets/Dungeon/Materials/TilesetCorner_fixedlighting/T_Corner_Rail_OcclusionRoughnessMetallic.uasset" 3590
"D:/UnrealProjects/Aura2/Content/Assets/Dungeon/Materials/TilesetCorner_fixedlighting/T_Corner_Rail_OcclusionRoughnessMetallic.uexp" 3591
"D:/UnrealProjects/Aura2/Content/Assets/Dungeon/Materials/TilesetCorner_fixedlighting/T_Corner_Rail_Normal.ubulk" 3592
"D:/UnrealProjects/Aura2/Content/Assets/Dungeon/Materials/TilesetCorner_fixedlighting/T_Corner_Rail_Normal.uasset" 3593
"D:/UnrealProjects/Aura2/Content/Assets/Dungeon/Materials/TilesetCorner_fixedlighting/T_Corner_Rail_Normal.uexp" 3594
"D:/UnrealProjects/Aura2/Content/Assets/Dungeon/Materials/TilesetCorner_fixedlighting/T_Corner_Rail_BaseColor.ubulk" 3595
"D:/UnrealProjects/Aura2/Content/Assets/Dungeon/Materials/TilesetCorner_fixedlighting/T_Corner_Rail_BaseColor.uasset" 3596
"D:/UnrealProjects/Aura2/Content/Assets/Dungeon/Materials/TilesetCorner_fixedlighting/T_Corner_Rail_BaseColor.uexp" 3597
"D:/UnrealProjects/Aura2/Content/Assets/Dungeon/Materials/TilesetCorner_fixedlighting/M_TilesetCorner_Rail.uasset" 3598
"D:/UnrealProjects/Aura2/Content/Assets/Dungeon/Materials/TilesetCorner_fixedlighting/M_TilesetCorner_Rail.uexp" 3599
"D:/UnrealProjects/Aura2/Content/Assets/Dungeon/Materials/TilesetCorner_fixedlighting/T_Corner_Step_OcclusionRoughnessMetallic.ubulk" 3600
"D:/UnrealProjects/Aura2/Content/Assets/Dungeon/Materials/TilesetCorner_fixedlighting/T_Corner_Step_OcclusionRoughnessMetallic.uasset" 3601
"D:/UnrealProjects/Aura2/Content/Assets/Dungeon/Materials/TilesetCorner_fixedlighting/T_Corner_Step_OcclusionRoughnessMetallic.uexp" 3602
"D:/UnrealProjects/Aura2/Content/Assets/Dungeon/Materials/TilesetCorner_fixedlighting/T_Corner_Step_Normal.ubulk" 3603
"D:/UnrealProjects/Aura2/Content/Assets/Dungeon/Materials/TilesetCorner_fixedlighting/T_Corner_Step_Normal.uasset" 3604
"D:/UnrealProjects/Aura2/Content/Assets/Dungeon/Materials/TilesetCorner_fixedlighting/T_Corner_Step_Normal.uexp" 3605
"D:/UnrealProjects/Aura2/Content/Assets/Dungeon/Materials/TilesetCorner_fixedlighting/T_Corner_Step_BaseColor.ubulk" 3606
"D:/UnrealProjects/Aura2/Content/Assets/Dungeon/Materials/TilesetCorner_fixedlighting/T_Corner_Step_BaseColor.uasset" 3607
"D:/UnrealProjects/Aura2/Content/Assets/Dungeon/Materials/TilesetCorner_fixedlighting/T_Corner_Step_BaseColor.uexp" 3608
"D:/UnrealProjects/Aura2/Content/Assets/Dungeon/Materials/TilesetCorner_fixedlighting/M_TilesetCorner_Step.uasset" 3609
"D:/UnrealProjects/Aura2/Content/Assets/Dungeon/Materials/TilesetCorner_fixedlighting/M_TilesetCorner_Step.uexp" 3610
"D:/UnrealProjects/Aura2/Content/Assets/Dungeon/Materials/TilesetCorner_fixedlighting/T_Corner_Wall_OcclusionRoughnessMetallic.ubulk" 3611
"D:/UnrealProjects/Aura2/Content/Assets/Dungeon/Materials/TilesetCorner_fixedlighting/T_Corner_Wall_OcclusionRoughnessMetallic.uasset" 3612
"D:/UnrealProjects/Aura2/Content/Assets/Dungeon/Materials/TilesetCorner_fixedlighting/T_Corner_Wall_OcclusionRoughnessMetallic.uexp" 3613
"D:/UnrealProjects/Aura2/Content/Assets/Dungeon/Materials/TilesetCorner_fixedlighting/T_Corner_Wall_Normal.ubulk" 3614
"D:/UnrealProjects/Aura2/Content/Assets/Dungeon/Materials/TilesetCorner_fixedlighting/T_Corner_Wall_Normal.uasset" 3615
"D:/UnrealProjects/Aura2/Content/Assets/Dungeon/Materials/TilesetCorner_fixedlighting/T_Corner_Wall_Normal.uexp" 3616
"D:/UnrealProjects/Aura2/Content/Assets/Dungeon/Materials/TilesetCorner_fixedlighting/T_Corner_Wall_BaseColor.ubulk" 3617
"D:/UnrealProjects/Aura2/Content/Assets/Dungeon/Materials/TilesetCorner_fixedlighting/T_Corner_Wall_BaseColor.uasset" 3618
"D:/UnrealProjects/Aura2/Content/Assets/Dungeon/Materials/TilesetCorner_fixedlighting/T_Corner_Wall_BaseColor.uexp" 3619
"D:/UnrealProjects/Aura2/Content/Assets/Dungeon/Materials/TilesetCorner_fixedlighting/M_TilesetCorner_Wall.uasset" 3620
"D:/UnrealProjects/Aura2/Content/Assets/Dungeon/Materials/TilesetCorner_fixedlighting/M_TilesetCorner_Wall.uexp" 3621
"D:/UnrealProjects/Aura2/Content/Assets/Dungeon/SM_Block4x3x2.ubulk" 3622
"D:/UnrealProjects/Aura2/Content/Assets/Dungeon/SM_Block4x3x2.uasset" 3623
"D:/UnrealProjects/Aura2/Content/Assets/Dungeon/SM_Block4x3x2.uexp" 3624
"D:/UnrealProjects/Aura2/Content/Blueprints/Actor/FadeActor/FA_Block_4x3x2.uasset" 3625
"D:/UnrealProjects/Aura2/Content/Blueprints/Actor/FadeActor/FA_Block_4x3x2.uexp" 3626
"D:/UnrealProjects/Aura2/Content/Assets/Dungeon/SM_Corner_rail.ubulk" 3627
"D:/UnrealProjects/Aura2/Content/Assets/Dungeon/SM_Corner_rail.uasset" 3628
"D:/UnrealProjects/Aura2/Content/Assets/Dungeon/SM_Corner_rail.uexp" 3629
"D:/UnrealProjects/Aura2/Content/Blueprints/Actor/FadeActor/FA_Corner_railing.uasset" 3630
"D:/UnrealProjects/Aura2/Content/Blueprints/Actor/FadeActor/FA_Corner_railing.uexp" 3631
"D:/UnrealProjects/Aura2/Content/Assets/Dungeon/SM_Stairs.ubulk" 3632
"D:/UnrealProjects/Aura2/Content/Assets/Dungeon/SM_Stairs.uasset" 3633
"D:/UnrealProjects/Aura2/Content/Assets/Dungeon/SM_Stairs.uexp" 3634
"D:/UnrealProjects/Aura2/Content/Blueprints/Actor/FadeActor/FA_Stairs.uasset" 3635
"D:/UnrealProjects/Aura2/Content/Blueprints/Actor/FadeActor/FA_Stairs.uexp" 3636
"D:/UnrealProjects/Aura2/Content/Maps/Dungeon_BuiltData.ubulk" 3637
"D:/UnrealProjects/Aura2/Content/Maps/Dungeon_BuiltData.uasset" 3638
"D:/UnrealProjects/Aura2/Content/Maps/Dungeon_BuiltData.uexp" 3639
"D:/UnrealProjects/Aura2/Content/Blueprints/Actor/CheckPoint/BP_Beacon.uasset" 3640
"D:/UnrealProjects/Aura2/Content/Blueprints/Actor/CheckPoint/BP_Beacon.uexp" 3641
"D:/UnrealProjects/Aura2/Content/Assets/Dungeon/SM_Tile_6x9.ubulk" 3642
"D:/UnrealProjects/Aura2/Content/Assets/Dungeon/SM_Tile_6x9.uasset" 3643
"D:/UnrealProjects/Aura2/Content/Assets/Dungeon/SM_Tile_6x9.uexp" 3644
"D:/UnrealProjects/Aura2/Content/Assets/Dungeon/SM_Tile_1x6.ubulk" 3645
"D:/UnrealProjects/Aura2/Content/Assets/Dungeon/SM_Tile_1x6.uasset" 3646
"D:/UnrealProjects/Aura2/Content/Assets/Dungeon/SM_Tile_1x6.uexp" 3647
"D:/UnrealProjects/Aura2/Content/Assets/Dungeon/SM_Tile_1x3a.ubulk" 3648
"D:/UnrealProjects/Aura2/Content/Assets/Dungeon/SM_Tile_1x3a.uasset" 3649
"D:/UnrealProjects/Aura2/Content/Assets/Dungeon/SM_Tile_1x3a.uexp" 3650
"D:/UnrealProjects/Aura2/Content/Assets/Dungeon/SM_Corner_nobase.ubulk" 3651
"D:/UnrealProjects/Aura2/Content/Assets/Dungeon/SM_Corner_nobase.uasset" 3652
"D:/UnrealProjects/Aura2/Content/Assets/Dungeon/SM_Corner_nobase.uexp" 3653
"D:/UnrealProjects/Aura2/Content/Kobo_Dungeon/Textures/T-Normal/N-Log-02.ubulk" 3654
"D:/UnrealProjects/Aura2/Content/Kobo_Dungeon/Textures/T-Normal/N-Log-02.uasset" 3655
"D:/UnrealProjects/Aura2/Content/Kobo_Dungeon/Textures/T-Normal/N-Log-02.uexp" 3656
"D:/UnrealProjects/Aura2/Content/Kobo_Dungeon/Textures/T-Albedo/A-Log-02.ubulk" 3657
"D:/UnrealProjects/Aura2/Content/Kobo_Dungeon/Textures/T-Albedo/A-Log-02.uasset" 3658
"D:/UnrealProjects/Aura2/Content/Kobo_Dungeon/Textures/T-Albedo/A-Log-02.uexp" 3659
"D:/UnrealProjects/Aura2/Content/Kobo_Dungeon/Materials/M-Instance/MI-Log-02.uasset" 3660
"D:/UnrealProjects/Aura2/Content/Kobo_Dungeon/Materials/M-Instance/MI-Log-02.uexp" 3661
"D:/UnrealProjects/Aura2/Content/Assets/Dungeon/SM_BonFire.ubulk" 3662
"D:/UnrealProjects/Aura2/Content/Assets/Dungeon/SM_BonFire.uasset" 3663
"D:/UnrealProjects/Aura2/Content/Assets/Dungeon/SM_BonFire.uexp" 3664
"D:/UnrealProjects/Aura2/Content/Blueprints/Actor/Area/BP_BonFire.uasset" 3665
"D:/UnrealProjects/Aura2/Content/Blueprints/Actor/Area/BP_BonFire.uexp" 3666
"D:/UnrealProjects/Aura2/Content/Assets/Dungeon/SM_Tile_6x3.ubulk" 3667
"D:/UnrealProjects/Aura2/Content/Assets/Dungeon/SM_Tile_6x3.uasset" 3668
"D:/UnrealProjects/Aura2/Content/Assets/Dungeon/SM_Tile_6x3.uexp" 3669
"D:/UnrealProjects/Aura2/Content/Assets/Dungeon/SM_Tile_5x5.ubulk" 3670
"D:/UnrealProjects/Aura2/Content/Assets/Dungeon/SM_Tile_5x5.uasset" 3671
"D:/UnrealProjects/Aura2/Content/Assets/Dungeon/SM_Tile_5x5.uexp" 3672
"D:/UnrealProjects/Aura2/Content/Assets/Dungeon/SM_Tile_1x4_a.ubulk" 3673
"D:/UnrealProjects/Aura2/Content/Assets/Dungeon/SM_Tile_1x4_a.uasset" 3674
"D:/UnrealProjects/Aura2/Content/Assets/Dungeon/SM_Tile_1x4_a.uexp" 3675
"D:/UnrealProjects/Aura2/Content/Maps/Dungeon.uexp" 3676
"D:/UnrealProjects/Aura2/Content/Maps/Dungeon.umap" 3677
"D:/UnrealProjects/Aura2/Content/Assets/Dungeon/SM_Tile_1x3.ubulk" 3678
"D:/UnrealProjects/Aura2/Content/Assets/Dungeon/SM_Tile_1x3.uasset" 3679
"D:/UnrealProjects/Aura2/Content/Assets/Dungeon/SM_Tile_1x3.uexp" 3680
"D:/UnrealProjects/Aura2/Content/Assets/Dungeon/Materials/Tileset2/Tileset2_low_DefaultMaterial_OcclusionRoughnessMetallic.ubulk" 3681
"D:/UnrealProjects/Aura2/Content/Assets/Dungeon/Materials/Tileset2/Tileset2_low_DefaultMaterial_OcclusionRoughnessMetallic.uasset" 3682
"D:/UnrealProjects/Aura2/Content/Assets/Dungeon/Materials/Tileset2/Tileset2_low_DefaultMaterial_OcclusionRoughnessMetallic.uexp" 3683
"D:/UnrealProjects/Aura2/Content/Assets/Dungeon/Materials/Tileset2/Tileset2_low_DefaultMaterial_Normal.ubulk" 3684
"D:/UnrealProjects/Aura2/Content/Assets/Dungeon/Materials/Tileset2/Tileset2_low_DefaultMaterial_Normal.uasset" 3685
"D:/UnrealProjects/Aura2/Content/Assets/Dungeon/Materials/Tileset2/Tileset2_low_DefaultMaterial_Normal.uexp" 3686
"D:/UnrealProjects/Aura2/Content/Assets/Dungeon/Materials/Tileset2/Tileset2_low_DefaultMaterial_BaseColor.ubulk" 3687
"D:/UnrealProjects/Aura2/Content/Assets/Dungeon/Materials/Tileset2/Tileset2_low_DefaultMaterial_BaseColor.uasset" 3688
"D:/UnrealProjects/Aura2/Content/Assets/Dungeon/Materials/Tileset2/Tileset2_low_DefaultMaterial_BaseColor.uexp" 3689
"D:/UnrealProjects/Aura2/Content/Assets/Dungeon/Materials/Tileset2/M_Tileset2.uasset" 3690
"D:/UnrealProjects/Aura2/Content/Assets/Dungeon/Materials/Tileset2/M_Tileset2.uexp" 3691
"D:/UnrealProjects/Aura2/Content/Assets/Dungeon/SM_Tile_3x2.ubulk" 3692
"D:/UnrealProjects/Aura2/Content/Assets/Dungeon/SM_Tile_3x2.uasset" 3693
"D:/UnrealProjects/Aura2/Content/Assets/Dungeon/SM_Tile_3x2.uexp" 3694
"D:/UnrealProjects/Aura2/Content/Assets/Dungeon/SM_Tile_3x3_A.ubulk" 3695
"D:/UnrealProjects/Aura2/Content/Assets/Dungeon/SM_Tile_3x3_A.uasset" 3696
"D:/UnrealProjects/Aura2/Content/Assets/Dungeon/SM_Tile_3x3_A.uexp" 3697
"D:/UnrealProjects/Aura2/Content/Assets/Dungeon/SM_TilesetEdge_nobase_6.ubulk" 3698
"D:/UnrealProjects/Aura2/Content/Assets/Dungeon/SM_TilesetEdge_nobase_6.uasset" 3699
"D:/UnrealProjects/Aura2/Content/Assets/Dungeon/SM_TilesetEdge_nobase_6.uexp" 3700
"D:/UnrealProjects/Aura2/Content/Blueprints/Actor/BP_MissionActor.uasset" 3701
"D:/UnrealProjects/Aura2/Content/Blueprints/Actor/BP_MissionActor.uexp" 3702
"D:/UnrealProjects/Aura2/Content/Blueprints/Missions/DA_Mission_Shaman_Kill.uasset" 3703
"D:/UnrealProjects/Aura2/Content/Blueprints/Missions/DA_Mission_Shaman_Kill.uexp" 3704
"D:/UnrealProjects/Aura2/Content/Assets/Dungeon/SM_Tile_2x2.ubulk" 3705
"D:/UnrealProjects/Aura2/Content/Assets/Dungeon/SM_Tile_2x2.uasset" 3706
"D:/UnrealProjects/Aura2/Content/Assets/Dungeon/SM_Tile_2x2.uexp" 3707
"D:/UnrealProjects/Aura2/Content/Assets/Dungeon/SM_Tile1x1_A.ubulk" 3708
"D:/UnrealProjects/Aura2/Content/Assets/Dungeon/SM_Tile1x1_A.uasset" 3709
"D:/UnrealProjects/Aura2/Content/Assets/Dungeon/SM_Tile1x1_A.uexp" 3710
"D:/UnrealProjects/Aura2/Content/Blueprints/AI/Tasks/BTT_Boss_Summon.uasset" 3711
"D:/UnrealProjects/Aura2/Content/Blueprints/AI/Tasks/BTT_Boss_Summon.uexp" 3712
"D:/UnrealProjects/Aura2/Content/Blueprints/AI/Tasks/BTT_Boss_ActiveAbility.uasset" 3713
"D:/UnrealProjects/Aura2/Content/Blueprints/AI/Tasks/BTT_Boss_ActiveAbility.uexp" 3714
"D:/UnrealProjects/Aura2/Content/Blueprints/AI/BehaviorTree/BB_Boss_Shaman_Blackboard.uasset" 3715
"D:/UnrealProjects/Aura2/Content/Blueprints/AI/BehaviorTree/BB_Boss_Shaman_Blackboard.uexp" 3716
"D:/UnrealProjects/Aura2/Content/Blueprints/AI/BehaviorTree/BT_Boss_Shaman.uasset" 3717
"D:/UnrealProjects/Aura2/Content/Blueprints/AI/BehaviorTree/BT_Boss_Shaman.uexp" 3718
"D:/UnrealProjects/Aura2/Content/Assets/Enemies/Shaman/Animations/Shaman_Idle.uasset" 3719
"D:/UnrealProjects/Aura2/Content/Assets/Enemies/Shaman/Animations/Shaman_Idle.uexp" 3720
"D:/UnrealProjects/Aura2/Content/Assets/Enemies/Shaman/Animations/Shaman_Walk.uasset" 3721
"D:/UnrealProjects/Aura2/Content/Assets/Enemies/Shaman/Animations/Shaman_Walk.uexp" 3722
"D:/UnrealProjects/Aura2/Content/Assets/Enemies/Shaman/Animations/BS_IdleWalk.uasset" 3723
"D:/UnrealProjects/Aura2/Content/Assets/Enemies/Shaman/Animations/BS_IdleWalk.uexp" 3724
"D:/UnrealProjects/Aura2/Content/Assets/Enemies/Shaman/Animations/Shaman_ShockLoop.uasset" 3725
"D:/UnrealProjects/Aura2/Content/Assets/Enemies/Shaman/Animations/Shaman_ShockLoop.uexp" 3726
"D:/UnrealProjects/Aura2/Content/Assets/Enemies/Shaman/Animations/Shaman_Stun.uasset" 3727
"D:/UnrealProjects/Aura2/Content/Assets/Enemies/Shaman/Animations/Shaman_Stun.uexp" 3728
"D:/UnrealProjects/Aura2/Content/Blueprints/Character/Goblin_Shaman/ABP_Shaman.uasset" 3729
"D:/UnrealProjects/Aura2/Content/Blueprints/Character/Goblin_Shaman/ABP_Shaman.uexp" 3730
"D:/UnrealProjects/Aura2/Content/Assets/Enemies/Shaman/Materials/Shaman_low_M_Shaman_Body_OcclusionRoughnessMetallic.ubulk" 3731
"D:/UnrealProjects/Aura2/Content/Assets/Enemies/Shaman/Materials/Shaman_low_M_Shaman_Body_OcclusionRoughnessMetallic.uasset" 3732
"D:/UnrealProjects/Aura2/Content/Assets/Enemies/Shaman/Materials/Shaman_low_M_Shaman_Body_OcclusionRoughnessMetallic.uexp" 3733
"D:/UnrealProjects/Aura2/Content/Assets/Enemies/Shaman/Materials/Shaman_low_M_Shaman_Body_Normal.ubulk" 3734
"D:/UnrealProjects/Aura2/Content/Assets/Enemies/Shaman/Materials/Shaman_low_M_Shaman_Body_Normal.uasset" 3735
"D:/UnrealProjects/Aura2/Content/Assets/Enemies/Shaman/Materials/Shaman_low_M_Shaman_Body_Normal.uexp" 3736
"D:/UnrealProjects/Aura2/Content/Assets/Enemies/Shaman/Materials/Shaman_low_M_Shaman_Body_BaseColor.ubulk" 3737
"D:/UnrealProjects/Aura2/Content/Assets/Enemies/Shaman/Materials/Shaman_low_M_Shaman_Body_BaseColor.uasset" 3738
"D:/UnrealProjects/Aura2/Content/Assets/Enemies/Shaman/Materials/Shaman_low_M_Shaman_Body_BaseColor.uexp" 3739
"D:/UnrealProjects/Aura2/Content/Assets/Enemies/Shaman/Materials/M_Shaman.uasset" 3740
"D:/UnrealProjects/Aura2/Content/Assets/Enemies/Shaman/Materials/M_Shaman.uexp" 3741
"D:/UnrealProjects/Aura2/Content/Assets/Enemies/Shaman/Materials/MI_Shaman_Dissolve.uasset" 3742
"D:/UnrealProjects/Aura2/Content/Assets/Enemies/Shaman/Materials/MI_Shaman_Dissolve.uexp" 3743
"D:/UnrealProjects/Aura2/Content/Assets/Enemies/Shaman/ShamanStaff/Materials/Staff_low_M_Staff_OcclusionRoughnessMetallic.ubulk" 3744
"D:/UnrealProjects/Aura2/Content/Assets/Enemies/Shaman/ShamanStaff/Materials/Staff_low_M_Staff_OcclusionRoughnessMetallic.uasset" 3745
"D:/UnrealProjects/Aura2/Content/Assets/Enemies/Shaman/ShamanStaff/Materials/Staff_low_M_Staff_OcclusionRoughnessMetallic.uexp" 3746
"D:/UnrealProjects/Aura2/Content/Assets/Enemies/Shaman/ShamanStaff/Materials/Staff_low_M_Staff_Normal.ubulk" 3747
"D:/UnrealProjects/Aura2/Content/Assets/Enemies/Shaman/ShamanStaff/Materials/Staff_low_M_Staff_Normal.uasset" 3748
"D:/UnrealProjects/Aura2/Content/Assets/Enemies/Shaman/ShamanStaff/Materials/Staff_low_M_Staff_Normal.uexp" 3749
"D:/UnrealProjects/Aura2/Content/Assets/Enemies/Shaman/ShamanStaff/Materials/Staff_low_M_Staff_BaseColor.ubulk" 3750
"D:/UnrealProjects/Aura2/Content/Assets/Enemies/Shaman/ShamanStaff/Materials/Staff_low_M_Staff_BaseColor.uasset" 3751
"D:/UnrealProjects/Aura2/Content/Assets/Enemies/Shaman/ShamanStaff/Materials/Staff_low_M_Staff_BaseColor.uexp" 3752
"D:/UnrealProjects/Aura2/Content/Assets/Enemies/Shaman/ShamanStaff/Materials/M_Staff.uasset" 3753
"D:/UnrealProjects/Aura2/Content/Assets/Enemies/Shaman/ShamanStaff/Materials/M_Staff.uexp" 3754
"D:/UnrealProjects/Aura2/Content/Assets/Enemies/Shaman/ShamanStaff/Materials/MI_ShamanStaff_Dissolve.uasset" 3755
"D:/UnrealProjects/Aura2/Content/Assets/Enemies/Shaman/ShamanStaff/Materials/MI_ShamanStaff_Dissolve.uexp" 3756
"D:/UnrealProjects/Aura2/Content/Assets/Enemies/Shaman/ShamanStaff/SM_ShamanStaff.uasset" 3757
"D:/UnrealProjects/Aura2/Content/Assets/Enemies/Shaman/ShamanStaff/SM_ShamanStaff.uexp" 3758
"D:/UnrealProjects/Aura2/Content/Assets/Enemies/Shaman/ShamanStaff/PA_ShamanStaff.uasset" 3759
"D:/UnrealProjects/Aura2/Content/Assets/Enemies/Shaman/ShamanStaff/PA_ShamanStaff.uexp" 3760
"D:/UnrealProjects/Aura2/Content/Assets/Enemies/Shaman/ShamanStaff/SKM_ShamanStaff.uasset" 3761
"D:/UnrealProjects/Aura2/Content/Assets/Enemies/Shaman/ShamanStaff/SKM_ShamanStaff.uexp" 3762
"D:/UnrealProjects/Aura2/Content/Assets/Enemies/Shaman/PA_Shaman.uasset" 3763
"D:/UnrealProjects/Aura2/Content/Assets/Enemies/Shaman/PA_Shaman.uexp" 3764
"D:/UnrealProjects/Aura2/Content/Assets/Enemies/Shaman/SKM_Shaman.uasset" 3765
"D:/UnrealProjects/Aura2/Content/Assets/Enemies/Shaman/SKM_Shaman.uexp" 3766
"D:/UnrealProjects/Aura2/Content/Assets/Enemies/Shaman/Animations/AM_Shaman_Roar.uasset" 3767
"D:/UnrealProjects/Aura2/Content/Assets/Enemies/Shaman/Animations/AM_Shaman_Roar.uexp" 3768
"D:/UnrealProjects/Aura2/Content/Assets/Enemies/Shaman/Materials/M_Shaman_Rage.uasset" 3769
"D:/UnrealProjects/Aura2/Content/Assets/Enemies/Shaman/Materials/M_Shaman_Rage.uexp" 3770
"D:/UnrealProjects/Aura2/Content/Assets/UI/HealthMana/Shaman__1_.uasset" 3771
"D:/UnrealProjects/Aura2/Content/Assets/UI/HealthMana/Shaman__1_.uexp" 3772
"D:/UnrealProjects/Aura2/Content/Assets/UI/HealthMana/Shaman_Render.uasset" 3773
"D:/UnrealProjects/Aura2/Content/Assets/UI/HealthMana/Shaman_Render.uexp" 3774
"D:/UnrealProjects/Aura2/Content/Blueprints/AbilitySystem/Enemy/Effects/GE_SecondaryAttributes_Boss_Shaman.uasset" 3775
"D:/UnrealProjects/Aura2/Content/Blueprints/AbilitySystem/Enemy/Effects/GE_SecondaryAttributes_Boss_Shaman.uexp" 3776
"D:/UnrealProjects/Aura2/Content/Blueprints/Character/Boss/BP_Boss_Shaman.uasset" 3777
"D:/UnrealProjects/Aura2/Content/Blueprints/Character/Boss/BP_Boss_Shaman.uexp" 3778
"D:/UnrealProjects/Aura2/Content/Maps/Dungeon_2.uexp" 3779
"D:/UnrealProjects/Aura2/Content/Maps/Dungeon_2.umap" 3780
"D:/UnrealProjects/Aura2/Content/Kobo_Dungeon/Textures/T-Normal/N-Gate-01-02.ubulk" 3781
"D:/UnrealProjects/Aura2/Content/Kobo_Dungeon/Textures/T-Normal/N-Gate-01-02.uasset" 3782
"D:/UnrealProjects/Aura2/Content/Kobo_Dungeon/Textures/T-Normal/N-Gate-01-02.uexp" 3783
"D:/UnrealProjects/Aura2/Content/Kobo_Dungeon/Textures/T-Albedo/A-Gate-01-02.ubulk" 3784
"D:/UnrealProjects/Aura2/Content/Kobo_Dungeon/Textures/T-Albedo/A-Gate-01-02.uasset" 3785
"D:/UnrealProjects/Aura2/Content/Kobo_Dungeon/Textures/T-Albedo/A-Gate-01-02.uexp" 3786
"D:/UnrealProjects/Aura2/Content/Kobo_Dungeon/Materials/M-Instance/MI-Gate-01-02.uasset" 3787
"D:/UnrealProjects/Aura2/Content/Kobo_Dungeon/Materials/M-Instance/MI-Gate-01-02.uexp" 3788
"D:/UnrealProjects/Aura2/Content/Kobo_Dungeon/Meshes/SM-Gate-01-02.ubulk" 3789
"D:/UnrealProjects/Aura2/Content/Kobo_Dungeon/Meshes/SM-Gate-01-02.uasset" 3790
"D:/UnrealProjects/Aura2/Content/Kobo_Dungeon/Meshes/SM-Gate-01-02.uexp" 3791
"D:/UnrealProjects/Aura2/Content/Blueprints/Actor/Door/C_DoorOpen.uasset" 3792
"D:/UnrealProjects/Aura2/Content/Blueprints/Actor/Door/C_DoorOpen.uexp" 3793
"D:/UnrealProjects/Aura2/Content/Blueprints/Actor/Door/BP_NextLevelDoor.uasset" 3794
"D:/UnrealProjects/Aura2/Content/Blueprints/Actor/Door/BP_NextLevelDoor.uexp" 3795
"D:/UnrealProjects/Aura2/Content/Assets/Dungeon/SM_Stair.ubulk" 3796
"D:/UnrealProjects/Aura2/Content/Assets/Dungeon/SM_Stair.uasset" 3797
"D:/UnrealProjects/Aura2/Content/Assets/Dungeon/SM_Stair.uexp" 3798
"D:/UnrealProjects/Aura2/Content/Kobo_Dungeon/Textures/T-Normal/N-Pillar-01.ubulk" 3799
"D:/UnrealProjects/Aura2/Content/Kobo_Dungeon/Textures/T-Normal/N-Pillar-01.uasset" 3800
"D:/UnrealProjects/Aura2/Content/Kobo_Dungeon/Textures/T-Normal/N-Pillar-01.uexp" 3801
"D:/UnrealProjects/Aura2/Content/Kobo_Dungeon/Textures/T-Albedo/A-Pillar-01.ubulk" 3802
"D:/UnrealProjects/Aura2/Content/Kobo_Dungeon/Textures/T-Albedo/A-Pillar-01.uasset" 3803
"D:/UnrealProjects/Aura2/Content/Kobo_Dungeon/Textures/T-Albedo/A-Pillar-01.uexp" 3804
"D:/UnrealProjects/Aura2/Content/Kobo_Dungeon/Materials/M-Instance/MI-Pillar-01.uasset" 3805
"D:/UnrealProjects/Aura2/Content/Kobo_Dungeon/Materials/M-Instance/MI-Pillar-01.uexp" 3806
"D:/UnrealProjects/Aura2/Content/Kobo_Dungeon/Meshes/SM-Pillar-01.ubulk" 3807
"D:/UnrealProjects/Aura2/Content/Kobo_Dungeon/Meshes/SM-Pillar-01.uasset" 3808
"D:/UnrealProjects/Aura2/Content/Kobo_Dungeon/Meshes/SM-Pillar-01.uexp" 3809
"D:/UnrealProjects/Aura2/Content/Kobo_Dungeon/Textures/T-Normal/N-Gate-01-01.ubulk" 3810
"D:/UnrealProjects/Aura2/Content/Kobo_Dungeon/Textures/T-Normal/N-Gate-01-01.uasset" 3811
"D:/UnrealProjects/Aura2/Content/Kobo_Dungeon/Textures/T-Normal/N-Gate-01-01.uexp" 3812
"D:/UnrealProjects/Aura2/Content/Kobo_Dungeon/Textures/T-Albedo/A-Gate-01-01.ubulk" 3813
"D:/UnrealProjects/Aura2/Content/Kobo_Dungeon/Textures/T-Albedo/A-Gate-01-01.uasset" 3814
"D:/UnrealProjects/Aura2/Content/Kobo_Dungeon/Textures/T-Albedo/A-Gate-01-01.uexp" 3815
"D:/UnrealProjects/Aura2/Content/Kobo_Dungeon/Materials/M-Instance/MI-Gate-01-01.uasset" 3816
"D:/UnrealProjects/Aura2/Content/Kobo_Dungeon/Materials/M-Instance/MI-Gate-01-01.uexp" 3817
"D:/UnrealProjects/Aura2/Content/Kobo_Dungeon/Meshes/SM-Gate-01-01.ubulk" 3818
"D:/UnrealProjects/Aura2/Content/Kobo_Dungeon/Meshes/SM-Gate-01-01.uasset" 3819
"D:/UnrealProjects/Aura2/Content/Kobo_Dungeon/Meshes/SM-Gate-01-01.uexp" 3820
"D:/UnrealProjects/Aura2/Content/Kobo_Dungeon/Textures/T-Normal/N-Brazier-01-01.ubulk" 3821
"D:/UnrealProjects/Aura2/Content/Kobo_Dungeon/Textures/T-Normal/N-Brazier-01-01.uasset" 3822
"D:/UnrealProjects/Aura2/Content/Kobo_Dungeon/Textures/T-Normal/N-Brazier-01-01.uexp" 3823
"D:/UnrealProjects/Aura2/Content/Kobo_Dungeon/Textures/T-Albedo/A-Brazier-01-01.ubulk" 3824
"D:/UnrealProjects/Aura2/Content/Kobo_Dungeon/Textures/T-Albedo/A-Brazier-01-01.uasset" 3825
"D:/UnrealProjects/Aura2/Content/Kobo_Dungeon/Textures/T-Albedo/A-Brazier-01-01.uexp" 3826
"D:/UnrealProjects/Aura2/Content/Kobo_Dungeon/Materials/M-Instance/MI-Brazier-01-01.uasset" 3827
"D:/UnrealProjects/Aura2/Content/Kobo_Dungeon/Materials/M-Instance/MI-Brazier-01-01.uexp" 3828
"D:/UnrealProjects/Aura2/Content/Kobo_Dungeon/Meshes/SM-Brazier-01-01.ubulk" 3829
"D:/UnrealProjects/Aura2/Content/Kobo_Dungeon/Meshes/SM-Brazier-01-01.uasset" 3830
"D:/UnrealProjects/Aura2/Content/Kobo_Dungeon/Meshes/SM-Brazier-01-01.uexp" 3831
"D:/UnrealProjects/Aura2/Content/Kobo_Dungeon/Textures/T-Normal/N-Brazier-01-02.ubulk" 3832
"D:/UnrealProjects/Aura2/Content/Kobo_Dungeon/Textures/T-Normal/N-Brazier-01-02.uasset" 3833
"D:/UnrealProjects/Aura2/Content/Kobo_Dungeon/Textures/T-Normal/N-Brazier-01-02.uexp" 3834
"D:/UnrealProjects/Aura2/Content/Kobo_Dungeon/Textures/T-Albedo/A-Brazier-01-02.ubulk" 3835
"D:/UnrealProjects/Aura2/Content/Kobo_Dungeon/Textures/T-Albedo/A-Brazier-01-02.uasset" 3836
"D:/UnrealProjects/Aura2/Content/Kobo_Dungeon/Textures/T-Albedo/A-Brazier-01-02.uexp" 3837
"D:/UnrealProjects/Aura2/Content/Kobo_Dungeon/Materials/M-Instance/MI-Brazier-01-02.uasset" 3838
"D:/UnrealProjects/Aura2/Content/Kobo_Dungeon/Materials/M-Instance/MI-Brazier-01-02.uexp" 3839
"D:/UnrealProjects/Aura2/Content/Kobo_Dungeon/Meshes/SM-Brazier-01-02.ubulk" 3840
"D:/UnrealProjects/Aura2/Content/Kobo_Dungeon/Meshes/SM-Brazier-01-02.uasset" 3841
"D:/UnrealProjects/Aura2/Content/Kobo_Dungeon/Meshes/SM-Brazier-01-02.uexp" 3842
"D:/UnrealProjects/Aura2/Content/Kobo_Dungeon/Materials/M-LightFunction/M-LightFlicker.uasset" 3843
"D:/UnrealProjects/Aura2/Content/Kobo_Dungeon/Materials/M-LightFunction/M-LightFlicker.uexp" 3844
"D:/UnrealProjects/Aura2/Content/Kobo_Dungeon/Materials/M-LightFunction/MI-LightFlicker-04.uasset" 3845
"D:/UnrealProjects/Aura2/Content/Kobo_Dungeon/Materials/M-LightFunction/MI-LightFlicker-04.uexp" 3846
"D:/UnrealProjects/Aura2/Content/Kobo_Dungeon/FX/FX-BrazierEmbers-01.uasset" 3847
"D:/UnrealProjects/Aura2/Content/Kobo_Dungeon/FX/FX-BrazierEmbers-01.uexp" 3848
"D:/UnrealProjects/Aura2/Content/Kobo_Dungeon/Blueprints/BP-Brazier-01.uasset" 3849
"D:/UnrealProjects/Aura2/Content/Kobo_Dungeon/Blueprints/BP-Brazier-01.uexp" 3850
"D:/UnrealProjects/Aura2/Content/Blueprints/Actor/CheckPoint/BP_DungeonStair.uasset" 3851
"D:/UnrealProjects/Aura2/Content/Blueprints/Actor/CheckPoint/BP_DungeonStair.uexp" 3852
"D:/UnrealProjects/Aura2/Content/Assets/Dungeon/SM_Tile_4x4_c.ubulk" 3853
"D:/UnrealProjects/Aura2/Content/Assets/Dungeon/SM_Tile_4x4_c.uasset" 3854
"D:/UnrealProjects/Aura2/Content/Assets/Dungeon/SM_Tile_4x4_c.uexp" 3855
"D:/UnrealProjects/Aura2/Content/Assets/Dungeon/SM_Tile_1x4.ubulk" 3856
"D:/UnrealProjects/Aura2/Content/Assets/Dungeon/SM_Tile_1x4.uasset" 3857
"D:/UnrealProjects/Aura2/Content/Assets/Dungeon/SM_Tile_1x4.uexp" 3858
"D:/UnrealProjects/Aura2/Content/Maps/_GENERATED/Crat/Combined_3B99643E.ubulk" 3859
"D:/UnrealProjects/Aura2/Content/Maps/_GENERATED/Crat/Combined_3B99643E.uasset" 3860
"D:/UnrealProjects/Aura2/Content/Maps/_GENERATED/Crat/Combined_3B99643E.uexp" 3861
"D:/UnrealProjects/Aura2/Content/Kobo_Dungeon/Textures/T-Normal/N-Log-01.ubulk" 3862
"D:/UnrealProjects/Aura2/Content/Kobo_Dungeon/Textures/T-Normal/N-Log-01.uasset" 3863
"D:/UnrealProjects/Aura2/Content/Kobo_Dungeon/Textures/T-Normal/N-Log-01.uexp" 3864
"D:/UnrealProjects/Aura2/Content/Kobo_Dungeon/Textures/T-Albedo/A-Log-01.ubulk" 3865
"D:/UnrealProjects/Aura2/Content/Kobo_Dungeon/Textures/T-Albedo/A-Log-01.uasset" 3866
"D:/UnrealProjects/Aura2/Content/Kobo_Dungeon/Textures/T-Albedo/A-Log-01.uexp" 3867
"D:/UnrealProjects/Aura2/Content/Kobo_Dungeon/Materials/M-Instance/MI-Log-01.uasset" 3868
"D:/UnrealProjects/Aura2/Content/Kobo_Dungeon/Materials/M-Instance/MI-Log-01.uexp" 3869
"D:/UnrealProjects/Aura2/Content/Kobo_Dungeon/Meshes/SM-Log-01.ubulk" 3870
"D:/UnrealProjects/Aura2/Content/Kobo_Dungeon/Meshes/SM-Log-01.uasset" 3871
"D:/UnrealProjects/Aura2/Content/Kobo_Dungeon/Meshes/SM-Log-01.uexp" 3872
"D:/UnrealProjects/Aura2/Content/Assets/Enemies/Ghoul/SK_Ghoul.uasset" 3873
"D:/UnrealProjects/Aura2/Content/Assets/Enemies/Ghoul/SK_Ghoul.uexp" 3874
"D:/UnrealProjects/Aura2/Content/Assets/Sounds/FootSteps/sfx_Footsteps_Deep.uasset" 3875
"D:/UnrealProjects/Aura2/Content/Assets/Sounds/FootSteps/sfx_Footsteps_Deep.uexp" 3876
"D:/UnrealProjects/Aura2/Content/Assets/Enemies/Ghoul/Animations/Walk.uasset" 3877
"D:/UnrealProjects/Aura2/Content/Assets/Enemies/Ghoul/Animations/Walk.uexp" 3878
"D:/UnrealProjects/Aura2/Content/Assets/Enemies/Ghoul/Animations/Idle.uasset" 3879
"D:/UnrealProjects/Aura2/Content/Assets/Enemies/Ghoul/Animations/Idle.uexp" 3880
"D:/UnrealProjects/Aura2/Content/Assets/Enemies/Ghoul/Animations/BS_IdleWalk.uasset" 3881
"D:/UnrealProjects/Aura2/Content/Assets/Enemies/Ghoul/Animations/BS_IdleWalk.uexp" 3882
"D:/UnrealProjects/Aura2/Content/Assets/Enemies/Ghoul/Animations/ShockLoop.uasset" 3883
"D:/UnrealProjects/Aura2/Content/Assets/Enemies/Ghoul/Animations/ShockLoop.uexp" 3884
"D:/UnrealProjects/Aura2/Content/Assets/Enemies/Ghoul/Animations/Stun.uasset" 3885
"D:/UnrealProjects/Aura2/Content/Assets/Enemies/Ghoul/Animations/Stun.uexp" 3886
"D:/UnrealProjects/Aura2/Content/Blueprints/Character/Ghoul/ABP_Ghoul.uasset" 3887
"D:/UnrealProjects/Aura2/Content/Blueprints/Character/Ghoul/ABP_Ghoul.uexp" 3888
"D:/UnrealProjects/Aura2/Content/Assets/Enemies/Ghoul/Animations/Attack_L.uasset" 3889
"D:/UnrealProjects/Aura2/Content/Assets/Enemies/Ghoul/Animations/Attack_L.uexp" 3890
"D:/UnrealProjects/Aura2/Content/Assets/Effects/Shared/water_n.ubulk" 3891
"D:/UnrealProjects/Aura2/Content/Assets/Effects/Shared/water_n.uasset" 3892
"D:/UnrealProjects/Aura2/Content/Assets/Effects/Shared/water_n.uexp" 3893
"D:/UnrealProjects/Aura2/Content/Assets/Effects/Combat/Trail/Materials/M_Refraction.uasset" 3894
"D:/UnrealProjects/Aura2/Content/Assets/Effects/Combat/Trail/Materials/M_Refraction.uexp" 3895
"D:/UnrealProjects/Aura2/Content/Assets/Effects/Combat/Trail/Materials/MI_Refraction.uasset" 3896
"D:/UnrealProjects/Aura2/Content/Assets/Effects/Combat/Trail/Materials/MI_Refraction.uexp" 3897
"D:/UnrealProjects/Aura2/Content/Assets/Effects/Combat/Trail/NS_CombatTrail.uasset" 3898
"D:/UnrealProjects/Aura2/Content/Assets/Effects/Combat/Trail/NS_CombatTrail.uexp" 3899
"D:/UnrealProjects/Aura2/Content/Assets/Enemies/Ghoul/Animations/AM_Ghoul_Attack_L.uasset" 3900
"D:/UnrealProjects/Aura2/Content/Assets/Enemies/Ghoul/Animations/AM_Ghoul_Attack_L.uexp" 3901
"D:/UnrealProjects/Aura2/Content/Assets/Enemies/Ghoul/Animations/Attack_R.uasset" 3902
"D:/UnrealProjects/Aura2/Content/Assets/Enemies/Ghoul/Animations/Attack_R.uexp" 3903
"D:/UnrealProjects/Aura2/Content/Assets/Enemies/Ghoul/Animations/AM_Ghoul_Attack_R.uasset" 3904
"D:/UnrealProjects/Aura2/Content/Assets/Enemies/Ghoul/Animations/AM_Ghoul_Attack_R.uexp" 3905
"D:/UnrealProjects/Aura2/Content/Assets/Sounds/Enemies/Ghoul/Growl/SFX_Enemies_Ghoul_Attack_Vocal_04.ubulk" 3906
"D:/UnrealProjects/Aura2/Content/Assets/Sounds/Enemies/Ghoul/Growl/SFX_Enemies_Ghoul_Attack_Vocal_04.uasset" 3907
"D:/UnrealProjects/Aura2/Content/Assets/Sounds/Enemies/Ghoul/Growl/SFX_Enemies_Ghoul_Attack_Vocal_04.uexp" 3908
"D:/UnrealProjects/Aura2/Content/Assets/Sounds/Enemies/Ghoul/Growl/SFX_Enemies_Ghoul_Attack_Vocal_03.ubulk" 3909
"D:/UnrealProjects/Aura2/Content/Assets/Sounds/Enemies/Ghoul/Growl/SFX_Enemies_Ghoul_Attack_Vocal_03.uasset" 3910
"D:/UnrealProjects/Aura2/Content/Assets/Sounds/Enemies/Ghoul/Growl/SFX_Enemies_Ghoul_Attack_Vocal_03.uexp" 3911
"D:/UnrealProjects/Aura2/Content/Assets/Sounds/Enemies/Ghoul/Growl/SFX_Enemies_Ghoul_Attack_Vocal_02.ubulk" 3912
"D:/UnrealProjects/Aura2/Content/Assets/Sounds/Enemies/Ghoul/Growl/SFX_Enemies_Ghoul_Attack_Vocal_02.uasset" 3913
"D:/UnrealProjects/Aura2/Content/Assets/Sounds/Enemies/Ghoul/Growl/SFX_Enemies_Ghoul_Attack_Vocal_02.uexp" 3914
"D:/UnrealProjects/Aura2/Content/Assets/Sounds/Enemies/Ghoul/Growl/SFX_Enemies_Ghoul_Attack_Vocal_01.ubulk" 3915
"D:/UnrealProjects/Aura2/Content/Assets/Sounds/Enemies/Ghoul/Growl/SFX_Enemies_Ghoul_Attack_Vocal_01.uasset" 3916
"D:/UnrealProjects/Aura2/Content/Assets/Sounds/Enemies/Ghoul/Growl/SFX_Enemies_Ghoul_Attack_Vocal_01.uexp" 3917
"D:/UnrealProjects/Aura2/Content/Assets/Sounds/Enemies/Ghoul/Growl/sfx_GhoulGrowl.uasset" 3918
"D:/UnrealProjects/Aura2/Content/Assets/Sounds/Enemies/Ghoul/Growl/sfx_GhoulGrowl.uexp" 3919
"D:/UnrealProjects/Aura2/Content/Assets/Enemies/Ghoul/Animations/HitReact.uasset" 3920
"D:/UnrealProjects/Aura2/Content/Assets/Enemies/Ghoul/Animations/HitReact.uexp" 3921
"D:/UnrealProjects/Aura2/Content/Assets/Enemies/Ghoul/Animations/AM_HitReact_Ghoul.uasset" 3922
"D:/UnrealProjects/Aura2/Content/Assets/Enemies/Ghoul/Animations/AM_HitReact_Ghoul.uexp" 3923
"D:/UnrealProjects/Aura2/Content/Assets/Enemies/Ghoul/Materials/Ghoul_low_M_Ghoul_OcclusionRoughnessMetallic.ubulk" 3924
"D:/UnrealProjects/Aura2/Content/Assets/Enemies/Ghoul/Materials/Ghoul_low_M_Ghoul_OcclusionRoughnessMetallic.uasset" 3925
"D:/UnrealProjects/Aura2/Content/Assets/Enemies/Ghoul/Materials/Ghoul_low_M_Ghoul_OcclusionRoughnessMetallic.uexp" 3926
"D:/UnrealProjects/Aura2/Content/Assets/Enemies/Ghoul/Materials/Ghoul_low_M_Ghoul_Normal.ubulk" 3927
"D:/UnrealProjects/Aura2/Content/Assets/Enemies/Ghoul/Materials/Ghoul_low_M_Ghoul_Normal.uasset" 3928
"D:/UnrealProjects/Aura2/Content/Assets/Enemies/Ghoul/Materials/Ghoul_low_M_Ghoul_Normal.uexp" 3929
"D:/UnrealProjects/Aura2/Content/Assets/Enemies/Ghoul/Materials/Ghoul_low_M_Ghoul_BaseColor.ubulk" 3930
"D:/UnrealProjects/Aura2/Content/Assets/Enemies/Ghoul/Materials/Ghoul_low_M_Ghoul_BaseColor.uasset" 3931
"D:/UnrealProjects/Aura2/Content/Assets/Enemies/Ghoul/Materials/Ghoul_low_M_Ghoul_BaseColor.uexp" 3932
"D:/UnrealProjects/Aura2/Content/Assets/Enemies/Ghoul/Materials/M_Ghoul.uasset" 3933
"D:/UnrealProjects/Aura2/Content/Assets/Enemies/Ghoul/Materials/M_Ghoul.uexp" 3934
"D:/UnrealProjects/Aura2/Content/Assets/Enemies/Ghoul/Materials/MI_Ghoul_Dissolve.uasset" 3935
"D:/UnrealProjects/Aura2/Content/Assets/Enemies/Ghoul/Materials/MI_Ghoul_Dissolve.uexp" 3936
"D:/UnrealProjects/Aura2/Content/Assets/Enemies/Ghoul/PA_Ghoul.uasset" 3937
"D:/UnrealProjects/Aura2/Content/Assets/Enemies/Ghoul/PA_Ghoul.uexp" 3938
"D:/UnrealProjects/Aura2/Content/Assets/Enemies/Ghoul/SKM_Ghoul.uasset" 3939
"D:/UnrealProjects/Aura2/Content/Assets/Enemies/Ghoul/SKM_Ghoul.uexp" 3940
"D:/UnrealProjects/Aura2/Content/Assets/Sounds/Enemies/Ghoul/Death/sfx_GhoulDeath.uasset" 3941
"D:/UnrealProjects/Aura2/Content/Assets/Sounds/Enemies/Ghoul/Death/sfx_GhoulDeath.uexp" 3942
"D:/UnrealProjects/Aura2/Content/Blueprints/AI/BehaviorTree/BT_Ghoul.uasset" 3943
"D:/UnrealProjects/Aura2/Content/Blueprints/AI/BehaviorTree/BT_Ghoul.uexp" 3944
"D:/UnrealProjects/Aura2/Content/Blueprints/Character/Ghoul/BP_Ghoul.uasset" 3945
"D:/UnrealProjects/Aura2/Content/Blueprints/Character/Ghoul/BP_Ghoul.uexp" 3946
"D:/UnrealProjects/Aura2/Content/Maps/Dungeon_3.uexp" 3947
"D:/UnrealProjects/Aura2/Content/Maps/Dungeon_3.umap" 3948
"D:/UnrealProjects/Aura2/Content/Blueprints/Missions/DA_Mission_Scarecrow.uasset" 3949
"D:/UnrealProjects/Aura2/Content/Blueprints/Missions/DA_Mission_Scarecrow.uexp" 3950
"D:/UnrealProjects/Aura2/Content/Blueprints/Actor/Area/GE_FireArea_MassiveDamage.uasset" 3951
"D:/UnrealProjects/Aura2/Content/Blueprints/Actor/Area/GE_FireArea_MassiveDamage.uexp" 3952
"D:/UnrealProjects/Aura2/Content/Blueprints/UI/TotalReceivedDamage/WBP_ReceivedDamage.uasset" 3953
"D:/UnrealProjects/Aura2/Content/Blueprints/UI/TotalReceivedDamage/WBP_ReceivedDamage.uexp" 3954
"D:/UnrealProjects/Aura2/Content/MSPresets/MS_DefaultTextures/T_srgb_Black.ubulk" 3955
"D:/UnrealProjects/Aura2/Content/MSPresets/MS_DefaultTextures/T_srgb_Black.uasset" 3956
"D:/UnrealProjects/Aura2/Content/MSPresets/MS_DefaultTextures/T_srgb_Black.uexp" 3957
"D:/UnrealProjects/Aura2/Content/MSPresets/MS_DefaultTextures/T_Normal.ubulk" 3958
"D:/UnrealProjects/Aura2/Content/MSPresets/MS_DefaultTextures/T_Normal.uasset" 3959
"D:/UnrealProjects/Aura2/Content/MSPresets/MS_DefaultTextures/T_Normal.uexp" 3960
"D:/UnrealProjects/Aura2/Content/MSPresets/MS_DefaultTextures/T_Alpha_Grey.ubulk" 3961
"D:/UnrealProjects/Aura2/Content/MSPresets/MS_DefaultTextures/T_Alpha_Grey.uasset" 3962
"D:/UnrealProjects/Aura2/Content/MSPresets/MS_DefaultTextures/T_Alpha_Grey.uexp" 3963
"D:/UnrealProjects/Aura2/Content/MSPresets/MS_DefaultTextures/T_Alpha_Black.ubulk" 3964
"D:/UnrealProjects/Aura2/Content/MSPresets/MS_DefaultTextures/T_Alpha_Black.uasset" 3965
"D:/UnrealProjects/Aura2/Content/MSPresets/MS_DefaultTextures/T_Alpha_Black.uexp" 3966
"D:/UnrealProjects/Aura2/Content/MSPresets/MS_DefaultMaterial/Functions/MF_DetailNormalTiling.uasset" 3967
"D:/UnrealProjects/Aura2/Content/MSPresets/MS_DefaultMaterial/Functions/MF_DetailNormalTiling.uexp" 3968
"D:/UnrealProjects/Aura2/Content/MSPresets/MS_DefaultMaterial/Functions/MF_Emissive.uasset" 3969
"D:/UnrealProjects/Aura2/Content/MSPresets/MS_DefaultMaterial/Functions/MF_Emissive.uexp" 3970
"D:/UnrealProjects/Aura2/Content/MSPresets/MS_DefaultMaterial/Functions/MF_MapAdjustments.uasset" 3971
"D:/UnrealProjects/Aura2/Content/MSPresets/MS_DefaultMaterial/Functions/MF_MapAdjustments.uexp" 3972
"D:/UnrealProjects/Aura2/Content/MSPresets/MS_DefaultMaterial/Functions/MF_Tiling.uasset" 3973
"D:/UnrealProjects/Aura2/Content/MSPresets/MS_DefaultMaterial/Functions/MF_Tiling.uexp" 3974
"D:/UnrealProjects/Aura2/Content/MSPresets/MS_DefaultMaterial/MS_DefaultMaterial.uasset" 3975
"D:/UnrealProjects/Aura2/Content/MSPresets/MS_DefaultMaterial/MS_DefaultMaterial.uexp" 3976
"D:/UnrealProjects/Aura2/Content/Blueprints/Character/Scarecrow/Textures/Scarecrow_Scarecrow_Roughness.ubulk" 3977
"D:/UnrealProjects/Aura2/Content/Blueprints/Character/Scarecrow/Textures/Scarecrow_Scarecrow_Roughness.uasset" 3978
"D:/UnrealProjects/Aura2/Content/Blueprints/Character/Scarecrow/Textures/Scarecrow_Scarecrow_Roughness.uexp" 3979
"D:/UnrealProjects/Aura2/Content/Blueprints/Character/Scarecrow/Textures/Scarecrow_Scarecrow_Normal.ubulk" 3980
"D:/UnrealProjects/Aura2/Content/Blueprints/Character/Scarecrow/Textures/Scarecrow_Scarecrow_Normal.uasset" 3981
"D:/UnrealProjects/Aura2/Content/Blueprints/Character/Scarecrow/Textures/Scarecrow_Scarecrow_Normal.uexp" 3982
"D:/UnrealProjects/Aura2/Content/Blueprints/Character/Scarecrow/Textures/Scarecrow_Scarecrow_Metallic.ubulk" 3983
"D:/UnrealProjects/Aura2/Content/Blueprints/Character/Scarecrow/Textures/Scarecrow_Scarecrow_Metallic.uasset" 3984
"D:/UnrealProjects/Aura2/Content/Blueprints/Character/Scarecrow/Textures/Scarecrow_Scarecrow_Metallic.uexp" 3985
"D:/UnrealProjects/Aura2/Content/Blueprints/Character/Scarecrow/Textures/Scarecrow_Scarecrow_BaseColor.ubulk" 3986
"D:/UnrealProjects/Aura2/Content/Blueprints/Character/Scarecrow/Textures/Scarecrow_Scarecrow_BaseColor.uasset" 3987
"D:/UnrealProjects/Aura2/Content/Blueprints/Character/Scarecrow/Textures/Scarecrow_Scarecrow_BaseColor.uexp" 3988
"D:/UnrealProjects/Aura2/Content/Blueprints/Character/Scarecrow/Materials/Scarecrow_Scarecrow.uasset" 3989
"D:/UnrealProjects/Aura2/Content/Blueprints/Character/Scarecrow/Materials/Scarecrow_Scarecrow.uexp" 3990
"D:/UnrealProjects/Aura2/Content/Blueprints/Character/Scarecrow/SK_Plane_005.uasset" 3991
"D:/UnrealProjects/Aura2/Content/Blueprints/Character/Scarecrow/SK_Plane_005.uexp" 3992
"../../../Engine/Plugins/Animation/ACLPlugin/Content/ACLAnimCurveCompressionSettings.uasset" 3993
"../../../Engine/Plugins/Animation/ACLPlugin/Content/ACLAnimCurveCompressionSettings.uexp" 3994
"D:/UnrealProjects/Aura2/Content/Assets/Enemies/ScareCrow/HitReact.uasset" 3995
"D:/UnrealProjects/Aura2/Content/Assets/Enemies/ScareCrow/HitReact.uexp" 3996
"D:/UnrealProjects/Aura2/Content/Assets/Enemies/ScareCrow/AM_Scarecrow_HitReact.uasset" 3997
"D:/UnrealProjects/Aura2/Content/Assets/Enemies/ScareCrow/AM_Scarecrow_HitReact.uexp" 3998
"D:/UnrealProjects/Aura2/Content/Assets/Enemies/ScareCrow/AM_Scarecrow_RoarStart.uasset" 3999
"D:/UnrealProjects/Aura2/Content/Assets/Enemies/ScareCrow/AM_Scarecrow_RoarStart.uexp" 4000
"D:/UnrealProjects/Aura2/Content/Blueprints/AbilitySystem/Enemy/Effects/GE_PrimaryAttributes_Boss_Scarecrow.uasset" 4001
"D:/UnrealProjects/Aura2/Content/Blueprints/AbilitySystem/Enemy/Effects/GE_PrimaryAttributes_Boss_Scarecrow.uexp" 4002
"D:/UnrealProjects/Aura2/Content/Blueprints/AbilitySystem/Enemy/Effects/GE_SecondaryAttributes_Scarecrow.uasset" 4003
"D:/UnrealProjects/Aura2/Content/Blueprints/AbilitySystem/Enemy/Effects/GE_SecondaryAttributes_Scarecrow.uexp" 4004
"../../../Engine/Content/Functions/Engine_MaterialFunctions01/Shading/ConvertFromDiffSpec.uasset" 4005
"../../../Engine/Content/Functions/Engine_MaterialFunctions01/Shading/ConvertFromDiffSpec.uexp" 4006
"../../../Engine/Content/EngineMaterials/DefaultNormal.ubulk" 4007
"../../../Engine/Content/EngineMaterials/DefaultNormal.uasset" 4008
"../../../Engine/Content/EngineMaterials/DefaultNormal.uexp" 4009
"../../../Engine/Plugins/Interchange/Assets/Content/Materials/MapOrColorFunction.uasset" 4010
"../../../Engine/Plugins/Interchange/Assets/Content/Materials/MapOrColorFunction.uexp" 4011
"../../../Engine/Plugins/Interchange/Assets/Content/Materials/MapOrLinearColorFunction.uasset" 4012
"../../../Engine/Plugins/Interchange/Assets/Content/Materials/MapOrLinearColorFunction.uexp" 4013
"../../../Engine/Plugins/Interchange/Assets/Content/Materials/MapOrScalarFunction.uasset" 4014
"../../../Engine/Plugins/Interchange/Assets/Content/Materials/MapOrScalarFunction.uexp" 4015
"../../../Engine/Plugins/Interchange/Assets/Content/Materials/PhongSurfaceMaterial.uasset" 4016
"../../../Engine/Plugins/Interchange/Assets/Content/Materials/PhongSurfaceMaterial.uexp" 4017
"D:/UnrealProjects/Aura2/Content/Blueprints/Character/Scarecrow/Wheat.uasset" 4018
"D:/UnrealProjects/Aura2/Content/Blueprints/Character/Scarecrow/Wheat.uexp" 4019
"D:/UnrealProjects/Aura2/Content/Blueprints/Character/Scarecrow/Scarecrow.uasset" 4020
"D:/UnrealProjects/Aura2/Content/Blueprints/Character/Scarecrow/Scarecrow.uexp" 4021
"D:/UnrealProjects/Aura2/Content/Assets/Enemies/ScareCrow/SKM_ScareCrow_.uasset" 4022
"D:/UnrealProjects/Aura2/Content/Assets/Enemies/ScareCrow/SKM_ScareCrow_.uexp" 4023
"D:/UnrealProjects/Aura2/Content/Blueprints/Character/Scarecrow/BP_Scarecrow.uasset" 4024
"D:/UnrealProjects/Aura2/Content/Blueprints/Character/Scarecrow/BP_Scarecrow.uexp" 4025
"D:/UnrealProjects/Aura2/Content/Maps/Dungeon_4.uexp" 4026
"D:/UnrealProjects/Aura2/Content/Maps/Dungeon_4.umap" 4027
"D:/UnrealProjects/Aura2/Content/Assets/Dungeon/SM_Tile_3x3x3.ubulk" 4028
"D:/UnrealProjects/Aura2/Content/Assets/Dungeon/SM_Tile_3x3x3.uasset" 4029
"D:/UnrealProjects/Aura2/Content/Assets/Dungeon/SM_Tile_3x3x3.uexp" 4030
"D:/UnrealProjects/Aura2/Content/Blueprints/Missions/DA_Mission_Dungeon5.uasset" 4031
"D:/UnrealProjects/Aura2/Content/Blueprints/Missions/DA_Mission_Dungeon5.uexp" 4032
"D:/UnrealProjects/Aura2/Content/Blueprints/LevelSequence/LS_Dungeon5.uasset" 4033
"D:/UnrealProjects/Aura2/Content/Blueprints/LevelSequence/LS_Dungeon5.uexp" 4034
"D:/UnrealProjects/Aura2/Content/Assets/Enemies/Shaman/Animations/AM_Shaman_Attack.uasset" 4035
"D:/UnrealProjects/Aura2/Content/Assets/Enemies/Shaman/Animations/AM_Shaman_Attack.uexp" 4036
"D:/UnrealProjects/Aura2/Content/Assets/Enemies/Shaman/Animations/Shaman_HitReact.uasset" 4037
"D:/UnrealProjects/Aura2/Content/Assets/Enemies/Shaman/Animations/Shaman_HitReact.uexp" 4038
"D:/UnrealProjects/Aura2/Content/Assets/Enemies/Shaman/Animations/AM_Shaman_HitReact.uasset" 4039
"D:/UnrealProjects/Aura2/Content/Assets/Enemies/Shaman/Animations/AM_Shaman_HitReact.uexp" 4040
"D:/UnrealProjects/Aura2/Content/Blueprints/AI/Tasks/BTT_Attack_Elementalist.uasset" 4041
"D:/UnrealProjects/Aura2/Content/Blueprints/AI/Tasks/BTT_Attack_Elementalist.uexp" 4042
"D:/UnrealProjects/Aura2/Content/Blueprints/AI/BehaviorTree/BT_EnemyBehaviortree_Elementalist.uasset" 4043
"D:/UnrealProjects/Aura2/Content/Blueprints/AI/BehaviorTree/BT_EnemyBehaviortree_Elementalist.uexp" 4044
"D:/UnrealProjects/Aura2/Content/Blueprints/Character/Goblin_Shaman/BP_Shaman.uasset" 4045
"D:/UnrealProjects/Aura2/Content/Blueprints/Character/Goblin_Shaman/BP_Shaman.uexp" 4046
"D:/UnrealProjects/Aura2/Content/Blueprints/AI/Tasks/BTT_Attack_Elementalist_SpinningBeam.uasset" 4047
"D:/UnrealProjects/Aura2/Content/Blueprints/AI/Tasks/BTT_Attack_Elementalist_SpinningBeam.uexp" 4048
"D:/UnrealProjects/Aura2/Content/Blueprints/AI/BehaviorTree/BT_EnemyBehaviortree_Elementalist_SpinningBeam.uasset" 4049
"D:/UnrealProjects/Aura2/Content/Blueprints/AI/BehaviorTree/BT_EnemyBehaviortree_Elementalist_SpinningBeam.uexp" 4050
"D:/UnrealProjects/Aura2/Content/Blueprints/AI/BehaviorTree/BT_Demon_KnockBack.uasset" 4051
"D:/UnrealProjects/Aura2/Content/Blueprints/AI/BehaviorTree/BT_Demon_KnockBack.uexp" 4052
"../../../Engine/Content/BasicShapes/Cube.ubulk" 4053
"../../../Engine/Content/BasicShapes/Cube.uasset" 4054
"../../../Engine/Content/BasicShapes/Cube.uexp" 4055
"D:/UnrealProjects/Aura2/Content/Blueprints/Actor/BP_ProjectileSpawner.uasset" 4056
"D:/UnrealProjects/Aura2/Content/Blueprints/Actor/BP_ProjectileSpawner.uexp" 4057
"D:/UnrealProjects/Aura2/Content/Assets/Dungeon/SM_3x5x2_Rail.ubulk" 4058
"D:/UnrealProjects/Aura2/Content/Assets/Dungeon/SM_3x5x2_Rail.uasset" 4059
"D:/UnrealProjects/Aura2/Content/Assets/Dungeon/SM_3x5x2_Rail.uexp" 4060
"D:/UnrealProjects/Aura2/Content/Blueprints/Actor/CheckPoint/BP_MapEntrance_Upper.uasset" 4061
"D:/UnrealProjects/Aura2/Content/Blueprints/Actor/CheckPoint/BP_MapEntrance_Upper.uexp" 4062
"D:/UnrealProjects/Aura2/Content/Assets/Dungeon/SM_CornerSmall.ubulk" 4063
"D:/UnrealProjects/Aura2/Content/Assets/Dungeon/SM_CornerSmall.uasset" 4064
"D:/UnrealProjects/Aura2/Content/Assets/Dungeon/SM_CornerSmall.uexp" 4065
"D:/UnrealProjects/Aura2/Content/Assets/Dungeon/SM_Block_Slope_4x3x2.ubulk" 4066
"D:/UnrealProjects/Aura2/Content/Assets/Dungeon/SM_Block_Slope_4x3x2.uasset" 4067
"D:/UnrealProjects/Aura2/Content/Assets/Dungeon/SM_Block_Slope_4x3x2.uexp" 4068
"D:/UnrealProjects/Aura2/Content/Maps/Dungeon_5.uexp" 4069
"D:/UnrealProjects/Aura2/Content/Maps/Dungeon_5.umap" 4070
"D:/UnrealProjects/Aura2/Content/Maps/LoadingMap.uexp" 4071
"D:/UnrealProjects/Aura2/Content/Maps/LoadingMap.umap" 4072
"D:/UnrealProjects/Aura2/Content/Assets/Dungeon/Materials/TilesetCorner_fixedlighting/T_Corner_Base_OcclusionRoughnessMetallic.ubulk" 4073
"D:/UnrealProjects/Aura2/Content/Assets/Dungeon/Materials/TilesetCorner_fixedlighting/T_Corner_Base_OcclusionRoughnessMetallic.uasset" 4074
"D:/UnrealProjects/Aura2/Content/Assets/Dungeon/Materials/TilesetCorner_fixedlighting/T_Corner_Base_OcclusionRoughnessMetallic.uexp" 4075
"D:/UnrealProjects/Aura2/Content/Assets/Dungeon/Materials/TilesetCorner_fixedlighting/T_Corner_Base_Normal.ubulk" 4076
"D:/UnrealProjects/Aura2/Content/Assets/Dungeon/Materials/TilesetCorner_fixedlighting/T_Corner_Base_Normal.uasset" 4077
"D:/UnrealProjects/Aura2/Content/Assets/Dungeon/Materials/TilesetCorner_fixedlighting/T_Corner_Base_Normal.uexp" 4078
"D:/UnrealProjects/Aura2/Content/Assets/Dungeon/Materials/TilesetCorner_fixedlighting/T_Corner_Base_BaseColor.ubulk" 4079
"D:/UnrealProjects/Aura2/Content/Assets/Dungeon/Materials/TilesetCorner_fixedlighting/T_Corner_Base_BaseColor.uasset" 4080
"D:/UnrealProjects/Aura2/Content/Assets/Dungeon/Materials/TilesetCorner_fixedlighting/T_Corner_Base_BaseColor.uexp" 4081
"D:/UnrealProjects/Aura2/Content/Assets/Dungeon/Materials/TilesetCorner_fixedlighting/M_TilesetCorner_Base.uasset" 4082
"D:/UnrealProjects/Aura2/Content/Assets/Dungeon/Materials/TilesetCorner_fixedlighting/M_TilesetCorner_Base.uexp" 4083
"D:/UnrealProjects/Aura2/Content/Assets/Dungeon/SM_Corner.ubulk" 4084
"D:/UnrealProjects/Aura2/Content/Assets/Dungeon/SM_Corner.uasset" 4085
"D:/UnrealProjects/Aura2/Content/Assets/Dungeon/SM_Corner.uexp" 4086
"D:/UnrealProjects/Aura2/Content/Assets/Dungeon/Materials/TilesetEdge/Tileset_Edge_low_Corner_base_OcclusionRoughnessMetallic.ubulk" 4087
"D:/UnrealProjects/Aura2/Content/Assets/Dungeon/Materials/TilesetEdge/Tileset_Edge_low_Corner_base_OcclusionRoughnessMetallic.uasset" 4088
"D:/UnrealProjects/Aura2/Content/Assets/Dungeon/Materials/TilesetEdge/Tileset_Edge_low_Corner_base_OcclusionRoughnessMetallic.uexp" 4089
"D:/UnrealProjects/Aura2/Content/Assets/Dungeon/Materials/TilesetEdge/Tileset_Edge_low_Corner_base_Normal.ubulk" 4090
"D:/UnrealProjects/Aura2/Content/Assets/Dungeon/Materials/TilesetEdge/Tileset_Edge_low_Corner_base_Normal.uasset" 4091
"D:/UnrealProjects/Aura2/Content/Assets/Dungeon/Materials/TilesetEdge/Tileset_Edge_low_Corner_base_Normal.uexp" 4092
"D:/UnrealProjects/Aura2/Content/Assets/Dungeon/Materials/TilesetEdge/Tileset_Edge_low_Corner_base_BaseColor.ubulk" 4093
"D:/UnrealProjects/Aura2/Content/Assets/Dungeon/Materials/TilesetEdge/Tileset_Edge_low_Corner_base_BaseColor.uasset" 4094
"D:/UnrealProjects/Aura2/Content/Assets/Dungeon/Materials/TilesetEdge/Tileset_Edge_low_Corner_base_BaseColor.uexp" 4095
"D:/UnrealProjects/Aura2/Content/Assets/Dungeon/Materials/TilesetEdge/M_Edge_base.uasset" 4096
"D:/UnrealProjects/Aura2/Content/Assets/Dungeon/Materials/TilesetEdge/M_Edge_base.uexp" 4097
"D:/UnrealProjects/Aura2/Content/Assets/Dungeon/SM_Edge_2x1.ubulk" 4098
"D:/UnrealProjects/Aura2/Content/Assets/Dungeon/SM_Edge_2x1.uasset" 4099
"D:/UnrealProjects/Aura2/Content/Assets/Dungeon/SM_Edge_2x1.uexp" 4100
"D:/UnrealProjects/Aura2/Content/Assets/Dungeon/SM_TilesetEdge_nobase.ubulk" 4101
"D:/UnrealProjects/Aura2/Content/Assets/Dungeon/SM_TilesetEdge_nobase.uasset" 4102
"D:/UnrealProjects/Aura2/Content/Assets/Dungeon/SM_TilesetEdge_nobase.uexp" 4103
"D:/UnrealProjects/Aura2/Content/Assets/Dungeon/Materials/Tileset2/M_Tileset2_F.uasset" 4104
"D:/UnrealProjects/Aura2/Content/Assets/Dungeon/Materials/Tileset2/M_Tileset2_F.uexp" 4105
"D:/UnrealProjects/Aura2/Content/Assets/Dungeon/Materials/Tileset2/M_Tileset2_F_Inst.uasset" 4106
"D:/UnrealProjects/Aura2/Content/Assets/Dungeon/Materials/Tileset2/M_Tileset2_F_Inst.uexp" 4107
"D:/UnrealProjects/Aura2/Content/Assets/Dungeon/SM_Tile_3x3x2.ubulk" 4108
"D:/UnrealProjects/Aura2/Content/Assets/Dungeon/SM_Tile_3x3x2.uasset" 4109
"D:/UnrealProjects/Aura2/Content/Assets/Dungeon/SM_Tile_3x3x2.uexp" 4110
"D:/UnrealProjects/Aura2/Content/Blueprints/Actor/FadeActor/FA_Block_3x3x2.uasset" 4111
"D:/UnrealProjects/Aura2/Content/Blueprints/Actor/FadeActor/FA_Block_3x3x2.uexp" 4112
"D:/UnrealProjects/Aura2/Content/Blueprints/UI/ViewModel/BP_LoadSlotViewModel.uasset" 4113
"D:/UnrealProjects/Aura2/Content/Blueprints/UI/ViewModel/BP_LoadSlotViewModel.uexp" 4114
"D:/UnrealProjects/Aura2/Content/Blueprints/UI/ViewModel/BP_LoadScreenViewModel.uasset" 4115
"D:/UnrealProjects/Aura2/Content/Blueprints/UI/ViewModel/BP_LoadScreenViewModel.uexp" 4116
"D:/UnrealProjects/Aura2/Content/Blueprints/UI/SelectSession/BP_EntryData.uasset" 4117
"D:/UnrealProjects/Aura2/Content/Blueprints/UI/SelectSession/BP_EntryData.uexp" 4118
"D:/UnrealProjects/Aura2/Content/Blueprints/UI/SelectSession/WBP_EntryWidget.uasset" 4119
"D:/UnrealProjects/Aura2/Content/Blueprints/UI/SelectSession/WBP_EntryWidget.uexp" 4120
"D:/UnrealProjects/Aura2/Content/Blueprints/UI/SelectSession/WBP_SelectSession.uasset" 4121
"D:/UnrealProjects/Aura2/Content/Blueprints/UI/SelectSession/WBP_SelectSession.uexp" 4122
"D:/UnrealProjects/Aura2/Content/Blueprints/UI/MoveSettingMenu/WBP_SelectMovement.uasset" 4123
"D:/UnrealProjects/Aura2/Content/Blueprints/UI/MoveSettingMenu/WBP_SelectMovement.uexp" 4124
"D:/UnrealProjects/Aura2/Content/Blueprints/UI/LoadMenu/WBP_LoadScreenWidget_Base.uasset" 4125
"D:/UnrealProjects/Aura2/Content/Blueprints/UI/LoadMenu/WBP_LoadScreenWidget_Base.uexp" 4126
"D:/UnrealProjects/Aura2/Content/Assets/UI/Globes/MI_LoadSlotBG_Inst.uasset" 4127
"D:/UnrealProjects/Aura2/Content/Assets/UI/Globes/MI_LoadSlotBG_Inst.uexp" 4128
"D:/UnrealProjects/Aura2/Content/Blueprints/UI/LoadMenu/WBP_LoadSlot_Vacant.uasset" 4129
"D:/UnrealProjects/Aura2/Content/Blueprints/UI/LoadMenu/WBP_LoadSlot_Vacant.uexp" 4130
"D:/UnrealProjects/Aura2/Content/Blueprints/UI/LoadMenu/WBP_LoadSlot_Taken.uasset" 4131
"D:/UnrealProjects/Aura2/Content/Blueprints/UI/LoadMenu/WBP_LoadSlot_Taken.uexp" 4132
"D:/UnrealProjects/Aura2/Content/Blueprints/UI/LoadMenu/WBP_LoadSlot_EnterName.uasset" 4133
"D:/UnrealProjects/Aura2/Content/Blueprints/UI/LoadMenu/WBP_LoadSlot_EnterName.uexp" 4134
"D:/UnrealProjects/Aura2/Content/Blueprints/UI/LoadMenu/WBP_LoadSlot_WidgetSwitcher.uasset" 4135
"D:/UnrealProjects/Aura2/Content/Blueprints/UI/LoadMenu/WBP_LoadSlot_WidgetSwitcher.uexp" 4136
"D:/UnrealProjects/Aura2/Content/Blueprints/UI/LoadMenu/WBP_LoadScreen.uasset" 4137
"D:/UnrealProjects/Aura2/Content/Blueprints/UI/LoadMenu/WBP_LoadScreen.uexp" 4138
"D:/UnrealProjects/Aura2/Content/Blueprints/UI/HUD/BP_LoadScreenHUD.uasset" 4139
"D:/UnrealProjects/Aura2/Content/Blueprints/UI/HUD/BP_LoadScreenHUD.uexp" 4140
"D:/UnrealProjects/Aura2/Content/Blueprints/Game/BP_LoadScreenGameMode.uasset" 4141
"D:/UnrealProjects/Aura2/Content/Blueprints/Game/BP_LoadScreenGameMode.uexp" 4142
"D:/UnrealProjects/Aura2/Content/Kobo_Dungeon/Meshes/SM-Potion-01.ubulk" 4143
"D:/UnrealProjects/Aura2/Content/Kobo_Dungeon/Meshes/SM-Potion-01.uasset" 4144
"D:/UnrealProjects/Aura2/Content/Kobo_Dungeon/Meshes/SM-Potion-01.uexp" 4145
"D:/UnrealProjects/Aura2/Content/Kobo_Dungeon/FX/FX-PotionWhisps-01.uasset" 4146
"D:/UnrealProjects/Aura2/Content/Kobo_Dungeon/FX/FX-PotionWhisps-01.uexp" 4147
"D:/UnrealProjects/Aura2/Content/Kobo_Dungeon/Blueprints/BP-Potion-01.uasset" 4148
"D:/UnrealProjects/Aura2/Content/Kobo_Dungeon/Blueprints/BP-Potion-01.uexp" 4149
"D:/UnrealProjects/Aura2/Content/Kobo_Dungeon/Textures/T-Normal/N-Potion-02-01.ubulk" 4150
"D:/UnrealProjects/Aura2/Content/Kobo_Dungeon/Textures/T-Normal/N-Potion-02-01.uasset" 4151
"D:/UnrealProjects/Aura2/Content/Kobo_Dungeon/Textures/T-Normal/N-Potion-02-01.uexp" 4152
"D:/UnrealProjects/Aura2/Content/Kobo_Dungeon/Textures/T-Albedo/A-Potion-02-01.ubulk" 4153
"D:/UnrealProjects/Aura2/Content/Kobo_Dungeon/Textures/T-Albedo/A-Potion-02-01.uasset" 4154
"D:/UnrealProjects/Aura2/Content/Kobo_Dungeon/Textures/T-Albedo/A-Potion-02-01.uexp" 4155
"D:/UnrealProjects/Aura2/Content/Kobo_Dungeon/Materials/M-Instance/MI-Potion-02-01.uasset" 4156
"D:/UnrealProjects/Aura2/Content/Kobo_Dungeon/Materials/M-Instance/MI-Potion-02-01.uexp" 4157
"D:/UnrealProjects/Aura2/Content/Kobo_Dungeon/Textures/T-Normal/N-Potion-02-02.ubulk" 4158
"D:/UnrealProjects/Aura2/Content/Kobo_Dungeon/Textures/T-Normal/N-Potion-02-02.uasset" 4159
"D:/UnrealProjects/Aura2/Content/Kobo_Dungeon/Textures/T-Normal/N-Potion-02-02.uexp" 4160
"D:/UnrealProjects/Aura2/Content/Kobo_Dungeon/Textures/T-Albedo/A-Potion-02-02.ubulk" 4161
"D:/UnrealProjects/Aura2/Content/Kobo_Dungeon/Textures/T-Albedo/A-Potion-02-02.uasset" 4162
"D:/UnrealProjects/Aura2/Content/Kobo_Dungeon/Textures/T-Albedo/A-Potion-02-02.uexp" 4163
"D:/UnrealProjects/Aura2/Content/Kobo_Dungeon/Materials/M-Instance/MI-Potion-02-02.uasset" 4164
"D:/UnrealProjects/Aura2/Content/Kobo_Dungeon/Materials/M-Instance/MI-Potion-02-02.uexp" 4165
"D:/UnrealProjects/Aura2/Content/Kobo_Dungeon/Meshes/SM-Potion-02.ubulk" 4166
"D:/UnrealProjects/Aura2/Content/Kobo_Dungeon/Meshes/SM-Potion-02.uasset" 4167
"D:/UnrealProjects/Aura2/Content/Kobo_Dungeon/Meshes/SM-Potion-02.uexp" 4168
"D:/UnrealProjects/Aura2/Content/Kobo_Dungeon/Blueprints/BP-Potion-02.uasset" 4169
"D:/UnrealProjects/Aura2/Content/Kobo_Dungeon/Blueprints/BP-Potion-02.uexp" 4170
"D:/UnrealProjects/Aura2/Content/Kobo_Dungeon/Meshes/SM-Coin-01.ubulk" 4171
"D:/UnrealProjects/Aura2/Content/Kobo_Dungeon/Meshes/SM-Coin-01.uasset" 4172
"D:/UnrealProjects/Aura2/Content/Kobo_Dungeon/Meshes/SM-Coin-01.uexp" 4173
"D:/UnrealProjects/Aura2/Content/Kobo_Dungeon/Meshes/SM-Gemstone-01.ubulk" 4174
"D:/UnrealProjects/Aura2/Content/Kobo_Dungeon/Meshes/SM-Gemstone-01.uasset" 4175
"D:/UnrealProjects/Aura2/Content/Kobo_Dungeon/Meshes/SM-Gemstone-01.uexp" 4176
"D:/UnrealProjects/Aura2/Content/Kobo_Dungeon/Textures/T-Normal/N-Gemstone-02.ubulk" 4177
"D:/UnrealProjects/Aura2/Content/Kobo_Dungeon/Textures/T-Normal/N-Gemstone-02.uasset" 4178
"D:/UnrealProjects/Aura2/Content/Kobo_Dungeon/Textures/T-Normal/N-Gemstone-02.uexp" 4179
"D:/UnrealProjects/Aura2/Content/Kobo_Dungeon/Textures/T-Albedo/A-Gemstone-02.ubulk" 4180
"D:/UnrealProjects/Aura2/Content/Kobo_Dungeon/Textures/T-Albedo/A-Gemstone-02.uasset" 4181
"D:/UnrealProjects/Aura2/Content/Kobo_Dungeon/Textures/T-Albedo/A-Gemstone-02.uexp" 4182
"D:/UnrealProjects/Aura2/Content/Kobo_Dungeon/Materials/M-Instance/MI-Gemstone-02.uasset" 4183
"D:/UnrealProjects/Aura2/Content/Kobo_Dungeon/Materials/M-Instance/MI-Gemstone-02.uexp" 4184
"D:/UnrealProjects/Aura2/Content/Kobo_Dungeon/Meshes/SM-Gemstone-02.ubulk" 4185
"D:/UnrealProjects/Aura2/Content/Kobo_Dungeon/Meshes/SM-Gemstone-02.uasset" 4186
"D:/UnrealProjects/Aura2/Content/Kobo_Dungeon/Meshes/SM-Gemstone-02.uexp" 4187
"D:/UnrealProjects/Aura2/Content/Kobo_Dungeon/Meshes/SM-Gemstone-03.ubulk" 4188
"D:/UnrealProjects/Aura2/Content/Kobo_Dungeon/Meshes/SM-Gemstone-03.uasset" 4189
"D:/UnrealProjects/Aura2/Content/Kobo_Dungeon/Meshes/SM-Gemstone-03.uexp" 4190
"D:/UnrealProjects/Aura2/Content/Kobo_Dungeon/Meshes/SM-Gemstone-04.ubulk" 4191
"D:/UnrealProjects/Aura2/Content/Kobo_Dungeon/Meshes/SM-Gemstone-04.uasset" 4192
"D:/UnrealProjects/Aura2/Content/Kobo_Dungeon/Meshes/SM-Gemstone-04.uexp" 4193
"D:/UnrealProjects/Aura2/Content/Kobo_Dungeon/Meshes/SM-Gemstone-05.ubulk" 4194
"D:/UnrealProjects/Aura2/Content/Kobo_Dungeon/Meshes/SM-Gemstone-05.uasset" 4195
"D:/UnrealProjects/Aura2/Content/Kobo_Dungeon/Meshes/SM-Gemstone-05.uexp" 4196
"D:/UnrealProjects/Aura2/Content/Kobo_Dungeon/Textures/T-Normal/N-Gemstone-06.ubulk" 4197
"D:/UnrealProjects/Aura2/Content/Kobo_Dungeon/Textures/T-Normal/N-Gemstone-06.uasset" 4198
"D:/UnrealProjects/Aura2/Content/Kobo_Dungeon/Textures/T-Normal/N-Gemstone-06.uexp" 4199
"D:/UnrealProjects/Aura2/Content/Kobo_Dungeon/Textures/T-Albedo/A-Gemstone-06.ubulk" 4200
"D:/UnrealProjects/Aura2/Content/Kobo_Dungeon/Textures/T-Albedo/A-Gemstone-06.uasset" 4201
"D:/UnrealProjects/Aura2/Content/Kobo_Dungeon/Textures/T-Albedo/A-Gemstone-06.uexp" 4202
"D:/UnrealProjects/Aura2/Content/Kobo_Dungeon/Materials/M-Instance/MI-Gemstone-06.uasset" 4203
"D:/UnrealProjects/Aura2/Content/Kobo_Dungeon/Materials/M-Instance/MI-Gemstone-06.uexp" 4204
"D:/UnrealProjects/Aura2/Content/Kobo_Dungeon/Meshes/SM-Gemstone-06.ubulk" 4205
"D:/UnrealProjects/Aura2/Content/Kobo_Dungeon/Meshes/SM-Gemstone-06.uasset" 4206
"D:/UnrealProjects/Aura2/Content/Kobo_Dungeon/Meshes/SM-Gemstone-06.uexp" 4207
"D:/UnrealProjects/Aura2/Content/Kobo_Dungeon/Textures/T-Normal/N-Shield-01-01.ubulk" 4208
"D:/UnrealProjects/Aura2/Content/Kobo_Dungeon/Textures/T-Normal/N-Shield-01-01.uasset" 4209
"D:/UnrealProjects/Aura2/Content/Kobo_Dungeon/Textures/T-Normal/N-Shield-01-01.uexp" 4210
"D:/UnrealProjects/Aura2/Content/Kobo_Dungeon/Textures/T-Albedo/A-Shield-01-01.ubulk" 4211
"D:/UnrealProjects/Aura2/Content/Kobo_Dungeon/Textures/T-Albedo/A-Shield-01-01.uasset" 4212
"D:/UnrealProjects/Aura2/Content/Kobo_Dungeon/Textures/T-Albedo/A-Shield-01-01.uexp" 4213
"D:/UnrealProjects/Aura2/Content/Kobo_Dungeon/Materials/M-Instance/MI-Shield-01-01.uasset" 4214
"D:/UnrealProjects/Aura2/Content/Kobo_Dungeon/Materials/M-Instance/MI-Shield-01-01.uexp" 4215
"D:/UnrealProjects/Aura2/Content/Kobo_Dungeon/Textures/T-Normal/N-Shield-01-02.ubulk" 4216
"D:/UnrealProjects/Aura2/Content/Kobo_Dungeon/Textures/T-Normal/N-Shield-01-02.uasset" 4217
"D:/UnrealProjects/Aura2/Content/Kobo_Dungeon/Textures/T-Normal/N-Shield-01-02.uexp" 4218
"D:/UnrealProjects/Aura2/Content/Kobo_Dungeon/Textures/T-Albedo/A-Shield-01-02.ubulk" 4219
"D:/UnrealProjects/Aura2/Content/Kobo_Dungeon/Textures/T-Albedo/A-Shield-01-02.uasset" 4220
"D:/UnrealProjects/Aura2/Content/Kobo_Dungeon/Textures/T-Albedo/A-Shield-01-02.uexp" 4221
"D:/UnrealProjects/Aura2/Content/Kobo_Dungeon/Materials/M-Instance/MI-Shield-01-02.uasset" 4222
"D:/UnrealProjects/Aura2/Content/Kobo_Dungeon/Materials/M-Instance/MI-Shield-01-02.uexp" 4223
"D:/UnrealProjects/Aura2/Content/Kobo_Dungeon/Meshes/SM-Shield-01-01.ubulk" 4224
"D:/UnrealProjects/Aura2/Content/Kobo_Dungeon/Meshes/SM-Shield-01-01.uasset" 4225
"D:/UnrealProjects/Aura2/Content/Kobo_Dungeon/Meshes/SM-Shield-01-01.uexp" 4226
"D:/UnrealProjects/Aura2/Content/Maps/LoadMenu.uexp" 4227
"D:/UnrealProjects/Aura2/Content/Maps/LoadMenu.umap" 4228
"D:/UnrealProjects/Aura2/Content/Blueprints/UI/MainMenu/WBP_MainMenu.uasset" 4229
"D:/UnrealProjects/Aura2/Content/Blueprints/UI/MainMenu/WBP_MainMenu.uexp" 4230
"D:/UnrealProjects/Aura2/Content/Blueprints/UI/HUD/BP_MainMenuHUD.uasset" 4231
"D:/UnrealProjects/Aura2/Content/Blueprints/UI/HUD/BP_MainMenuHUD.uexp" 4232
"D:/UnrealProjects/Aura2/Content/Blueprints/Game/BP_MainMenuGameMode.uasset" 4233
"D:/UnrealProjects/Aura2/Content/Blueprints/Game/BP_MainMenuGameMode.uexp" 4234
"D:/UnrealProjects/Aura2/Content/Assets/MagicCircles/M_MagicCircle_MainMenu.uasset" 4235
"D:/UnrealProjects/Aura2/Content/Assets/MagicCircles/M_MagicCircle_MainMenu.uexp" 4236
"D:/UnrealProjects/Aura2/Content/Blueprints/MainMenu/WBP_Title.uasset" 4237
"D:/UnrealProjects/Aura2/Content/Blueprints/MainMenu/WBP_Title.uexp" 4238
"D:/UnrealProjects/Aura2/Content/Assets/Characters/Aura/Animations/AuraPose.uasset" 4239
"D:/UnrealProjects/Aura2/Content/Assets/Characters/Aura/Animations/AuraPose.uexp" 4240
"D:/UnrealProjects/Aura2/Content/Assets/Effects/Projectiles/FireBolt/NS_Fire_4.uasset" 4241
"D:/UnrealProjects/Aura2/Content/Assets/Effects/Projectiles/FireBolt/NS_Fire_4.uexp" 4242
"D:/UnrealProjects/Aura2/Content/Assets/Sounds/Music/Music_MainMenu.ubulk" 4243
"D:/UnrealProjects/Aura2/Content/Assets/Sounds/Music/Music_MainMenu.uasset" 4244
"D:/UnrealProjects/Aura2/Content/Assets/Sounds/Music/Music_MainMenu.uexp" 4245
"D:/UnrealProjects/Aura2/Content/Blueprints/MainMenu/BP_Aura_MainMenu.uasset" 4246
"D:/UnrealProjects/Aura2/Content/Blueprints/MainMenu/BP_Aura_MainMenu.uexp" 4247
"D:/UnrealProjects/Aura2/Content/Maps/MainMenu.uexp" 4248
"D:/UnrealProjects/Aura2/Content/Maps/MainMenu.umap" 4249
"D:/UnrealProjects/Aura2/Content/Blueprints/Actor/CheckPoint/BP_TEST_MapEntrance.uasset" 4250
"D:/UnrealProjects/Aura2/Content/Blueprints/Actor/CheckPoint/BP_TEST_MapEntrance.uexp" 4251
"D:/UnrealProjects/Aura2/Content/Maps/TESTMAP_1.uexp" 4252
"D:/UnrealProjects/Aura2/Content/Maps/TESTMAP_1.umap" 4253
"D:/UnrealProjects/Aura2/Content/Blueprints/Actor/Area/GE_Debug_LevelUP.uasset" 4254
"D:/UnrealProjects/Aura2/Content/Blueprints/Actor/Area/GE_Debug_LevelUP.uexp" 4255
"D:/UnrealProjects/Aura2/Content/Maps/TESTMAP_2.uexp" 4256
"D:/UnrealProjects/Aura2/Content/Maps/TESTMAP_2.umap" 4257
"D:/UnrealProjects/Aura2/Content/Blueprints/Character/Aura/BP_AuraCharacter_Tutorial.uasset" 4258
"D:/UnrealProjects/Aura2/Content/Blueprints/Character/Aura/BP_AuraCharacter_Tutorial.uexp" 4259
"D:/UnrealProjects/Aura2/Content/Blueprints/AbilitySystem/Data/DA_TutorialData.uasset" 4260
"D:/UnrealProjects/Aura2/Content/Blueprints/AbilitySystem/Data/DA_TutorialData.uexp" 4261
"D:/UnrealProjects/Aura2/Content/Blueprints/Game/BP_TutorialGameMode1.uasset" 4262
"D:/UnrealProjects/Aura2/Content/Blueprints/Game/BP_TutorialGameMode1.uexp" 4263
"D:/UnrealProjects/Aura2/Content/Blueprints/Actor/FadeActor/FA_Gate_Frame.uasset" 4264
"D:/UnrealProjects/Aura2/Content/Blueprints/Actor/FadeActor/FA_Gate_Frame.uexp" 4265
"D:/UnrealProjects/Aura2/Content/Assets/Dungeon/SM_Block2x3x1.ubulk" 4266
"D:/UnrealProjects/Aura2/Content/Assets/Dungeon/SM_Block2x3x1.uasset" 4267
"D:/UnrealProjects/Aura2/Content/Assets/Dungeon/SM_Block2x3x1.uexp" 4268
"D:/UnrealProjects/Aura2/Content/Blueprints/Actor/FadeActor/FA_Block_3x1x2.uasset" 4269
"D:/UnrealProjects/Aura2/Content/Blueprints/Actor/FadeActor/FA_Block_3x1x2.uexp" 4270
"D:/UnrealProjects/Aura2/Content/Assets/Dungeon/SM_Block2x2x1.ubulk" 4271
"D:/UnrealProjects/Aura2/Content/Assets/Dungeon/SM_Block2x2x1.uasset" 4272
"D:/UnrealProjects/Aura2/Content/Assets/Dungeon/SM_Block2x2x1.uexp" 4273
"D:/UnrealProjects/Aura2/Content/Blueprints/Actor/FadeActor/FA_Block_2x1x1.uasset" 4274
"D:/UnrealProjects/Aura2/Content/Blueprints/Actor/FadeActor/FA_Block_2x1x1.uexp" 4275
"D:/UnrealProjects/Aura2/Content/Assets/UI/Tutorial/InputTutorial.uasset" 4276
"D:/UnrealProjects/Aura2/Content/Assets/UI/Tutorial/InputTutorial.uexp" 4277
"D:/UnrealProjects/Aura2/Content/Assets/UI/Tutorial/InputTutorial_Sprite.uasset" 4278
"D:/UnrealProjects/Aura2/Content/Assets/UI/Tutorial/InputTutorial_Sprite.uexp" 4279
"D:/UnrealProjects/Aura2/Content/Maps/Tutorial.uexp" 4280
"D:/UnrealProjects/Aura2/Content/Maps/Tutorial.umap" 4281
