"D:/UnrealProjects/Aura2/Aura.uproject" 1
"../../../../../UnrealProjects/Aura2/Binaries/Win64/UnrealEditor.modules" 2
"../../../Engine/Plugins/AudioGameplayVolume/AudioGameplayVolume.uplugin" 3
"../../../Engine/Plugins/AudioGameplay/AudioGameplay.uplugin" 4
"../../../Engine/Plugins/AudioInsights/AudioInsights.uplugin" 5
"../../../Engine/Plugins/ChaosClothAsset/ChaosClothAsset.uplugin" 6
"../../../Engine/Plugins/BlueprintFileUtils/BlueprintFileUtils.uplugin" 7
"../../../Engine/Plugins/ChaosClothAssetEditor/ChaosClothAssetEditor.uplugin" 8
"../../../Engine/Plugins/ChaosCloth/ChaosCloth.uplugin" 9
"../../../Engine/Plugins/Bridge/Bridge.uplugin" 10
"../../../Engine/Plugins/ChaosVD/ChaosVD.uplugin" 11
"../../../Engine/Plugins/ChaosInsights/ChaosInsights.uplugin" 12
"../../../Engine/Plugins/Chooser/Chooser.uplugin" 13
"../../../Engine/Plugins/CmdLinkServer/CmdLinkServer.uplugin" 14
"../../../Engine/Plugins/DiscoveryBeaconReceiver/DiscoveryBeaconReceiver.uplugin" 15
"../../../Engine/Plugins/EnhancedInput/EnhancedInput.uplugin" 16
"../../../Engine/Plugins/IoStoreInsights/IoStoreInsights.uplugin" 17
"../../../Engine/Plugins/FastBuildController/FastBuildController.uplugin" 18
"../../../Engine/Plugins/JsonBlueprintUtilities/JsonBlueprintUtilities.uplugin" 19
"../../../Engine/Plugins/LightWeightInstancesEditor/LightWeightInstancesEditor.uplugin" 20
"../../../Engine/Plugins/MemoryUsageQueries/MemoryUsageQueries.uplugin" 21
"../../../Engine/Plugins/MeshPainting/MeshPainting.uplugin" 22
"../../../Engine/Plugins/MassInsights/MassInsights.uplugin" 23
"../../../Engine/Plugins/Mutable/Mutable.uplugin" 24
"../../../Engine/Plugins/PCG/PCG.uplugin" 25
"../../../Engine/Plugins/Fab/Fab.uplugin" 26
"../../../Engine/Plugins/RenderGraphInsights/RenderGraphInsights.uplugin" 27
"../../../Engine/Plugins/ScriptPlugin/ScriptPlugin.uplugin" 28
"../../../Engine/Plugins/TextureGraph/TextureGraph.uplugin" 29
"../../../Engine/Plugins/UbaController/UbaController.uplugin" 30
"../../../Engine/Plugins/WorldMetrics/WorldMetrics.uplugin" 31
"../../../Engine/Plugins/TraceUtilities/TraceUtilities.uplugin" 32
"../../../Engine/Plugins/Compositing/Composure/Composure.uplugin" 33
"../../../Engine/Plugins/XGEController/XGEController.uplugin" 34
"../../../Engine/Plugins/Compositing/OpenColorIO/OpenColorIO.uplugin" 35
"../../../Engine/Plugins/Editor/AssetManagerEditor/AssetManagerEditor.uplugin" 36
"../../../Engine/Plugins/Compositing/LensDistortion/LensDistortion.uplugin" 37
"../../../Engine/Plugins/Compositing/OpenCVLensDistortion/OpenCVLensDistortion.uplugin" 38
"../../../Engine/Plugins/Editor/AssetRegistryExport/AssetRegistryExport.uplugin" 39
"../../../Engine/Plugins/Editor/AssetReferenceRestrictions/AssetReferenceRestrictions.uplugin" 40
"../../../Engine/Plugins/Editor/AssetSearch/AssetSearch.uplugin" 41
"../../../Engine/Plugins/Editor/BlueprintHeaderView/BlueprintHeaderView.uplugin" 42
"../../../Engine/Plugins/Editor/BlueprintMaterialTextureNodes/BlueprintMaterialTextureNodes.uplugin" 43
"../../../Engine/Plugins/Editor/ChangelistReview/ChangelistReview.uplugin" 44
"../../../Engine/Plugins/Editor/ColorGrading/ColorGrading.uplugin" 45
"../../../Engine/Plugins/Editor/ConsoleVariablesEditor/ConsoleVariables.uplugin" 46
"../../../Engine/Plugins/Editor/CryptoKeys/CryptoKeys.uplugin" 47
"../../../Engine/Plugins/Editor/DataValidation/DataValidation.uplugin" 48
"../../../Engine/Plugins/Editor/EditorDebugTools/EditorDebugTools.uplugin" 49
"../../../Engine/Plugins/Editor/DisplayClusterLaunch/DisplayClusterLaunch.uplugin" 50
"../../../Engine/Plugins/Editor/EditorScriptingUtilities/EditorScriptingUtilities.uplugin" 51
"../../../Engine/Plugins/Editor/EngineAssetDefinitions/EngineAssetDefinitions.uplugin" 52
"../../../Engine/Plugins/Editor/EditorSysConfigAssistant/EditorSysConfigAssistant.uplugin" 53
"../../../Engine/Plugins/Editor/FacialAnimation/FacialAnimation.uplugin" 54
"../../../Engine/Plugins/Editor/GameplayTagsEditor/GameplayTagsEditor.uplugin" 55
"../../../Engine/Plugins/Editor/LiveUpdateForSlate/LiveUpdateForSlate.uplugin" 56
"../../../Engine/Plugins/Editor/CurveEditorTools/CurveEditorTools.uplugin" 57
"../../../Engine/Plugins/Editor/ModelingToolsEditorMode/ModelingToolsEditorMode.uplugin" 58
"../../../Engine/Plugins/Editor/MacGraphicsSwitching/MacGraphicsSwitching.uplugin" 59
"../../../Engine/Plugins/Editor/ModelViewViewModelPreview/ModelViewViewModelPreview.uplugin" 60
"../../../Engine/Plugins/Editor/GeometryMode/GeometryMode.uplugin" 61
"../../../Engine/Plugins/Editor/GuidedTutorials/GuidedTutorials.uplugin" 62
"../../../Engine/Plugins/Editor/MakeCookedEditorAsDLC/MakeCookedEditorAsDLC.uplugin" 63
"../../../Engine/Plugins/Editor/PluginBrowser/PluginBrowser.uplugin" 64
"../../../Engine/Plugins/Editor/MaterialAnalyzer/MaterialAnalyzer.uplugin" 65
"../../../Engine/Plugins/Editor/MeshLODToolset/MeshLODToolset.uplugin" 66
"../../../Engine/Plugins/Editor/MobileLauncherProfileWizard/MobileLauncherProfileWizard.uplugin" 67
"../../../Engine/Plugins/Editor/SampleToolsEditorMode/SampleToolsEditorMode.uplugin" 68
"../../../Engine/Plugins/Editor/ScriptableToolsEditorMode/ScriptableToolsEditorMode.uplugin" 69
"../../../Engine/Plugins/Editor/ProxyLODPlugin/ProxyLODPlugin.uplugin" 70
"../../../Engine/Plugins/Editor/SequencerAnimTools/SequencerAnimTools.uplugin" 71
"../../../Engine/Plugins/Editor/StaticMeshEditorModeling/StaticMeshEditorModeling.uplugin" 72
"../../../Engine/Plugins/Editor/UMGWidgetPreview/UMGWidgetPreview.uplugin" 73
"../../../Engine/Plugins/Editor/SpeedTreeImporter/SpeedTreeImporter.uplugin" 74
"../../../Engine/Plugins/Editor/StylusInput/StylusInput.uplugin" 75
"../../../Engine/Plugins/Editor/UVEditor/UVEditor.uplugin" 76
"../../../Engine/Plugins/Editor/WaveformEditor/WaveformEditor.uplugin" 77
"../../../Engine/Plugins/Editor/WorldPartitionHLODUtilities/WorldPartitionHLODUtilities.uplugin" 78
"../../../Engine/Plugins/FX/ExampleCustomDataInterface/ExampleCustomDataInterface.uplugin" 79
"../../../Engine/Plugins/FX/Niagara/Niagara.uplugin" 80
"../../../Engine/Plugins/Interchange/Editor/InterchangeEditor.uplugin" 81
"../../../Engine/Plugins/FX/NiagaraMRQ/NiagaraMRQ.uplugin" 82
"../../../Engine/Plugins/Interchange/Runtime/Interchange.uplugin" 83
"../../../Engine/Plugins/Interchange/Assets/InterchangeAssets.uplugin" 84
"../../../Engine/Plugins/FX/NiagaraFluids/NiagaraFluids.uplugin" 85
"../../../Engine/Plugins/FX/CascadeToNiagaraConverter/CascadeToNiagaraConverter.uplugin" 86
"../../../Engine/Plugins/FX/Cascade/Cascade.uplugin" 87
"../../../Engine/Plugins/Marketplace/AsyncLoabb9e7e751a1fV12/AsyncLoadingScreen.uplugin" 88
"../../../Engine/Plugins/FX/NiagaraSimCaching/NiagaraSimCaching.uplugin" 89
"../../../Engine/Plugins/Marketplace/NiagaraU409cc0a0b725V9/NiagaraUIRenderer.uplugin" 90
"../../../Engine/Plugins/Messaging/MessagingDebugger/MessagingDebugger.uplugin" 91
"../../../Engine/Plugins/Messaging/TcpMessaging/TcpMessaging.uplugin" 92
"../../../Engine/Plugins/Messaging/UdpMessaging/UdpMessaging.uplugin" 93
"../../../Engine/Plugins/NNE/NNERuntimeORT/NNERuntimeORT.uplugin" 94
"../../../Engine/Plugins/Performance/PerformanceMonitor/PerformanceMonitor.uplugin" 95
"../../../Engine/Plugins/NNE/NNEDenoiser/NNEDenoiser.uplugin" 96
"../../../Engine/Plugins/Performance/AutomatedPerfTesting/AutomatedPerfTesting.uplugin" 97
"../../../Engine/Plugins/Developer/AnimationSharing/AnimationSharing.uplugin" 98
"../../../Engine/Plugins/Developer/BlankPlugin/BlankPlugin.uplugin" 99
"../../../Engine/Plugins/Developer/CLionSourceCodeAccess/CLionSourceCodeAccess.uplugin" 100
"../../../Engine/Plugins/Developer/CodeLiteSourceCodeAccess/CodeLiteSourceCodeAccess.uplugin" 101
"../../../Engine/Plugins/Developer/DumpGPUServices/DumpGPUServices.uplugin" 102
"../../../Engine/Plugins/Developer/DirectoryPlaceholder/DirectoryPlaceholder.uplugin" 103
"../../../Engine/Plugins/Developer/GitSourceControl/GitSourceControl.uplugin" 104
"../../../Engine/Plugins/Developer/KDevelopSourceCodeAccess/KDevelopSourceCodeAccess.uplugin" 105
"../../../Engine/Plugins/Developer/FieldNotificationTrace/FieldNotificationTrace.uplugin" 106
"../../../Engine/Plugins/Developer/N10XSourceCodeAccess/N10XSourceCodeAccess.uplugin" 107
"../../../Engine/Plugins/Developer/NullSourceCodeAccess/NullSourceCodeAccess.uplugin" 108
"../../../Engine/Plugins/Developer/OneSkyLocalizationService/OneSkyLocalizationService.uplugin" 109
"../../../Engine/Plugins/Developer/PerforceSourceControl/PerforceSourceControl.uplugin" 110
"../../../Engine/Plugins/Developer/PixWinPlugin/PixWinPlugin.uplugin" 111
"../../../Engine/Plugins/Developer/PlasticSourceControl/PlasticSourceControl.uplugin" 112
"../../../Engine/Plugins/Developer/PluginUtils/PluginUtils.uplugin" 113
"../../../Engine/Plugins/Developer/ProjectLauncher/ProjectLauncher.uplugin" 114
"../../../Engine/Plugins/Developer/PropertyAccessNode/PropertyAccessNode.uplugin" 115
"../../../Engine/Plugins/Developer/RiderSourceCodeAccess/RiderSourceCodeAccess.uplugin" 116
"../../../Engine/Plugins/Developer/NamingTokens/NamingTokens.uplugin" 117
"../../../Engine/Plugins/Developer/TextureFormatOodle/TextureFormatOodle.uplugin" 118
"../../../Engine/Plugins/Enterprise/AxFImporter/AxFImporter.uplugin" 119
"../../../Engine/Plugins/Developer/TraceDataFiltering/TraceDataFilters.uplugin" 120
"../../../Engine/Plugins/Developer/RenderDocPlugin/RenderDocPlugin.uplugin" 121
"../../../Engine/Plugins/Enterprise/DataprepEditor/DataprepEditor.uplugin" 122
"../../../Engine/Plugins/Developer/SubversionSourceControl/SubversionSourceControl.uplugin" 123
"../../../Engine/Plugins/Enterprise/DatasmithC4DImporter/DatasmithC4DImporter.uplugin" 124
"../../../Engine/Plugins/Developer/TraceSourceFiltering/TraceSourceFilters.uplugin" 125
"../../../Engine/Plugins/Developer/UObjectPlugin/UObjectPlugin.uplugin" 126
"../../../Engine/Plugins/Developer/VisualStudioSourceCodeAccess/VisualStudioSourceCodeAccess.uplugin" 127
"../../../Engine/Plugins/Developer/XcodeGPUDebuggerPlugin/XcodeGPUDebuggerPlugin.uplugin" 128
"../../../Engine/Plugins/Developer/XCodeSourceCodeAccess/XCodeSourceCodeAccess.uplugin" 129
"../../../Engine/Plugins/Developer/VisualStudioCodeSourceCodeAccess/VisualStudioCodeSourceCodeAccess.uplugin" 130
"../../../Engine/Plugins/Enterprise/DatasmithCADImporter/DatasmithCADImporter.uplugin" 131
"../../../Engine/Plugins/Enterprise/DatasmithContent/DatasmithContent.uplugin" 132
"../../../Engine/Plugins/Importers/AlembicHairImporter/AlembicHairImporter.uplugin" 133
"../../../Engine/Plugins/Enterprise/DatasmithFBXImporter/DatasmithFBXImporter.uplugin" 134
"../../../Engine/Plugins/Enterprise/DatasmithImporter/DatasmithImporter.uplugin" 135
"../../../Engine/Plugins/Importers/USDImporter/USDImporter.uplugin" 136
"../../../Engine/Plugins/Enterprise/LidarPointCloud/LidarPointCloud.uplugin" 137
"../../../Engine/Plugins/Enterprise/GLTFExporter/GLTFExporter.uplugin" 138
"../../../Engine/Plugins/Enterprise/MDLImporter/MDLImporter.uplugin" 139
"../../../Engine/Plugins/Media/AjaMedia/AjaMedia.uplugin" 140
"../../../Engine/Plugins/Importers/USDImporterMDL/USDImporterMDL.uplugin" 141
"../../../Engine/Plugins/Enterprise/VariantManager/VariantManager.uplugin" 142
"../../../Engine/Plugins/Enterprise/VariantManagerContent/VariantManagerContent.uplugin" 143
"../../../Engine/Plugins/Importers/USDMultiUser/USDMultiUser.uplugin" 144
"../../../Engine/Plugins/Media/AndroidCamera/AndroidCamera.uplugin" 145
"../../../Engine/Plugins/Media/AndroidMedia/AndroidMedia.uplugin" 146
"../../../Engine/Plugins/Media/AppleProResDecoderElectra/AppleProResDecoderElectra.uplugin" 147
"../../../Engine/Plugins/Media/AudioCaptureTimecodeProvider/AudioCaptureTimecodeProvider.uplugin" 148
"../../../Engine/Plugins/Media/AppleProResMedia/AppleProResMedia.uplugin" 149
"../../../Engine/Plugins/Media/AvfMedia/AvfMedia.uplugin" 150
"../../../Engine/Plugins/Media/BlackmagicMedia/BlackmagicMedia.uplugin" 151
"../../../Engine/Plugins/Media/AvidDNxHDDecoderElectra/AvidDNxHDDecoderElectra.uplugin" 152
"../../../Engine/Plugins/Media/AvidDNxMedia/AvidDNxMedia.uplugin" 153
"../../../Engine/Plugins/Media/BinkMedia/BinkMedia.uplugin" 154
"../../../Engine/Plugins/Media/D3D12VideoDecodersElectra/D3D12VideoDecodersElectra.uplugin" 155
"../../../Engine/Plugins/Media/ElectraCDM/ElectraCDM.uplugin" 156
"../../../Engine/Plugins/Importers/AlembicImporter/AlembicImporter.uplugin" 157
"../../../Engine/Plugins/Media/ElectraCodecs/ElectraCodecs.uplugin" 158
"../../../Engine/Plugins/Media/ElectraPlayer/ElectraPlayer.uplugin" 159
"../../../Engine/Plugins/Media/HardwareEncoders/HardwareEncoders.uplugin" 160
"../../../Engine/Plugins/Media/ElectraUtil/ElectraUtil.uplugin" 161
"../../../Engine/Plugins/Media/HAPDecoderElectra/HAPDecoderElectra.uplugin" 162
"../../../Engine/Plugins/Media/FlacDecoderElectra/FlacDecoderElectra.uplugin" 163
"../../../Engine/Plugins/Media/ElectraSubtitles/ElectraSubtitles.uplugin" 164
"../../../Engine/Plugins/Media/ImgMedia/ImgMedia.uplugin" 165
"../../../Engine/Plugins/Media/LinearTimecode/LinearTimecode.uplugin" 166
"../../../Engine/Plugins/Media/MediaCompositing/MediaCompositing.uplugin" 167
"../../../Engine/Plugins/Media/MediaIOFramework/MediaIOFramework.uplugin" 168
"../../../Engine/Plugins/Media/MediaFrameworkUtilities/MediaFrameworkUtilities.uplugin" 169
"../../../Engine/Plugins/Media/MediaMovieStreamer/MediaMovieStreamer.uplugin" 170
"../../../Engine/Plugins/Media/MediaPlate/MediaPlate.uplugin" 171
"../../../Engine/Plugins/Media/MfMedia/MfMedia.uplugin" 172
"../../../Engine/Plugins/Media/MediaPlayerEditor/MediaPlayerEditor.uplugin" 173
"../../../Engine/Plugins/Media/NDIMedia/NDIMedia.uplugin" 174
"../../../Engine/Plugins/Media/OpusDecoderElectra/OpusDecoderElectra.uplugin" 175
"../../../Engine/Plugins/Media/PixelCapture/PixelCapture.uplugin" 176
"../../../Engine/Plugins/Media/PixelStreaming/PixelStreaming.uplugin" 177
"../../../Engine/Plugins/Media/PixelStreaming2/PixelStreaming2.uplugin" 178
"../../../Engine/Plugins/Media/TimecodeSynchronizer/TimecodeSynchronizer.uplugin" 179
"../../../Engine/Plugins/Media/VPxDecoderElectra/VPxDecoderElectra.uplugin" 180
"../../../Engine/Plugins/MovieScene/ActorSequence/ActorSequence.uplugin" 181
"../../../Engine/Plugins/MovieScene/CustomizableSequencerTracks/CustomizableSequencerTracks.uplugin" 182
"../../../Engine/Plugins/Media/WmfMedia/WmfMedia.uplugin" 183
"../../../Engine/Plugins/Media/WebMMedia/WebMMedia.uplugin" 184
"../../../Engine/Plugins/MovieScene/MoviePipelineMaskRenderPass/MoviePipelineMaskRenderPass.uplugin" 185
"../../../Engine/Plugins/MovieScene/LevelSequenceEditor/LevelSequenceEditor.uplugin" 186
"../../../Engine/Plugins/PCGInterops/PCGGeometryScriptInterop/PCGGeometryScriptInterop.uplugin" 187
"../../../Engine/Plugins/PCGInterops/PCGExternalDataInterop/PCGExternalDataInterop.uplugin" 188
"../../../Engine/Plugins/MetaHuman/MetaHumanAnimator/MetaHuman.uplugin" 189
"../../../Engine/Plugins/MovieScene/MovieRenderPipeline/MovieRenderPipeline.uplugin" 190
"../../../Engine/Plugins/MovieScene/MovieSceneTextTrack/MovieSceneTextTrack.uplugin" 191
"../../../Engine/Plugins/MetaHuman/MetaHumanCalibrationProcessing/MetaHumanCalibrationProcessing.uplugin" 192
"../../../Engine/Plugins/MovieScene/ReplayTracks/ReplayTracks.uplugin" 193
"../../../Engine/Plugins/MovieScene/SequencerScripting/SequencerScripting.uplugin" 194
"../../../Engine/Plugins/MovieScene/TemplateSequence/TemplateSequence.uplugin" 195
"../../../Engine/Plugins/MetaHuman/MetaHumanLiveLink/MetaHumanLiveLink.uplugin" 196
"../../../Engine/Plugins/MetaHuman/MetaHumanCharacter/MetaHumanCharacter.uplugin" 197
"../../../Engine/Plugins/MetaHuman/MetaHumanCoreTechLib/MetaHumanCoreTech.uplugin" 198
"../../../Engine/Plugins/MetaHuman/MetaHumanSDK/MetaHumanSDK.uplugin" 199
"../../../Engine/Plugins/Online/EOSShared/EOSShared.uplugin" 200
"../../../Engine/Plugins/Online/EOSOverlayInputProvider/EOSOverlayInputProvider.uplugin" 201
"../../../Engine/Plugins/Online/OnlineBase/OnlineBase.uplugin" 202
"../../../Engine/Plugins/Online/OnlineFramework/OnlineFramework.uplugin" 203
"../../../Engine/Plugins/Online/OnlineServicesEOS/OnlineServicesEOS.uplugin" 204
"../../../Engine/Plugins/Online/OnlineServices/OnlineServices.uplugin" 205
"../../../Engine/Plugins/Online/OnlineServicesEOSGS/OnlineServicesEOSGS.uplugin" 206
"../../../Engine/Plugins/Online/OnlineServicesNull/OnlineServicesNull.uplugin" 207
"../../../Engine/Plugins/Online/OnlineServicesEpicCommon/OnlineServicesEpicCommon.uplugin" 208
"../../../Engine/Plugins/Online/OnlineSubsystem/OnlineSubsystem.uplugin" 209
"../../../Engine/Plugins/Online/OnlineServicesOSSAdapter/OnlineServicesOSSAdapter.uplugin" 210
"../../../Engine/Plugins/Media/HAPMedia/HAPMedia.uplugin" 211
"../../../Engine/Plugins/Online/OnlineSubsystemApple/OnlineSubsystemApple.uplugin" 212
"../../../Engine/Plugins/Online/OnlineSubsystemAmazon/OnlineSubsystemAmazon.uplugin" 213
"../../../Engine/Plugins/Online/OnlineSubsystemEOS/OnlineSubsystemEOS.uplugin" 214
"../../../Engine/Plugins/Online/OnlineSubsystemGoogle/OnlineSubsystemGoogle.uplugin" 215
"../../../Engine/Plugins/Online/OnlineSubsystemFacebook/OnlineSubsystemFacebook.uplugin" 216
"../../../Engine/Plugins/Portal/LauncherChunkInstaller/LauncherChunkInstaller.uplugin" 217
"../../../Engine/Plugins/Online/OnlineSubsystemNull/OnlineSubsystemNull.uplugin" 218
"../../../Engine/Plugins/Tests/AutomationDriverTests/AutomationDriverTests.uplugin" 219
"../../../Engine/Plugins/Online/OnlineSubsystemSteam/OnlineSubsystemSteam.uplugin" 220
"../../../Engine/Plugins/Tests/CQTest/CQTest.uplugin" 221
"../../../Engine/Plugins/Online/OnlineSubsystemTencent/OnlineSubsystemTencent.uplugin" 222
"../../../Engine/Plugins/Online/OnlineSubsystemUtils/OnlineSubsystemUtils.uplugin" 223
"../../../Engine/Plugins/Online/SocketSubsystemEOS/SocketSubsystemEOS.uplugin" 224
"../../../Engine/Plugins/Online/SocketSubsystemSteamIP/SocketSubsystemSteamIP.uplugin" 225
"../../../Engine/Plugins/Online/WebAuth/WebAuth.uplugin" 226
"../../../Engine/Plugins/Tests/CQTestEnhancedInput/CQTestEnhancedInput.uplugin" 227
"../../../Engine/Plugins/Tests/EditorTests/EditorTests.uplugin" 228
"../../../Engine/Plugins/Web/HttpBlueprint/HttpBlueprint.uplugin" 229
"../../../Engine/Plugins/Runtime/ActorLayerUtilities/ActorLayerUtilities.uplugin" 230
"../../../Engine/Plugins/Runtime/ADM/ADM.uplugin" 231
"../../../Engine/Plugins/Tests/InterchangeTests/InterchangeTests.uplugin" 232
"../../../Engine/Plugins/Tests/FunctionalTestingEditor/FunctionalTestingEditor.uplugin" 233
"../../../Engine/Plugins/Tests/FbxAutomationTestBuilder/FbxAutomationTestBuilder.uplugin" 234
"../../../Engine/Plugins/Tests/PythonAutomationTest/PythonAutomationTest.uplugin" 235
"../../../Engine/Plugins/Tests/RuntimeTests/RuntimeTests.uplugin" 236
"../../../Engine/Plugins/Tests/RHITests/RHITests.uplugin" 237
"../../../Engine/Plugins/Tests/WidgetAutomationTests/WidgetAutomationTests.uplugin" 238
"../../../Engine/Plugins/Tests/TestFramework/TestFramework.uplugin" 239
"../../../Engine/Plugins/Tests/TestSamples/TestSamples.uplugin" 240
"../../../Engine/Plugins/Runtime/AndroidMoviePlayer/AndroidMoviePlayer.uplugin" 241
"../../../Engine/Plugins/Runtime/AndroidPermission/AndroidPermission.uplugin" 242
"../../../Engine/Plugins/Runtime/AppleImageUtils/AppleImageUtils.uplugin" 243
"../../../Engine/Plugins/Runtime/ArchVisCharacter/ArchVisCharacter.uplugin" 244
"../../../Engine/Plugins/Runtime/AppleMoviePlayer/AppleMoviePlayer.uplugin" 245
"../../../Engine/Plugins/Runtime/AssetTags/AssetTags.uplugin" 246
"../../../Engine/Plugins/Runtime/AnimationBudgetAllocator/AnimationBudgetAllocator.uplugin" 247
"../../../Engine/Plugins/Runtime/ApexDestruction/ApexDestruction.uplugin" 248
"../../../Engine/Plugins/Runtime/AndroidBackgroundService/AndroidBackgroundService.uplugin" 249
"../../../Engine/Plugins/Runtime/AndroidFileServer/AndroidFileServer.uplugin" 250
"../../../Engine/Plugins/Runtime/AudioMotorSim/AudioMotorSim.uplugin" 251
"../../../Engine/Plugins/Runtime/AudioSynesthesia/AudioSynesthesia.uplugin" 252
"../../../Engine/Plugins/Runtime/AudioWidgets/AudioWidgets.uplugin" 253
"../../../Engine/Plugins/Runtime/CableComponent/CableComponent.uplugin" 254
"../../../Engine/Plugins/Runtime/AudioModulation/AudioModulation.uplugin" 255
"../../../Engine/Plugins/Runtime/ComputeFramework/ComputeFramework.uplugin" 256
"../../../Engine/Plugins/Runtime/AudioCapture/AudioCapture.uplugin" 257
"../../../Engine/Plugins/Runtime/ChunkDownloader/ChunkDownloader.uplugin" 258
"../../../Engine/Plugins/Runtime/CommonUI/CommonUI.uplugin" 259
"../../../Engine/Plugins/Runtime/CustomMeshComponent/CustomMeshComponent.uplugin" 260
"../../../Engine/Plugins/Runtime/AndroidDeviceProfileSelector/AndroidDeviceProfileSelector.uplugin" 261
"../../../Engine/Plugins/Runtime/DataRegistry/DataRegistry.uplugin" 262
"../../../Engine/Plugins/Runtime/Firebase/Firebase.uplugin" 263
"../../../Engine/Plugins/Runtime/ExampleDeviceProfileSelector/ExampleDeviceProfileSelector.uplugin" 264
"../../../Engine/Plugins/Runtime/GameFeatures/GameFeatures.uplugin" 265
"../../../Engine/Plugins/Runtime/GameInput/GameInput.uplugin" 266
"../../../Engine/Plugins/Runtime/GameplayBehaviorSmartObjects/GameplayBehaviorSmartObjects.uplugin" 267
"../../../Engine/Plugins/Runtime/GameplayAbilities/GameplayAbilities.uplugin" 268
"../../../Engine/Plugins/Runtime/GameplayStateTree/GameplayStateTree.uplugin" 269
"../../../Engine/Plugins/Runtime/GameplayInteractions/GameplayInteractions.uplugin" 270
"../../../Engine/Plugins/Runtime/GeometryProcessing/GeometryProcessing.uplugin" 271
"../../../Engine/Plugins/Runtime/GeometryCache/GeometryCache.uplugin" 272
"../../../Engine/Plugins/Runtime/GoogleCloudMessaging/GoogleCloudMessaging.uplugin" 273
"../../../Engine/Plugins/Runtime/GeoReferencing/GeoReferencing.uplugin" 274
"../../../Engine/Plugins/Runtime/GooglePAD/GooglePAD.uplugin" 275
"../../../Engine/Plugins/Runtime/GeometryScripting/GeometryScripting.uplugin" 276
"../../../Engine/Plugins/Runtime/HDRIBackdrop/HDRIBackdrop.uplugin" 277
"../../../Engine/Plugins/Runtime/HairStrands/HairStrands.uplugin" 278
"../../../Engine/Plugins/Runtime/Harmonix/Harmonix.uplugin" 279
"../../../Engine/Plugins/Runtime/HPMotionController/HPMotionController.uplugin" 280
"../../../Engine/Plugins/Runtime/InputDebugging/InputDebugging.uplugin" 281
"../../../Engine/Plugins/Runtime/IOSDeviceProfileSelector/IOSDeviceProfileSelector.uplugin" 282
"../../../Engine/Plugins/Runtime/LevelStreamingPersistence/LevelStreamingPersistence.uplugin" 283
"../../../Engine/Plugins/Runtime/IOSReplayKit/IOSReplayKit.uplugin" 284
"../../../Engine/Plugins/Runtime/LocationServicesAndroidImpl/LocationServicesAndroidImpl.uplugin" 285
"../../../Engine/Plugins/Runtime/LiveLinkOvernDisplay/LiveLinkOverNDisplay.uplugin" 286
"../../../Engine/Plugins/Runtime/HTTPChunkInstaller/HTTPChunkInstaller.uplugin" 287
"../../../Engine/Plugins/Runtime/LocationServicesIOSImpl/LocationServicesIOSImpl.uplugin" 288
"../../../Engine/Plugins/Runtime/InstancedActors/InstancedActors.uplugin" 289
"../../../Engine/Plugins/Runtime/LocationServicesBPLibrary/LocationServicesBPLibrary.uplugin" 290
"../../../Engine/Plugins/Runtime/MeshModelingToolset/MeshModelingToolset.uplugin" 291
"../../../Engine/Plugins/Runtime/MassEntity/MassEntity.uplugin" 292
"../../../Engine/Plugins/Runtime/LinuxDeviceProfileSelector/LinuxDeviceProfileSelector.uplugin" 293
"../../../Engine/Plugins/Runtime/MicrosoftSpatialAudio/MicroSoftSpatialSound.uplugin" 294
"../../../Engine/Plugins/Runtime/MassGameplay/MassGameplay.uplugin" 295
"../../../Engine/Plugins/Runtime/Metasound/Metasound.uplugin" 296
"../../../Engine/Plugins/Runtime/MIDIDevice/MIDIDevice.uplugin" 297
"../../../Engine/Plugins/Runtime/MixedRealityCaptureFramework/MixedRealityCaptureFramework.uplugin" 298
"../../../Engine/Plugins/Runtime/MsQuic/MsQuic.uplugin" 299
"../../../Engine/Plugins/Runtime/MobileFSR/MobileFSR.uplugin" 300
"../../../Engine/Plugins/Runtime/MobilePatchingUtils/MobilePatchingUtils.uplugin" 301
"../../../Engine/Plugins/Runtime/ModularGameplay/ModularGameplay.uplugin" 302
"../../../Engine/Plugins/Runtime/MultiServerReplication/MultiServerReplication.uplugin" 303
"../../../Engine/Plugins/Runtime/ModelViewViewModel/ModelViewViewModel.uplugin" 304
"../../../Engine/Plugins/Runtime/MusicEnvironment/MusicEnvironment.uplugin" 305
"../../../Engine/Plugins/Runtime/NavCorridor/NavCorridor.uplugin" 306
"../../../Engine/Plugins/Runtime/nDisplay/nDisplay.uplugin" 307
"../../../Engine/Plugins/Runtime/nDisplayModularFeatures/nDisplayModularFeatures.uplugin" 308
"../../../Engine/Plugins/Runtime/NetworkPredictionInsights/NetworkPredictionInsights.uplugin" 309
"../../../Engine/Plugins/Runtime/NetworkPredictionExtras/NetworkPredictionExtras.uplugin" 310
"../../../Engine/Plugins/Runtime/OpenXR/OpenXR.uplugin" 311
"../../../Engine/Plugins/Runtime/NetworkPrediction/NetworkPrediction.uplugin" 312
"../../../Engine/Plugins/Runtime/OpenCV/OpenCV.uplugin" 313
"../../../Engine/Plugins/Runtime/OpenXRHandTracking/OpenXRHandTracking.uplugin" 314
"../../../Engine/Plugins/Runtime/OpenXREyeTracker/OpenXREyeTracker.uplugin" 315
"../../../Engine/Plugins/Runtime/OpenXRMsftHandInteraction/OpenXRMsftHandInteraction.uplugin" 316
"../../../Engine/Plugins/Runtime/OSC/OSC.uplugin" 317
"../../../Engine/Plugins/Runtime/OptionalMobileFeaturesBPLibrary/OptionalMobileFeaturesBPLibrary.uplugin" 318
"../../../Engine/Plugins/Runtime/OpenXRViveTracker/OpenXRViveTracker.uplugin" 319
"../../../Engine/Plugins/Runtime/PreLoadScreenMoviePlayer/PreLoadScreenMoviePlayer.uplugin" 320
"../../../Engine/Plugins/Runtime/ProceduralMeshComponent/ProceduralMeshComponent.uplugin" 321
"../../../Engine/Plugins/Runtime/PropertyAccess/PropertyAccessEditor.uplugin" 322
"../../../Engine/Plugins/Runtime/PropertyBindingUtils/PropertyBindingUtils.uplugin" 323
"../../../Engine/Plugins/Runtime/RenderTrace/RenderTrace.uplugin" 324
"../../../Engine/Plugins/Runtime/ReplicationSystemTestPlugin/ReplicationSystemTestPlugin.uplugin" 325
"../../../Engine/Plugins/Runtime/ReplicationGraph/ReplicationGraph.uplugin" 326
"../../../Engine/Plugins/Runtime/ResonanceAudio/ResonanceAudio.uplugin" 327
"../../../Engine/Plugins/Runtime/RigVM/RigVM.uplugin" 328
"../../../Engine/Plugins/Runtime/ScriptableToolsFramework/ScriptableToolsFramework.uplugin" 329
"../../../Engine/Plugins/Runtime/SignificanceManager/SignificanceManager.uplugin" 330
"../../../Engine/Plugins/Runtime/SoundCueTemplates/SoundCueTemplates.uplugin" 331
"../../../Engine/Plugins/Runtime/SkeletalMerging/SkeletalMerging.uplugin" 332
"../../../Engine/Plugins/Runtime/SmartObjects/SmartObjects.uplugin" 333
"../../../Engine/Plugins/Runtime/SoundMod/SoundMod.uplugin" 334
"../../../Engine/Plugins/Runtime/Soundscape/Soundscape.uplugin" 335
"../../../Engine/Plugins/Runtime/SoundFields/SoundFields.uplugin" 336
"../../../Engine/Plugins/Runtime/SoundUtilities/SoundUtilities.uplugin" 337
"../../../Engine/Plugins/Runtime/StateTree/StateTree.uplugin" 338
"../../../Engine/Plugins/Runtime/Spatialization/Spatialization.uplugin" 339
"../../../Engine/Plugins/Runtime/SunPosition/SunPosition.uplugin" 340
"../../../Engine/Plugins/Runtime/USDCore/USDCore.uplugin" 341
"../../../Engine/Plugins/Runtime/Synthesis/Synthesis.uplugin" 342
"../../../Engine/Plugins/Runtime/WaveTable/WaveTable.uplugin" 343
"../../../Engine/Plugins/Runtime/WarpUtils/WarpUtils.uplugin" 344
"../../../Engine/Plugins/Runtime/WebBrowserNativeProxy/WebBrowserNativeProxy.uplugin" 345
"../../../Engine/Plugins/Runtime/WebMMoviePlayer/WebMMoviePlayer.uplugin" 346
"../../../Engine/Plugins/Runtime/WebBrowserWidget/WebBrowserWidget.uplugin" 347
"../../../Engine/Plugins/2D/Paper2D/Paper2D.uplugin" 348
"../../../Engine/Plugins/AI/AISupport/AISupport.uplugin" 349
"../../../Engine/Plugins/Runtime/WindowsDeviceProfileSelector/WindowsDeviceProfileSelector.uplugin" 350
"../../../Engine/Plugins/AI/HTNPlanner/HTNPlanner.uplugin" 351
"../../../Engine/Plugins/AI/MassAI/MassAI.uplugin" 352
"../../../Engine/Plugins/AI/MassCrowd/MassCrowd.uplugin" 353
"../../../Engine/Plugins/AI/EnvironmentQueryEditor/EnvironmentQueryEditor.uplugin" 354
"../../../Engine/Plugins/Runtime/WindowsMoviePlayer/WindowsMoviePlayer.uplugin" 355
"../../../Engine/Plugins/Runtime/XRBase/XRBase.uplugin" 356
"../../../Engine/Plugins/Runtime/WorldConditions/WorldConditions.uplugin" 357
"../../../Engine/Plugins/AI/MLAdapter/MLAdapter.uplugin" 358
"../../../Engine/Plugins/Runtime/ZoneGraphAnnotations/ZoneGraphAnnotations.uplugin" 359
"../../../Engine/Plugins/Animation/ACLPlugin/ACLPlugin.uplugin" 360
"../../../Engine/Plugins/Animation/AnimationData/AnimationData.uplugin" 361
"../../../Engine/Plugins/Animation/AnimationModifierLibrary/AnimationModifierLibrary.uplugin" 362
"../../../Engine/Plugins/Animation/AnimationWarping/AnimationWarping.uplugin" 363
"../../../Engine/Plugins/Animation/AnimatorKit/AnimatorKit.uplugin" 364
"../../../Engine/Plugins/Runtime/ZoneGraph/ZoneGraph.uplugin" 365
"../../../Engine/Plugins/Animation/ControlRig/ControlRig.uplugin" 366
"../../../Engine/Plugins/Animation/BlendSpaceMotionAnalysis/BlendSpaceMotionAnalysis.uplugin" 367
"../../../Engine/Plugins/Animation/ControlRigModules/ControlRigModules.uplugin" 368
"../../../Engine/Plugins/Animation/BlendStack/BlendStack.uplugin" 369
"../../../Engine/Plugins/Animation/ControlRigSpline/ControlRigSpline.uplugin" 370
"../../../Engine/Plugins/Animation/DNACalib/DNACalib.uplugin" 371
"../../../Engine/Plugins/Animation/DeformerGraph/DeformerGraph.uplugin" 372
"../../../Engine/Plugins/Animation/GeneSplicer/GeneSplicer.uplugin" 373
"../../../Engine/Plugins/Animation/GameplayInsights/GameplayInsights.uplugin" 374
"../../../Engine/Plugins/Animation/IKRig/IKRig.uplugin" 375
"../../../Engine/Plugins/Animation/LiveLink/LiveLink.uplugin" 376
"../../../Engine/Plugins/Animation/LiveLinkDevice/LiveLinkDevice.uplugin" 377
"../../../Engine/Plugins/Animation/LiveLinkCurveDebugUI/LiveLinkCurveDebugUI.uplugin" 378
"../../../Engine/Plugins/Animation/LiveLinkExampleDevice/LiveLinkExampleDevice.uplugin" 379
"../../../Engine/Plugins/Animation/LiveLinkHub/LiveLinkHub.uplugin" 380
"../../../Engine/Plugins/Cameras/CameraShakePreviewer/CameraShakePreviewer.uplugin" 381
"../../../Engine/Plugins/Cameras/EngineCameras/EngineCameras.uplugin" 382
"../../../Engine/Plugins/Animation/MotionWarping/MotionWarping.uplugin" 383
"../../../Engine/Plugins/Animation/PerformanceCaptureCore/PerformanceCaptureCore.uplugin" 384
"../../../Engine/Plugins/Compression/OodleNetwork/OodleNetwork.uplugin" 385
"../../../Engine/Plugins/Animation/AnimationLocomotionLibrary/AnimationLocomotionLibrary.uplugin" 386
"../../../Engine/Plugins/Cameras/GameplayCameras/GameplayCameras.uplugin" 387
"../../../Engine/Plugins/Animation/PoseSearch/PoseSearch.uplugin" 388
"../../../Engine/Plugins/Animation/RigLogic/RigLogic.uplugin" 389
"../../../Engine/Plugins/Experimental/AbilitySystemGameFeatureActions/AbilitySystemGameFeatureActions.uplugin" 390
"../../../Engine/Plugins/Animation/SkeletalMeshModelingTools/SkeletalMeshModelingTools.uplugin" 391
"../../../Engine/Plugins/Experimental/ActorPalette/ActorPalette.uplugin" 392
"../../../Engine/Plugins/Experimental/AdvancedRenamer/AdvancedRenamer.uplugin" 393
"../../../Engine/Plugins/Animation/TweeningUtils/TweeningUtils.uplugin" 394
"../../../Engine/Plugins/Experimental/AnimNextAnimGraph/AnimNextAnimGraph.uplugin" 395
"../../../Engine/Plugins/Experimental/AnimNextChooser/AnimNextChooser.uplugin" 396
"../../../Engine/Plugins/Experimental/AnimToTexture/AnimToTexture.uplugin" 397
"../../../Engine/Plugins/Experimental/AnimNextControlRig/AnimNextControlRig.uplugin" 398
"../../../Engine/Plugins/Experimental/AnimNextStateTree/AnimNextStateTree.uplugin" 399
"../../../Engine/Plugins/Experimental/AnimNextWarping/AnimNextWarping.uplugin" 400
"../../../Engine/Plugins/Experimental/AnimNext/AnimNext.uplugin" 401
"../../../Engine/Plugins/Experimental/AsyncMessageSystem/AsyncMessageSystem.uplugin" 402
"../../../Engine/Plugins/Experimental/AsyncMessageSystemTests/AsyncMessageSystemTests.uplugin" 403
"../../../Engine/Plugins/Experimental/AutomationUtils/AutomationUtils.uplugin" 404
"../../../Engine/Plugins/Experimental/AvalancheDataLink/AvalancheDataLink.uplugin" 405
"../../../Engine/Plugins/Experimental/AvalancheDisplayCluster/AvalancheDisplayCluster.uplugin" 406
"../../../Engine/Plugins/Experimental/AvalancheSceneState/AvalancheSceneState.uplugin" 407
"../../../Engine/Plugins/Experimental/AvalancheSequenceNavigator/AvalancheSequenceNavigator.uplugin" 408
"../../../Engine/Plugins/Experimental/BackChannel/BackChannel.uplugin" 409
"../../../Engine/Plugins/Experimental/AnimNextPoseSearch/AnimNextPoseSearch.uplugin" 410
"../../../Engine/Plugins/Experimental/BlueprintStats/BlueprintStats.uplugin" 411
"../../../Engine/Plugins/Experimental/CelestialVault/CelestialVault.uplugin" 412
"../../../Engine/Plugins/Experimental/ChaosCaching/ChaosCaching.uplugin" 413
"../../../Engine/Plugins/Experimental/Buoyancy/Buoyancy.uplugin" 414
"../../../Engine/Plugins/Experimental/ChaosCachingUSD/ChaosCachingUSD.uplugin" 415
"../../../Engine/Plugins/Experimental/ChaosEditor/ChaosEditor.uplugin" 416
"../../../Engine/Plugins/Experimental/ChaosClothEditor/ChaosClothEditor.uplugin" 417
"../../../Engine/Plugins/Experimental/ChaosFlesh/ChaosFlesh.uplugin" 418
"../../../Engine/Plugins/Experimental/ChaosModularVehicle/ChaosModularVehicle.uplugin" 419
"../../../Engine/Plugins/Experimental/ChaosModularVehicleExamples/ChaosModularVehicleExamples.uplugin" 420
"../../../Engine/Plugins/Experimental/ChaosNiagara/ChaosNiagara.uplugin" 421
"../../../Engine/Plugins/Experimental/ChaosMover/ChaosMover.uplugin" 422
"../../../Engine/Plugins/Experimental/ChaosSolverPlugin/ChaosSolverPlugin.uplugin" 423
"../../../Engine/Plugins/Experimental/ChaosUserDataPT/ChaosUserDataPT.uplugin" 424
"../../../Engine/Plugins/Experimental/CharacterAI/CharacterAI.uplugin" 425
"../../../Engine/Plugins/Experimental/ChaosOutfitAsset/ChaosOutfitAsset.uplugin" 426
"../../../Engine/Plugins/Experimental/ChaosVehiclesPlugin/ChaosVehiclesPlugin.uplugin" 427
"../../../Engine/Plugins/Experimental/CineCameraRigs/CineCameraRigs.uplugin" 428
"../../../Engine/Plugins/Experimental/BlueprintSnapNodes/BlueprintSnapNodes.uplugin" 429
"../../../Engine/Plugins/Experimental/CineCameraSceneCapture/CineCameraSceneCapture.uplugin" 430
"../../../Engine/Plugins/Experimental/CodeEditor/CodeEditor.uplugin" 431
"../../../Engine/Plugins/Experimental/CinematicPrestreaming/CinematicPrestreaming.uplugin" 432
"../../../Engine/Plugins/Experimental/CodeView/CodeView.uplugin" 433
"../../../Engine/Plugins/Experimental/CommonConversation/CommonConversation.uplugin" 434
"../../../Engine/Plugins/Experimental/ControlFlows/ControlFlows.uplugin" 435
"../../../Engine/Plugins/Experimental/ColorCorrectRegions/ColorCorrectRegions.uplugin" 436
"../../../Engine/Plugins/Experimental/Dataflow/Dataflow.uplugin" 437
"../../../Engine/Plugins/Experimental/DataLink/DataLink.uplugin" 438
"../../../Engine/Plugins/Experimental/DataLinkOAuth/DataLinkOAuth.uplugin" 439
"../../../Engine/Plugins/Experimental/DaySequence/DaySequence.uplugin" 440
"../../../Engine/Plugins/Experimental/DefaultInstallBundleManager/DefaultInstallBundleManager.uplugin" 441
"../../../Engine/Plugins/Experimental/DynamicMaterialMediaStreamBridge/DynamicMaterialMediaStreamBridge.uplugin" 442
"../../../Engine/Plugins/Experimental/EditorPerformance/EditorPerformance.uplugin" 443
"../../../Engine/Plugins/Experimental/EditorDataStorageFeatures/EditorDataStorageFeatures.uplugin" 444
"../../../Engine/Plugins/Experimental/EditorTelemetry/EditorTelemetry.uplugin" 445
"../../../Engine/Plugins/Experimental/EditorDataStorage/EditorDataStorage.uplugin" 446
"../../../Engine/Plugins/Experimental/EvaluationNotifies/EvaluationNotifies.uplugin" 447
"../../../Engine/Plugins/Experimental/FastGeoStreaming/FastGeoStreaming.uplugin" 448
"../../../Engine/Plugins/Experimental/FieldSystemPlugin/FieldSystemPlugin.uplugin" 449
"../../../Engine/Plugins/Experimental/FullBodyIK/FullBodyIK.uplugin" 450
"../../../Engine/Plugins/Experimental/GameInputWindows/GameInputWindows.uplugin" 451
"../../../Engine/Plugins/Experimental/GameplayBehaviors/GameplayBehaviors.uplugin" 452
"../../../Engine/Plugins/Experimental/GameplayGraph/GameplayGraph.uplugin" 453
"../../../Engine/Plugins/Experimental/GeometryCacheAbcFile/GeometryCacheAbcFile.uplugin" 454
"../../../Engine/Plugins/Experimental/Fracture/Fracture.uplugin" 455
"../../../Engine/Plugins/Experimental/GeometryCacheLevelSequenceBaker/GeometryCacheLevelSequenceBaker.uplugin" 456
"../../../Engine/Plugins/Experimental/Gauntlet/Gauntlet.uplugin" 457
"../../../Engine/Plugins/Experimental/GeometryDataflow/GeometryDataflow.uplugin" 458
"../../../Engine/Plugins/Experimental/GeometryFlow/GeometryFlow.uplugin" 459
"../../../Engine/Plugins/Experimental/FloatingProperties/FloatingProperties.uplugin" 460
"../../../Engine/Plugins/Experimental/GizmoEdMode/GizmoEdMode.uplugin" 461
"../../../Engine/Plugins/Experimental/HairModelingToolset/HairModelingToolset.uplugin" 462
"../../../Engine/Plugins/Experimental/GeometryCollectionPlugin/GeometryCollectionPlugin.uplugin" 463
"../../../Engine/Plugins/Experimental/HairCardGenerator/HairCardGenerator.uplugin" 464
"../../../Engine/Plugins/Experimental/GPULightmass/GPULightmass.uplugin" 465
"../../../Engine/Plugins/Experimental/GameplayTargetingSystem/TargetingSystem.uplugin" 466
"../../../Engine/Plugins/Experimental/HairStrandsMutable/HairStrandsMutable.uplugin" 467
"../../../Engine/Plugins/Experimental/ImagePlate/ImagePlate.uplugin" 468
"../../../Engine/Plugins/Experimental/GizmoFramework/GizmoFramework.uplugin" 469
"../../../Engine/Plugins/Experimental/InlineMaterialInstance/InlineMaterialInstance.uplugin" 470
"../../../Engine/Plugins/Experimental/ImpostorBaker/ImpostorBaker.uplugin" 471
"../../../Engine/Plugins/Experimental/InstanceDataObjectFixupTool/InstanceDataObjectFixupTool.uplugin" 472
"../../../Engine/Plugins/Experimental/Iris/Iris.uplugin" 473
"../../../Engine/Plugins/Experimental/JWT/JWT.uplugin" 474
"../../../Engine/Plugins/Experimental/InteractionInterface/InteractionInterface.uplugin" 475
"../../../Engine/Plugins/Experimental/LevelSequenceNavigatorBridge/LevelSequenceNavigatorBridge.uplugin" 476
"../../../Engine/Plugins/Experimental/ImageWidgets/ImageWidgets.uplugin" 477
"../../../Engine/Plugins/Experimental/LiveLinkFaceImporter/LiveLinkFaceImporter.uplugin" 478
"../../../Engine/Plugins/Experimental/LandscapePatch/LandscapePatch.uplugin" 479
"../../../Engine/Plugins/Experimental/Landmass/Landmass.uplugin" 480
"../../../Engine/Plugins/Experimental/LiveLinkOpenVR/LiveLinkOpenVR.uplugin" 481
"../../../Engine/Plugins/Experimental/LocalizableMessage/LocalizableMessage.uplugin" 482
"../../../Engine/Plugins/Experimental/LowLevelNetTrace/LowLevelNetTrace.uplugin" 483
"../../../Engine/Plugins/Experimental/LiveLinkControlRig/LiveLinkControlRig.uplugin" 484
"../../../Engine/Plugins/Experimental/LearningAgents/LearningAgents.uplugin" 485
"../../../Engine/Plugins/Experimental/MeshResizing/MeshResizing.uplugin" 486
"../../../Engine/Plugins/Experimental/MLflow/MLflow.uplugin" 487
"../../../Engine/Plugins/Experimental/MetasoundExperimental/MetasoundExperimental.uplugin" 488
"../../../Engine/Plugins/Experimental/MediaStream/MediaStream.uplugin" 489
"../../../Engine/Plugins/Experimental/MotoSynth/MotoSynth.uplugin" 490
"../../../Engine/Plugins/Experimental/MotorSimOutputMotoSynth/MotorSimOutputMotoSynth.uplugin" 491
"../../../Engine/Plugins/Experimental/Mover/Mover.uplugin" 492
"../../../Engine/Plugins/Experimental/MoverAnimNext/MoverAnimNext.uplugin" 493
"../../../Engine/Plugins/Experimental/MeshModelingToolsetExp/MeshModelingToolsetExp.uplugin" 494
"../../../Engine/Plugins/Experimental/MoverExamples/MoverExamples.uplugin" 495
"../../../Engine/Plugins/Experimental/MoverTests/MoverTests.uplugin" 496
"../../../Engine/Plugins/Experimental/MovieSceneAnimMixer/MovieSceneAnimMixer.uplugin" 497
"../../../Engine/Plugins/Experimental/MovieScenePoseSearchTracks/MovieScenePoseSearchTracks.uplugin" 498
"../../../Engine/Plugins/Experimental/MutableClothing/MutableClothing.uplugin" 499
"../../../Engine/Plugins/Experimental/NaniteDisplacedMesh/NaniteDisplacedMesh.uplugin" 500
"../../../Engine/Plugins/Experimental/NNERuntimeIREE/NNERuntimeIREE.uplugin" 501
"../../../Engine/Plugins/Experimental/NNERuntimeCoreML/NNERuntimeCoreML.uplugin" 502
"../../../Engine/Plugins/Experimental/MediaViewer/MediaViewer.uplugin" 503
"../../../Engine/Plugins/Experimental/NeuralRendering/NeuralRendering.uplugin" 504
"../../../Engine/Plugins/Experimental/NNERuntimeBasicCpu/NNERuntimeBasicCpu.uplugin" 505
"../../../Engine/Plugins/Experimental/MutablePopulation/MutablePopulation.uplugin" 506
"../../../Engine/Plugins/Experimental/NFORDenoise/NFORDenoise.uplugin" 507
"../../../Engine/Plugins/Experimental/NNERuntimeRDG/NNERuntimeRDG.uplugin" 508
"../../../Engine/Plugins/Experimental/OpenImageDenoise/OpenImageDenoise.uplugin" 509
"../../../Engine/Plugins/Experimental/PanoramicCapture/PanoramicCapture.uplugin" 510
"../../../Engine/Plugins/Experimental/MoverIntegrations/MoverIntegrations.uplugin" 511
"../../../Engine/Plugins/Experimental/OptiXDenoise/OptiXDenoise.uplugin" 512
"../../../Engine/Plugins/Experimental/PixelStreamingPlayer/PixelStreamingPlayer.uplugin" 513
"../../../Engine/Plugins/Experimental/PlainProps/PlainProps.uplugin" 514
"../../../Engine/Plugins/Experimental/PCGBiomeCore/PCGBiomeCore.uplugin" 515
"../../../Engine/Plugins/Experimental/PlainPropsUObject/PlainPropsUObject.uplugin" 516
"../../../Engine/Plugins/Experimental/PhysicsControl/PhysicsControl.uplugin" 517
"../../../Engine/Plugins/Experimental/PlanarCutPlugin/PlanarCut.uplugin" 518
"../../../Engine/Plugins/Experimental/PlatformCrypto/PlatformCrypto.uplugin" 519
"../../../Engine/Plugins/Experimental/PluginReferenceViewer/PluginReferenceViewer.uplugin" 520
"../../../Engine/Plugins/Experimental/PluginTemplateTool/PluginTemplateTool.uplugin" 521
"../../../Engine/Plugins/Experimental/PluginAudit/PluginAudit.uplugin" 522
"../../../Engine/Plugins/Experimental/PSDImporter/PSDImporter.uplugin" 523
"../../../Engine/Plugins/Experimental/PostProcessMaterialChainGraph/PostProcessMaterialChainGraph.uplugin" 524
"../../../Engine/Plugins/Experimental/PythonFoundationPackages/PythonFoundationPackages.uplugin" 525
"../../../Engine/Plugins/Experimental/PSDImporterMaterialDesignerBridge/PSDImporterMaterialDesignerBridge.uplugin" 526
"../../../Engine/Plugins/Experimental/PythonScriptPlugin/PythonScriptPlugin.uplugin" 527
"../../../Engine/Plugins/Experimental/RawInput/RawInput.uplugin" 528
"../../../Engine/Plugins/Experimental/RazerChromaDevices/RazerChromaDevices.uplugin" 529
"../../../Engine/Plugins/Experimental/RemoteSession/RemoteSession.uplugin" 530
"../../../Engine/Plugins/Experimental/RigLogicAnimNext/RigLogicAnimNext.uplugin" 531
"../../../Engine/Plugins/Experimental/RenderGrid/RenderGrid.uplugin" 532
"../../../Engine/Plugins/Experimental/RuntimeTelemetry/RuntimeTelemetry.uplugin" 533
"../../../Engine/Plugins/Experimental/RemoteControlComponents/RemoteControlComponents.uplugin" 534
"../../../Engine/Plugins/Experimental/RigLogicMutable/RigLogicMutable.uplugin" 535
"../../../Engine/Plugins/Experimental/PCGBiomeSample/PCGBiomeSample.uplugin" 536
"../../../Engine/Plugins/Experimental/SceneState/SceneState.uplugin" 537
"../../../Engine/Plugins/Experimental/ScreenReader/ScreenReader.uplugin" 538
"../../../Engine/Plugins/Experimental/SecuritySandbox/SecuritySandbox.uplugin" 539
"../../../Engine/Plugins/Experimental/QuicMessaging/QuicMessaging.uplugin" 540
"../../../Engine/Plugins/Experimental/SerializationUtils/SerializationUtils.uplugin" 541
"../../../Engine/Plugins/Experimental/SimpleHMD/SimpleHMD.uplugin" 542
"../../../Engine/Plugins/Experimental/SequenceNavigator/SequenceNavigator.uplugin" 543
"../../../Engine/Plugins/Experimental/Shotgrid/Shotgrid.uplugin" 544
"../../../Engine/Plugins/Experimental/SkeletalReduction/SkeletalReduction.uplugin" 545
"../../../Engine/Plugins/Experimental/SlateModelViewViewModel/SlateModelViewViewModel.uplugin" 546
"../../../Engine/Plugins/Experimental/SpatialReadiness/SpatialReadiness.uplugin" 547
"../../../Engine/Plugins/Experimental/StructUtils/StructUtils.uplugin" 548
"../../../Engine/Plugins/Experimental/SlateIM/SlateIM.uplugin" 549
"../../../Engine/Plugins/Experimental/StateGraph/StateGraph.uplugin" 550
"../../../Engine/Plugins/Experimental/SubtitlesAndClosedCaptions/SubtitlesAndClosedCaptions.uplugin" 551
"../../../Engine/Plugins/Experimental/SubmitToolEditor/SubmitToolEditor.uplugin" 552
"../../../Engine/Plugins/Experimental/SurfaceEffects/SurfaceEffects.uplugin" 553
"../../../Engine/Plugins/Experimental/SVGImporter/SVGImporter.uplugin" 554
"../../../Engine/Plugins/Experimental/TargetDeviceServicesScripting/TargetDeviceServicesScripting.uplugin" 555
"../../../Engine/Plugins/Experimental/SlateScreenReader/SlateScreenReader.uplugin" 556
"../../../Engine/Plugins/Experimental/TechAudioTools/TechAudioTools.uplugin" 557
"../../../Engine/Plugins/Experimental/TetMeshing/TetMeshing.uplugin" 558
"../../../Engine/Plugins/Experimental/Text3D/Text3D.uplugin" 559
"../../../Engine/Plugins/Experimental/TextureMediaPlayer/TextureMediaPlayer.uplugin" 560
"../../../Engine/Plugins/Experimental/TextToSpeech/TextToSpeech.uplugin" 561
"../../../Engine/Plugins/Experimental/UIFramework/UIFramework.uplugin" 562
"../../../Engine/Plugins/Experimental/UserToolBoxBasicCommand/UserToolBoxBasicCommand.uplugin" 563
"../../../Engine/Plugins/Experimental/UserToolBoxCore/UserToolBoxCore.uplugin" 564
"../../../Engine/Plugins/Experimental/VirtualHeightfieldMesh/VirtualHeightfieldMesh.uplugin" 565
"../../../Engine/Plugins/Experimental/Volumetrics/Volumetrics.uplugin" 566
"../../../Engine/Plugins/Experimental/ToolPresets/ToolPresets.uplugin" 567
"../../../Engine/Plugins/NetcodeUnitTest/NetcodeUnitTest/NetcodeUnitTest.uplugin" 568
"../../../Engine/Plugins/Experimental/WaterAdvanced/WaterAdvanced.uplugin" 569
"../../../Engine/Plugins/Experimental/Water/Water.uplugin" 570
"../../../Engine/Plugins/Protocols/MQTT/MQTT.uplugin" 571
"../../../Engine/Plugins/NetcodeUnitTest/NUTUnrealEngine/NUTUnrealEngine.uplugin" 572
"../../../Engine/Plugins/Experimental/VirtualProductionUtilities/VirtualProductionUtilities.uplugin" 573
"../../../Engine/Plugins/Experimental/WaterExtras/WaterExtras.uplugin" 574
"../../../Engine/Plugins/Slate/SlateInsights/SlateInsights.uplugin" 575
"../../../Engine/Plugins/Slate/SlateScripting/SlateScripting.uplugin" 576
"../../../Engine/Plugins/Experimental/WaveFunctionCollapse/WaveFunctionCollapse.uplugin" 577
"../../../Engine/Plugins/Experimental/WidgetEditorToolPalette/WidgetEditorToolPalette.uplugin" 578
"../../../Engine/Plugins/Experimental/WebSocketMessaging/WebSocketMessaging.uplugin" 579
"../../../Engine/Plugins/Experimental/WebSocketNetworking/WebSocketNetworking.uplugin" 580
"../../../Engine/Plugins/Experimental/XRCreativeFramework/XRCreativeFramework.uplugin" 581
"../../../Engine/Plugins/Experimental/Workspace/Workspace.uplugin" 582
"../../../Engine/Plugins/VirtualProduction/ActorModifier/ActorModifier.uplugin" 583
"../../../Engine/Plugins/VirtualProduction/ActorModifierCore/ActorModifierCore.uplugin" 584
"../../../Engine/Plugins/VirtualProduction/Avalanche/Avalanche.uplugin" 585
"../../../Engine/Plugins/VirtualProduction/CameraCalibrationCore/CameraCalibrationCore.uplugin" 586
"../../../Engine/Plugins/VirtualProduction/CameraCalibration/CameraCalibration.uplugin" 587
"../../../Engine/Plugins/VirtualProduction/CameraCalibrationML/CameraCalibrationML.uplugin" 588
"../../../Engine/Plugins/VirtualProduction/CinematicAssemblyTools/CinematicAssemblyTools.uplugin" 589
"../../../Engine/Plugins/VirtualProduction/ClonerEffector/ClonerEffector.uplugin" 590
"../../../Engine/Plugins/VirtualProduction/CaptureData/CaptureData.uplugin" 591
"../../../Engine/Plugins/VirtualProduction/CompositePlane/CompositePlane.uplugin" 592
"../../../Engine/Plugins/Experimental/Tensorboard/Tensorboard.uplugin" 593
"../../../Engine/Plugins/VirtualProduction/CustomDetailsView/CustomDetailsView.uplugin" 594
"../../../Engine/Plugins/VirtualProduction/DataCharts/DataCharts.uplugin" 595
"../../../Engine/Plugins/VirtualProduction/DynamicMaterial/DynamicMaterial.uplugin" 596
"../../../Engine/Plugins/VirtualProduction/EpicStageApp/EpicStageApp.uplugin" 597
"../../../Engine/Plugins/VirtualProduction/ICVFX/ICVFX.uplugin" 598
"../../../Engine/Plugins/VirtualProduction/LensComponent/LensComponent.uplugin" 599
"../../../Engine/Plugins/VirtualProduction/GeometryMask/GeometryMask.uplugin" 600
"../../../Engine/Plugins/VirtualProduction/ICVFXTesting/ICVFXTesting.uplugin" 601
"../../../Engine/Plugins/VirtualProduction/LevelSnapshots/LevelSnapshots.uplugin" 602
"../../../Engine/Plugins/VirtualProduction/LiveLinkFreeD/LiveLinkFreeD.uplugin" 603
"../../../Engine/Plugins/VirtualProduction/LiveLinkCamera/LiveLinkCamera.uplugin" 604
"../../../Engine/Plugins/VirtualProduction/LiveLinkLens/LiveLinkLens.uplugin" 605
"../../../Engine/Plugins/VirtualProduction/LiveLinkOpenTrackIO/LiveLinkOpenTrackIO.uplugin" 606
"../../../Engine/Plugins/VirtualProduction/LiveLinkMasterLockit/LiveLinkMasterLockit.uplugin" 607
"../../../Engine/Plugins/VirtualProduction/LiveLinkVRPN/LiveLinkVRPN.uplugin" 608
"../../../Engine/Plugins/VirtualProduction/LiveLinkPrestonMDR/LiveLinkPrestonMDR.uplugin" 609
"../../../Engine/Plugins/VirtualProduction/LiveLinkInputDevice/LiveLinkInputDevice.uplugin" 610
"../../../Engine/Plugins/VirtualProduction/OperatorStack/OperatorStack.uplugin" 611
"../../../Engine/Plugins/VirtualProduction/PerformanceCaptureWorkflow/PerformanceCaptureWorkflow.uplugin" 612
"../../../Engine/Plugins/VirtualProduction/MultiUserTakes/MultiUserTakes.uplugin" 613
"../../../Engine/Plugins/VirtualProduction/PropertyAnimator/PropertyAnimator.uplugin" 614
"../../../Engine/Plugins/VirtualProduction/PropertyAnimatorCore/PropertyAnimatorCore.uplugin" 615
"../../../Engine/Plugins/VirtualProduction/RemoteControlInterception/RemoteControlInterception.uplugin" 616
"../../../Engine/Plugins/VirtualProduction/RemoteControlProtocolDMX/RemoteControlProtocolDMX.uplugin" 617
"../../../Engine/Plugins/VirtualProduction/RemoteControl/RemoteControl.uplugin" 618
"../../../Engine/Plugins/VirtualProduction/LiveLinkXR/LiveLinkXR.uplugin" 619
"../../../Engine/Plugins/VirtualProduction/RemoteControlProtocolMIDI/RemoteControlProtocolMIDI.uplugin" 620
"../../../Engine/Plugins/VirtualProduction/RemoteControlProtocolOSC/RemoteControlProtocolOSC.uplugin" 621
"../../../Engine/Plugins/VirtualProduction/StageMonitoring/StageMonitoring.uplugin" 622
"../../../Engine/Plugins/VirtualProduction/SequencerPlaylists/SequencerPlaylists.uplugin" 623
"../../../Engine/Plugins/VirtualProduction/StormSyncAvalancheBridge/StormSyncAvalancheBridge.uplugin" 624
"../../../Engine/Plugins/VirtualProduction/TimedDataMonitor/TimedDataMonitor.uplugin" 625
"../../../Engine/Plugins/VirtualProduction/StormSync/StormSync.uplugin" 626
"../../../Engine/Plugins/VirtualProduction/Switchboard/Switchboard.uplugin" 627
"../../../Engine/Plugins/VirtualProduction/Takes/Takes.uplugin" 628
"../../../Engine/Plugins/VirtualProduction/TextureShare/TextureShare.uplugin" 629
"../../../Engine/Plugins/VirtualProduction/VirtualCamera/VirtualCamera.uplugin" 630
"../../../Engine/Plugins/VirtualProduction/VirtualScouting/VirtualScouting.uplugin" 631
"../../../Engine/Plugins/Runtime/Advertising/IOSTapJoy/IOSTapJoy.uplugin" 632
"../../../Engine/Plugins/Editor/ObjectMixer/LightMixer/LightMixer.uplugin" 633
"../../../Engine/Plugins/VirtualProduction/VirtualCameraCore/VirtualCameraCore.uplugin" 634
"../../../Engine/Plugins/Editor/ObjectMixer/ObjectMixer/ObjectMixer.uplugin" 635
"../../../Engine/Plugins/VirtualProduction/RemoteControlWebInterface/RemoteControlWebInterface.uplugin" 636
"../../../Engine/Plugins/VirtualProduction/Rivermax/RivermaxMedia/RivermaxMedia.uplugin" 637
"../../../Engine/Plugins/VirtualProduction/Rivermax/RivermaxCore/RivermaxCore.uplugin" 638
"../../../Engine/Plugins/Runtime/PacketHandlers/AESGCMHandlerComponent/AESGCMHandlerComponent.uplugin" 639
"../../../Engine/Plugins/Runtime/PacketHandlers/AESHandlerComponent/AESHandlerComponent.uplugin" 640
"../../../Engine/Plugins/Experimental/CharacterFXEditor/BaseCharacterFXEditor/BaseCharacterFXEditor.uplugin" 641
"../../../Engine/Plugins/Runtime/PacketHandlers/DTLSHandlerComponent/DTLSHandlerComponent.uplugin" 642
"../../../Engine/Plugins/Experimental/CharacterFXEditor/ExampleCharacterFXEditor/ExampleCharacterFXEditor.uplugin" 643
"../../../Engine/Plugins/Experimental/Web/WebAPI/WebAPI.uplugin" 644
"../../../Engine/Plugins/VirtualProduction/Rivermax/RivermaxSync/RivermaxSync.uplugin" 645
"../../../Engine/Plugins/VirtualProduction/CaptureManager/CaptureManagerApp/CaptureManagerApp.uplugin" 646
"../../../Engine/Plugins/Editor/ContentBrowser/ContentBrowserAliasDataSource/ContentBrowserAliasDataSource.uplugin" 647
"../../../Engine/Plugins/Animation/MLDeformer/ChaosClothGenerator/ChaosClothGenerator.uplugin" 648
"../../../Engine/Plugins/VirtualProduction/CaptureManager/CaptureManagerCore/CaptureManagerCore.uplugin" 649
"../../../Engine/Plugins/VirtualProduction/CaptureManager/CaptureManagerEditor/CaptureManagerEditor.uplugin" 650
"../../../Engine/Plugins/Editor/ContentBrowser/ContentBrowserAssetDataSource/ContentBrowserAssetDataSource.uplugin" 651
"../../../Engine/Plugins/VirtualProduction/CaptureManager/CaptureManagerDevices/CaptureManagerDevices.uplugin" 652
"../../../Engine/Plugins/Animation/MLDeformer/MLDeformerFramework/MLDeformerFramework.uplugin" 653
"../../../Engine/Plugins/Animation/MLDeformer/NearestNeighborModel/NearestNeighborModel.uplugin" 654
"../../../Engine/Plugins/Editor/ContentBrowser/ContentBrowserFileDataSource/ContentBrowserFileDataSource.uplugin" 655
"../../../Engine/Plugins/Animation/MLDeformer/VertexDeltaModel/VertexDeltaModel.uplugin" 656
"../../../Engine/Plugins/Online/IOS/OnlineSubsystemIOS/OnlineSubsystemIOS.uplugin" 657
"../../../Engine/Plugins/Animation/MLDeformer/NeuralMorphModel/NeuralMorphModel.uplugin" 658
"../../../Engine/Plugins/Runtime/Database/ADOSupport/ADOSupport.uplugin" 659
"../../../Engine/Plugins/Runtime/Database/DatabaseSupport/DatabaseSupport.uplugin" 660
"../../../Engine/Plugins/Runtime/Database/RemoteDatabaseSupport/RemoteDatabaseSupport.uplugin" 661
"../../../Engine/Plugins/Runtime/Database/SQLiteCore/SQLiteCore.uplugin" 662
"../../../Engine/Plugins/Runtime/Database/SQLiteSupport/SQLiteSupport.uplugin" 663
"../../../Engine/Plugins/Editor/Localization/PortableObjectFileDataSource/PortableObjectFileDataSource.uplugin" 664
"../../../Engine/Plugins/VirtualProduction/DMX/DMXGDTF/DMXGDTF.uplugin" 665
"../../../Engine/Plugins/VirtualProduction/DMX/DatasmithMVR/DatasmithMVR.uplugin" 666
"../../../Engine/Plugins/Animation/MLDeformer/ChaosFleshGenerator/ChaosFleshGenerator.uplugin" 667
"../../../Engine/Plugins/VirtualProduction/DMX/DMXEngine/DMXEngine.uplugin" 668
"../../../Engine/Plugins/Editor/ContentBrowser/ContentBrowserClassDataSource/ContentBrowserClassDataSource.uplugin" 669
"../../../Engine/Plugins/VirtualProduction/DMX/DMXFixtures/DMXFixtures.uplugin" 670
"../../../Engine/Plugins/Interchange/Extensions/OpenUSD/InterchangeOpenUSD.uplugin" 671
"../../../Engine/Plugins/Developer/Concert/ConcertMain/ConcertMain.uplugin" 672
"../../../Engine/Plugins/VirtualProduction/DMX/DMXDisplayCluster/DMXDisplayCluster.uplugin" 673
"../../../Engine/Plugins/Interchange/Extensions/OpenVDB/InterchangeOpenVDB.uplugin" 674
"../../../Engine/Plugins/VirtualProduction/DMX/DMXControlConsole/DMXControlConsole.uplugin" 675
"../../../Engine/Plugins/VirtualProduction/DMX/DMXModularFeatures/DMXModularFeatures.uplugin" 676
"../../../Engine/Plugins/VirtualProduction/DMX/DMXProtocol/DMXProtocol.uplugin" 677
"../../../Engine/Plugins/Online/VoiceChat/EOSVoiceChat/EOSVoiceChat.uplugin" 678
"../../../Engine/Plugins/Runtime/Nvidia/Reflex/Reflex.uplugin" 679
"../../../Engine/Plugins/Online/VoiceChat/VoiceChat/VoiceChat.uplugin" 680
"../../../Engine/Plugins/Runtime/AR/ARUtilities/ARUtilities.uplugin" 681
"../../../Engine/Plugins/Runtime/Nvidia/GeForceNOWWrapper/GeForceNOWWrapper.uplugin" 682
"../../../Engine/Plugins/Online/Android/AndroidFetchBackgroundDownload/AndroidFetchBackgroundDownload.uplugin" 683
"../../../Engine/Plugins/Runtime/Windows/WinDualShock/WinDualShock.uplugin" 684
"../../../Engine/Plugins/Online/Android/OnlineSubsystemGooglePlay/OnlineSubsystemGooglePlay.uplugin" 685
"../../../Engine/Plugins/VirtualProduction/DMX/DMXPixelMapping/DMXPixelMapping.uplugin" 686
"../../../Engine/Plugins/Experimental/PCGInterops/PCGInstancedActorsInterop/PCGInstancedActorsInterop.uplugin" 687
"../../../Engine/Plugins/Runtime/Windows/XInputDevice/XInputDevice.uplugin" 688
"../../../Engine/Plugins/Experimental/PCGInterops/PCGWaterInterop/PCGWaterInterop.uplugin" 689
"../../../Engine/Plugins/Runtime/MeshReconstruction/DummyMeshReconstructor/DummyMeshReconstructor.uplugin" 690
"../../../Engine/Plugins/Experimental/AVCodecs/AMFCodecs/AMFCodecs.uplugin" 691
"../../../Engine/Plugins/Experimental/PCGInterops/PCGNiagaraInterop/PCGNiagaraInterop.uplugin" 692
"../../../Engine/Plugins/Experimental/AVCodecs/AVCodecsCore/AVCodecsCore.uplugin" 693
"../../../Engine/Plugins/Experimental/AVCodecs/LibVpxCodecs/LibVpxCodecs.uplugin" 694
"../../../Engine/Plugins/Experimental/AVCodecs/NVCodecs/NVCodecs.uplugin" 695
"../../../Engine/Plugins/Experimental/AVCodecs/WMFCodecs/WMFCodecs.uplugin" 696
"../../../Engine/Plugins/Experimental/Enterprise/DataprepGeometryOperations/DataprepGeometryOperations.uplugin" 697
"../../../Engine/Plugins/Marketplace/Developer/RiderLink/RiderLink.uplugin" 698
"../../../Engine/Plugins/Experimental/MetaHuman/MetaHumanRuntime/MetaHumanRuntime.uplugin" 699
"../../../Engine/Plugins/Runtime/Analytics/Adjust/Adjust.uplugin" 700
"../../../Engine/Plugins/Experimental/Enterprise/DatasmithRuntime/DatasmithRuntime.uplugin" 701
"../../../Engine/Plugins/Runtime/XR/XRVisualization/XRVisualization.uplugin" 702
"../../../Engine/Plugins/Runtime/XR/XRScribe/XRScribe.uplugin" 703
"../../../Engine/Plugins/Experimental/Enterprise/DatasmithInterchange/DatasmithInterchange.uplugin" 704
"../../../Engine/Plugins/Runtime/Analytics/FileLogging/FileLogging.uplugin" 705
"../../../Engine/Plugins/Experimental/AVCodecs/VTCodecs/VTCodecs.uplugin" 706
"../../../Engine/Plugins/Experimental/VirtualProduction/VPRoles/VPRoles.uplugin" 707
"../../../Engine/Plugins/Runtime/Analytics/AnalyticsBlueprintLibrary/AnalyticsBlueprintLibrary.uplugin" 708
"../../../Engine/Plugins/Experimental/VirtualProduction/LedWallCalibration/LedWallCalibration.uplugin" 709
"../../../Engine/Plugins/Runtime/Steam/SteamSockets/SteamSockets.uplugin" 710
"../../../Engine/Plugins/Runtime/Steam/SteamController/SteamController.uplugin" 711
"../../../Engine/Plugins/Runtime/Steam/SteamShared/SteamShared.uplugin" 712
"../../../Engine/Plugins/Runtime/Steam/SteamAudio/SteamAudio.uplugin" 713
"../../../Engine/Plugins/Experimental/VirtualProduction/VPSettings/VPSettings.uplugin" 714
"../../../Engine/Plugins/Experimental/Animation/ContextualAnimation/ContextualAnimation.uplugin" 715
"../../../Engine/Plugins/Experimental/Animation/CurveExpression/CurveExpression.uplugin" 716
"../../../Engine/Plugins/Experimental/Animation/HierarchyTable/HierarchyTable.uplugin" 717
"../../../Engine/Plugins/Experimental/Animation/MotionTrajectory/MotionTrajectory.uplugin" 718
"../../../Engine/Plugins/Experimental/Animation/HierarchyTableAnimation/HierarchyTableAnimation.uplugin" 719
"../../../Engine/Plugins/Experimental/Animation/Locomotor/Locomotor.uplugin" 720
"../../../Engine/Plugins/Experimental/Animation/PackedAttributes/PackedAttributes.uplugin" 721
"../../../Engine/Plugins/Experimental/Animation/Optimus/Optimus.uplugin" 722
"../../../Engine/Plugins/Experimental/Compositing/CompositeCore/CompositeCore.uplugin" 723
"../../../Engine/Plugins/Experimental/Animation/RigMapper/RigMapper.uplugin" 724
"../../../Engine/Plugins/Experimental/Animation/SkeletalMeshMorphTargetEditingTools/SkeletalMeshMorphTargetEditingTools.uplugin" 725
"../../../Engine/Plugins/Experimental/Compositing/HoldoutComposite/HoldoutComposite.uplugin" 726
"../../../Engine/Plugins/Experimental/Animation/SkeletonTemplateFramework/SkeletonTemplateFramework.uplugin" 727
"../../../Engine/Plugins/Experimental/Animation/TrajectoryTools/TrajectoryTools.uplugin" 728
"../../../Engine/Plugins/Developer/Concert/ConcertUI/ConcertClientSharedSlate/ConcertClientSharedSlate.uplugin" 729
"../../../Engine/Plugins/Runtime/AR/AppleAR/AppleARKitFaceSupport/AppleARKitFaceSupport.uplugin" 730
"../../../Engine/Plugins/Runtime/AR/AppleAR/AppleARKit/AppleARKit.uplugin" 731
"../../../Engine/Plugins/Developer/Concert/ConcertUI/ConcertSharedSlate/ConcertSharedSlate.uplugin" 732
"../../../Engine/Plugins/Runtime/AR/Google/GoogleARCoreServices/GoogleARCoreServices.uplugin" 733
"../../../Engine/Plugins/Runtime/Analytics/AnalyticsMulticast/AnalyticsMulticast.uplugin" 734
"../../../Engine/Plugins/Developer/Concert/ConcertApp/DisasterRecoveryClient/DisasterRecoveryClient.uplugin" 735
"../../../Engine/Plugins/Runtime/AR/Google/GoogleARCore/GoogleARCore.uplugin" 736
"../../../Engine/Plugins/Experimental/Animation/MLDeformer/DetailPoseModel/DetailPoseModel.uplugin" 737
"../../../Engine/Plugins/Developer/Concert/ConcertApp/MultiUserClient/MultiUserClient.uplugin" 738
"../../../Engine/Plugins/Developer/Concert/ConcertScripting/ConcertReplicationScripting/ConcertReplicationScripting.uplugin" 739
"../../../Engine/Plugins/Developer/Concert/ConcertInsights/ConcertInsightsServer/ConcertInsightsServer.uplugin" 740
"../../../Engine/Plugins/Developer/Concert/ConcertInsights/ConcertInsightsCore/ConcertInsightsCore.uplugin" 741
"../../../Engine/Plugins/Developer/Concert/ConcertInsights/ConcertInsightsVisualizer/ConcertInsightsVisualizer.uplugin" 742
"../../../Engine/Plugins/Developer/Concert/ConcertSync/ConcertSyncClient/ConcertSyncClient.uplugin" 743
"../../../Engine/Plugins/Developer/Concert/ConcertSync/ConcertSyncCore/ConcertSyncCore.uplugin" 744
"../../../Engine/Plugins/Developer/Concert/ConcertApp/MultiUserServer/MultiUserServer.uplugin" 745
"../../../Engine/Plugins/Developer/Concert/ConcertInsights/ConcertInsightsClient/ConcertInsightsClient.uplugin" 746
"../../../Engine/Plugins/Developer/Concert/ConcertSync/ConcertSyncServer/ConcertSyncServer.uplugin" 747
"../../../Engine/Plugins/Developer/Concert/ConcertSync/ConcertSyncTest/ConcertSyncTest.uplugin" 748
"../../../Engine/Platforms/Android/Plugins/RigLogic/RigLogic_Android.uplugin" 749
"../../../Engine/Platforms/Android/Plugins/Animation/ACLPlugin/ACLPlugin_Android.uplugin" 750
"../../../Engine/Platforms/IOS/Plugins/RigLogic/RigLogic_IOS.uplugin" 751
"D:/UnrealProjects/Aura2/Plugins/VisualStudioTools/VisualStudioTools.uplugin" 752
"../../../Engine/Content/Internationalization/icudt64l/cnvalias.icu" 753
"../../../Engine/Content/Internationalization/icudt64l/res_index.res" 754
"../../../Engine/Content/Internationalization/icudt64l/plurals.res" 755
"../../../Engine/Content/Internationalization/icudt64l/lang/ko.res" 756
"../../../Engine/Content/Internationalization/icudt64l/lang/pool.res" 757
"../../../Engine/Content/Internationalization/icudt64l/lang/root.res" 758
"../../../Engine/Content/Internationalization/icudt64l/region/ko.res" 759
"../../../Engine/Content/Internationalization/icudt64l/region/pool.res" 760
"../../../Engine/Content/Internationalization/icudt64l/region/root.res" 761
"../../../Engine/Content/Internationalization/icudt64l/lang/en.res" 762
"../../../Engine/Content/Internationalization/icudt64l/region/en.res" 763
"../../../Engine/Content/Internationalization/icudt64l/windowsZones.res" 764
"../../../Engine/Content/Internationalization/icudt64l/zoneinfo64.res" 765
"../../../Engine/Content/Internationalization/icudt64l/keyTypeData.res" 766
"../../../Engine/Content/Internationalization/icudt64l/timezoneTypes.res" 767
"../../../Engine/Content/Internationalization/icudt64l/likelySubtags.res" 768
"../../../Engine/Content/Internationalization/icudt64l/ko_KR.res" 769
"../../../Engine/Content/Internationalization/icudt64l/pool.res" 770
"../../../Engine/Content/Internationalization/icudt64l/ko.res" 771
"../../../Engine/Content/Internationalization/icudt64l/root.res" 772
"../../../Engine/Content/Internationalization/icudt64l/supplementalData.res" 773
"../../../Engine/Config/ConfigRedirects.ini" 774
"C:/Users/Crat/AppData/Local/UnrealEngine/5.6/Saved/Config/WindowsEditor/Manifest.ini" 775
"../../../Engine/Config/BaseEngine.ini" 776
"../../../Engine/Config/Windows/BaseWindowsEngine.ini" 777
"../../../../../UnrealProjects/Aura2/Config/DefaultEngine.ini" 778
"C:/Users/Crat/AppData/Local/Unreal Engine/Engine/Config/UserEngine.ini" 779
"D:/UnrealProjects/Aura2/Saved/Config/WindowsEditor/Engine.ini" 780
"../../../Engine/Config/BaseGame.ini" 781
"../../../../../UnrealProjects/Aura2/Config/DefaultGame.ini" 782
"../../../Engine/Config/Windows/WindowsGame.ini" 783
"D:/UnrealProjects/Aura2/Saved/Config/WindowsEditor/Game.ini" 784
"../../../Engine/Config/BaseInput.ini" 785
"../../../Engine/Config/Windows/BaseWindowsInput.ini" 786
"../../../../../UnrealProjects/Aura2/Config/DefaultInput.ini" 787
"../../../Engine/Config/Windows/WindowsInput.ini" 788
"D:/UnrealProjects/Aura2/Saved/Config/WindowsEditor/Input.ini" 789
"../../../Engine/Config/BaseDeviceProfiles.ini" 790
"../../../Engine/Config/BaseGameUserSettings.ini" 791
"D:/UnrealProjects/Aura2/Saved/Config/WindowsEditor/GameUserSettings.ini" 792
"../../../Engine/Config/BaseScalability.ini" 793
"../../../Engine/Config/BaseRuntimeOptions.ini" 794
"../../../Engine/Config/BaseInstallBundle.ini" 795
"../../../Engine/Config/BaseHardware.ini" 796
"../../../../../UnrealProjects/Aura2/Config/DefaultGameplayTags.ini" 797
"../../../Engine/Config/BaseCompat.ini" 798
"../../../Engine/Config/BaseLightmass.ini" 799
"../../../Engine/Config/BaseEditor.ini" 800
"../../../../../UnrealProjects/Aura2/Config/DefaultEditor.ini" 801
"D:/UnrealProjects/Aura2/Saved/Config/WindowsEditor/Editor.ini" 802
"../../../Engine/Config/BaseMaterialExpressions.ini" 803
"../../../Engine/Config/BaseEditorPerProjectUserSettings.ini" 804
"../../../../../UnrealProjects/Aura2/Config/DefaultEditorPerProjectUserSettings.ini" 805
"../../../Engine/Config/Windows/WindowsEditorPerProjectUserSettings.ini" 806
"D:/UnrealProjects/Aura2/Saved/Config/WindowsEditor/EditorPerProjectUserSettings.ini" 807
"../../../Engine/Config/BaseEditorSettings.ini" 808
"../../../../../UnrealProjects/Aura2/Config/DefaultEditorSettings.ini" 809
"../../../Engine/Config/Windows/WindowsEditorSettings.ini" 810
"C:/Users/Crat/AppData/Local/UnrealEngine/5.6/Saved/Config/WindowsEditor/EditorSettings.ini" 811
"../../../Engine/Config/BaseEditorKeyBindings.ini" 812
"C:/Users/Crat/AppData/Local/UnrealEngine/5.6/Saved/Config/WindowsEditor/EditorKeyBindings.ini" 813
"C:/Users/Crat/AppData/Local/UnrealEngine/5.6/Saved/Config/WindowsEditor/EditorLayout.ini" 814
"../../../../../UnrealProjects/Aura2/Binaries/Win64/Aura-Win64-Shipping.target" 815
"../../../Engine/Config/Mac/BaseMacEngine.ini" 816
"../../../Engine/Config/IOS/BaseIOSEngine.ini" 817
"../../../../../UnrealProjects/Aura2/Binaries/Win64/Aura.target" 818
"../../../Engine/Config/Android/BaseAndroidEngine.ini" 819
"../../../Engine/Config/Unix/UnixEngine.ini" 820
"../../../Engine/Config/Linux/BaseLinuxEngine.ini" 821
"../../../Engine/Config/TVOS/TVOSEngine.ini" 822
"../../../../../UnrealProjects/Aura2/Binaries/Win64/AuraEditor.target" 823
"../../../Engine/Config/Android/AndroidEngine.ini" 824
"../../../Engine/Config/Linux/LinuxEngine.ini" 825
"../../../Engine/Config/IOS/BaseIOSGame.ini" 826
"../../../Engine/Config/Mac/MacGame.ini" 827
"../../../Engine/Config/Android/BaseAndroidGame.ini" 828
"../../../Engine/Config/IOS/IOSGame.ini" 829
"../../../Engine/Config/Mac/BaseMacInput.ini" 830
"../../../Engine/Config/Linux/LinuxGame.ini" 831
"../../../Engine/Config/IOS/BaseIOSInput.ini" 832
"../../../Engine/Config/Android/BaseAndroidInput.ini" 833
"../../../Engine/Config/Android/AndroidScalability.ini" 834
"../../../Engine/Config/IOS/IOSScalability.ini" 835
"../../../Engine/Config/Android/BaseAndroidInstallBundle.ini" 836
"../../../Engine/Config/IOS/BaseIOSInstallBundle.ini" 837
"../../../Engine/Platforms/VisionOS/Config/BaseVisionOSEngine.ini" 838
"../../../Engine/Platforms/VisionOS/Config/VisionOSEngine.ini" 839
"../../../Engine/Config/PluginBase.ini" 840
"../../../Engine/Plugins/ChaosVD/Config/DefaultChaosVD.ini" 841
"../../../Engine/Plugins/EnhancedInput/Config/BaseEnhancedInput.ini" 842
"../../../Engine/Plugins/Fab/Config/BaseFab.ini" 843
"../../../Engine/Plugins/TraceUtilities/Config/BaseTraceUtilities.ini" 844
"../../../Engine/Plugins/Editor/EditorScriptingUtilities/Config/BaseEditorScriptingUtilities.ini" 845
"../../../Engine/Plugins/Interchange/Assets/Config/BaseInterchangeAssets.ini" 846
"../../../Engine/Plugins/FX/Niagara/Config/BaseNiagara.ini" 847
"D:/UnrealProjects/Aura2/Saved/Config/WindowsEditor/Niagara.ini" 848
"../../../Engine/Plugins/Interchange/Runtime/Config/BaseInterchange.ini" 849
"../../../Engine/Plugins/Enterprise/DatasmithContent/Config/BaseDatasmithContent.ini" 850
"../../../Engine/Plugins/Enterprise/GLTFExporter/Config/BaseGLTFExporter.ini" 851
"../../../Engine/Plugins/Enterprise/GLTFExporter/Config/DefaultGLTFExporter.ini" 852
"../../../Engine/Plugins/Enterprise/VariantManagerContent/Config/BaseVariantManagerContent.ini" 853
"../../../Engine/Plugins/MetaHuman/MetaHumanSDK/Config/BaseMetaHumanSDK.ini" 854
"../../../Engine/Plugins/Runtime/GameplayAbilities/Config/BaseGameplayAbilities.ini" 855
"../../../Engine/Plugins/Runtime/HairStrands/Config/BaseHairStrands.ini" 856
"../../../Engine/Plugins/Runtime/Metasound/Config/BaseMetasound.ini" 857
"../../../Engine/Plugins/Runtime/Metasound/Config/DefaultMetasound.ini" 858
"../../../Engine/Plugins/Runtime/ModelViewViewModel/Config/BaseModelViewViewModel.ini" 859
"../../../Engine/Plugins/Runtime/PropertyBindingUtils/Config/BasePropertyBindingUtils.ini" 860
"../../../Engine/Plugins/Runtime/RigVM/Config/BaseRigVM.ini" 861
"../../../Engine/Plugins/Runtime/StateTree/Config/BaseStateTree.ini" 862
"../../../Engine/Plugins/Runtime/Synthesis/Config/BaseSynthesis.ini" 863
"../../../Engine/Plugins/2D/Paper2D/Config/BasePaper2D.ini" 864
"../../../Engine/Plugins/Animation/ControlRig/Config/BaseControlRig.ini" 865
"../../../Engine/Plugins/Animation/DeformerGraph/Config/BaseDeformerGraph.ini" 866
"../../../Engine/Plugins/Animation/IKRig/Config/BaseIKRig.ini" 867
"../../../Engine/Plugins/Cameras/GameplayCameras/Config/BaseGameplayCameras.ini" 868
"../../../Engine/Plugins/Experimental/FullBodyIK/Config/BaseFullBodyIK.ini" 869
"../../../Engine/Plugins/Experimental/ToolPresets/Config/BaseToolPresets.ini" 870
"../../../Engine/Plugins/VirtualProduction/CameraCalibrationCore/Config/BaseCameraCalibrationCore.ini" 871
"../../../Engine/Plugins/VirtualProduction/Takes/Config/BaseTakes.ini" 872
"../../../Engine/Plugins/Experimental/Compositing/CompositeCore/Config/BaseCompositeCore.ini" 873
"../../../Engine/Plugins/ChaosVD/Config/Engine.ini" 874
"../../../Engine/Plugins/EnhancedInput/Config/Input.ini" 875
"../../../Engine/Plugins/Runtime/GameplayAbilities/Config/Input.ini" 876
"../../../Engine/Plugins/Runtime/InputDebugging/Config/Input.ini" 877
"../../../Engine/Plugins/Runtime/Windows/XInputDevice/Config/Input.ini" 878
"../../../Engine/Plugins/NNE/NNEDenoiser/Config/Game.ini" 879
"../../../Engine/Plugins/Online/OnlineSubsystemUtils/Config/Editor.ini" 880
"../../../Engine/Plugins/Runtime/RigVM/Config/Editor.ini" 881
"../../../Engine/Plugins/Editor/ModelingToolsEditorMode/Binaries/Win64/UnrealEditor.modules" 882
"../../../Engine/Plugins/Runtime/MeshModelingToolset/Binaries/Win64/UnrealEditor.modules" 883
"../../../Engine/Plugins/Experimental/MeshModelingToolsetExp/Binaries/Win64/UnrealEditor.modules" 884
"../../../Engine/Plugins/Editor/MeshLODToolset/Binaries/Win64/UnrealEditor.modules" 885
"../../../Engine/Plugins/Experimental/ToolPresets/Binaries/Win64/UnrealEditor.modules" 886
"../../../Engine/Plugins/Editor/StylusInput/Binaries/Win64/UnrealEditor.modules" 887
"../../../Engine/Plugins/Runtime/GeometryProcessing/Binaries/Win64/UnrealEditor.modules" 888
"../../../Engine/Plugins/Editor/ProxyLODPlugin/Binaries/Win64/UnrealEditor.modules" 889
"../../../Engine/Plugins/Experimental/PlanarCutPlugin/Binaries/Win64/UnrealEditor.modules" 890
"../../../Engine/Plugins/Runtime/GeometryCache/Binaries/Win64/UnrealEditor.modules" 891
"../../../Engine/Plugins/Experimental/GeometryFlow/Binaries/Win64/UnrealEditor.modules" 892
"../../../Engine/Plugins/Editor/EditorScriptingUtilities/Binaries/Win64/UnrealEditor.modules" 893
"../../../Engine/Plugins/FX/Niagara/Binaries/Win64/UnrealEditor.modules" 894
"../../../Engine/Plugins/Experimental/PythonScriptPlugin/Binaries/Win64/UnrealEditor.modules" 895
"../../../Engine/Plugins/Editor/ContentBrowser/ContentBrowserFileDataSource/Binaries/Win64/UnrealEditor.modules" 896
"../../../Engine/Plugins/Runtime/GameplayAbilities/Binaries/Win64/UnrealEditor.modules" 897
"../../../Engine/Plugins/Editor/GameplayTagsEditor/Binaries/Win64/UnrealEditor.modules" 898
"../../../Engine/Plugins/Runtime/DataRegistry/Binaries/Win64/UnrealEditor.modules" 899
"../../../Engine/Plugins/Animation/MotionWarping/Binaries/Win64/UnrealEditor.modules" 900
"../../../Engine/Plugins/Runtime/ModelViewViewModel/Binaries/Win64/UnrealEditor.modules" 901
"../../../Engine/Plugins/EnhancedInput/Binaries/Win64/UnrealEditor.modules" 902
"../../../Engine/Plugins/Editor/DataValidation/Binaries/Win64/UnrealEditor.modules" 903
"../../../Engine/Plugins/Marketplace/NiagaraU409cc0a0b725V9/Binaries/Win64/UnrealEditor.modules" 904
"../../../Engine/Plugins/Marketplace/AsyncLoabb9e7e751a1fV12/Binaries/Win64/UnrealEditor.modules" 905
"../../../Engine/Plugins/Bridge/Binaries/Win64/UnrealEditor.modules" 906
"../../../Engine/Plugins/MetaHuman/MetaHumanSDK/Binaries/Win64/UnrealEditor.modules" 907
"../../../Engine/Plugins/Animation/ControlRig/Binaries/Win64/UnrealEditor.modules" 908
"../../../Engine/Plugins/Runtime/HairStrands/Binaries/Win64/UnrealEditor.modules" 909
"../../../Engine/Plugins/Animation/RigLogic/Binaries/Win64/UnrealEditor.modules" 910
"../../../Engine/Plugins/Online/EOSShared/Binaries/Win64/UnrealEditor.modules" 911
"../../../Engine/Plugins/Runtime/RigVM/Binaries/Win64/UnrealEditor.modules" 912
"../../../Engine/Plugins/MovieScene/LevelSequenceEditor/Binaries/Win64/UnrealEditor.modules" 913
"../../../Engine/Plugins/Runtime/PropertyAccess/Binaries/Win64/UnrealEditor.modules" 914
"../../../Engine/Plugins/MovieScene/SequencerScripting/Binaries/Win64/UnrealEditor.modules" 915
"../../../Engine/Plugins/Animation/TweeningUtils/Binaries/Win64/UnrealEditor.modules" 916
"../../../Engine/Plugins/Animation/DeformerGraph/Binaries/Win64/UnrealEditor.modules" 917
"../../../Engine/Plugins/Experimental/Dataflow/Binaries/Win64/UnrealEditor.modules" 918
"../../../Engine/Plugins/Runtime/ComputeFramework/Binaries/Win64/UnrealEditor.modules" 919
"../../../Engine/Plugins/Experimental/CharacterFXEditor/BaseCharacterFXEditor/Binaries/Win64/UnrealEditor.modules" 920
"../../../Engine/Plugins/Runtime/ProceduralMeshComponent/Binaries/Win64/UnrealEditor.modules" 921
"../../../Engine/Plugins/Experimental/ChaosCaching/Binaries/Win64/UnrealEditor.modules" 922
"../../../Engine/Plugins/Experimental/EditorDataStorage/Binaries/Win64/UnrealEditor.modules" 923
"../../../Engine/Plugins/Experimental/EditorDataStorageFeatures/Binaries/Win64/UnrealEditor.modules" 924
"../../../Engine/Plugins/VirtualProduction/Takes/Binaries/Win64/UnrealEditor.modules" 925
"../../../Engine/Plugins/Runtime/AudioCapture/Binaries/Win64/UnrealEditor.modules" 926
"../../../Engine/Plugins/Developer/NamingTokens/Binaries/Win64/UnrealEditor.modules" 927
"../../../Engine/Plugins/Editor/EngineAssetDefinitions/Binaries/Win64/UnrealEditor.modules" 928
"../../../Engine/Plugins/ChaosCloth/Binaries/Win64/UnrealEditor.modules" 929
"../../../Engine/Plugins/ChaosInsights/Binaries/Win64/UnrealEditor.modules" 930
"../../../Engine/Plugins/ChaosVD/Binaries/Win64/UnrealEditor.modules" 931
"../../../Engine/Plugins/CmdLinkServer/Binaries/Win64/UnrealEditor.modules" 932
"../../../Engine/Plugins/Fab/Binaries/Win64/UnrealEditor.modules" 933
"../../../Engine/Plugins/Interchange/Runtime/Binaries/Win64/UnrealEditor.modules" 934
"../../../Engine/Plugins/Enterprise/VariantManagerContent/Binaries/Win64/UnrealEditor.modules" 935
"../../../Engine/Plugins/Enterprise/VariantManager/Binaries/Win64/UnrealEditor.modules" 936
"../../../Engine/Plugins/Interchange/Assets/Binaries/Win64/UnrealEditor.modules" 937
"../../../Engine/Plugins/FastBuildController/Binaries/Win64/UnrealEditor.modules" 938
"../../../Engine/Plugins/IoStoreInsights/Binaries/Win64/UnrealEditor.modules" 939
"../../../Engine/Plugins/MassInsights/Binaries/Win64/UnrealEditor.modules" 940
"../../../Engine/Plugins/MeshPainting/Binaries/Win64/UnrealEditor.modules" 941
"../../../Engine/Plugins/Interchange/Editor/Binaries/Win64/UnrealEditor.modules" 942
"../../../Engine/Plugins/RenderGraphInsights/Binaries/Win64/UnrealEditor.modules" 943
"../../../Engine/Plugins/UbaController/Binaries/Win64/UnrealEditor.modules" 944
"../../../Engine/Plugins/TraceUtilities/Binaries/Win64/UnrealEditor.modules" 945
"../../../Engine/Plugins/WorldMetrics/Binaries/Win64/UnrealEditor.modules" 946
"../../../Engine/Plugins/XGEController/Binaries/Win64/UnrealEditor.modules" 947
"../../../Engine/Plugins/Editor/AssetManagerEditor/Binaries/Win64/UnrealEditor.modules" 948
"../../../Engine/Plugins/Editor/ContentBrowser/ContentBrowserAssetDataSource/Binaries/Win64/UnrealEditor.modules" 949
"../../../Engine/Plugins/Editor/BlueprintHeaderView/Binaries/Win64/UnrealEditor.modules" 950
"../../../Engine/Plugins/Editor/ChangelistReview/Binaries/Win64/UnrealEditor.modules" 951
"../../../Engine/Plugins/Editor/ColorGrading/Binaries/Win64/UnrealEditor.modules" 952
"../../../Engine/Plugins/Editor/ObjectMixer/ObjectMixer/Binaries/Win64/UnrealEditor.modules" 953
"../../../Engine/Plugins/Editor/CryptoKeys/Binaries/Win64/UnrealEditor.modules" 954
"../../../Engine/Plugins/Editor/CurveEditorTools/Binaries/Win64/UnrealEditor.modules" 955
"../../../Engine/Plugins/Editor/EditorDebugTools/Binaries/Win64/UnrealEditor.modules" 956
"../../../Engine/Plugins/Editor/FacialAnimation/Binaries/Win64/UnrealEditor.modules" 957
"../../../Engine/Plugins/Editor/GeometryMode/Binaries/Win64/UnrealEditor.modules" 958
"../../../Engine/Plugins/Editor/MaterialAnalyzer/Binaries/Win64/UnrealEditor.modules" 959
"../../../Engine/Plugins/Editor/MobileLauncherProfileWizard/Binaries/Win64/UnrealEditor.modules" 960
"../../../Engine/Plugins/Editor/PluginBrowser/Binaries/Win64/UnrealEditor.modules" 961
"../../../Engine/Plugins/Developer/PluginUtils/Binaries/Win64/UnrealEditor.modules" 962
"../../../Engine/Plugins/Editor/SequencerAnimTools/Binaries/Win64/UnrealEditor.modules" 963
"../../../Engine/Plugins/Editor/SpeedTreeImporter/Binaries/Win64/UnrealEditor.modules" 964
"../../../Engine/Plugins/Editor/UMGWidgetPreview/Binaries/Win64/UnrealEditor.modules" 965
"../../../Engine/Plugins/Editor/UVEditor/Binaries/Win64/UnrealEditor.modules" 966
"../../../Engine/Plugins/Editor/WorldPartitionHLODUtilities/Binaries/Win64/UnrealEditor.modules" 967
"../../../Engine/Plugins/FX/Cascade/Binaries/Win64/UnrealEditor.modules" 968
"../../../Engine/Plugins/FX/NiagaraSimCaching/Binaries/Win64/UnrealEditor.modules" 969
"../../../Engine/Plugins/Messaging/TcpMessaging/Binaries/Win64/UnrealEditor.modules" 970
"../../../Engine/Plugins/Messaging/UdpMessaging/Binaries/Win64/UnrealEditor.modules" 971
"../../../Engine/Plugins/NNE/NNEDenoiser/Binaries/Win64/UnrealEditor.modules" 972
"../../../Engine/Plugins/NNE/NNERuntimeORT/Binaries/Win64/UnrealEditor.modules" 973
"../../../Engine/Plugins/Developer/AnimationSharing/Binaries/Win64/UnrealEditor.modules" 974
"../../../Engine/Plugins/Runtime/SignificanceManager/Binaries/Win64/UnrealEditor.modules" 975
"../../../Engine/Plugins/Developer/CLionSourceCodeAccess/Binaries/Win64/UnrealEditor.modules" 976
"../../../Engine/Plugins/Developer/DumpGPUServices/Binaries/Win64/UnrealEditor.modules" 977
"../../../Engine/Plugins/Developer/GitSourceControl/Binaries/Win64/UnrealEditor.modules" 978
"../../../Engine/Plugins/Developer/N10XSourceCodeAccess/Binaries/Win64/UnrealEditor.modules" 979
"../../../Engine/Plugins/Developer/PerforceSourceControl/Binaries/Win64/UnrealEditor.modules" 980
"../../../Engine/Plugins/Developer/PixWinPlugin/Binaries/Win64/UnrealEditor.modules" 981
"../../../Engine/Plugins/Developer/PlasticSourceControl/Binaries/Win64/UnrealEditor.modules" 982
"../../../Engine/Plugins/Developer/ProjectLauncher/Binaries/Win64/UnrealEditor.modules" 983
"../../../Engine/Plugins/Developer/PropertyAccessNode/Binaries/Win64/UnrealEditor.modules" 984
"../../../Engine/Plugins/Developer/RenderDocPlugin/Binaries/Win64/UnrealEditor.modules" 985
"../../../Engine/Plugins/Developer/RiderSourceCodeAccess/Binaries/Win64/UnrealEditor.modules" 986
"../../../Engine/Plugins/Developer/SubversionSourceControl/Binaries/Win64/UnrealEditor.modules" 987
"../../../Engine/Plugins/Developer/TextureFormatOodle/Binaries/Win64/UnrealEditor.modules" 988
"../../../Engine/Plugins/Developer/UObjectPlugin/Binaries/Win64/UnrealEditor.modules" 989
"../../../Engine/Plugins/Developer/VisualStudioCodeSourceCodeAccess/Binaries/Win64/UnrealEditor.modules" 990
"../../../Engine/Plugins/Developer/VisualStudioSourceCodeAccess/Binaries/Win64/UnrealEditor.modules" 991
"../../../Engine/Plugins/Enterprise/DatasmithContent/Binaries/Win64/UnrealEditor.modules" 992
"../../../Engine/Plugins/Importers/AlembicImporter/Binaries/Win64/UnrealEditor.modules" 993
"../../../Engine/Plugins/Enterprise/GLTFExporter/Binaries/Win64/UnrealEditor.modules" 994
"../../../Engine/Plugins/Media/AndroidMedia/Binaries/Win64/UnrealEditor.modules" 995
"../../../Engine/Plugins/Media/AvfMedia/Binaries/Win64/UnrealEditor.modules" 996
"../../../Engine/Plugins/Media/ImgMedia/Binaries/Win64/UnrealEditor.modules" 997
"../../../Engine/Plugins/Media/MediaPlayerEditor/Binaries/Win64/UnrealEditor.modules" 998
"../../../Engine/Plugins/Media/MediaCompositing/Binaries/Win64/UnrealEditor.modules" 999
"../../../Engine/Plugins/Media/MediaPlate/Binaries/Win64/UnrealEditor.modules" 1000
"../../../Engine/Plugins/Experimental/Compositing/CompositeCore/Binaries/Win64/UnrealEditor.modules" 1001
"../../../Engine/Plugins/MovieScene/ActorSequence/Binaries/Win64/UnrealEditor.modules" 1002
"../../../Engine/Plugins/Media/WmfMedia/Binaries/Win64/UnrealEditor.modules" 1003
"../../../Engine/Plugins/Online/OnlineBase/Binaries/Win64/UnrealEditor.modules" 1004
"../../../Engine/Plugins/Online/OnlineSubsystem/Binaries/Win64/UnrealEditor.modules" 1005
"../../../Engine/Plugins/Portal/LauncherChunkInstaller/Binaries/Win64/UnrealEditor.modules" 1006
"../../../Engine/Plugins/Online/OnlineSubsystemNull/Binaries/Win64/UnrealEditor.modules" 1007
"../../../Engine/Plugins/Online/OnlineSubsystemUtils/Binaries/Win64/UnrealEditor.modules" 1008
"../../../Engine/Plugins/Online/OnlineServices/Binaries/Win64/UnrealEditor.modules" 1009
"../../../Engine/Plugins/Runtime/ActorLayerUtilities/Binaries/Win64/UnrealEditor.modules" 1010
"../../../Engine/Plugins/Tests/InterchangeTests/Binaries/Win64/UnrealEditor.modules" 1011
"../../../Engine/Plugins/Runtime/AndroidDeviceProfileSelector/Binaries/Win64/UnrealEditor.modules" 1012
"../../../Engine/Plugins/Runtime/AndroidFileServer/Binaries/Win64/UnrealEditor.modules" 1013
"../../../Engine/Plugins/Runtime/AndroidPermission/Binaries/Win64/UnrealEditor.modules" 1014
"../../../Engine/Plugins/Runtime/AppleImageUtils/Binaries/Win64/UnrealEditor.modules" 1015
"../../../Engine/Plugins/Runtime/ArchVisCharacter/Binaries/Win64/UnrealEditor.modules" 1016
"../../../Engine/Plugins/Runtime/AssetTags/Binaries/Win64/UnrealEditor.modules" 1017
"../../../Engine/Plugins/Runtime/CableComponent/Binaries/Win64/UnrealEditor.modules" 1018
"../../../Engine/Plugins/Runtime/ChunkDownloader/Binaries/Win64/UnrealEditor.modules" 1019
"../../../Engine/Plugins/Runtime/CustomMeshComponent/Binaries/Win64/UnrealEditor.modules" 1020
"../../../Engine/Plugins/Runtime/ExampleDeviceProfileSelector/Binaries/Win64/UnrealEditor.modules" 1021
"../../../Engine/Plugins/Runtime/GooglePAD/Binaries/Win64/UnrealEditor.modules" 1022
"../../../Engine/Plugins/Runtime/InputDebugging/Binaries/Win64/UnrealEditor.modules" 1023
"../../../Engine/Plugins/Runtime/LocationServicesBPLibrary/Binaries/Win64/UnrealEditor.modules" 1024
"../../../Engine/Plugins/Runtime/Metasound/Binaries/Win64/UnrealEditor.modules" 1025
"../../../Engine/Plugins/Runtime/AudioWidgets/Binaries/Win64/UnrealEditor.modules" 1026
"../../../Engine/Plugins/Runtime/AudioSynesthesia/Binaries/Win64/UnrealEditor.modules" 1027
"../../../Engine/Plugins/Runtime/WaveTable/Binaries/Win64/UnrealEditor.modules" 1028
"../../../Engine/Plugins/Runtime/MobilePatchingUtils/Binaries/Win64/UnrealEditor.modules" 1029
"../../../Engine/Plugins/Runtime/MsQuic/Binaries/Win64/UnrealEditor.modules" 1030
"../../../Engine/Plugins/Runtime/ResonanceAudio/Binaries/Win64/UnrealEditor.modules" 1031
"../../../Engine/Plugins/Runtime/SoundFields/Binaries/Win64/UnrealEditor.modules" 1032
"../../../Engine/Plugins/Runtime/Synthesis/Binaries/Win64/UnrealEditor.modules" 1033
"../../../Engine/Plugins/2D/Paper2D/Binaries/Win64/UnrealEditor.modules" 1034
"../../../Engine/Plugins/Runtime/WebMMoviePlayer/Binaries/Win64/UnrealEditor.modules" 1035
"../../../Engine/Plugins/Media/WebMMedia/Binaries/Win64/UnrealEditor.modules" 1036
"../../../Engine/Plugins/AI/AISupport/Binaries/Win64/UnrealEditor.modules" 1037
"../../../Engine/Plugins/AI/EnvironmentQueryEditor/Binaries/Win64/UnrealEditor.modules" 1038
"../../../Engine/Plugins/Runtime/WindowsDeviceProfileSelector/Binaries/Win64/UnrealEditor.modules" 1039
"../../../Engine/Plugins/Runtime/WindowsMoviePlayer/Binaries/Win64/UnrealEditor.modules" 1040
"../../../Engine/Plugins/Animation/ACLPlugin/Binaries/Win64/UnrealEditor.modules" 1041
"../../../Engine/Plugins/Animation/AnimationData/Binaries/Win64/UnrealEditor.modules" 1042
"../../../Engine/Plugins/Animation/AnimationModifierLibrary/Binaries/Win64/UnrealEditor.modules" 1043
"../../../Engine/Plugins/Animation/BlendSpaceMotionAnalysis/Binaries/Win64/UnrealEditor.modules" 1044
"../../../Engine/Plugins/Animation/ControlRigSpline/Binaries/Win64/UnrealEditor.modules" 1045
"../../../Engine/Plugins/Animation/IKRig/Binaries/Win64/UnrealEditor.modules" 1046
"../../../Engine/Plugins/Experimental/FullBodyIK/Binaries/Win64/UnrealEditor.modules" 1047
"../../../Engine/Plugins/Cameras/CameraShakePreviewer/Binaries/Win64/UnrealEditor.modules" 1048
"../../../Engine/Plugins/Cameras/GameplayCameras/Binaries/Win64/UnrealEditor.modules" 1049
"../../../Engine/Plugins/VirtualProduction/CameraCalibrationCore/Binaries/Win64/UnrealEditor.modules" 1050
"../../../Engine/Plugins/Runtime/StateTree/Binaries/Win64/UnrealEditor.modules" 1051
"../../../Engine/Plugins/MovieScene/TemplateSequence/Binaries/Win64/UnrealEditor.modules" 1052
"../../../Engine/Plugins/Animation/GameplayInsights/Binaries/Win64/UnrealEditor.modules" 1053
"../../../Engine/Plugins/Runtime/PropertyBindingUtils/Binaries/Win64/UnrealEditor.modules" 1054
"../../../Engine/Plugins/Cameras/EngineCameras/Binaries/Win64/UnrealEditor.modules" 1055
"../../../Engine/Plugins/Compression/OodleNetwork/Binaries/Win64/UnrealEditor.modules" 1056
"../../../Engine/Plugins/Animation/SkeletalMeshModelingTools/Binaries/Win64/UnrealEditor.modules" 1057
"../../../Engine/Plugins/Experimental/AdvancedRenamer/Binaries/Win64/UnrealEditor.modules" 1058
"../../../Engine/Plugins/Experimental/AutomationUtils/Binaries/Win64/UnrealEditor.modules" 1059
"../../../Engine/Plugins/Experimental/BackChannel/Binaries/Win64/UnrealEditor.modules" 1060
"../../../Engine/Plugins/Experimental/ChaosEditor/Binaries/Win64/UnrealEditor.modules" 1061
"../../../Engine/Plugins/Experimental/GeometryCollectionPlugin/Binaries/Win64/UnrealEditor.modules" 1062
"../../../Engine/Plugins/Experimental/Fracture/Binaries/Win64/UnrealEditor.modules" 1063
"../../../Engine/Plugins/Experimental/ChaosSolverPlugin/Binaries/Win64/UnrealEditor.modules" 1064
"../../../Engine/Plugins/Experimental/GeometryDataflow/Binaries/Win64/UnrealEditor.modules" 1065
"../../../Engine/Plugins/Experimental/ChaosNiagara/Binaries/Win64/UnrealEditor.modules" 1066
"../../../Engine/Plugins/Experimental/ChaosUserDataPT/Binaries/Win64/UnrealEditor.modules" 1067
"../../../Engine/Plugins/Experimental/CharacterAI/Binaries/Win64/UnrealEditor.modules" 1068
"../../../Engine/Plugins/Experimental/EditorPerformance/Binaries/Win64/UnrealEditor.modules" 1069
"../../../Engine/Plugins/Experimental/EditorTelemetry/Binaries/Win64/UnrealEditor.modules" 1070
"../../../Engine/Plugins/Experimental/LevelSequenceNavigatorBridge/Binaries/Win64/UnrealEditor.modules" 1071
"../../../Engine/Plugins/Experimental/SequenceNavigator/Binaries/Win64/UnrealEditor.modules" 1072
"../../../Engine/Plugins/Experimental/LocalizableMessage/Binaries/Win64/UnrealEditor.modules" 1073
"../../../Engine/Plugins/Experimental/NFORDenoise/Binaries/Win64/UnrealEditor.modules" 1074
"../../../Engine/Plugins/Experimental/PlatformCrypto/Binaries/Win64/UnrealEditor.modules" 1075
"../../../Engine/Plugins/Experimental/RuntimeTelemetry/Binaries/Win64/UnrealEditor.modules" 1076
"../../../Engine/Plugins/Experimental/SkeletalReduction/Binaries/Win64/UnrealEditor.modules" 1077
"../../../Engine/Plugins/Editor/ObjectMixer/LightMixer/Binaries/Win64/UnrealEditor.modules" 1078
"../../../Engine/Plugins/Editor/ContentBrowser/ContentBrowserClassDataSource/Binaries/Win64/UnrealEditor.modules" 1079
"../../../Engine/Plugins/Editor/Localization/PortableObjectFileDataSource/Binaries/Win64/UnrealEditor.modules" 1080
"../../../Engine/Plugins/Runtime/Windows/XInputDevice/Binaries/Win64/UnrealEditor.modules" 1081
"../../../Engine/Plugins/Marketplace/Developer/RiderLink/Binaries/Win64/UnrealEditor.modules" 1082
"D:/UnrealProjects/Aura2/Plugins/VisualStudioTools/Binaries/Win64/UnrealEditor.modules" 1083
"../../../Engine/Config/BaseSourceControlSettings.ini" 1084
"../../../Engine/Content/Internationalization/icudt64l/coll/ucadata.icu" 1085
"../../../Engine/Content/Internationalization/icudt64l/coll/ko.res" 1086
"../../../Engine/Content/Internationalization/icudt64l/coll/root.res" 1087
"../../../Engine/Content/Certificates/ThirdParty/cacert.pem" 1088
"../../../Engine/Config/ConsoleVariables.ini" 1089
"../../../Engine/Binaries/Win64/Android/UnrealEditor.modules" 1090
"../../../Engine/Binaries/Win64/IOS/UnrealEditor.modules" 1091
"../../../Engine/Binaries/Win64/Linux/UnrealEditor.modules" 1092
"../../../Engine/Content/Localization/Editor/ko/Editor.locres" 1093
"../../../Engine/Content/Localization/EditorTutorials/ko/EditorTutorials.locres" 1094
"../../../Engine/Content/Localization/Keywords/ko/Keywords.locres" 1095
"../../../Engine/Content/Localization/Category/ko/Category.locres" 1096
"../../../Engine/Content/Localization/ToolTips/ko/ToolTips.locres" 1097
"../../../Engine/Content/Localization/PropertyNames/ko/PropertyNames.locres" 1098
"../../../Engine/Content/Localization/Engine/ko/Engine.locres" 1099
"../../../Engine/Plugins/MetaHuman/MetaHumanSDK/Content/Localization/MetaHumanSDK/ko/MetaHumanSDK.locres" 1100
"../../../Engine/Plugins/Online/OnlineSubsystem/Content/Localization/OnlineSubsystem/ko/OnlineSubsystem.locres" 1101
"../../../Engine/Plugins/Online/OnlineSubsystemUtils/Content/Localization/OnlineSubsystemUtils/ko/OnlineSubsystemUtils.locres" 1102
"../../../Engine/Plugins/Online/IOS/OnlineSubsystemIOS/Content/Localization/OnlineSubsystemIOS/ko/OnlineSubsystemIOS.locres" 1103
"../../../Engine/Plugins/Online/Android/OnlineSubsystemGooglePlay/Content/Localization/OnlineSubsystemGooglePlay/ko/OnlineSubsystemGooglePlay.locres" 1104
"../../../Engine/Content/Internationalization/icudt64l/numberingSystems.res" 1105
"../../../Engine/Content/Internationalization/icudt64l/curr/supplementalData.res" 1106
"../../../Engine/Content/Internationalization/icudt64l/curr/ko.res" 1107
"../../../Engine/Content/Internationalization/icudt64l/curr/pool.res" 1108
"../../../Engine/Content/Internationalization/icudt64l/curr/root.res" 1109
"../../../Engine/Content/Internationalization/icudt64l/lang/af.res" 1110
"../../../Engine/Content/Internationalization/icudt64l/region/af.res" 1111
"../../../Engine/Content/Internationalization/icudt64l/lang/agq.res" 1112
"../../../Engine/Content/Internationalization/icudt64l/region/agq.res" 1113
"../../../Engine/Content/Internationalization/icudt64l/lang/ak.res" 1114
"../../../Engine/Content/Internationalization/icudt64l/region/ak.res" 1115
"../../../Engine/Content/Internationalization/icudt64l/lang/am.res" 1116
"../../../Engine/Content/Internationalization/icudt64l/region/am.res" 1117
"../../../Engine/Content/Internationalization/icudt64l/lang/ar.res" 1118
"../../../Engine/Content/Internationalization/icudt64l/region/ar.res" 1119
"../../../Engine/Content/Internationalization/icudt64l/region/ar_AE.res" 1120
"../../../Engine/Content/Internationalization/icudt64l/lang/ar_EG.res" 1121
"../../../Engine/Content/Internationalization/icudt64l/lang/ar_LY.res" 1122
"../../../Engine/Content/Internationalization/icudt64l/region/ar_LY.res" 1123
"../../../Engine/Content/Internationalization/icudt64l/lang/ar_SA.res" 1124
"../../../Engine/Content/Internationalization/icudt64l/region/ar_SA.res" 1125
"../../../Engine/Content/Internationalization/icudt64l/lang/as.res" 1126
"../../../Engine/Content/Internationalization/icudt64l/region/as.res" 1127
"../../../Engine/Content/Internationalization/icudt64l/lang/asa.res" 1128
"../../../Engine/Content/Internationalization/icudt64l/region/asa.res" 1129
"../../../Engine/Content/Internationalization/icudt64l/lang/ast.res" 1130
"../../../Engine/Content/Internationalization/icudt64l/region/ast.res" 1131
"../../../Engine/Content/Internationalization/icudt64l/lang/az.res" 1132
"../../../Engine/Content/Internationalization/icudt64l/lang/az_Cyrl.res" 1133
"../../../Engine/Content/Internationalization/icudt64l/lang/az_AZ.res" 1134
"../../../Engine/Content/Internationalization/icudt64l/lang/az_Latn_AZ.res" 1135
"../../../Engine/Content/Internationalization/icudt64l/lang/az_Latn.res" 1136
"../../../Engine/Content/Internationalization/icudt64l/region/az_AZ.res" 1137
"../../../Engine/Content/Internationalization/icudt64l/region/az_Latn_AZ.res" 1138
"../../../Engine/Content/Internationalization/icudt64l/region/az_Latn.res" 1139
"../../../Engine/Content/Internationalization/icudt64l/region/az.res" 1140
"../../../Engine/Content/Internationalization/icudt64l/region/az_Cyrl.res" 1141
"../../../Engine/Content/Internationalization/icudt64l/lang/bas.res" 1142
"../../../Engine/Content/Internationalization/icudt64l/region/bas.res" 1143
"../../../Engine/Content/Internationalization/icudt64l/lang/be.res" 1144
"../../../Engine/Content/Internationalization/icudt64l/region/be.res" 1145
"../../../Engine/Content/Internationalization/icudt64l/lang/bem.res" 1146
"../../../Engine/Content/Internationalization/icudt64l/region/bem.res" 1147
"../../../Engine/Content/Internationalization/icudt64l/lang/bez.res" 1148
"../../../Engine/Content/Internationalization/icudt64l/region/bez.res" 1149
"../../../Engine/Content/Internationalization/icudt64l/lang/bg.res" 1150
"../../../Engine/Content/Internationalization/icudt64l/region/bg.res" 1151
"../../../Engine/Content/Internationalization/icudt64l/lang/bm.res" 1152
"../../../Engine/Content/Internationalization/icudt64l/region/bm.res" 1153
"../../../Engine/Content/Internationalization/icudt64l/lang/bn.res" 1154
"../../../Engine/Content/Internationalization/icudt64l/region/bn.res" 1155
"../../../Engine/Content/Internationalization/icudt64l/lang/bn_IN.res" 1156
"../../../Engine/Content/Internationalization/icudt64l/region/bn_IN.res" 1157
"../../../Engine/Content/Internationalization/icudt64l/lang/bo.res" 1158
"../../../Engine/Content/Internationalization/icudt64l/region/bo.res" 1159
"../../../Engine/Content/Internationalization/icudt64l/region/bo_IN.res" 1160
"../../../Engine/Content/Internationalization/icudt64l/lang/br.res" 1161
"../../../Engine/Content/Internationalization/icudt64l/region/br.res" 1162
"../../../Engine/Content/Internationalization/icudt64l/lang/brx.res" 1163
"../../../Engine/Content/Internationalization/icudt64l/region/brx.res" 1164
"../../../Engine/Content/Internationalization/icudt64l/lang/bs.res" 1165
"../../../Engine/Content/Internationalization/icudt64l/lang/bs_Cyrl.res" 1166
"../../../Engine/Content/Internationalization/icudt64l/lang/bs_BA.res" 1167
"../../../Engine/Content/Internationalization/icudt64l/lang/bs_Latn_BA.res" 1168
"../../../Engine/Content/Internationalization/icudt64l/lang/bs_Latn.res" 1169
"../../../Engine/Content/Internationalization/icudt64l/region/bs_BA.res" 1170
"../../../Engine/Content/Internationalization/icudt64l/region/bs_Latn_BA.res" 1171
"../../../Engine/Content/Internationalization/icudt64l/region/bs_Latn.res" 1172
"../../../Engine/Content/Internationalization/icudt64l/region/bs.res" 1173
"../../../Engine/Content/Internationalization/icudt64l/region/bs_Cyrl.res" 1174
"../../../Engine/Content/Internationalization/icudt64l/lang/ca.res" 1175
"../../../Engine/Content/Internationalization/icudt64l/region/ca.res" 1176
"../../../Engine/Content/Internationalization/icudt64l/lang/ccp.res" 1177
"../../../Engine/Content/Internationalization/icudt64l/region/ccp.res" 1178
"../../../Engine/Content/Internationalization/icudt64l/lang/ce.res" 1179
"../../../Engine/Content/Internationalization/icudt64l/region/ce.res" 1180
"../../../Engine/Content/Internationalization/icudt64l/lang/ceb.res" 1181
"../../../Engine/Content/Internationalization/icudt64l/region/ceb.res" 1182
"../../../Engine/Content/Internationalization/icudt64l/lang/cgg.res" 1183
"../../../Engine/Content/Internationalization/icudt64l/region/cgg.res" 1184
"../../../Engine/Content/Internationalization/icudt64l/lang/chr.res" 1185
"../../../Engine/Content/Internationalization/icudt64l/region/chr.res" 1186
"../../../Engine/Content/Internationalization/icudt64l/lang/ckb.res" 1187
"../../../Engine/Content/Internationalization/icudt64l/region/ckb.res" 1188
"../../../Engine/Content/Internationalization/icudt64l/lang/cs.res" 1189
"../../../Engine/Content/Internationalization/icudt64l/region/cs.res" 1190
"../../../Engine/Content/Internationalization/icudt64l/lang/cy.res" 1191
"../../../Engine/Content/Internationalization/icudt64l/region/cy.res" 1192
"../../../Engine/Content/Internationalization/icudt64l/lang/da.res" 1193
"../../../Engine/Content/Internationalization/icudt64l/region/da.res" 1194
"../../../Engine/Content/Internationalization/icudt64l/lang/dav.res" 1195
"../../../Engine/Content/Internationalization/icudt64l/region/dav.res" 1196
"../../../Engine/Content/Internationalization/icudt64l/lang/de.res" 1197
"../../../Engine/Content/Internationalization/icudt64l/lang/de_AT.res" 1198
"../../../Engine/Content/Internationalization/icudt64l/region/de_AT.res" 1199
"../../../Engine/Content/Internationalization/icudt64l/region/de.res" 1200
"../../../Engine/Content/Internationalization/icudt64l/lang/de_CH.res" 1201
"../../../Engine/Content/Internationalization/icudt64l/region/de_CH.res" 1202
"../../../Engine/Content/Internationalization/icudt64l/lang/de_LU.res" 1203
"../../../Engine/Content/Internationalization/icudt64l/lang/dje.res" 1204
"../../../Engine/Content/Internationalization/icudt64l/region/dje.res" 1205
"../../../Engine/Content/Internationalization/icudt64l/lang/dsb.res" 1206
"../../../Engine/Content/Internationalization/icudt64l/region/dsb.res" 1207
"../../../Engine/Content/Internationalization/icudt64l/lang/dua.res" 1208
"../../../Engine/Content/Internationalization/icudt64l/region/dua.res" 1209
"../../../Engine/Content/Internationalization/icudt64l/lang/dyo.res" 1210
"../../../Engine/Content/Internationalization/icudt64l/region/dyo.res" 1211
"../../../Engine/Content/Internationalization/icudt64l/lang/dz.res" 1212
"../../../Engine/Content/Internationalization/icudt64l/region/dz.res" 1213
"../../../Engine/Content/Internationalization/icudt64l/lang/ebu.res" 1214
"../../../Engine/Content/Internationalization/icudt64l/region/ebu.res" 1215
"../../../Engine/Content/Internationalization/icudt64l/lang/ee.res" 1216
"../../../Engine/Content/Internationalization/icudt64l/region/ee.res" 1217
"../../../Engine/Content/Internationalization/icudt64l/lang/el.res" 1218
"../../../Engine/Content/Internationalization/icudt64l/region/el.res" 1219
"../../../Engine/Content/Internationalization/icudt64l/lang/en_001.res" 1220
"../../../Engine/Content/Internationalization/icudt64l/lang/en_150.res" 1221
"../../../Engine/Content/Internationalization/icudt64l/region/en_150.res" 1222
"../../../Engine/Content/Internationalization/icudt64l/lang/en_AG.res" 1223
"../../../Engine/Content/Internationalization/icudt64l/region/en_AG.res" 1224
"../../../Engine/Content/Internationalization/icudt64l/lang/en_AI.res" 1225
"../../../Engine/Content/Internationalization/icudt64l/region/en_AI.res" 1226
"../../../Engine/Content/Internationalization/icudt64l/lang/en_AT.res" 1227
"../../../Engine/Content/Internationalization/icudt64l/region/en_AT.res" 1228
"../../../Engine/Content/Internationalization/icudt64l/lang/en_AU.res" 1229
"../../../Engine/Content/Internationalization/icudt64l/region/en_AU.res" 1230
"../../../Engine/Content/Internationalization/icudt64l/lang/en_BB.res" 1231
"../../../Engine/Content/Internationalization/icudt64l/region/en_BB.res" 1232
"../../../Engine/Content/Internationalization/icudt64l/lang/en_BE.res" 1233
"../../../Engine/Content/Internationalization/icudt64l/region/en_BE.res" 1234
"../../../Engine/Content/Internationalization/icudt64l/lang/en_BM.res" 1235
"../../../Engine/Content/Internationalization/icudt64l/region/en_BM.res" 1236
"../../../Engine/Content/Internationalization/icudt64l/lang/en_BS.res" 1237
"../../../Engine/Content/Internationalization/icudt64l/region/en_BS.res" 1238
"../../../Engine/Content/Internationalization/icudt64l/lang/en_BW.res" 1239
"../../../Engine/Content/Internationalization/icudt64l/region/en_BW.res" 1240
"../../../Engine/Content/Internationalization/icudt64l/lang/en_BZ.res" 1241
"../../../Engine/Content/Internationalization/icudt64l/region/en_BZ.res" 1242
"../../../Engine/Content/Internationalization/icudt64l/lang/en_CA.res" 1243
"../../../Engine/Content/Internationalization/icudt64l/region/en_CA.res" 1244
"../../../Engine/Content/Internationalization/icudt64l/lang/en_CC.res" 1245
"../../../Engine/Content/Internationalization/icudt64l/region/en_CC.res" 1246
"../../../Engine/Content/Internationalization/icudt64l/lang/en_CH.res" 1247
"../../../Engine/Content/Internationalization/icudt64l/region/en_CH.res" 1248
"../../../Engine/Content/Internationalization/icudt64l/lang/en_CK.res" 1249
"../../../Engine/Content/Internationalization/icudt64l/region/en_CK.res" 1250
"../../../Engine/Content/Internationalization/icudt64l/lang/en_CM.res" 1251
"../../../Engine/Content/Internationalization/icudt64l/region/en_CM.res" 1252
"../../../Engine/Content/Internationalization/icudt64l/lang/en_CX.res" 1253
"../../../Engine/Content/Internationalization/icudt64l/region/en_CX.res" 1254
"../../../Engine/Content/Internationalization/icudt64l/lang/en_CY.res" 1255
"../../../Engine/Content/Internationalization/icudt64l/region/en_CY.res" 1256
"../../../Engine/Content/Internationalization/icudt64l/lang/en_DE.res" 1257
"../../../Engine/Content/Internationalization/icudt64l/region/en_DE.res" 1258
"../../../Engine/Content/Internationalization/icudt64l/lang/en_DG.res" 1259
"../../../Engine/Content/Internationalization/icudt64l/region/en_DG.res" 1260
"../../../Engine/Content/Internationalization/icudt64l/lang/en_DK.res" 1261
"../../../Engine/Content/Internationalization/icudt64l/region/en_DK.res" 1262
"../../../Engine/Content/Internationalization/icudt64l/lang/en_DM.res" 1263
"../../../Engine/Content/Internationalization/icudt64l/region/en_DM.res" 1264
"../../../Engine/Content/Internationalization/icudt64l/lang/en_ER.res" 1265
"../../../Engine/Content/Internationalization/icudt64l/region/en_ER.res" 1266
"../../../Engine/Content/Internationalization/icudt64l/lang/en_FI.res" 1267
"../../../Engine/Content/Internationalization/icudt64l/region/en_FI.res" 1268
"../../../Engine/Content/Internationalization/icudt64l/lang/en_FJ.res" 1269
"../../../Engine/Content/Internationalization/icudt64l/region/en_FJ.res" 1270
"../../../Engine/Content/Internationalization/icudt64l/lang/en_FK.res" 1271
"../../../Engine/Content/Internationalization/icudt64l/region/en_FK.res" 1272
"../../../Engine/Content/Internationalization/icudt64l/lang/en_FM.res" 1273
"../../../Engine/Content/Internationalization/icudt64l/region/en_FM.res" 1274
"../../../Engine/Content/Internationalization/icudt64l/lang/en_GB.res" 1275
"../../../Engine/Content/Internationalization/icudt64l/region/en_GB.res" 1276
"../../../Engine/Content/Internationalization/icudt64l/lang/en_GD.res" 1277
"../../../Engine/Content/Internationalization/icudt64l/region/en_GD.res" 1278
"../../../Engine/Content/Internationalization/icudt64l/lang/en_GG.res" 1279
"../../../Engine/Content/Internationalization/icudt64l/region/en_GG.res" 1280
"../../../Engine/Content/Internationalization/icudt64l/lang/en_GH.res" 1281
"../../../Engine/Content/Internationalization/icudt64l/region/en_GH.res" 1282
"../../../Engine/Content/Internationalization/icudt64l/lang/en_GI.res" 1283
"../../../Engine/Content/Internationalization/icudt64l/region/en_GI.res" 1284
"../../../Engine/Content/Internationalization/icudt64l/lang/en_GM.res" 1285
"../../../Engine/Content/Internationalization/icudt64l/region/en_GM.res" 1286
"../../../Engine/Content/Internationalization/icudt64l/lang/en_GY.res" 1287
"../../../Engine/Content/Internationalization/icudt64l/region/en_GY.res" 1288
"../../../Engine/Content/Internationalization/icudt64l/lang/en_HK.res" 1289
"../../../Engine/Content/Internationalization/icudt64l/region/en_HK.res" 1290
"../../../Engine/Content/Internationalization/icudt64l/lang/en_IE.res" 1291
"../../../Engine/Content/Internationalization/icudt64l/region/en_IE.res" 1292
"../../../Engine/Content/Internationalization/icudt64l/lang/en_IL.res" 1293
"../../../Engine/Content/Internationalization/icudt64l/region/en_IL.res" 1294
"../../../Engine/Content/Internationalization/icudt64l/lang/en_IM.res" 1295
"../../../Engine/Content/Internationalization/icudt64l/region/en_IM.res" 1296
"../../../Engine/Content/Internationalization/icudt64l/lang/en_IN.res" 1297
"../../../Engine/Content/Internationalization/icudt64l/region/en_IN.res" 1298
"../../../Engine/Content/Internationalization/icudt64l/lang/en_IO.res" 1299
"../../../Engine/Content/Internationalization/icudt64l/region/en_IO.res" 1300
"../../../Engine/Content/Internationalization/icudt64l/lang/en_JE.res" 1301
"../../../Engine/Content/Internationalization/icudt64l/region/en_JE.res" 1302
"../../../Engine/Content/Internationalization/icudt64l/lang/en_JM.res" 1303
"../../../Engine/Content/Internationalization/icudt64l/region/en_JM.res" 1304
"../../../Engine/Content/Internationalization/icudt64l/lang/en_KE.res" 1305
"../../../Engine/Content/Internationalization/icudt64l/region/en_KE.res" 1306
"../../../Engine/Content/Internationalization/icudt64l/lang/en_KI.res" 1307
"../../../Engine/Content/Internationalization/icudt64l/region/en_KI.res" 1308
"../../../Engine/Content/Internationalization/icudt64l/lang/en_KN.res" 1309
"../../../Engine/Content/Internationalization/icudt64l/region/en_KN.res" 1310
"../../../Engine/Content/Internationalization/icudt64l/lang/en_KY.res" 1311
"../../../Engine/Content/Internationalization/icudt64l/region/en_KY.res" 1312
"../../../Engine/Content/Internationalization/icudt64l/lang/en_LC.res" 1313
"../../../Engine/Content/Internationalization/icudt64l/region/en_LC.res" 1314
"../../../Engine/Content/Internationalization/icudt64l/lang/en_LR.res" 1315
"../../../Engine/Content/Internationalization/icudt64l/region/en_LR.res" 1316
"../../../Engine/Content/Internationalization/icudt64l/lang/en_LS.res" 1317
"../../../Engine/Content/Internationalization/icudt64l/region/en_LS.res" 1318
"../../../Engine/Content/Internationalization/icudt64l/lang/en_MG.res" 1319
"../../../Engine/Content/Internationalization/icudt64l/region/en_MG.res" 1320
"../../../Engine/Content/Internationalization/icudt64l/lang/en_MO.res" 1321
"../../../Engine/Content/Internationalization/icudt64l/region/en_MO.res" 1322
"../../../Engine/Content/Internationalization/icudt64l/lang/en_MS.res" 1323
"../../../Engine/Content/Internationalization/icudt64l/region/en_MS.res" 1324
"../../../Engine/Content/Internationalization/icudt64l/lang/en_MT.res" 1325
"../../../Engine/Content/Internationalization/icudt64l/region/en_MT.res" 1326
"../../../Engine/Content/Internationalization/icudt64l/lang/en_MU.res" 1327
"../../../Engine/Content/Internationalization/icudt64l/region/en_MU.res" 1328
"../../../Engine/Content/Internationalization/icudt64l/lang/en_MW.res" 1329
"../../../Engine/Content/Internationalization/icudt64l/region/en_MW.res" 1330
"../../../Engine/Content/Internationalization/icudt64l/lang/en_MY.res" 1331
"../../../Engine/Content/Internationalization/icudt64l/region/en_MY.res" 1332
"../../../Engine/Content/Internationalization/icudt64l/lang/en_NA.res" 1333
"../../../Engine/Content/Internationalization/icudt64l/region/en_NA.res" 1334
"../../../Engine/Content/Internationalization/icudt64l/lang/en_NF.res" 1335
"../../../Engine/Content/Internationalization/icudt64l/region/en_NF.res" 1336
"../../../Engine/Content/Internationalization/icudt64l/lang/en_NG.res" 1337
"../../../Engine/Content/Internationalization/icudt64l/region/en_NG.res" 1338
"../../../Engine/Content/Internationalization/icudt64l/lang/en_NL.res" 1339
"../../../Engine/Content/Internationalization/icudt64l/region/en_NL.res" 1340
"../../../Engine/Content/Internationalization/icudt64l/lang/en_NR.res" 1341
"../../../Engine/Content/Internationalization/icudt64l/region/en_NR.res" 1342
"../../../Engine/Content/Internationalization/icudt64l/lang/en_NU.res" 1343
"../../../Engine/Content/Internationalization/icudt64l/region/en_NU.res" 1344
"../../../Engine/Content/Internationalization/icudt64l/lang/en_NZ.res" 1345
"../../../Engine/Content/Internationalization/icudt64l/region/en_NZ.res" 1346
"../../../Engine/Content/Internationalization/icudt64l/lang/en_PG.res" 1347
"../../../Engine/Content/Internationalization/icudt64l/region/en_PG.res" 1348
"../../../Engine/Content/Internationalization/icudt64l/lang/en_PH.res" 1349
"../../../Engine/Content/Internationalization/icudt64l/region/en_PH.res" 1350
"../../../Engine/Content/Internationalization/icudt64l/lang/en_PK.res" 1351
"../../../Engine/Content/Internationalization/icudt64l/region/en_PK.res" 1352
"../../../Engine/Content/Internationalization/icudt64l/lang/en_PN.res" 1353
"../../../Engine/Content/Internationalization/icudt64l/region/en_PN.res" 1354
"../../../Engine/Content/Internationalization/icudt64l/lang/en_PW.res" 1355
"../../../Engine/Content/Internationalization/icudt64l/region/en_PW.res" 1356
"../../../Engine/Content/Internationalization/icudt64l/lang/en_RW.res" 1357
"../../../Engine/Content/Internationalization/icudt64l/region/en_RW.res" 1358
"../../../Engine/Content/Internationalization/icudt64l/lang/en_SB.res" 1359
"../../../Engine/Content/Internationalization/icudt64l/region/en_SB.res" 1360
"../../../Engine/Content/Internationalization/icudt64l/lang/en_SC.res" 1361
"../../../Engine/Content/Internationalization/icudt64l/region/en_SC.res" 1362
"../../../Engine/Content/Internationalization/icudt64l/lang/en_SD.res" 1363
"../../../Engine/Content/Internationalization/icudt64l/region/en_SD.res" 1364
"../../../Engine/Content/Internationalization/icudt64l/lang/en_SE.res" 1365
"../../../Engine/Content/Internationalization/icudt64l/region/en_SE.res" 1366
"../../../Engine/Content/Internationalization/icudt64l/lang/en_SG.res" 1367
"../../../Engine/Content/Internationalization/icudt64l/region/en_SG.res" 1368
"../../../Engine/Content/Internationalization/icudt64l/lang/en_SH.res" 1369
"../../../Engine/Content/Internationalization/icudt64l/region/en_SH.res" 1370
"../../../Engine/Content/Internationalization/icudt64l/lang/en_SI.res" 1371
"../../../Engine/Content/Internationalization/icudt64l/region/en_SI.res" 1372
"../../../Engine/Content/Internationalization/icudt64l/lang/en_SL.res" 1373
"../../../Engine/Content/Internationalization/icudt64l/region/en_SL.res" 1374
"../../../Engine/Content/Internationalization/icudt64l/lang/en_SS.res" 1375
"../../../Engine/Content/Internationalization/icudt64l/region/en_SS.res" 1376
"../../../Engine/Content/Internationalization/icudt64l/lang/en_SX.res" 1377
"../../../Engine/Content/Internationalization/icudt64l/region/en_SX.res" 1378
"../../../Engine/Content/Internationalization/icudt64l/lang/en_SZ.res" 1379
"../../../Engine/Content/Internationalization/icudt64l/region/en_SZ.res" 1380
"../../../Engine/Content/Internationalization/icudt64l/lang/en_TC.res" 1381
"../../../Engine/Content/Internationalization/icudt64l/region/en_TC.res" 1382
"../../../Engine/Content/Internationalization/icudt64l/lang/en_TK.res" 1383
"../../../Engine/Content/Internationalization/icudt64l/region/en_TK.res" 1384
"../../../Engine/Content/Internationalization/icudt64l/lang/en_TO.res" 1385
"../../../Engine/Content/Internationalization/icudt64l/region/en_TO.res" 1386
"../../../Engine/Content/Internationalization/icudt64l/lang/en_TT.res" 1387
"../../../Engine/Content/Internationalization/icudt64l/region/en_TT.res" 1388
"../../../Engine/Content/Internationalization/icudt64l/lang/en_TV.res" 1389
"../../../Engine/Content/Internationalization/icudt64l/region/en_TV.res" 1390
"../../../Engine/Content/Internationalization/icudt64l/lang/en_TZ.res" 1391
"../../../Engine/Content/Internationalization/icudt64l/region/en_TZ.res" 1392
"../../../Engine/Content/Internationalization/icudt64l/lang/en_UG.res" 1393
"../../../Engine/Content/Internationalization/icudt64l/region/en_UG.res" 1394
"../../../Engine/Content/Internationalization/icudt64l/lang/en_VC.res" 1395
"../../../Engine/Content/Internationalization/icudt64l/region/en_VC.res" 1396
"../../../Engine/Content/Internationalization/icudt64l/lang/en_VG.res" 1397
"../../../Engine/Content/Internationalization/icudt64l/region/en_VG.res" 1398
"../../../Engine/Content/Internationalization/icudt64l/lang/en_VU.res" 1399
"../../../Engine/Content/Internationalization/icudt64l/region/en_VU.res" 1400
"../../../Engine/Content/Internationalization/icudt64l/lang/en_WS.res" 1401
"../../../Engine/Content/Internationalization/icudt64l/region/en_WS.res" 1402
"../../../Engine/Content/Internationalization/icudt64l/lang/en_ZA.res" 1403
"../../../Engine/Content/Internationalization/icudt64l/region/en_ZA.res" 1404
"../../../Engine/Content/Internationalization/icudt64l/lang/en_ZM.res" 1405
"../../../Engine/Content/Internationalization/icudt64l/region/en_ZM.res" 1406
"../../../Engine/Content/Internationalization/icudt64l/lang/en_ZW.res" 1407
"../../../Engine/Content/Internationalization/icudt64l/region/en_ZW.res" 1408
"../../../Engine/Content/Internationalization/icudt64l/lang/eo.res" 1409
"../../../Engine/Content/Internationalization/icudt64l/region/eo.res" 1410
"../../../Engine/Content/Internationalization/icudt64l/lang/es.res" 1411
"../../../Engine/Content/Internationalization/icudt64l/lang/es_419.res" 1412
"../../../Engine/Content/Internationalization/icudt64l/region/es_419.res" 1413
"../../../Engine/Content/Internationalization/icudt64l/region/es.res" 1414
"../../../Engine/Content/Internationalization/icudt64l/lang/es_AR.res" 1415
"../../../Engine/Content/Internationalization/icudt64l/region/es_AR.res" 1416
"../../../Engine/Content/Internationalization/icudt64l/lang/es_BO.res" 1417
"../../../Engine/Content/Internationalization/icudt64l/region/es_BO.res" 1418
"../../../Engine/Content/Internationalization/icudt64l/lang/es_BR.res" 1419
"../../../Engine/Content/Internationalization/icudt64l/region/es_BR.res" 1420
"../../../Engine/Content/Internationalization/icudt64l/lang/es_BZ.res" 1421
"../../../Engine/Content/Internationalization/icudt64l/region/es_BZ.res" 1422
"../../../Engine/Content/Internationalization/icudt64l/lang/es_CL.res" 1423
"../../../Engine/Content/Internationalization/icudt64l/region/es_CL.res" 1424
"../../../Engine/Content/Internationalization/icudt64l/lang/es_CO.res" 1425
"../../../Engine/Content/Internationalization/icudt64l/region/es_CO.res" 1426
"../../../Engine/Content/Internationalization/icudt64l/lang/es_CR.res" 1427
"../../../Engine/Content/Internationalization/icudt64l/region/es_CR.res" 1428
"../../../Engine/Content/Internationalization/icudt64l/lang/es_CU.res" 1429
"../../../Engine/Content/Internationalization/icudt64l/region/es_CU.res" 1430
"../../../Engine/Content/Internationalization/icudt64l/lang/es_DO.res" 1431
"../../../Engine/Content/Internationalization/icudt64l/region/es_DO.res" 1432
"../../../Engine/Content/Internationalization/icudt64l/lang/es_EC.res" 1433
"../../../Engine/Content/Internationalization/icudt64l/region/es_EC.res" 1434
"../../../Engine/Content/Internationalization/icudt64l/lang/es_GT.res" 1435
"../../../Engine/Content/Internationalization/icudt64l/region/es_GT.res" 1436
"../../../Engine/Content/Internationalization/icudt64l/lang/es_HN.res" 1437
"../../../Engine/Content/Internationalization/icudt64l/region/es_HN.res" 1438
"../../../Engine/Content/Internationalization/icudt64l/lang/es_MX.res" 1439
"../../../Engine/Content/Internationalization/icudt64l/region/es_MX.res" 1440
"../../../Engine/Content/Internationalization/icudt64l/lang/es_NI.res" 1441
"../../../Engine/Content/Internationalization/icudt64l/region/es_NI.res" 1442
"../../../Engine/Content/Internationalization/icudt64l/lang/es_PA.res" 1443
"../../../Engine/Content/Internationalization/icudt64l/region/es_PA.res" 1444
"../../../Engine/Content/Internationalization/icudt64l/lang/es_PE.res" 1445
"../../../Engine/Content/Internationalization/icudt64l/region/es_PE.res" 1446
"../../../Engine/Content/Internationalization/icudt64l/lang/es_PR.res" 1447
"../../../Engine/Content/Internationalization/icudt64l/region/es_PR.res" 1448
"../../../Engine/Content/Internationalization/icudt64l/lang/es_PY.res" 1449
"../../../Engine/Content/Internationalization/icudt64l/region/es_PY.res" 1450
"../../../Engine/Content/Internationalization/icudt64l/lang/es_SV.res" 1451
"../../../Engine/Content/Internationalization/icudt64l/region/es_SV.res" 1452
"../../../Engine/Content/Internationalization/icudt64l/lang/es_US.res" 1453
"../../../Engine/Content/Internationalization/icudt64l/region/es_US.res" 1454
"../../../Engine/Content/Internationalization/icudt64l/lang/es_UY.res" 1455
"../../../Engine/Content/Internationalization/icudt64l/region/es_UY.res" 1456
"../../../Engine/Content/Internationalization/icudt64l/lang/es_VE.res" 1457
"../../../Engine/Content/Internationalization/icudt64l/region/es_VE.res" 1458
"../../../Engine/Content/Internationalization/icudt64l/lang/et.res" 1459
"../../../Engine/Content/Internationalization/icudt64l/region/et.res" 1460
"../../../Engine/Content/Internationalization/icudt64l/lang/eu.res" 1461
"../../../Engine/Content/Internationalization/icudt64l/region/eu.res" 1462
"../../../Engine/Content/Internationalization/icudt64l/lang/ewo.res" 1463
"../../../Engine/Content/Internationalization/icudt64l/region/ewo.res" 1464
"../../../Engine/Content/Internationalization/icudt64l/lang/fa.res" 1465
"../../../Engine/Content/Internationalization/icudt64l/lang/fa_AF.res" 1466
"../../../Engine/Content/Internationalization/icudt64l/region/fa_AF.res" 1467
"../../../Engine/Content/Internationalization/icudt64l/region/fa.res" 1468
"../../../Engine/Content/Internationalization/icudt64l/lang/ff.res" 1469
"../../../Engine/Content/Internationalization/icudt64l/lang/ff_Latn.res" 1470
"../../../Engine/Content/Internationalization/icudt64l/region/ff.res" 1471
"../../../Engine/Content/Internationalization/icudt64l/region/ff_Latn.res" 1472
"../../../Engine/Content/Internationalization/icudt64l/lang/ff_CM.res" 1473
"../../../Engine/Content/Internationalization/icudt64l/lang/ff_Latn_CM.res" 1474
"../../../Engine/Content/Internationalization/icudt64l/region/ff_CM.res" 1475
"../../../Engine/Content/Internationalization/icudt64l/region/ff_Latn_CM.res" 1476
"../../../Engine/Content/Internationalization/icudt64l/lang/ff_GN.res" 1477
"../../../Engine/Content/Internationalization/icudt64l/lang/ff_Latn_GN.res" 1478
"../../../Engine/Content/Internationalization/icudt64l/region/ff_GN.res" 1479
"../../../Engine/Content/Internationalization/icudt64l/region/ff_Latn_GN.res" 1480
"../../../Engine/Content/Internationalization/icudt64l/lang/ff_MR.res" 1481
"../../../Engine/Content/Internationalization/icudt64l/lang/ff_Latn_MR.res" 1482
"../../../Engine/Content/Internationalization/icudt64l/region/ff_MR.res" 1483
"../../../Engine/Content/Internationalization/icudt64l/region/ff_Latn_MR.res" 1484
"../../../Engine/Content/Internationalization/icudt64l/lang/ff_SN.res" 1485
"../../../Engine/Content/Internationalization/icudt64l/lang/ff_Latn_SN.res" 1486
"../../../Engine/Content/Internationalization/icudt64l/region/ff_SN.res" 1487
"../../../Engine/Content/Internationalization/icudt64l/region/ff_Latn_SN.res" 1488
"../../../Engine/Content/Internationalization/icudt64l/lang/fi.res" 1489
"../../../Engine/Content/Internationalization/icudt64l/region/fi.res" 1490
"../../../Engine/Content/Internationalization/icudt64l/lang/fil.res" 1491
"../../../Engine/Content/Internationalization/icudt64l/lang/fil_PH.res" 1492
"../../../Engine/Content/Internationalization/icudt64l/region/fil_PH.res" 1493
"../../../Engine/Content/Internationalization/icudt64l/region/fil.res" 1494
"../../../Engine/Content/Internationalization/icudt64l/lang/fo.res" 1495
"../../../Engine/Content/Internationalization/icudt64l/region/fo.res" 1496
"../../../Engine/Content/Internationalization/icudt64l/lang/fr.res" 1497
"../../../Engine/Content/Internationalization/icudt64l/lang/fr_BE.res" 1498
"../../../Engine/Content/Internationalization/icudt64l/region/fr_BE.res" 1499
"../../../Engine/Content/Internationalization/icudt64l/region/fr.res" 1500
"../../../Engine/Content/Internationalization/icudt64l/lang/fr_CA.res" 1501
"../../../Engine/Content/Internationalization/icudt64l/region/fr_CA.res" 1502
"../../../Engine/Content/Internationalization/icudt64l/lang/fr_CH.res" 1503
"../../../Engine/Content/Internationalization/icudt64l/lang/fur.res" 1504
"../../../Engine/Content/Internationalization/icudt64l/region/fur.res" 1505
"../../../Engine/Content/Internationalization/icudt64l/lang/fy.res" 1506
"../../../Engine/Content/Internationalization/icudt64l/region/fy.res" 1507
"../../../Engine/Content/Internationalization/icudt64l/lang/ga.res" 1508
"../../../Engine/Content/Internationalization/icudt64l/region/ga.res" 1509
"../../../Engine/Content/Internationalization/icudt64l/lang/gd.res" 1510
"../../../Engine/Content/Internationalization/icudt64l/region/gd.res" 1511
"../../../Engine/Content/Internationalization/icudt64l/lang/gl.res" 1512
"../../../Engine/Content/Internationalization/icudt64l/region/gl.res" 1513
"../../../Engine/Content/Internationalization/icudt64l/lang/gsw.res" 1514
"../../../Engine/Content/Internationalization/icudt64l/region/gsw.res" 1515
"../../../Engine/Content/Internationalization/icudt64l/lang/gu.res" 1516
"../../../Engine/Content/Internationalization/icudt64l/region/gu.res" 1517
"../../../Engine/Content/Internationalization/icudt64l/lang/guz.res" 1518
"../../../Engine/Content/Internationalization/icudt64l/region/guz.res" 1519
"../../../Engine/Content/Internationalization/icudt64l/lang/gv.res" 1520
"../../../Engine/Content/Internationalization/icudt64l/region/gv.res" 1521
"../../../Engine/Content/Internationalization/icudt64l/lang/ha.res" 1522
"../../../Engine/Content/Internationalization/icudt64l/region/ha.res" 1523
"../../../Engine/Content/Internationalization/icudt64l/lang/ha_NE.res" 1524
"../../../Engine/Content/Internationalization/icudt64l/region/ha_NE.res" 1525
"../../../Engine/Content/Internationalization/icudt64l/lang/haw.res" 1526
"../../../Engine/Content/Internationalization/icudt64l/region/haw.res" 1527
"../../../Engine/Content/Internationalization/icudt64l/lang/he.res" 1528
"../../../Engine/Content/Internationalization/icudt64l/lang/he_IL.res" 1529
"../../../Engine/Content/Internationalization/icudt64l/region/he_IL.res" 1530
"../../../Engine/Content/Internationalization/icudt64l/region/he.res" 1531
"../../../Engine/Content/Internationalization/icudt64l/lang/hi.res" 1532
"../../../Engine/Content/Internationalization/icudt64l/region/hi.res" 1533
"../../../Engine/Content/Internationalization/icudt64l/lang/hr.res" 1534
"../../../Engine/Content/Internationalization/icudt64l/region/hr.res" 1535
"../../../Engine/Content/Internationalization/icudt64l/lang/hsb.res" 1536
"../../../Engine/Content/Internationalization/icudt64l/region/hsb.res" 1537
"../../../Engine/Content/Internationalization/icudt64l/lang/hu.res" 1538
"../../../Engine/Content/Internationalization/icudt64l/region/hu.res" 1539
"../../../Engine/Content/Internationalization/icudt64l/lang/hy.res" 1540
"../../../Engine/Content/Internationalization/icudt64l/region/hy.res" 1541
"../../../Engine/Content/Internationalization/icudt64l/lang/ia.res" 1542
"../../../Engine/Content/Internationalization/icudt64l/region/ia.res" 1543
"../../../Engine/Content/Internationalization/icudt64l/lang/id.res" 1544
"../../../Engine/Content/Internationalization/icudt64l/lang/id_ID.res" 1545
"../../../Engine/Content/Internationalization/icudt64l/region/id_ID.res" 1546
"../../../Engine/Content/Internationalization/icudt64l/region/id.res" 1547
"../../../Engine/Content/Internationalization/icudt64l/lang/ig.res" 1548
"../../../Engine/Content/Internationalization/icudt64l/region/ig.res" 1549
"../../../Engine/Content/Internationalization/icudt64l/lang/ii.res" 1550
"../../../Engine/Content/Internationalization/icudt64l/region/ii.res" 1551
"../../../Engine/Content/Internationalization/icudt64l/lang/is.res" 1552
"../../../Engine/Content/Internationalization/icudt64l/region/is.res" 1553
"../../../Engine/Content/Internationalization/icudt64l/lang/it.res" 1554
"../../../Engine/Content/Internationalization/icudt64l/region/it.res" 1555
"../../../Engine/Content/Internationalization/icudt64l/lang/ja.res" 1556
"../../../Engine/Content/Internationalization/icudt64l/lang/ja_JP.res" 1557
"../../../Engine/Content/Internationalization/icudt64l/region/ja_JP.res" 1558
"../../../Engine/Content/Internationalization/icudt64l/region/ja.res" 1559
"../../../Engine/Content/Internationalization/icudt64l/lang/jgo.res" 1560
"../../../Engine/Content/Internationalization/icudt64l/region/jgo.res" 1561
"../../../Engine/Content/Internationalization/icudt64l/lang/jmc.res" 1562
"../../../Engine/Content/Internationalization/icudt64l/region/jmc.res" 1563
"../../../Engine/Content/Internationalization/icudt64l/lang/jv.res" 1564
"../../../Engine/Content/Internationalization/icudt64l/region/jv.res" 1565
"../../../Engine/Content/Internationalization/icudt64l/lang/ka.res" 1566
"../../../Engine/Content/Internationalization/icudt64l/region/ka.res" 1567
"../../../Engine/Content/Internationalization/icudt64l/lang/kab.res" 1568
"../../../Engine/Content/Internationalization/icudt64l/region/kab.res" 1569
"../../../Engine/Content/Internationalization/icudt64l/lang/kam.res" 1570
"../../../Engine/Content/Internationalization/icudt64l/region/kam.res" 1571
"../../../Engine/Content/Internationalization/icudt64l/lang/kde.res" 1572
"../../../Engine/Content/Internationalization/icudt64l/region/kde.res" 1573
"../../../Engine/Content/Internationalization/icudt64l/lang/kea.res" 1574
"../../../Engine/Content/Internationalization/icudt64l/region/kea.res" 1575
"../../../Engine/Content/Internationalization/icudt64l/lang/khq.res" 1576
"../../../Engine/Content/Internationalization/icudt64l/region/khq.res" 1577
"../../../Engine/Content/Internationalization/icudt64l/lang/ki.res" 1578
"../../../Engine/Content/Internationalization/icudt64l/region/ki.res" 1579
"../../../Engine/Content/Internationalization/icudt64l/lang/kk.res" 1580
"../../../Engine/Content/Internationalization/icudt64l/region/kk.res" 1581
"../../../Engine/Content/Internationalization/icudt64l/lang/kkj.res" 1582
"../../../Engine/Content/Internationalization/icudt64l/region/kkj.res" 1583
"../../../Engine/Content/Internationalization/icudt64l/lang/kl.res" 1584
"../../../Engine/Content/Internationalization/icudt64l/region/kl.res" 1585
"../../../Engine/Content/Internationalization/icudt64l/lang/kln.res" 1586
"../../../Engine/Content/Internationalization/icudt64l/region/kln.res" 1587
"../../../Engine/Content/Internationalization/icudt64l/lang/km.res" 1588
"../../../Engine/Content/Internationalization/icudt64l/region/km.res" 1589
"../../../Engine/Content/Internationalization/icudt64l/lang/kn.res" 1590
"../../../Engine/Content/Internationalization/icudt64l/region/kn.res" 1591
"../../../Engine/Content/Internationalization/icudt64l/region/ko_KP.res" 1592
"../../../Engine/Content/Internationalization/icudt64l/lang/kok.res" 1593
"../../../Engine/Content/Internationalization/icudt64l/region/kok.res" 1594
"../../../Engine/Content/Internationalization/icudt64l/lang/ks.res" 1595
"../../../Engine/Content/Internationalization/icudt64l/region/ks.res" 1596
"../../../Engine/Content/Internationalization/icudt64l/lang/ksb.res" 1597
"../../../Engine/Content/Internationalization/icudt64l/region/ksb.res" 1598
"../../../Engine/Content/Internationalization/icudt64l/lang/ksf.res" 1599
"../../../Engine/Content/Internationalization/icudt64l/region/ksf.res" 1600
"../../../Engine/Content/Internationalization/icudt64l/lang/ksh.res" 1601
"../../../Engine/Content/Internationalization/icudt64l/region/ksh.res" 1602
"../../../Engine/Content/Internationalization/icudt64l/lang/ku.res" 1603
"../../../Engine/Content/Internationalization/icudt64l/region/ku.res" 1604
"../../../Engine/Content/Internationalization/icudt64l/lang/kw.res" 1605
"../../../Engine/Content/Internationalization/icudt64l/region/kw.res" 1606
"../../../Engine/Content/Internationalization/icudt64l/lang/ky.res" 1607
"../../../Engine/Content/Internationalization/icudt64l/region/ky.res" 1608
"../../../Engine/Content/Internationalization/icudt64l/lang/lag.res" 1609
"../../../Engine/Content/Internationalization/icudt64l/region/lag.res" 1610
"../../../Engine/Content/Internationalization/icudt64l/lang/lb.res" 1611
"../../../Engine/Content/Internationalization/icudt64l/region/lb.res" 1612
"../../../Engine/Content/Internationalization/icudt64l/lang/lg.res" 1613
"../../../Engine/Content/Internationalization/icudt64l/region/lg.res" 1614
"../../../Engine/Content/Internationalization/icudt64l/lang/lkt.res" 1615
"../../../Engine/Content/Internationalization/icudt64l/region/lkt.res" 1616
"../../../Engine/Content/Internationalization/icudt64l/lang/ln.res" 1617
"../../../Engine/Content/Internationalization/icudt64l/region/ln.res" 1618
"../../../Engine/Content/Internationalization/icudt64l/lang/lo.res" 1619
"../../../Engine/Content/Internationalization/icudt64l/region/lo.res" 1620
"../../../Engine/Content/Internationalization/icudt64l/lang/lrc.res" 1621
"../../../Engine/Content/Internationalization/icudt64l/region/lrc.res" 1622
"../../../Engine/Content/Internationalization/icudt64l/lang/lt.res" 1623
"../../../Engine/Content/Internationalization/icudt64l/region/lt.res" 1624
"../../../Engine/Content/Internationalization/icudt64l/lang/lu.res" 1625
"../../../Engine/Content/Internationalization/icudt64l/region/lu.res" 1626
"../../../Engine/Content/Internationalization/icudt64l/lang/luo.res" 1627
"../../../Engine/Content/Internationalization/icudt64l/region/luo.res" 1628
"../../../Engine/Content/Internationalization/icudt64l/lang/luy.res" 1629
"../../../Engine/Content/Internationalization/icudt64l/region/luy.res" 1630
"../../../Engine/Content/Internationalization/icudt64l/lang/lv.res" 1631
"../../../Engine/Content/Internationalization/icudt64l/region/lv.res" 1632
"../../../Engine/Content/Internationalization/icudt64l/lang/mas.res" 1633
"../../../Engine/Content/Internationalization/icudt64l/region/mas.res" 1634
"../../../Engine/Content/Internationalization/icudt64l/lang/mer.res" 1635
"../../../Engine/Content/Internationalization/icudt64l/region/mer.res" 1636
"../../../Engine/Content/Internationalization/icudt64l/lang/mfe.res" 1637
"../../../Engine/Content/Internationalization/icudt64l/region/mfe.res" 1638
"../../../Engine/Content/Internationalization/icudt64l/lang/mg.res" 1639
"../../../Engine/Content/Internationalization/icudt64l/region/mg.res" 1640
"../../../Engine/Content/Internationalization/icudt64l/lang/mgh.res" 1641
"../../../Engine/Content/Internationalization/icudt64l/region/mgh.res" 1642
"../../../Engine/Content/Internationalization/icudt64l/lang/mgo.res" 1643
"../../../Engine/Content/Internationalization/icudt64l/region/mgo.res" 1644
"../../../Engine/Content/Internationalization/icudt64l/lang/mi.res" 1645
"../../../Engine/Content/Internationalization/icudt64l/region/mi.res" 1646
"../../../Engine/Content/Internationalization/icudt64l/lang/mk.res" 1647
"../../../Engine/Content/Internationalization/icudt64l/region/mk.res" 1648
"../../../Engine/Content/Internationalization/icudt64l/lang/ml.res" 1649
"../../../Engine/Content/Internationalization/icudt64l/region/ml.res" 1650
"../../../Engine/Content/Internationalization/icudt64l/lang/mn.res" 1651
"../../../Engine/Content/Internationalization/icudt64l/region/mn.res" 1652
"../../../Engine/Content/Internationalization/icudt64l/lang/mr.res" 1653
"../../../Engine/Content/Internationalization/icudt64l/region/mr.res" 1654
"../../../Engine/Content/Internationalization/icudt64l/lang/ms.res" 1655
"../../../Engine/Content/Internationalization/icudt64l/region/ms.res" 1656
"../../../Engine/Content/Internationalization/icudt64l/lang/mt.res" 1657
"../../../Engine/Content/Internationalization/icudt64l/region/mt.res" 1658
"../../../Engine/Content/Internationalization/icudt64l/lang/mua.res" 1659
"../../../Engine/Content/Internationalization/icudt64l/region/mua.res" 1660
"../../../Engine/Content/Internationalization/icudt64l/lang/my.res" 1661
"../../../Engine/Content/Internationalization/icudt64l/region/my.res" 1662
"../../../Engine/Content/Internationalization/icudt64l/lang/mzn.res" 1663
"../../../Engine/Content/Internationalization/icudt64l/region/mzn.res" 1664
"../../../Engine/Content/Internationalization/icudt64l/lang/naq.res" 1665
"../../../Engine/Content/Internationalization/icudt64l/region/naq.res" 1666
"../../../Engine/Content/Internationalization/icudt64l/lang/nb.res" 1667
"../../../Engine/Content/Internationalization/icudt64l/lang/nb_NO.res" 1668
"../../../Engine/Content/Internationalization/icudt64l/region/nb_NO.res" 1669
"../../../Engine/Content/Internationalization/icudt64l/region/nb.res" 1670
"../../../Engine/Content/Internationalization/icudt64l/lang/nd.res" 1671
"../../../Engine/Content/Internationalization/icudt64l/region/nd.res" 1672
"../../../Engine/Content/Internationalization/icudt64l/lang/nds.res" 1673
"../../../Engine/Content/Internationalization/icudt64l/region/nds.res" 1674
"../../../Engine/Content/Internationalization/icudt64l/lang/ne.res" 1675
"../../../Engine/Content/Internationalization/icudt64l/region/ne.res" 1676
"../../../Engine/Content/Internationalization/icudt64l/lang/nl.res" 1677
"../../../Engine/Content/Internationalization/icudt64l/region/nl.res" 1678
"../../../Engine/Content/Internationalization/icudt64l/lang/nmg.res" 1679
"../../../Engine/Content/Internationalization/icudt64l/region/nmg.res" 1680
"../../../Engine/Content/Internationalization/icudt64l/lang/nn.res" 1681
"../../../Engine/Content/Internationalization/icudt64l/lang/nn_NO.res" 1682
"../../../Engine/Content/Internationalization/icudt64l/region/nn_NO.res" 1683
"../../../Engine/Content/Internationalization/icudt64l/region/nn.res" 1684
"../../../Engine/Content/Internationalization/icudt64l/lang/nnh.res" 1685
"../../../Engine/Content/Internationalization/icudt64l/region/nnh.res" 1686
"../../../Engine/Content/Internationalization/icudt64l/lang/nus.res" 1687
"../../../Engine/Content/Internationalization/icudt64l/region/nus.res" 1688
"../../../Engine/Content/Internationalization/icudt64l/lang/nyn.res" 1689
"../../../Engine/Content/Internationalization/icudt64l/region/nyn.res" 1690
"../../../Engine/Content/Internationalization/icudt64l/lang/om.res" 1691
"../../../Engine/Content/Internationalization/icudt64l/region/om.res" 1692
"../../../Engine/Content/Internationalization/icudt64l/lang/or.res" 1693
"../../../Engine/Content/Internationalization/icudt64l/region/or.res" 1694
"../../../Engine/Content/Internationalization/icudt64l/lang/os.res" 1695
"../../../Engine/Content/Internationalization/icudt64l/region/os.res" 1696
"../../../Engine/Content/Internationalization/icudt64l/lang/pa.res" 1697
"../../../Engine/Content/Internationalization/icudt64l/lang/pa_Arab.res" 1698
"../../../Engine/Content/Internationalization/icudt64l/lang/pa_PK.res" 1699
"../../../Engine/Content/Internationalization/icudt64l/lang/pa_Arab_PK.res" 1700
"../../../Engine/Content/Internationalization/icudt64l/region/pa_PK.res" 1701
"../../../Engine/Content/Internationalization/icudt64l/region/pa_Arab_PK.res" 1702
"../../../Engine/Content/Internationalization/icudt64l/region/pa_Arab.res" 1703
"../../../Engine/Content/Internationalization/icudt64l/lang/pa_Guru.res" 1704
"../../../Engine/Content/Internationalization/icudt64l/lang/pa_IN.res" 1705
"../../../Engine/Content/Internationalization/icudt64l/lang/pa_Guru_IN.res" 1706
"../../../Engine/Content/Internationalization/icudt64l/region/pa_IN.res" 1707
"../../../Engine/Content/Internationalization/icudt64l/region/pa_Guru_IN.res" 1708
"../../../Engine/Content/Internationalization/icudt64l/region/pa_Guru.res" 1709
"../../../Engine/Content/Internationalization/icudt64l/region/pa.res" 1710
"../../../Engine/Content/Internationalization/icudt64l/lang/pl.res" 1711
"../../../Engine/Content/Internationalization/icudt64l/region/pl.res" 1712
"../../../Engine/Content/Internationalization/icudt64l/lang/ps.res" 1713
"../../../Engine/Content/Internationalization/icudt64l/region/ps.res" 1714
"../../../Engine/Content/Internationalization/icudt64l/lang/ps_PK.res" 1715
"../../../Engine/Content/Internationalization/icudt64l/region/ps_PK.res" 1716
"../../../Engine/Content/Internationalization/icudt64l/lang/pt.res" 1717
"../../../Engine/Content/Internationalization/icudt64l/lang/pt_AO.res" 1718
"../../../Engine/Content/Internationalization/icudt64l/lang/pt_PT.res" 1719
"../../../Engine/Content/Internationalization/icudt64l/region/pt_AO.res" 1720
"../../../Engine/Content/Internationalization/icudt64l/region/pt_PT.res" 1721
"../../../Engine/Content/Internationalization/icudt64l/region/pt.res" 1722
"../../../Engine/Content/Internationalization/icudt64l/lang/pt_CH.res" 1723
"../../../Engine/Content/Internationalization/icudt64l/region/pt_CH.res" 1724
"../../../Engine/Content/Internationalization/icudt64l/lang/pt_CV.res" 1725
"../../../Engine/Content/Internationalization/icudt64l/region/pt_CV.res" 1726
"../../../Engine/Content/Internationalization/icudt64l/lang/pt_GQ.res" 1727
"../../../Engine/Content/Internationalization/icudt64l/region/pt_GQ.res" 1728
"../../../Engine/Content/Internationalization/icudt64l/lang/pt_GW.res" 1729
"../../../Engine/Content/Internationalization/icudt64l/region/pt_GW.res" 1730
"../../../Engine/Content/Internationalization/icudt64l/lang/pt_LU.res" 1731
"../../../Engine/Content/Internationalization/icudt64l/region/pt_LU.res" 1732
"../../../Engine/Content/Internationalization/icudt64l/lang/pt_MO.res" 1733
"../../../Engine/Content/Internationalization/icudt64l/region/pt_MO.res" 1734
"../../../Engine/Content/Internationalization/icudt64l/lang/pt_MZ.res" 1735
"../../../Engine/Content/Internationalization/icudt64l/region/pt_MZ.res" 1736
"../../../Engine/Content/Internationalization/icudt64l/lang/pt_ST.res" 1737
"../../../Engine/Content/Internationalization/icudt64l/region/pt_ST.res" 1738
"../../../Engine/Content/Internationalization/icudt64l/lang/pt_TL.res" 1739
"../../../Engine/Content/Internationalization/icudt64l/region/pt_TL.res" 1740
"../../../Engine/Content/Internationalization/icudt64l/lang/qu.res" 1741
"../../../Engine/Content/Internationalization/icudt64l/region/qu.res" 1742
"../../../Engine/Content/Internationalization/icudt64l/lang/rm.res" 1743
"../../../Engine/Content/Internationalization/icudt64l/region/rm.res" 1744
"../../../Engine/Content/Internationalization/icudt64l/lang/rn.res" 1745
"../../../Engine/Content/Internationalization/icudt64l/region/rn.res" 1746
"../../../Engine/Content/Internationalization/icudt64l/lang/ro.res" 1747
"../../../Engine/Content/Internationalization/icudt64l/lang/ro_MD.res" 1748
"../../../Engine/Content/Internationalization/icudt64l/region/ro_MD.res" 1749
"../../../Engine/Content/Internationalization/icudt64l/region/ro.res" 1750
"../../../Engine/Content/Internationalization/icudt64l/lang/rof.res" 1751
"../../../Engine/Content/Internationalization/icudt64l/region/rof.res" 1752
"../../../Engine/Content/Internationalization/icudt64l/lang/ru.res" 1753
"../../../Engine/Content/Internationalization/icudt64l/region/ru.res" 1754
"../../../Engine/Content/Internationalization/icudt64l/region/ru_UA.res" 1755
"../../../Engine/Content/Internationalization/icudt64l/lang/rw.res" 1756
"../../../Engine/Content/Internationalization/icudt64l/region/rw.res" 1757
"../../../Engine/Content/Internationalization/icudt64l/lang/rwk.res" 1758
"../../../Engine/Content/Internationalization/icudt64l/region/rwk.res" 1759
"../../../Engine/Content/Internationalization/icudt64l/lang/sah.res" 1760
"../../../Engine/Content/Internationalization/icudt64l/region/sah.res" 1761
"../../../Engine/Content/Internationalization/icudt64l/lang/saq.res" 1762
"../../../Engine/Content/Internationalization/icudt64l/region/saq.res" 1763
"../../../Engine/Content/Internationalization/icudt64l/lang/sbp.res" 1764
"../../../Engine/Content/Internationalization/icudt64l/region/sbp.res" 1765
"../../../Engine/Content/Internationalization/icudt64l/lang/sd.res" 1766
"../../../Engine/Content/Internationalization/icudt64l/region/sd.res" 1767
"../../../Engine/Content/Internationalization/icudt64l/lang/se.res" 1768
"../../../Engine/Content/Internationalization/icudt64l/lang/se_FI.res" 1769
"../../../Engine/Content/Internationalization/icudt64l/region/se_FI.res" 1770
"../../../Engine/Content/Internationalization/icudt64l/region/se.res" 1771
"../../../Engine/Content/Internationalization/icudt64l/lang/seh.res" 1772
"../../../Engine/Content/Internationalization/icudt64l/region/seh.res" 1773
"../../../Engine/Content/Internationalization/icudt64l/lang/ses.res" 1774
"../../../Engine/Content/Internationalization/icudt64l/region/ses.res" 1775
"../../../Engine/Content/Internationalization/icudt64l/lang/sg.res" 1776
"../../../Engine/Content/Internationalization/icudt64l/region/sg.res" 1777
"../../../Engine/Content/Internationalization/icudt64l/lang/shi.res" 1778
"../../../Engine/Content/Internationalization/icudt64l/lang/shi_Latn.res" 1779
"../../../Engine/Content/Internationalization/icudt64l/lang/shi_MA.res" 1780
"../../../Engine/Content/Internationalization/icudt64l/lang/shi_Tfng_MA.res" 1781
"../../../Engine/Content/Internationalization/icudt64l/lang/shi_Tfng.res" 1782
"../../../Engine/Content/Internationalization/icudt64l/region/shi_MA.res" 1783
"../../../Engine/Content/Internationalization/icudt64l/region/shi_Tfng_MA.res" 1784
"../../../Engine/Content/Internationalization/icudt64l/region/shi_Tfng.res" 1785
"../../../Engine/Content/Internationalization/icudt64l/region/shi.res" 1786
"../../../Engine/Content/Internationalization/icudt64l/region/shi_Latn.res" 1787
"../../../Engine/Content/Internationalization/icudt64l/lang/si.res" 1788
"../../../Engine/Content/Internationalization/icudt64l/region/si.res" 1789
"../../../Engine/Content/Internationalization/icudt64l/lang/sk.res" 1790
"../../../Engine/Content/Internationalization/icudt64l/region/sk.res" 1791
"../../../Engine/Content/Internationalization/icudt64l/lang/sl.res" 1792
"../../../Engine/Content/Internationalization/icudt64l/region/sl.res" 1793
"../../../Engine/Content/Internationalization/icudt64l/lang/smn.res" 1794
"../../../Engine/Content/Internationalization/icudt64l/region/smn.res" 1795
"../../../Engine/Content/Internationalization/icudt64l/lang/sn.res" 1796
"../../../Engine/Content/Internationalization/icudt64l/region/sn.res" 1797
"../../../Engine/Content/Internationalization/icudt64l/lang/so.res" 1798
"../../../Engine/Content/Internationalization/icudt64l/region/so.res" 1799
"../../../Engine/Content/Internationalization/icudt64l/lang/sq.res" 1800
"../../../Engine/Content/Internationalization/icudt64l/region/sq.res" 1801
"../../../Engine/Content/Internationalization/icudt64l/lang/sr.res" 1802
"../../../Engine/Content/Internationalization/icudt64l/lang/sr_Cyrl.res" 1803
"../../../Engine/Content/Internationalization/icudt64l/lang/sr_BA.res" 1804
"../../../Engine/Content/Internationalization/icudt64l/lang/sr_Cyrl_BA.res" 1805
"../../../Engine/Content/Internationalization/icudt64l/region/sr_BA.res" 1806
"../../../Engine/Content/Internationalization/icudt64l/region/sr_Cyrl_BA.res" 1807
"../../../Engine/Content/Internationalization/icudt64l/region/sr_Cyrl.res" 1808
"../../../Engine/Content/Internationalization/icudt64l/region/sr.res" 1809
"../../../Engine/Content/Internationalization/icudt64l/lang/sr_ME.res" 1810
"../../../Engine/Content/Internationalization/icudt64l/lang/sr_Latn_ME.res" 1811
"../../../Engine/Content/Internationalization/icudt64l/lang/sr_Latn.res" 1812
"../../../Engine/Content/Internationalization/icudt64l/region/sr_ME.res" 1813
"../../../Engine/Content/Internationalization/icudt64l/region/sr_Latn_ME.res" 1814
"../../../Engine/Content/Internationalization/icudt64l/region/sr_Latn.res" 1815
"../../../Engine/Content/Internationalization/icudt64l/lang/sr_Cyrl_ME.res" 1816
"../../../Engine/Content/Internationalization/icudt64l/region/sr_Cyrl_ME.res" 1817
"../../../Engine/Content/Internationalization/icudt64l/lang/sr_RS.res" 1818
"../../../Engine/Content/Internationalization/icudt64l/lang/sr_Cyrl_RS.res" 1819
"../../../Engine/Content/Internationalization/icudt64l/region/sr_RS.res" 1820
"../../../Engine/Content/Internationalization/icudt64l/region/sr_Cyrl_RS.res" 1821
"../../../Engine/Content/Internationalization/icudt64l/lang/sr_XK.res" 1822
"../../../Engine/Content/Internationalization/icudt64l/lang/sr_Cyrl_XK.res" 1823
"../../../Engine/Content/Internationalization/icudt64l/region/sr_XK.res" 1824
"../../../Engine/Content/Internationalization/icudt64l/region/sr_Cyrl_XK.res" 1825
"../../../Engine/Content/Internationalization/icudt64l/lang/sr_Latn_BA.res" 1826
"../../../Engine/Content/Internationalization/icudt64l/region/sr_Latn_BA.res" 1827
"../../../Engine/Content/Internationalization/icudt64l/lang/sr_Latn_RS.res" 1828
"../../../Engine/Content/Internationalization/icudt64l/region/sr_Latn_RS.res" 1829
"../../../Engine/Content/Internationalization/icudt64l/lang/sr_Latn_XK.res" 1830
"../../../Engine/Content/Internationalization/icudt64l/region/sr_Latn_XK.res" 1831
"../../../Engine/Content/Internationalization/icudt64l/lang/sv.res" 1832
"../../../Engine/Content/Internationalization/icudt64l/region/sv.res" 1833
"../../../Engine/Content/Internationalization/icudt64l/lang/sv_FI.res" 1834
"../../../Engine/Content/Internationalization/icudt64l/lang/sw.res" 1835
"../../../Engine/Content/Internationalization/icudt64l/lang/sw_CD.res" 1836
"../../../Engine/Content/Internationalization/icudt64l/region/sw_CD.res" 1837
"../../../Engine/Content/Internationalization/icudt64l/region/sw.res" 1838
"../../../Engine/Content/Internationalization/icudt64l/lang/sw_KE.res" 1839
"../../../Engine/Content/Internationalization/icudt64l/region/sw_KE.res" 1840
"../../../Engine/Content/Internationalization/icudt64l/lang/ta.res" 1841
"../../../Engine/Content/Internationalization/icudt64l/region/ta.res" 1842
"../../../Engine/Content/Internationalization/icudt64l/lang/te.res" 1843
"../../../Engine/Content/Internationalization/icudt64l/region/te.res" 1844
"../../../Engine/Content/Internationalization/icudt64l/lang/teo.res" 1845
"../../../Engine/Content/Internationalization/icudt64l/region/teo.res" 1846
"../../../Engine/Content/Internationalization/icudt64l/lang/tg.res" 1847
"../../../Engine/Content/Internationalization/icudt64l/region/tg.res" 1848
"../../../Engine/Content/Internationalization/icudt64l/lang/th.res" 1849
"../../../Engine/Content/Internationalization/icudt64l/lang/th_TH.res" 1850
"../../../Engine/Content/Internationalization/icudt64l/region/th_TH.res" 1851
"../../../Engine/Content/Internationalization/icudt64l/region/th.res" 1852
"../../../Engine/Content/Internationalization/icudt64l/lang/ti.res" 1853
"../../../Engine/Content/Internationalization/icudt64l/region/ti.res" 1854
"../../../Engine/Content/Internationalization/icudt64l/lang/tk.res" 1855
"../../../Engine/Content/Internationalization/icudt64l/region/tk.res" 1856
"../../../Engine/Content/Internationalization/icudt64l/lang/to.res" 1857
"../../../Engine/Content/Internationalization/icudt64l/region/to.res" 1858
"../../../Engine/Content/Internationalization/icudt64l/lang/tr.res" 1859
"../../../Engine/Content/Internationalization/icudt64l/region/tr.res" 1860
"../../../Engine/Content/Internationalization/icudt64l/lang/tt.res" 1861
"../../../Engine/Content/Internationalization/icudt64l/region/tt.res" 1862
"../../../Engine/Content/Internationalization/icudt64l/lang/twq.res" 1863
"../../../Engine/Content/Internationalization/icudt64l/region/twq.res" 1864
"../../../Engine/Content/Internationalization/icudt64l/lang/tzm.res" 1865
"../../../Engine/Content/Internationalization/icudt64l/region/tzm.res" 1866
"../../../Engine/Content/Internationalization/icudt64l/lang/ug.res" 1867
"../../../Engine/Content/Internationalization/icudt64l/region/ug.res" 1868
"../../../Engine/Content/Internationalization/icudt64l/lang/uk.res" 1869
"../../../Engine/Content/Internationalization/icudt64l/region/uk.res" 1870
"../../../Engine/Content/Internationalization/icudt64l/lang/ur.res" 1871
"../../../Engine/Content/Internationalization/icudt64l/lang/ur_IN.res" 1872
"../../../Engine/Content/Internationalization/icudt64l/region/ur_IN.res" 1873
"../../../Engine/Content/Internationalization/icudt64l/region/ur.res" 1874
"../../../Engine/Content/Internationalization/icudt64l/lang/uz.res" 1875
"../../../Engine/Content/Internationalization/icudt64l/lang/uz_Arab.res" 1876
"../../../Engine/Content/Internationalization/icudt64l/lang/uz_AF.res" 1877
"../../../Engine/Content/Internationalization/icudt64l/lang/uz_Arab_AF.res" 1878
"../../../Engine/Content/Internationalization/icudt64l/region/uz_AF.res" 1879
"../../../Engine/Content/Internationalization/icudt64l/region/uz_Arab_AF.res" 1880
"../../../Engine/Content/Internationalization/icudt64l/region/uz_Arab.res" 1881
"../../../Engine/Content/Internationalization/icudt64l/lang/uz_Cyrl.res" 1882
"../../../Engine/Content/Internationalization/icudt64l/lang/uz_UZ.res" 1883
"../../../Engine/Content/Internationalization/icudt64l/lang/uz_Latn_UZ.res" 1884
"../../../Engine/Content/Internationalization/icudt64l/lang/uz_Latn.res" 1885
"../../../Engine/Content/Internationalization/icudt64l/region/uz_UZ.res" 1886
"../../../Engine/Content/Internationalization/icudt64l/region/uz_Latn_UZ.res" 1887
"../../../Engine/Content/Internationalization/icudt64l/region/uz_Latn.res" 1888
"../../../Engine/Content/Internationalization/icudt64l/region/uz.res" 1889
"../../../Engine/Content/Internationalization/icudt64l/region/uz_Cyrl.res" 1890
"../../../Engine/Content/Internationalization/icudt64l/lang/vai.res" 1891
"../../../Engine/Content/Internationalization/icudt64l/lang/vai_Latn.res" 1892
"../../../Engine/Content/Internationalization/icudt64l/lang/vai_LR.res" 1893
"../../../Engine/Content/Internationalization/icudt64l/lang/vai_Vaii_LR.res" 1894
"../../../Engine/Content/Internationalization/icudt64l/lang/vai_Vaii.res" 1895
"../../../Engine/Content/Internationalization/icudt64l/region/vai_LR.res" 1896
"../../../Engine/Content/Internationalization/icudt64l/region/vai_Vaii_LR.res" 1897
"../../../Engine/Content/Internationalization/icudt64l/region/vai_Vaii.res" 1898
"../../../Engine/Content/Internationalization/icudt64l/region/vai.res" 1899
"../../../Engine/Content/Internationalization/icudt64l/region/vai_Latn.res" 1900
"../../../Engine/Content/Internationalization/icudt64l/lang/vi.res" 1901
"../../../Engine/Content/Internationalization/icudt64l/region/vi.res" 1902
"../../../Engine/Content/Internationalization/icudt64l/lang/vun.res" 1903
"../../../Engine/Content/Internationalization/icudt64l/region/vun.res" 1904
"../../../Engine/Content/Internationalization/icudt64l/lang/wae.res" 1905
"../../../Engine/Content/Internationalization/icudt64l/region/wae.res" 1906
"../../../Engine/Content/Internationalization/icudt64l/lang/wo.res" 1907
"../../../Engine/Content/Internationalization/icudt64l/region/wo.res" 1908
"../../../Engine/Content/Internationalization/icudt64l/lang/xh.res" 1909
"../../../Engine/Content/Internationalization/icudt64l/region/xh.res" 1910
"../../../Engine/Content/Internationalization/icudt64l/lang/xog.res" 1911
"../../../Engine/Content/Internationalization/icudt64l/region/xog.res" 1912
"../../../Engine/Content/Internationalization/icudt64l/lang/yav.res" 1913
"../../../Engine/Content/Internationalization/icudt64l/region/yav.res" 1914
"../../../Engine/Content/Internationalization/icudt64l/lang/yi.res" 1915
"../../../Engine/Content/Internationalization/icudt64l/region/yi.res" 1916
"../../../Engine/Content/Internationalization/icudt64l/lang/yo.res" 1917
"../../../Engine/Content/Internationalization/icudt64l/lang/yo_BJ.res" 1918
"../../../Engine/Content/Internationalization/icudt64l/region/yo_BJ.res" 1919
"../../../Engine/Content/Internationalization/icudt64l/region/yo.res" 1920
"../../../Engine/Content/Internationalization/icudt64l/lang/yue.res" 1921
"../../../Engine/Content/Internationalization/icudt64l/lang/yue_Hans.res" 1922
"../../../Engine/Content/Internationalization/icudt64l/lang/yue_CN.res" 1923
"../../../Engine/Content/Internationalization/icudt64l/lang/yue_Hans_CN.res" 1924
"../../../Engine/Content/Internationalization/icudt64l/region/yue_CN.res" 1925
"../../../Engine/Content/Internationalization/icudt64l/region/yue_Hans_CN.res" 1926
"../../../Engine/Content/Internationalization/icudt64l/region/yue_Hans.res" 1927
"../../../Engine/Content/Internationalization/icudt64l/lang/yue_Hant.res" 1928
"../../../Engine/Content/Internationalization/icudt64l/lang/yue_HK.res" 1929
"../../../Engine/Content/Internationalization/icudt64l/lang/yue_Hant_HK.res" 1930
"../../../Engine/Content/Internationalization/icudt64l/region/yue_HK.res" 1931
"../../../Engine/Content/Internationalization/icudt64l/region/yue_Hant_HK.res" 1932
"../../../Engine/Content/Internationalization/icudt64l/region/yue_Hant.res" 1933
"../../../Engine/Content/Internationalization/icudt64l/region/yue.res" 1934
"../../../Engine/Content/Internationalization/icudt64l/lang/zgh.res" 1935
"../../../Engine/Content/Internationalization/icudt64l/region/zgh.res" 1936
"../../../Engine/Content/Internationalization/icudt64l/lang/zh.res" 1937
"../../../Engine/Content/Internationalization/icudt64l/lang/zh_Hans.res" 1938
"../../../Engine/Content/Internationalization/icudt64l/lang/zh_CN.res" 1939
"../../../Engine/Content/Internationalization/icudt64l/lang/zh_Hans_CN.res" 1940
"../../../Engine/Content/Internationalization/icudt64l/region/zh_CN.res" 1941
"../../../Engine/Content/Internationalization/icudt64l/region/zh_Hans_CN.res" 1942
"../../../Engine/Content/Internationalization/icudt64l/region/zh_Hans.res" 1943
"../../../Engine/Content/Internationalization/icudt64l/region/zh.res" 1944
"../../../Engine/Content/Internationalization/icudt64l/lang/zh_HK.res" 1945
"../../../Engine/Content/Internationalization/icudt64l/lang/zh_Hant_HK.res" 1946
"../../../Engine/Content/Internationalization/icudt64l/lang/zh_Hant.res" 1947
"../../../Engine/Content/Internationalization/icudt64l/region/zh_HK.res" 1948
"../../../Engine/Content/Internationalization/icudt64l/region/zh_Hant_HK.res" 1949
"../../../Engine/Content/Internationalization/icudt64l/region/zh_Hant.res" 1950
"../../../Engine/Content/Internationalization/icudt64l/lang/zh_MO.res" 1951
"../../../Engine/Content/Internationalization/icudt64l/lang/zh_Hant_MO.res" 1952
"../../../Engine/Content/Internationalization/icudt64l/region/zh_MO.res" 1953
"../../../Engine/Content/Internationalization/icudt64l/region/zh_Hant_MO.res" 1954
"../../../Engine/Content/Internationalization/icudt64l/lang/zh_SG.res" 1955
"../../../Engine/Content/Internationalization/icudt64l/lang/zh_Hans_SG.res" 1956
"../../../Engine/Content/Internationalization/icudt64l/region/zh_SG.res" 1957
"../../../Engine/Content/Internationalization/icudt64l/region/zh_Hans_SG.res" 1958
"../../../Engine/Content/Internationalization/icudt64l/lang/zh_TW.res" 1959
"../../../Engine/Content/Internationalization/icudt64l/lang/zh_Hant_TW.res" 1960
"../../../Engine/Content/Internationalization/icudt64l/region/zh_TW.res" 1961
"../../../Engine/Content/Internationalization/icudt64l/region/zh_Hant_TW.res" 1962
"../../../Engine/Content/Internationalization/icudt64l/lang/zu.res" 1963
"../../../Engine/Content/Internationalization/icudt64l/region/zu.res" 1964
"../../../Engine/Content/Internationalization/icudt64l/lang/no.res" 1965
"../../../Engine/Content/Internationalization/icudt64l/lang/tl.res" 1966
"../../../Engine/Config/Android/DataDrivenPlatformInfo.ini" 1967
"../../../Engine/Config/IOS/DataDrivenPlatformInfo.ini" 1968
"../../../Engine/Config/Linux/DataDrivenPlatformInfo.ini" 1969
"../../../Engine/Config/Mac/DataDrivenPlatformInfo.ini" 1970
"../../../Engine/Config/TVOS/DataDrivenPlatformInfo.ini" 1971
"../../../Engine/Config/Unix/DataDrivenPlatformInfo.ini" 1972
"../../../Engine/Config/VulkanPC/DataDrivenPlatformInfo.ini" 1973
"../../../Engine/Config/Windows/DataDrivenPlatformInfo.ini" 1974
"../../../Engine/Platforms/VisionOS/Config/DataDrivenPlatformInfo.ini" 1975
"../../../Engine/Content/Renderer/TessellationTable.bin" 1976
"../../../Engine/DerivedDataCache/Compressed.ddp" 1977
"C:/Users/Crat/AppData/Local/UnrealEngine/5.6/Saved/Zen/zen.version" 1978
"C:/Users/Crat/AppData/Local/UnrealEngine/Common/Zen/Install/zen.version" 1979
"C:/Users/Crat/AppData/Local/UnrealEngine/Common/Zen/Install/zenserver.runcontext" 1980
"C:/Users/Crat/AppData/Local/UnrealEngine/Common/DerivedDataCache/TestData/0/TestData_4kb.dat" 1981
"C:/Users/Crat/AppData/Local/UnrealEngine/Common/DerivedDataCache/TestData/1/TestData_4kb.dat" 1982
"C:/Users/Crat/AppData/Local/UnrealEngine/Common/DerivedDataCache/TestData/0/TestData_8kb.dat" 1983
"C:/Users/Crat/AppData/Local/UnrealEngine/Common/DerivedDataCache/TestData/1/TestData_8kb.dat" 1984
"C:/Users/Crat/AppData/Local/UnrealEngine/Common/DerivedDataCache/TestData/0/TestData_16kb.dat" 1985
"C:/Users/Crat/AppData/Local/UnrealEngine/Common/DerivedDataCache/TestData/1/TestData_16kb.dat" 1986
"C:/Users/Crat/AppData/Local/UnrealEngine/Common/DerivedDataCache/TestData/0/TestData_64kb.dat" 1987
"C:/Users/Crat/AppData/Local/UnrealEngine/Common/DerivedDataCache/TestData/1/TestData_64kb.dat" 1988
"C:/Users/Crat/AppData/Local/UnrealEngine/Common/DerivedDataCache/TestData/0/TestData_128kb.dat" 1989
"C:/Users/Crat/AppData/Local/UnrealEngine/Common/DerivedDataCache/TestData/1/TestData_128kb.dat" 1990
"C:/Users/Crat/AppData/Local/UnrealEngine/Common/DerivedDataCache/TestData/0/TestData_256kb.dat" 1991
"C:/Users/Crat/AppData/Local/UnrealEngine/Common/DerivedDataCache/TestData/1/TestData_256kb.dat" 1992
"C:/Users/Crat/AppData/Roaming/Unreal Engine/UnrealBuildTool/BuildConfiguration.xml" 1993
"../../../../../UnrealProjects/Aura2/Intermediate/ShaderAutogen/PCD3D_SM6/AutogenShaderHeaders.ush" 1994
"../../../Engine/Shaders/Private/HairStrands/HairStrandsVertexFactory.ush" 1995
"../../../Engine/Shaders/Private/VertexFactoryCommon.ush" 1996
"../../../Engine/Shaders/Private/Common.ush" 1997
"../../../Engine/Shaders/Public/Platform.ush" 1998
"../../../Engine/Shaders/Public/FP16Math.ush" 1999
"../../../Engine/Shaders/Public/Platform/D3D/D3DCommon.ush" 2000
"../../../Engine/Shaders/Shared/HLSLReservedSpaces.h" 2001
"../../../Engine/Shaders/Public/BindlessResources.ush" 2002
"../../../Engine/Shaders/Public/Platform/D3D/PlatformBindlessResources.ush" 2003
"../../../Engine/Shaders/Shared/RayTracingBuiltInResources.h" 2004
"../../../Engine/Shaders/Shared/RayTracingDefinitions.h" 2005
"../../../Engine/Shaders/Public/OverloadMacros.ush" 2006
"../../../Engine/Shaders/Public/ShaderVersion.ush" 2007
"../../../Engine/Shaders/Shared/ThirdParty/NVIDIA/nvHLSLExtns.h" 2008
"../../../Engine/Shaders/Shared/ThirdParty/NVIDIA/nvHLSLExtnsInternal.h" 2009
"../../../Engine/Shaders/Shared/ThirdParty/NVIDIA/nvShaderExtnEnums.h" 2010
"../../../Engine/Shaders/Private/PackUnpack.ush" 2011
"../../../Engine/Shaders/Private/GeneratedUniformBufferTypes.ush" 2012
"../../../Engine/Shaders/Private/Nanite/NanitePackedNaniteView.ush" 2013
"../../../Engine/Shaders/Private/HairStrands/HairStrandsVisibilityCommonStruct.ush" 2014
"../../../Engine/Shaders/Private/HairStrands/HairStrandsVoxelPageCommonStruct.ush" 2015
"../../../Engine/Shaders/Private/HairStrands/HairStrandsDeepShadowCommonStruct.ush" 2016
"../../../Engine/Shaders/Shared/LightSceneData.h" 2017
"../../../Engine/Shaders/Shared/HLSLTypeAliases.h" 2018
"../../../Engine/Shaders/Private/LargeWorldCoordinates.ush" 2019
"../../../Engine/Shaders/Private/DoubleFloat.ush" 2020
"../../../Engine/Shaders/Private/RandomPCG.ush" 2021
"../../../Engine/Shaders/Private/DoubleFloatOperations.ush" 2022
"../../../Engine/Shaders/Private/DoubleFloatVectorDefinition.ush" 2023
"../../../Engine/Shaders/Private/LWCOperations.ush" 2024
"../../../Engine/Shaders/Shared/LightViewData.h" 2025
"../../../Engine/Shaders/Shared/RayTracingTypes.h" 2026
"../../../Engine/Shaders/Shared/HLSLStaticAssert.h" 2027
"../../../Engine/Shaders/Private/CommonViewUniformBuffer.ush" 2028
"../../../Engine/Shaders/Private/InstancedStereo.ush" 2029
"../../../Engine/Shaders/Private/Definitions.usf" 2030
"../../../Engine/Shaders/Private/AssertionMacros.ush" 2031
"../../../Engine/Shaders/Private/FastMath.ush" 2032
"../../../Engine/Shaders/Private/FastMathThirdParty.ush" 2033
"../../../Engine/Shaders/Private/Random.ush" 2034
"../../../Engine/Shaders/Private/RandomInterleavedGradientNoise.ush" 2035
"../../../Engine/Shaders/Private/SceneData.ush" 2036
"../../../Engine/Shaders/Private/OctahedralCommon.ush" 2037
"../../../Engine/Shaders/Private/WaveOpUtil.ush" 2038
"../../../Engine/Shaders/Private/ByteBuffer.ush" 2039
"../../../Engine/Shaders/Shared/SceneDefinitions.h" 2040
"../../../Engine/Shaders/Private/SceneDataMobileLoader.ush" 2041
"../../../Engine/Shaders/Private/LocalVertexFactoryCommon.ush" 2042
"../../../Engine/Shaders/Private/HairStrands/HairStrandsVisibilityCommon.ush" 2043
"../../../Engine/Shaders/Shared/HairStrandsDefinitions.h" 2044
"../../../Engine/Shaders/Private/HairStrands/HairStrandsVertexFactoryCommon.ush" 2045
"../../../Engine/Shaders/Private/HairStrands/HairStrandsPack.ush" 2046
"../../../Engine/Shaders/Private/HairStrands/HairStrandsAttributeCommon.ush" 2047
"../../../Engine/Shaders/Private/HairStrands/HairStrandsAttributeTemplate.ush" 2048
"../../../Engine/Shaders/Private/VertexFactoryDefaultInterface.ush" 2049
"../../../Engine/Shaders/Private/HairStrands/HairCardsVertexFactory.ush" 2050
"../../../Engine/Shaders/Private/HairStrands/HairCardsAttributeCommon.ush" 2051
"../../../Engine/Shaders/Private/RayTracing/RayTracingCommon.ush" 2052
"../../../Engine/Shaders/Private/ShadingCommon.ush" 2053
"../../../Engine/Shaders/Shared/RayTracingPayloadType.h" 2054
"../../../Engine/Shaders/Private/RayTracing/RayTracingRayCone.ush" 2055
"../../../Engine/Shaders/Private/Substrate/Substrate.ush" 2056
"../../../Engine/Shaders/Private/ShadingEnergyConservation.ush" 2057
"../../../Engine/Shaders/Private/ShadingEnergyConservationTemplate.ush" 2058
"../../../Engine/Shaders/Private/BRDF.ush" 2059
"../../../Engine/Shaders/Private/ColorSpace.ush" 2060
"../../../Engine/Shaders/Private/DeferredShadingCommon.ush" 2061
"../../../Engine/Shaders/Private/LightAccumulator.ush" 2062
"../../../Engine/Shaders/Private/SceneTexturesCommon.ush" 2063
"../../../Engine/Shaders/Private/MonteCarlo.ush" 2064
"../../../Engine/Shaders/Private/GBufferHelpers.ush" 2065
"../../../Engine/Shaders/Private/SceneTextureParameters.ush" 2066
"D:/UnrealProjects/Aura2/Intermediate/ShaderAutogen/PCD3D_SM6/AutogenShaderHeaders.ush" 2067
"../../../Engine/Shaders/Private/ParticipatingMediaCommon.ush" 2068
"../../../Engine/Shaders/Private/ThinFilmBSDF.ush" 2069
"../../../Engine/Shaders/Private/MortonCode.ush" 2070
"../../../Engine/Shaders/Private/SubsurfaceProfileCommon.ush" 2071
"../../../Engine/Shaders/Private/BurleyNormalizedSSSCommon.ush" 2072
"../../../Engine/Shaders/Private/GammaCorrectionCommon.ush" 2073
"../../../Engine/Shaders/Shared/SubstrateDefinitions.h" 2074
"../../../Engine/Shaders/Private/Substrate/SubstrateStatisticalOperators.ush" 2075
"../../../Engine/Shaders/Private/Substrate/SubstrateSubsurface.ush" 2076
"../../../Engine/Shaders/Private/TransmissionCommon.ush" 2077
"../../../Engine/Shaders/Private/Substrate/SubstrateExportCommon.ush" 2078
"../../../Engine/Shaders/Private/SpecularProfileCommon.ush" 2079
"../../../Engine/Shaders/Private/RayTracing/RayTracingCommonMetal.ush" 2080
"../../../Engine/Shaders/Private/PositionReconstructionCommon.ush" 2081
"../../../Engine/Shaders/Private/RayTracing/TraceRayInline.ush" 2082
"../../../Engine/Shaders/Private/RayTracing/TraceRayInlineCommon.ush" 2083
"../../../Engine/Shaders/Private/RayTracing/TraceRayInlineVulkan.ush" 2084
"../../../Engine/Shaders/Private/RayTracing/TraceRayInlineMetal.ush" 2085
"../../../Engine/Shaders/Private/RayTracing/TraceRayInlineD3D12.ush" 2086
"../../../Engine/Shaders/Private/RayTracing/RayTracingHitGroupCommon.ush" 2087
"../../../Engine/Shaders/Private/Nanite/NaniteRayTrace.ush" 2088
"../../../Engine/Shaders/Private/Nanite/NaniteDataDecode.ush" 2089
"../../../Engine/Shaders/Private/BitPacking.ush" 2090
"../../../Engine/Shaders/Private/BitStreamReaderImplementation.ush" 2091
"../../../Engine/Shaders/Private/BoneTransform.ush" 2092
"../../../Engine/Shaders/Private/Quaternion.ush" 2093
"../../../Engine/Shaders/Shared/NaniteDefinitions.h" 2094
"../../../Engine/Shaders/Shared/SkinningDefinitions.h" 2095
"../../../Engine/Shaders/Private/Nanite/NaniteAttributeDecode.ush" 2096
"../../../Engine/Shaders/Private/Barycentrics.ush" 2097
"../../../Engine/Shaders/Private/DualNumber.ush" 2098
"../../../Engine/Shaders/Shared/ThirdParty/RayTriangleIntersection.h" 2099
"../../../Engine/Shaders/Private/Nanite/NaniteVertexFetch.ush" 2100
"../../../Engine/Shaders/Private/Nanite/NaniteSceneCommon.ush" 2101
"../../../Engine/Plugins/FX/Niagara/Shaders/Private/NiagaraSpriteVertexFactory.ush" 2102
"../../../Engine/Shaders/Private/ParticleVertexFactoryCommon.ush" 2103
"../../../Engine/Plugins/FX/Niagara/Shaders/Private/NiagaraVFCommon.usf" 2104
"../../../Engine/Plugins/FX/Niagara/Shaders/Private/NiagaraVFParticleAccess.usf" 2105
"../../../Engine/Plugins/FX/Niagara/Shaders/Private/NiagaraParticleAccess.ush" 2106
"../../../Engine/Plugins/FX/Niagara/Shaders/Private/NiagaraRibbonVertexFactory.ush" 2107
"../../../Engine/Plugins/FX/Niagara/Shaders/Private/NiagaraMeshVertexFactory.ush" 2108
"../../../Engine/Plugins/FX/Niagara/Shaders/Private/NiagaraCommon.ush" 2109
"../../../Engine/Plugins/FX/Niagara/Shaders/Private/NiagaraMeshParticleUtils.ush" 2110
"../../../Engine/Shaders/Private/VectorFieldVisualizationVertexFactory.ush" 2111
"../../../Engine/Shaders/Private/Nanite/NaniteVertexFactory.ush" 2112
"../../../Engine/Shaders/Private/LightmapData.ush" 2113
"../../../Engine/Shaders/Private/SplineMeshCommon.ush" 2114
"../../../Engine/Shaders/Shared/SplineMeshShaderParams.h" 2115
"../../../Engine/Shaders/Private/ShaderPrint.ush" 2116
"../../../Engine/Shaders/Private/ShaderPrintCommon.ush" 2117
"../../../Engine/Shaders/Private/MiniFontCommon.ush" 2118
"../../../Engine/Shaders/Private/MaterialCache/MaterialCacheCommon.ush" 2119
"../../../Engine/Shaders/Shared/MaterialCacheDefinitions.h" 2120
"../../../Engine/Shaders/Private/Nanite/NaniteVertexDeformation.ush" 2121
"../../../Engine/Shaders/Private/ViewData.ush" 2122
"../../../Engine/Shaders/Shared/ViewDefinitions.h" 2123
"../../../Engine/Shaders/Private/Matrices.ush" 2124
"../../../Engine/Shaders/Private/ParticleSpriteVertexFactory.ush" 2125
"../../../Engine/Shaders/Private/ParticleGPUSpriteVertexFactory.ush" 2126
"../../../Engine/Shaders/Private/ParticleSimulationCommon.ush" 2127
"../../../Engine/Shaders/Private/ParticleBeamTrailVertexFactory.ush" 2128
"../../../Engine/Shaders/Private/MeshParticleVertexFactory.ush" 2129
"../../../Engine/Shaders/Private/LocalVertexFactory.ush" 2130
"../../../Engine/Shaders/Private/GpuSkinCommon.ush" 2131
"../../../Engine/Shaders/Private/GpuSkinVertexFactory.ush" 2132
"../../../Engine/Shaders/Private/GeometryCollectionVertexFactory.ush" 2133
"../../../Engine/Shaders/Private/GeometryCacheVertexFactory.ush" 2134
"../../../Engine/Shaders/Private/LandscapeVertexFactory.ush" 2135
"../../../Engine/Plugins/Experimental/Compositing/CompositeCore/Shaders/Private/CompositeCoreMerge.usf" 2136
"../../../Engine/Shaders/Private/ScreenPass.ush" 2137
"../../../Engine/Shaders/Private/LensDistortion.ush" 2138
"../../../Engine/Plugins/Experimental/Compositing/CompositeCore/Shaders/Private/CompositeCoreDisplayTransform.usf" 2139
"../../../Engine/Plugins/Experimental/Compositing/CompositeCore/Shaders/Private/CompositeCoreDilate.usf" 2140
"../../../Engine/Plugins/VirtualProduction/CameraCalibrationCore/Shaders/Private/CrosshairOverlay.usf" 2141
"../../../Engine/Plugins/VirtualProduction/CameraCalibrationCore/Shaders/Private/DisplacementMapBlending.usf" 2142
"../../../Engine/Plugins/VirtualProduction/CameraCalibrationCore/Shaders/Private/RecenterSTDisplacementMaps.usf" 2143
"../../../Engine/Plugins/VirtualProduction/CameraCalibrationCore/Shaders/Private/FillSTDisplacementMap.usf" 2144
"../../../Engine/Plugins/VirtualProduction/CameraCalibrationCore/Shaders/Private/InvertDisplacementMap.usf" 2145
"../../../Engine/Plugins/VirtualProduction/CameraCalibrationCore/Shaders/Private/CropDisplacementMap.usf" 2146
"../../../Engine/Plugins/VirtualProduction/CameraCalibrationCore/Shaders/Private/BlendDisplacementMaps.usf" 2147
"../../../Engine/Plugins/VirtualProduction/CameraCalibrationCore/Shaders/Private/DrawDisplacementMaps.usf" 2148
"../../../Engine/Plugins/VirtualProduction/CameraCalibrationCore/Shaders/Private/UndistortImagePoints.usf" 2149
"../../../Engine/Plugins/VirtualProduction/CameraCalibrationCore/Shaders/Private/DistortionSTMapProcessor.usf" 2150
"../../../Engine/Plugins/Experimental/NFORDenoise/Shaders/NFORDenoise.usf" 2151
"../../../Engine/Plugins/Experimental/NFORDenoise/Shaders/NFORRegressionCommon.ush" 2152
"../../../Engine/Plugins/Experimental/NFORDenoise/Shaders/NFORRegression.ush" 2153
"../../../Engine/Plugins/Runtime/HairStrands/Shaders/Private/NiagaraCopyVelocityGrid.usf" 2154
"../../../Engine/Plugins/Runtime/HairStrands/Shaders/Private/NiagaraClearVelocityGrid.usf" 2155
"../../../Engine/Plugins/Runtime/HairStrands/Shaders/Private/NiagaraClearPressureGrid.usf" 2156
"../../../Engine/Plugins/Runtime/HairStrands/Shaders/Private/NiagaraInterpolateGroomGuides.usf" 2157
"../../../Engine/Plugins/Runtime/HairStrands/Shaders/Private/NiagaraGroomInterpolationUtils.ush" 2158
"../../../Engine/Plugins/FX/Niagara/Shaders/Private/NiagaraQuaternionUtils.ush" 2159
"../../../Engine/Shaders/Private/HairStrands/HairStrandsMesh.usf" 2160
"../../../Engine/Shaders/Private/HairStrands/HairStrandsBindingCommon.ush" 2161
"../../../Engine/Shaders/Private/HairStrands/HairStrandsFollicleMask.usf" 2162
"../../../Engine/Shaders/Private/HairStrands/HairStrandsSkinUpdate.usf" 2163
"../../../Engine/Shaders/Private/HairStrands/HairStrandsClusterCulling.usf" 2164
"../../../Engine/Shaders/Private/ColorMap.ush" 2165
"../../../Engine/Shaders/Private/HairStrands/HairStrandsAABBCommon.ush" 2166
"../../../Engine/Shaders/Private/HairStrands/HairStrandsClusterCommon.ush" 2167
"../../../Engine/Shaders/Private/ThreadGroupPrefixSum.ush" 2168
"../../../Engine/Shaders/Private/HairStrands/HairStrandsRaytracingGeometry.usf" 2169
"../../../Engine/Shaders/Private/HairStrands/HairStrandsTangent.usf" 2170
"../../../Engine/Shaders/Private/HairStrands/HairCardsDeformation.usf" 2171
"../../../Engine/Shaders/Private/HairStrands/HairStrandsInterpolation.usf" 2172
"../../../Engine/Shaders/Private/HairStrands/HairStrandsGuideDeform.usf" 2173
"../../../Engine/Shaders/Private/HairStrands/HairStrandsTexturesGeneration.usf" 2174
"../../../Engine/Shaders/Private/HairStrands/HairCardsTextureCommon.ush" 2175
"../../../Engine/Shaders/Private/HairStrands/HairStrandsTranscode.usf" 2176
"../../../Engine/Shaders/Private/HairStrands/HairStrandsDebug.usf" 2177
"../../../Engine/Shaders/Private/HairShadingCommon.ush" 2178
"../../../Engine/Shaders/Private/PostProcessCommon.ush" 2179
"../../../Engine/Shaders/Private/ShadingModels.ush" 2180
"../../../Engine/Shaders/Private/CapsuleLight.ush" 2181
"../../../Engine/Shaders/Private/RectLight.ush" 2182
"../../../Engine/Shaders/Private/LightData.ush" 2183
"../../../Engine/Shaders/Shared/LightDefinitions.h" 2184
"../../../Engine/Shaders/Private/AreaLightCommon.ush" 2185
"../../../Engine/Shaders/Private/HairBsdf.ush" 2186
"../../../Engine/Shaders/Private/MobileGGX.ush" 2187
"../../../Engine/Shaders/Private/HairStrands/HairStrandsCommon.ush" 2188
"../../../Engine/Shaders/Private/HairStrands/HairStrandsEnvironmentLightingCommon.ush" 2189
"../../../Engine/Shaders/Private/HairStrands/HairStrandsDeepTransmittanceCommon.ush" 2190
"../../../Engine/Shaders/Private/HairStrands/HairStrandsDeepTransmittanceDualScattering.ush" 2191
"../../../Engine/Shaders/Private/HairStrands/HairStrandsDeepShadowCommon.ush" 2192
"../../../Engine/Shaders/Private/HairStrands/HairStrandsDebugCommonStruct.ush" 2193
"../../../Engine/Plugins/Runtime/ComputeFramework/Shaders/Private/ComputeKernel.usf" 2194
"../../../Engine/Plugins/Runtime/ComputeFramework/Shaders/Private/ComputeKernelCommon.ush" 2195
"../../../Engine/Plugins/Media/WmfMedia/Shaders/Private/MediaHardwareVideoDecoding.usf" 2196
"../../../Engine/Shaders/Private/ColorUtils.ush" 2197
"../../../Engine/Plugins/Media/ImgMedia/Shaders/Private/ExrSwizzler.usf" 2198
"../../../Engine/Plugins/Enterprise/GLTFExporter/Shaders/Private/SimpleTexture2DPS.usf" 2199
"../../../Engine/Shaders/Private/SimpleElementNormalMapPixelShader.usf" 2200
"../../../Engine/Plugins/NNE/NNEDenoiser/Shaders/NNEDenoiserShadersTransferFunctionOidn.usf" 2201
"../../../Engine/Plugins/NNE/NNEDenoiser/Shaders/NNEDenoiserShadersMappedCopy.usf" 2202
"../../../Engine/Plugins/NNE/NNEDenoiser/Shaders/NNEDenoiserShadersDefaultIOProcess.usf" 2203
"../../../Engine/Plugins/NNE/NNEDenoiser/Shaders/NNEDenoiserShadersAutoExposureReduceFinal.usf" 2204
"../../../Engine/Plugins/NNE/NNEDenoiser/Shaders/NNEDenoiserShadersAutoExposureReduce.usf" 2205
"../../../Engine/Plugins/NNE/NNEDenoiser/Shaders/NNEDenoiserShadersAutoExposureDownsample.usf" 2206
"../../../Engine/Plugins/FX/Niagara/Shaders/Private/NiagaraVertexFactoryExport.usf" 2207
"../../../Engine/Shaders/Private/ComputeShaderUtils.ush" 2208
"../../../Engine/Shaders/Private/MaterialTemplate.ush" 2209
"../../../Engine/Shaders/Private/WorldSpaceMath.ush" 2210
"../../../Engine/Shaders/Private/EyeAdaptationCommon.ush" 2211
"../../../Engine/Shaders/Private/SobolRandom.ush" 2212
"../../../Engine/Shaders/Private/DepthOfFieldCommon.ush" 2213
"../../../Engine/Shaders/Private/CircleDOFCommon.ush" 2214
"../../../Engine/Shaders/Private/DistanceField/GlobalDistanceFieldShared.ush" 2215
"../../../Engine/Shaders/Private/PhysicsFieldSampler.ush" 2216
"../../../Engine/Shaders/Private/PhysicsFieldShared.ush" 2217
"../../../Engine/Shaders/Private/SparseVolumeTexture/SparseVolumeTextureCommon.ush" 2218
"../../../Engine/Shaders/Shared/EnvironmentComponentsFlags.h" 2219
"../../../Engine/Shaders/Private/MeshPaintTextureCommon.ush" 2220
"../../../Engine/Shaders/Private/VirtualTextureMaterial.ush" 2221
"../../../Engine/Shaders/Private/MaterialCache/MaterialCacheMaterialCommon.ush" 2222
"../../../Engine/Shaders/Private/MaterialCache/MaterialCacheABuffer.ush" 2223
"../../../Engine/Shaders/Private/SpeedTreeCommon.ush" 2224
"../../../Engine/Shaders/Private/VirtualTextureCommon.ush" 2225
"../../../Engine/Shaders/Private/MaterialTexture.ush" 2226
"../../../Engine/Shaders/Private/MinMaterialTexCoords.ush" 2227
"../../../Engine/Shaders/Private/SkyAtmosphereCommon.ush" 2228
"../../../Engine/Shaders/Private/SingleLayerWaterCommon.ush" 2229
"../../../Engine/Shaders/Private/TextureSampling.ush" 2230
"../../../Engine/Shaders/Private/PaniniProjection.ush" 2231
"../../../Engine/Shaders/Private/DBufferNormalReprojection.ush" 2232
"../../../Engine/Shaders/Public/SubstratePublic.ush" 2233
"../../../Engine/Shaders/Private/Substrate/SubstrateTree.ush" 2234
"../../../Engine/Shaders/Private/Substrate/SubstrateEvaluation.ush" 2235
"../../../Engine/Shaders/Private/Substrate/Glint/GlintThirdParty.ush" 2236
"../../../Engine/Shaders/Private/BlueNoise.ush" 2237
"../../../Engine/Shaders/Private/SHCommon.ush" 2238
"../../../Engine/Shaders/Private/ShadingModelsSampling.ush" 2239
"../../../Engine/Shaders/Private/HairStrands/HairBsdfSample.ush" 2240
"../../../Engine/Shaders/Private/Substrate/SubstrateLegacyConversion.ush" 2241
"../../../Engine/Shaders/Private/DBufferDecalShared.ush" 2242
"../../../Engine/Plugins/FX/Niagara/Shaders/Private/NiagaraSortKeyGen.usf" 2243
"../../../Engine/Plugins/FX/Niagara/Shaders/Private/NiagaraGPURayTracingTransforms.usf" 2244
"../../../Engine/Plugins/FX/Niagara/Shaders/Private/NiagaraDrawIndirectArgsGen.usf" 2245
"../../../Engine/Plugins/FX/Niagara/Shaders/Private/NiagaraDispatchIndirectArgsGen.usf" 2246
"../../../Engine/Plugins/FX/Niagara/Shaders/Private/Stateless/NiagaraStatelessSimulationDefault.usf" 2247
"../../../Engine/Plugins/FX/Niagara/Shaders/Private/Stateless/NiagaraStatelessSimulationTemplate.ush" 2248
"../../../Engine/Plugins/FX/Niagara/Shaders/Private/Stateless/NiagaraStatelessCommon.ush" 2249
"../../../Engine/Plugins/FX/Niagara/Shaders/Shared/NiagaraStatelessDefinitions.h" 2250
"../../../Engine/Plugins/FX/Niagara/Shaders/Shared/NiagaraStatelessBuiltDistribution.h" 2251
"../../../Engine/Plugins/FX/Niagara/Shaders/Private/Stateless/NiagaraStatelessDistribution.ush" 2252
"../../../Engine/Plugins/FX/Niagara/Shaders/Private/Stateless/Modules/NiagaraStatelessModule_CalculateAccurateVelocity.ush" 2253
"../../../Engine/Plugins/FX/Niagara/Shaders/Private/Stateless/Modules/NiagaraStatelessModule_CameraOffset.ush" 2254
"../../../Engine/Plugins/FX/Niagara/Shaders/Private/Stateless/Modules/NiagaraStatelessModule_DynamicMaterialParameters.ush" 2255
"../../../Engine/Plugins/FX/Niagara/Shaders/Private/Stateless/Modules/NiagaraStatelessModule_InitializeParticle.ush" 2256
"../../../Engine/Plugins/FX/Niagara/Shaders/Private/Stateless/Modules/NiagaraStatelessModule_InitialMeshOrientation.ush" 2257
"../../../Engine/Plugins/FX/Niagara/Shaders/Private/Stateless/Modules/NiagaraStatelessModule_MeshIndex.ush" 2258
"../../../Engine/Plugins/FX/Niagara/Shaders/Private/Stateless/Modules/NiagaraStatelessModule_MeshRotationRate.ush" 2259
"../../../Engine/Plugins/FX/Niagara/Shaders/Private/Stateless/Modules/NiagaraStatelessModule_RotateAroundPoint.ush" 2260
"../../../Engine/Plugins/FX/Niagara/Shaders/Private/Stateless/Modules/NiagaraStatelessModule_ShapeLocation.ush" 2261
"../../../Engine/Plugins/FX/Niagara/Shaders/Private/Stateless/Modules/NiagaraStatelessModule_ScaleColor.ush" 2262
"../../../Engine/Plugins/FX/Niagara/Shaders/Private/Stateless/Modules/NiagaraStatelessModule_ScaleRibbonWidth.ush" 2263
"../../../Engine/Plugins/FX/Niagara/Shaders/Private/Stateless/Modules/NiagaraStatelessModule_ScaleSpriteSize.ush" 2264
"../../../Engine/Plugins/FX/Niagara/Shaders/Private/Stateless/Modules/NiagaraStatelessModule_ScaleSpriteSizeBySpeed.ush" 2265
"../../../Engine/Plugins/FX/Niagara/Shaders/Private/Stateless/Modules/NiagaraStatelessModule_ScaleMeshSize.ush" 2266
"../../../Engine/Plugins/FX/Niagara/Shaders/Private/Stateless/Modules/NiagaraStatelessModule_ScaleMeshSizebySpeed.ush" 2267
"../../../Engine/Plugins/FX/Niagara/Shaders/Private/Stateless/Modules/NiagaraStatelessModule_SolveVelocitiesAndForces.ush" 2268
"../../../Engine/Plugins/FX/Niagara/Shaders/Private/Stateless/Modules/NiagaraStatelessModule_SpriteFacingAndAlignment.ush" 2269
"../../../Engine/Plugins/FX/Niagara/Shaders/Private/Stateless/Modules/NiagaraStatelessModule_SpriteRotationRate.ush" 2270
"../../../Engine/Plugins/FX/Niagara/Shaders/Private/Stateless/Modules/NiagaraStatelessModule_SubUVAnimation.ush" 2271
"../../../Engine/Plugins/FX/Niagara/Shaders/Private/NiagaraBlendSVTsToDenseBuffer.usf" 2272
"../../../Engine/Plugins/FX/Niagara/Shaders/Private/NiagaraSVTToDenseBuffer.usf" 2273
"../../../Engine/Plugins/FX/Niagara/Shaders/Private/NiagaraFillIntBuffer.usf" 2274
"../../../Engine/Plugins/FX/Niagara/Shaders/Private/NiagaraComputeFreeIDs.usf" 2275
"../../../Engine/Plugins/FX/Niagara/Shaders/Private/NiagaraInitFreeIDBuffer.usf" 2276
"../../../Engine/Plugins/FX/Niagara/Shaders/Private/NiagaraEmitterInstanceShader.usf" 2277
"../../../Engine/Plugins/FX/Niagara/Shaders/Private/NiagaraShaderVersion.ush" 2278
"../../../Engine/Plugins/FX/Niagara/Shaders/Private/NiagaraPhysicsCommon.ush" 2279
"../../../Engine/Plugins/FX/Niagara/Shaders/Private/Ribbons/NiagaraRibbonAggregationApply.usf" 2280
"../../../Engine/Plugins/FX/Niagara/Shaders/Private/Ribbons/NiagaraRibbonCommon.ush" 2281
"../../../Engine/Plugins/FX/Niagara/Shaders/Private/Ribbons/NiagaraRibbonAggregationStep.usf" 2282
"../../../Engine/Plugins/FX/Niagara/Shaders/Private/Ribbons/NiagaraRibbonGenerateIndices.usf" 2283
"../../../Engine/Plugins/FX/Niagara/Shaders/Private/Ribbons/NiagaraRibbonInitializeIndices.usf" 2284
"../../../Engine/Plugins/FX/Niagara/Shaders/Private/Ribbons/NiagaraRibbonRibbonUVParamCalculation.usf" 2285
"../../../Engine/Plugins/FX/Niagara/Shaders/Private/Ribbons/NiagaraRibbonVertexReductionFinalization.usf" 2286
"../../../Engine/Plugins/FX/Niagara/Shaders/Private/Ribbons/NiagaraRibbonVertexReductionInitialization.usf" 2287
"../../../Engine/Plugins/FX/Niagara/Shaders/Private/Ribbons/NiagaraRibbonSortParticles.usf" 2288
"../../../Engine/Plugins/FX/Niagara/Shaders/Private/NiagaraLWCHelper.usf" 2289
"../../../Engine/Plugins/FX/Niagara/Shaders/Private/NiagaraUpdateMeshGPUSceneInstances.usf" 2290
"../../../Engine/Shaders/Private/GPUScene/GPUSceneWriter.ush" 2291
"../../../Engine/Plugins/FX/Niagara/Shaders/Private/NiagaraGenerateMips.usf" 2292
"../../../Engine/Plugins/FX/Niagara/Shaders/Private/NiagaraDebugDraw.usf" 2293
"../../../Engine/Plugins/FX/Niagara/Shaders/Private/NiagaraDebugDraw.ush" 2294
"../../../Engine/Plugins/FX/Niagara/Shaders/Private/NiagaraVisualizeTexture.usf" 2295
"../../../Engine/Plugins/FX/Niagara/Shaders/Private/NiagaraClearCounts.usf" 2296
"../../../Engine/Plugins/FX/Niagara/Shaders/Private/NiagaraBatchedElements.usf" 2297
"../../../Engine/Plugins/FX/Niagara/Shaders/Private/NiagaraRayTracingShaders.usf" 2298
"../../../Engine/Plugins/FX/Niagara/Shaders/Private/NiagaraAsyncGpuTraceCommon.ush" 2299
"../../../Engine/Shaders/Private/HashTable.ush" 2300
"../../../Engine/Shaders/Private/Hash.ush" 2301
"../../../Engine/Shaders/Private/RayTracing/VFXTraceRay.ush" 2302
"../../../Engine/Plugins/FX/Niagara/Shaders/Private/NiagaraRayMarchingShaders.usf" 2303
"../../../Engine/Plugins/FX/Niagara/Shaders/Private/NiagaraRayTraceCollisionGroupShaders.usf" 2304
"../../../Engine/Plugins/FX/Niagara/Shaders/Private/NiagaraAsyncGpuTraceUtils.usf" 2305
"../../../Engine/Shaders/Private/VirtualTextureAdapter.usf" 2306
"../../../Engine/Shaders/Private/BlockCompressionCommon.ush" 2307
"../../../Engine/Shaders/Private/BCCompressionCommon.ush" 2308
"../../../Engine/Shaders/Private/TranslucentLightingShaders.usf" 2309
"../../../Engine/Shaders/Private/CubemapCommon.ush" 2310
"../../../Engine/Shaders/Private/VectorFieldCompositeShaders.usf" 2311
"../../../Engine/Shaders/Private/UpdateTextureShaders.usf" 2312
"../../../Engine/Shaders/Private/StereoLayerShader.usf" 2313
"../../../Engine/Shaders/Private/SparseVolumeTexture/UpdateSparseVolumeTexture.usf" 2314
"../../../Engine/Shaders/Private/MorphTargets.usf" 2315
"../../../Engine/Shaders/Private/SimpleElementColorChannelMaskPixelShader.usf" 2316
"../../../Engine/Shaders/Private/SimpleElementHitProxyPixelShader.usf" 2317
"../../../Engine/Shaders/Private/SimpleElementPixelShader.usf" 2318
"../../../Engine/Shaders/Private/IESLightProfilesCommon.ush" 2319
"../../../Engine/Shaders/Private/SimpleElementVertexShader.usf" 2320
"../../../Engine/Shaders/Private/ScreenPixelShaderOES.usf" 2321
"../../../Engine/Shaders/Private/ScreenVertexShader.usf" 2322
"../../../Engine/Shaders/Private/ScreenPixelShader.usf" 2323
"../../../Engine/Shaders/Private/SSProfilePreIntegratedMobile.usf" 2324
"../../../Engine/Shaders/Private/SpecularProfile.usf" 2325
"../../../Engine/Shaders/Private/Nanite/NaniteStreaming.usf" 2326
"../../../Engine/Shaders/Private/Nanite/NaniteStreaming.ush" 2327
"../../../Engine/Shaders/Private/Nanite/NaniteTranscode.usf" 2328
"../../../Engine/Shaders/Private/VolumetricLightmapStreaming.usf" 2329
"../../../Engine/Shaders/Private/PhysicsFieldReset.usf" 2330
"../../../Engine/Shaders/Private/PhysicsFieldBuilder.usf" 2331
"../../../Engine/Shaders/Private/PhysicsFieldEval.ush" 2332
"../../../Engine/Shaders/Private/ParticleSortKeyGen.usf" 2333
"../../../Engine/Shaders/Private/ParticleBoundsShader.usf" 2334
"../../../Engine/Shaders/Private/ParticleSimVisualizeShader.usf" 2335
"../../../Engine/Shaders/Private/ParticleInjectionShader.usf" 2336
"../../../Engine/Shaders/Private/ParticleSimulationShader.usf" 2337
"../../../Engine/Shaders/Private/ParticleCurveInjectionShader.usf" 2338
"../../../Engine/Shaders/Private/CopyUIntBuffer.usf" 2339
"../../../Engine/Shaders/Private/RadixSortShaders.usf" 2340
"../../../Engine/Shaders/Private/RecomputeTangentsPerVertexPass.usf" 2341
"../../../Engine/Shaders/Private/RecomputeTangentsCommon.ush" 2342
"../../../Engine/Shaders/Private/RecomputeTangentsPerTrianglePass.usf" 2343
"../../../Engine/Shaders/Private/GpuSkinCacheComputeShader.usf" 2344
"../../../Engine/Shaders/Private/HeightFieldAtlasManagement.usf" 2345
"../../../Engine/Shaders/Private/Landscape/LandscapeEditLayersUtils.usf" 2346
"../../../Engine/Shaders/Private/Landscape/LandscapeCommon.ush" 2347
"../../../Engine/Shaders/Private/Landscape/LandscapeEditLayersWeightmaps.usf" 2348
"../../../Engine/Shaders/Private/Landscape/LandscapeEditLayersHeightmaps.usf" 2349
"../../../Engine/Shaders/Private/Landscape/LandscapeLayersWeightmapsPS.usf" 2350
"../../../Engine/Shaders/Private/Landscape/LandscapeLayersHeightmapsPS.usf" 2351
"../../../Engine/Shaders/Private/LandscapeLayersCS.usf" 2352
"../../../Engine/Shaders/Private/LandscapeLayersPS.usf" 2353
"../../../Engine/Shaders/Private/LandscapeLayersVS.usf" 2354
"../../../Engine/Shaders/Private/LandscapePhysicalMaterial.usf" 2355
"../../../Engine/Shaders/Private/LandscapeGrassWeight.usf" 2356
"../../../Engine/Shaders/Private/Landscape/LandscapeCulling.usf" 2357
"../../../Engine/Shaders/Private/Nanite/NaniteHZBCull.ush" 2358
"../../../Engine/Shaders/Private/HZB.ush" 2359
"../../../Engine/Shaders/Private/Landscape/LandscapeMergeTexturesPS.usf" 2360
"../../../Engine/Shaders/Private/WideCustomResolveShaders.usf" 2361
"../../../Engine/Shaders/Private/WideCustomResolve_Wide.ush" 2362
"../../../Engine/Shaders/Private/WideCustomResolve_Wider.ush" 2363
"../../../Engine/Shaders/Private/WideCustomResolve_Widest.ush" 2364
"../../../Engine/Shaders/Private/WaterInfoTextureBlur.usf" 2365
"../../../Engine/Shaders/Private/WaterInfoTextureMerge.usf" 2366
"../../../Engine/Shaders/Private/PageTableUpdate.usf" 2367
"../../../Engine/Shaders/Private/VirtualTextureCompress.usf" 2368
"../../../Engine/Shaders/Private/ASTCCompressionCommon.ush" 2369
"../../../Engine/Shaders/Private/IntegerSequenceEncoding.ush" 2370
"../../../Engine/Shaders/Private/ETCCompressionCommon.ush" 2371
"../../../Engine/Shaders/Private/VirtualTextureMaterial.usf" 2372
"../../../Engine/Shaders/Private/PixelShaderOutputCommon.ush" 2373
"../../../Engine/Shaders/Private/ShaderOutputCommon.ush" 2374
"../../../Engine/Shaders/Private/VolumetricRenderTarget.usf" 2375
"../../../Engine/Shaders/Private/HeightFogCommon.ush" 2376
"../../../Engine/Shaders/Private/LocalFogVolumes/LocalFogVolumeCommon.ush" 2377
"../../../Engine/Shaders/Private/ReflectionEnvironmentShared.ush" 2378
"../../../Engine/Shaders/Private/VolumetricFogVoxelization.usf" 2379
"../../../Engine/Shaders/Private/VolumetricCloudMaterialPixelCommon.ush" 2380
"../../../Engine/Shaders/Private/VolumetricFogLightFunction.usf" 2381
"../../../Engine/Shaders/Private/LightFunctionCommon.ush" 2382
"../../../Engine/Shaders/Private/VolumetricFog.usf" 2383
"../../../Engine/Shaders/Private/DeferredLightingCommon.ush" 2384
"../../../Engine/Shaders/Private/DynamicLightingCommon.ush" 2385
"../../../Engine/Shaders/Private/CapsuleLightIntegrate.ush" 2386
"../../../Engine/Shaders/Private/CapsuleLightSampling.ush" 2387
"../../../Engine/Shaders/Private/RectLightIntegrate.ush" 2388
"../../../Engine/Shaders/Private/ScreenSpaceShadowRayCast.ush" 2389
"../../../Engine/Shaders/Private/LightFunctionAtlas/LightFunctionAtlasCommon.usf" 2390
"../../../Engine/Shaders/Private/HeterogeneousVolumes/HeterogeneousVolumesAdaptiveVolumetricShadowMapSampling.ush" 2391
"../../../Engine/Shaders/Private/HeterogeneousVolumes/HeterogeneousVolumesAdaptiveVolumetricShadowMapUtils.ush" 2392
"../../../Engine/Shaders/Private/HeterogeneousVolumes/HeterogeneousVolumesRayMarchingUtils.ush" 2393
"../../../Engine/Shaders/Private/HeterogeneousVolumes/HeterogeneousVolumesRayMarchingTypes.ush" 2394
"../../../Engine/Shaders/Private/PathTracing/Utilities/PathTracingRandomSequence.ush" 2395
"../../../Engine/Shaders/Private/HeterogeneousVolumes/HeterogeneousVolumesTracingUtils.ush" 2396
"../../../Engine/Shaders/Private/VelocityCommon.ush" 2397
"../../../Engine/Shaders/Private/HeterogeneousVolumes/HeterogeneousVolumesTransmittanceVolumeUtils.ush" 2398
"../../../Engine/Shaders/Private/ForwardShadowingCommon.ush" 2399
"../../../Engine/Shaders/Private/ShadowFilteringCommon.ush" 2400
"../../../Engine/Shaders/Private/PixelQuadMessagePassing.ush" 2401
"../../../Engine/Shaders/Private/VolumeLightingCommon.ush" 2402
"../../../Engine/Shaders/Private/ShadowProjectionCommon.ush" 2403
"../../../Engine/Shaders/Private/VolumeLightingCommonSampling.ush" 2404
"../../../Engine/Shaders/Private/Lumen/LumenTranslucencyVolumeShared.ush" 2405
"../../../Engine/Shaders/Private/Lumen/LumenRadianceCacheInterpolation.ush" 2406
"../../../Engine/Shaders/Private/HeterogeneousVolumes/HeterogeneousVolumesAdaptiveVolumetricShadowMapSampler.ush" 2407
"../../../Engine/Shaders/Private/LightGridCommon.ush" 2408
"../../../Engine/Shaders/Private/DistanceFieldAOShared.ush" 2409
"../../../Engine/Shaders/Private/IntersectionUtils.ush" 2410
"../../../Engine/Shaders/Private/VolumetricLightmapShared.ush" 2411
"../../../Engine/Shaders/Private/LightDataUniforms.ush" 2412
"../../../Engine/Shaders/Private/VirtualShadowMaps/VirtualShadowMapProjectionCommon.ush" 2413
"../../../Engine/Shaders/Private/VirtualShadowMaps/VirtualShadowMapPageAccessCommon.ush" 2414
"../../../Engine/Shaders/Shared/VirtualShadowMapDefinitions.h" 2415
"../../../Engine/Shaders/Shared/HLSLMathAliases.h" 2416
"../../../Engine/Shaders/Private/VirtualShadowMaps/VirtualShadowMapProjectionStructs.ush" 2417
"../../../Engine/Shaders/Private/VolumetricCloudCommon.ush" 2418
"../../../Engine/Shaders/Private/VolumetricCloud.usf" 2419
"../../../Engine/Shaders/Private/VisualizeVolumetricLightmap.usf" 2420
"../../../Engine/Shaders/Private/VirtualShadowMaps/VirtualShadowMapProjectionComposite.usf" 2421
"../../../Engine/Shaders/Private/LightShaderParameters.ush" 2422
"../../../Engine/Shaders/Private/VirtualShadowMaps/VirtualShadowMapMaskBitsCommon.ush" 2423
"../../../Engine/Shaders/Private/VirtualShadowMaps/VirtualShadowMapLightGrid.ush" 2424
"../../../Engine/Shaders/Private/VirtualShadowMaps/VirtualShadowMapProjection.usf" 2425
"../../../Engine/Shaders/Private/Visualization.ush" 2426
"../../../Engine/Shaders/Private/VirtualShadowMaps/VirtualShadowMapProjectionFilter.ush" 2427
"../../../Engine/Shaders/Private/VirtualShadowMaps/VirtualShadowMapProjectionDirectional.ush" 2428
"../../../Engine/Shaders/Private/VirtualShadowMaps/VirtualShadowMapSMRTCommon.ush" 2429
"../../../Engine/Shaders/Private/VirtualShadowMaps/VirtualShadowMapSMRTTemplate.ush" 2430
"../../../Engine/Shaders/Private/VirtualShadowMaps/VirtualShadowMapProjectionSpot.ush" 2431
"../../../Engine/Shaders/Private/VirtualShadowMaps/VirtualShadowMapTransmissionCommon.ush" 2432
"../../../Engine/Shaders/Private/VirtualShadowMaps/VirtualShadowMapScreenRayTrace.ush" 2433
"../../../Engine/Shaders/Private/VirtualShadowMaps/VirtualShadowMapStats.ush" 2434
"../../../Engine/Shaders/Private/HairStrands/HairStrandsVoxelPageCommon.ush" 2435
"../../../Engine/Shaders/Private/HairStrands/HairStrandsVoxelPageTraversal.ush" 2436
"../../../Engine/Shaders/Private/VirtualShadowMaps/VirtualShadowMapCacheGPUInvalidation.usf" 2437
"../../../Engine/Shaders/Private/VirtualShadowMaps/VirtualShadowMapPageCacheCommon.ush" 2438
"../../../Engine/Shaders/Private/VirtualShadowMaps/VirtualShadowMapCacheInvalidation.ush" 2439
"../../../Engine/Shaders/Private/VirtualShadowMaps/VirtualShadowMapPageOverlap.ush" 2440
"../../../Engine/Shaders/Private/ScreenSpaceDenoise/SSDDefinitions.ush" 2441
"../../../Engine/Shaders/Private/InstanceCulling/InstanceCullingLoadBalancer.ush" 2442
"../../../Engine/Shaders/Private/VirtualShadowMaps/VirtualShadowMapCacheLoadBalancer.usf" 2443
"../../../Engine/Shaders/Private/VirtualShadowMaps/VirtualShadowMapCopyStats.usf" 2444
"../../../Engine/Shaders/Private/VirtualShadowMaps/VirtualShadowMapDebug.usf" 2445
"../../../Engine/Shaders/Private/VirtualShadowMaps/Desaturate.usf" 2446
"../../../Engine/Shaders/Private/VirtualShadowMaps/VirtualShadowMapPhysicalPageManagement.usf" 2447
"../../../Engine/Shaders/Private/ReductionCommon.ush" 2448
"../../../Engine/Shaders/Private/GPUMessaging.ush" 2449
"../../../Engine/Shaders/Private/VirtualShadowMaps/VirtualShadowMapPerPageDispatch.ush" 2450
"../../../Engine/Shaders/Private/VirtualShadowMaps/VirtualShadowMapCompactViews.usf" 2451
"../../../Engine/Shaders/Shared/SceneCullingDefinitions.h" 2452
"../../../Engine/Shaders/Private/VirtualShadowMaps/VirtualShadowMapBuildPerPageDrawCommands.usf" 2453
"../../../Engine/Shaders/Private/Nanite/NaniteCullingCommon.ush" 2454
"../../../Engine/Shaders/Private/Nanite/NaniteCulling.ush" 2455
"../../../Engine/Shaders/Private/Nanite/NaniteHierarchyTraversalCommon.ush" 2456
"../../../Engine/Shaders/Private/InstanceCulling/InstanceCullingCommon.ush" 2457
"../../../Engine/Shaders/Shared/InstanceCullingDefinitions.h" 2458
"../../../Engine/Shaders/Private/VirtualShadowMaps/VirtualShadowMapPrintStats.usf" 2459
"../../../Engine/Shaders/Private/VirtualShadowMaps/VirtualShadowMapPageManagement.usf" 2460
"../../../Engine/Shaders/Private/VirtualShadowMaps/VirtualShadowMapPageMarking.usf" 2461
"../../../Engine/Shaders/Shared/SingleLayerWaterDefinitions.h" 2462
"../../../Engine/Shaders/Private/HairStrands/HairStrandsTileCommon.ush" 2463
"../../../Engine/Shaders/Private/Froxel/Froxel.ush" 2464
"../../../Engine/Shaders/Shared/FroxelDefinitions.h" 2465
"../../../Engine/Shaders/Private/DiaphragmDOF/DOFCommon.ush" 2466
"../../../Engine/Shaders/Private/VariableRateShading/VRSShadingRatePreview.usf" 2467
"../../../Engine/Shaders/Private/VariableRateShading/VRSShadingRateCommon.ush" 2468
"../../../Engine/Shaders/Private/VariableRateShading/VRSShadingRateCombine.usf" 2469
"../../../Engine/Shaders/Private/VariableRateShading/VRSShadingRateFoveated.usf" 2470
"../../../Engine/Shaders/Private/VariableRateShading/VRSShadingRateReproject.usf" 2471
"../../../Engine/Shaders/Private/VariableRateShading/VRSShadingRateCalculate.usf" 2472
"../../../Engine/Shaders/Private/TranslucencyUpsampling.usf" 2473
"../../../Engine/Shaders/Private/ComposeSeparateTranslucency.usf" 2474
"../../../Engine/Shaders/Private/SeparateTranslucency.ush" 2475
"../../../Engine/Shaders/Private/TranslucentLightInjectionShaders.usf" 2476
"../../../Engine/Shaders/Private/TranslucentShadowDepthShaders.usf" 2477
"../../../Engine/Shaders/Private/ShadowDepthCommon.ush" 2478
"../../../Engine/Shaders/Private/RayTracing/RayTracingTest.usf" 2479
"../../../Engine/Shaders/Private/PostprocessSubsurfaceTile.usf" 2480
"../../../Engine/Shaders/Private/PostProcessSubsurfaceCommon.ush" 2481
"../../../Engine/Shaders/Private/Substrate/SubstrateVisualize.usf" 2482
"../../../Engine/Shaders/Private/Substrate/SubstrateTile.ush" 2483
"../../../Engine/Shaders/Shared/SubstrateVisualizeDefinitions.h" 2484
"../../../Engine/Shaders/Private/Substrate/SubstrateVisualizeCommon.ush" 2485
"../../../Engine/Shaders/Private/SkyLightingDiffuseShared.ush" 2486
"../../../Engine/Shaders/Private/SkyLightingShared.ush" 2487
"../../../Engine/Shaders/Private/ClearCoatCommon.ush" 2488
"../../../Engine/Shaders/Private/ReflectionEnvironmentComposite.ush" 2489
"../../../Engine/Shaders/Private/Substrate/SubstrateLightingCommon.ush" 2490
"../../../Engine/Shaders/Private/Substrate/SubstrateRoughRefraction.usf" 2491
"../../../Engine/Shaders/Private/PathTracing/Material/PathTracingFresnel.ush" 2492
"../../../Engine/Shaders/Private/PathTracing/Material/PathTracingGlossy.ush" 2493
"../../../Engine/Shaders/Private/Substrate/SubstrateMaterialSampling.usf" 2494
"../../../Engine/Shaders/Private/Substrate/SubstrateMaterialSampling.ush" 2495
"../../../Engine/Shaders/Private/Lumen/LumenPosition.ush" 2496
"../../../Engine/Shaders/Private/Substrate/SubstrateTile.usf" 2497
"../../../Engine/Shaders/Private/Substrate/SubstrateMaterialClassification.usf" 2498
"../../../Engine/Shaders/Private/Substrate/SubstrateDBuffer.usf" 2499
"../../../Engine/Shaders/Private/StochasticLighting/StochasticLightingDenoising.usf" 2500
"../../../Engine/Shaders/Private/Lumen/LumenMaterial.ush" 2501
"../../../Engine/Shaders/Private/StochasticLighting/StochasticLightingCommon.ush" 2502
"../../../Engine/Shaders/Private/SplineMeshSceneTexture.usf" 2503
"../../../Engine/Shaders/Private/SparseVolumeTexture/VisualizeSparseVolumeTexture.usf" 2504
"../../../Engine/Shaders/Private/SkyAtmosphere.usf" 2505
"../../../Engine/Shaders/Private/Skinning/SkinnedMeshDebug.usf" 2506
"../../../Engine/Shaders/Private/Skinning/AnimBankEval.usf" 2507
"../../../Engine/Shaders/Private/SingleLayerWaterComposite.usf" 2508
"../../../Engine/Shaders/Private/Froxel/FroxelBuild.ush" 2509
"../../../Engine/Shaders/Private/SingleLayerWaterRefractionCulling.usf" 2510
"../../../Engine/Shaders/Private/ScreenSpaceShadows.usf" 2511
"../../../Engine/Shaders/Private/bend_sss_gpu.ush" 2512
"../../../Engine/Shaders/Private/ShadowFactorsUpsampleCommon.ush" 2513
"../../../Engine/Shaders/Private/FirstPersonSelfShadow.usf" 2514
"../../../Engine/Shaders/Private/HZBTracing.ush" 2515
"../../../Engine/Shaders/Private/ShadowProjectionVertexShader.usf" 2516
"../../../Engine/Shaders/Private/ShadowProjectionPixelShader.usf" 2517
"../../../Engine/Shaders/Private/MobileLightingCommon.ush" 2518
"../../../Engine/Shaders/Private/PlanarReflectionShared.ush" 2519
"../../../Engine/Shaders/Private/MobileSSR.ush" 2520
"../../../Engine/Shaders/Private/SSRT/SSRTRayCast.ush" 2521
"../../../Engine/Shaders/Private/ShadowPercentageCloserFiltering.ush" 2522
"../../../Engine/Shaders/Private/TransmissionThickness.ush" 2523
"../../../Engine/Shaders/Private/CopyShadowMaps.usf" 2524
"../../../Engine/Shaders/Private/ShadowDepthPixelShader.usf" 2525
"../../../Engine/Shaders/Private/ShadowDepthVertexShader.usf" 2526
"../../../Engine/Shaders/Private/ShadingEnergyConservationTable.usf" 2527
"../../../Engine/Shaders/Shared/PathTracingDefinitions.h" 2528
"../../../Engine/Shaders/Private/ShadingFurnaceTest.usf" 2529
"../../../Engine/Shaders/Private/Substrate/SubstrateDeferredLighting.ush" 2530
"../../../Engine/Shaders/Private/ShaderPrintDraw.usf" 2531
"../../../Engine/Shaders/Private/ShaderPrintDrawPrimitive.usf" 2532
"../../../Engine/Shaders/Private/DefaultSSRTiles.usf" 2533
"../../../Engine/Shaders/Private/ScreenSpaceReflectionTileCommons.ush" 2534
"../../../Engine/Shaders/Private/SSRT/SSRTDiffuseIndirect.usf" 2535
"../../../Engine/Shaders/Private/SSRT/SSRTTileClassificationBuffer.ush" 2536
"../../../Engine/Shaders/Private/SSRT/SSRTReflections.usf" 2537
"../../../Engine/Shaders/Private/ScreenSpaceDenoise/SSDPublic.ush" 2538
"../../../Engine/Shaders/Private/SSRT/SSRTTileClassification.usf" 2539
"../../../Engine/Shaders/Private/SSRT/SSRTPrevFrameReduction.usf" 2540
"../../../Engine/Shaders/Private/ScreenSpaceDenoise/SSDComposeHarmonics.usf" 2541
"../../../Engine/Shaders/Private/ScreenSpaceDenoise/SSDPublicHarmonics.ush" 2542
"../../../Engine/Shaders/Private/ScreenSpaceDenoise/SSDSignalFramework.ush" 2543
"../../../Engine/Shaders/Private/ScreenSpaceDenoise/SSDCommon.ush" 2544
"../../../Engine/Shaders/Private/SphericalGaussian.ush" 2545
"../../../Engine/Shaders/Public/WaveBroadcastIntrinsics.ush" 2546
"../../../Engine/Shaders/Private/ScreenSpaceDenoise/SSDMetadata.ush" 2547
"../../../Engine/Shaders/Private/ScreenSpaceDenoise/SSDSignalCore.ush" 2548
"../../../Engine/Shaders/Private/ScreenSpaceDenoise/DenoisingCommon.ush" 2549
"../../../Engine/Shaders/Private/ScreenSpaceDenoise/SSDSignalArray.ush" 2550
"../../../Engine/Shaders/Private/ScreenSpaceDenoise/SSDSignalBufferEncoding.ush" 2551
"../../../Engine/Shaders/Private/ScreenSpaceDenoise/SSDPublicBufferEncoding.ush" 2552
"../../../Engine/Shaders/Private/Lumen/LumenBufferEncoding.ush" 2553
"../../../Engine/Shaders/Private/ScreenSpaceDenoise/SSDTemporalAccumulation.usf" 2554
"../../../Engine/Shaders/Private/ScreenSpaceDenoise/SSDSpatialKernel.ush" 2555
"../../../Engine/Shaders/Private/ScreenSpaceDenoise/SSDSignalAccumulatorArray.ush" 2556
"../../../Engine/Shaders/Private/ScreenSpaceDenoise/SSDSignalAccumulator.ush" 2557
"../../../Engine/Shaders/Private/ScreenSpaceDenoise/SSDSignalCompression.ush" 2558
"../../../Engine/Shaders/Private/ScreenSpaceDenoise/SSDSpatialAccumulation.usf" 2559
"../../../Engine/Shaders/Private/ScreenSpaceDenoise/SSDInjest.usf" 2560
"../../../Engine/Shaders/Private/ScreenSpaceDenoise/SSDCompressMetadata.usf" 2561
"../../../Engine/Shaders/Private/DownsampleDepthPixelShader.usf" 2562
"../../../Engine/Shaders/Private/ScreenPass.usf" 2563
"../../../Engine/Shaders/Private/HZB.usf" 2564
"../../../Engine/Shaders/Private/OcclusionFeedbackShaders.usf" 2565
"../../../Engine/Shaders/Private/HZBOcclusion.usf" 2566
"../../../Engine/Shaders/Private/OcclusionQueryPixelShader.usf" 2567
"../../../Engine/Shaders/Private/OcclusionQueryVertexShader.usf" 2568
"../../../Engine/Shaders/Private/HitProxyCopy.usf" 2569
"../../../Engine/Shaders/Private/HitProxyPixelShader.usf" 2570
"../../../Engine/Shaders/Private/HitProxyVertexShader.usf" 2571
"../../../Engine/Shaders/Private/SceneCulling/SceneCullingDebugRender.usf" 2572
"../../../Engine/Shaders/Private/SceneCulling/SceneCulling.ush" 2573
"../../../Engine/Shaders/Private/SceneCulling/SceneCullingBuildExplicitBounds.usf" 2574
"../../../Engine/Shaders/Private/SceneCapturePixelShader.usf" 2575
"../../../Engine/Shaders/Private/RendererUtils.usf" 2576
"../../../Engine/Shaders/Private/RTWriteMaskDecode.usf" 2577
"../../../Engine/Shaders/Private/ReflectionEnvironmentShaders.usf" 2578
"../../../Engine/Shaders/Private/RectLightAtlas.usf" 2579
"../../../Engine/Shaders/Private/RayTracing/TraceRayInlineStatistics.usf" 2580
"../../../Engine/Shaders/Private/RayTracing/CompositeSkyLightPS.usf" 2581
"../../../Engine/Shaders/Private/RayTracing/GenerateSkyLightVisibilityRaysCS.usf" 2582
"../../../Engine/Shaders/Private/RayTracing/RayTracingSkyLightCommon.ush" 2583
"../../../Engine/Shaders/Private/RayTracing/SkyLightVisibilityRaysData.ush" 2584
"../../../Engine/Shaders/Private/Raytracing/RaytracingSkylightRGS.usf" 2585
"../../../Engine/Shaders/Private/HairStrands/HairStrandsRaytracing.ush" 2586
"../../../Engine/Shaders/Private/Raytracing/RayTracingSkyLightEvaluation.ush" 2587
"../../../Engine/Shaders/Private/Raytracing/RayTracingDeferredShadingCommon.ush" 2588
"../../../Engine/Shaders/Private/RayTracing/RayTracingOcclusionRGS.usf" 2589
"../../../Engine/Shaders/Private/RayTracing/RayTracingDirectionalLight.ush" 2590
"../../../Engine/Shaders/Private/RayTracing/RayTracingRectLight.ush" 2591
"../../../Engine/Shaders/Private/RayTracing/RayTracingSphereLight.ush" 2592
"../../../Engine/Shaders/Private/RayTracing/RayTracingCapsuleLight.ush" 2593
"../../../Engine/Shaders/Private/Raytracing/RayTracingFeedback.usf" 2594
"../../../Engine/Shaders/Shared/RayTracingDebugTypes.h" 2595
"../../../Engine/Shaders/Private/RayTracing/RayTracingPrimaryRays.usf" 2596
"../../../Engine/Shaders/Private/RayTracing/RayTracingLightingCommon.ush" 2597
"../../../Engine/Shaders/Private/RayTracing/RayTracingLightCullingCommon.ush" 2598
"../../../Engine/Shaders/Private/RayTracing/RayTracingMaterialDefaultHitShaders.usf" 2599
"../../../Engine/Shaders/Private/RayTracing/RayTracingMaterialHitShaders.usf" 2600
"../../../Engine/Shaders/Private/RayTracing/RayTracingShaderUtils.ush" 2601
"../../../Engine/Shaders/Private/RayTracing/RayTracingCalcInterpolants.ush" 2602
"../../../Engine/Shaders/Private/LightmapCommon.ush" 2603
"../../../Engine/Shaders/Private/Lumen/LumenHardwareRayTracingPayloadCommon.ush" 2604
"../../../Engine/Shaders/Shared/LumenDefinitions.h" 2605
"../../../Engine/Shaders/Private/Substrate/SubstrateExport.ush" 2606
"../../../Engine/Shaders/Private/RayTracing/RayTracingLightingMS.usf" 2607
"../../../Engine/Shaders/Private/Lumen/LumenDiffuseColorBoost.ush" 2608
"../../../Engine/Shaders/Private/RayTracing/RayTracingLightFunctionCommon.ush" 2609
"../../../Engine/Shaders/Private/RayTracing/RayTracingBuildLightGrid.usf" 2610
"../../../Engine/Shaders/Private/Raytracing/RayTracingInstanceBufferUtil.usf" 2611
"../../../Engine/Shaders/Private/RayTracing/RayTracingDynamicMesh.usf" 2612
"../../../Engine/Shaders/Private/RayTracing/RayTracingDefaultDecalHitShader.usf" 2613
"../../../Engine/Shaders/Private/RayTracing/RayTracingDecalMaterialShader.usf" 2614
"../../../Engine/Shaders/Private/PathTracing/PathTracingShaderUtils.ush" 2615
"../../../Engine/Shaders/Private/PathTracing/PathTracingCommon.ush" 2616
"../../../Engine/Shaders/Private/PathTracing/Material/PathTracingMaterialCommon.ush" 2617
"../../../Engine/Shaders/Private/PathTracing/Utilities/PathTracingRIS.ush" 2618
"../../../Engine/Shaders/Private/RayTracing/RayTracingBuildDecalGrid.usf" 2619
"../../../Engine/Shaders/Private/RayTracing/RayTracingDebugHitStatsUtils.usf" 2620
"../../../Engine/Shaders/Private/RayTracing/RayTracingDebugInstanceOverlap.usf" 2621
"../../../Engine/Shaders/Private/RayTracing/RayTracingDebugPicking.usf" 2622
"../../../Engine/Shaders/Private/RayTracing/RayTracingDebugUtils.ush" 2623
"../../../Engine/Shaders/Private/RayTracing/RayTracingDebugTraversal.usf" 2624
"../../../Engine/Shaders/Private/RayTracing/RayTracingDeferredMaterials.ush" 2625
"../../../Engine/Shaders/Shared/ThirdParty/AMD/ags_shader_intrinsics_dx12.h" 2626
"../../../Engine/Shaders/Shared/RayTracingDebugDefinitions.h" 2627
"../../../Engine/Shaders/Private/RayTracing/RayTracingDebugHitStatsCHS.usf" 2628
"../../../Engine/Shaders/Private/RayTracing/RayTracingDebugHitStats.usf" 2629
"../../../Engine/Shaders/Private/RayTracing/RayTracingDebugMS.usf" 2630
"../../../Engine/Shaders/Private/RayTracing/RayTracingDebugCHS.usf" 2631
"../../../Engine/Shaders/Private/RayTracing/RayTracingDebug.usf" 2632
"../../../Engine/Shaders/Private/RayTracing/RayTracingBuiltInShaders.usf" 2633
"../../../Engine/Shaders/Private/RayTracing/RayTracingBarycentrics.usf" 2634
"../../../Engine/Shaders/Private/RayTracing/RayTracingAmbientOcclusionRGS.usf" 2635
"../../../Engine/Shaders/Private/VisualizeShadingModels.usf" 2636
"../../../Engine/Shaders/Private/MotionBlur/VisualizeMotionVectors.usf" 2637
"../../../Engine/Shaders/Private/TemporalSuperResolution/TSRVisualize.usf" 2638
"../../../Engine/Shaders/Private/TemporalSuperResolution/TSRColorSpace.ush" 2639
"../../../Engine/Shaders/Private/TemporalSuperResolution/TSRCommon.ush" 2640
"../../../Engine/Shaders/Public/DualPixelVectorization.ush" 2641
"../../../Engine/Shaders/Private/TemporalSuperResolution/TSRReprojectionField.ush" 2642
"../../../Engine/Shaders/Private/TemporalSuperResolution/TSRResolveHistory.usf" 2643
"../../../Engine/Shaders/Private/TemporalSuperResolution/TSRConvolutionNetwork.ush" 2644
"../../../Engine/Shaders/Private/TemporalSuperResolution/TSRKernels.ush" 2645
"../../../Engine/Shaders/Public/LaneVectorization.ush" 2646
"../../../Engine/Shaders/Private/TemporalSuperResolution/TSRUpdateHistory.usf" 2647
"../../../Engine/Shaders/Private/TemporalSuperResolution/TSRSpatialAntiAliasing.ush" 2648
"../../../Engine/Shaders/Private/TemporalSuperResolution/TSRSpatialAntiAliasing.usf" 2649
"../../../Engine/Shaders/Private/TemporalSuperResolution/TSRRejectShading.usf" 2650
"../../../Engine/Shaders/Private/TemporalSuperResolution/TSRShadingAnalysis.ush" 2651
"../../../Engine/Shaders/Private/TemporalSuperResolution/TSRConvolutionNetworkPass.ush" 2652
"../../../Engine/Shaders/Private/TemporalSuperResolution/TSRDecimateHistory.usf" 2653
"../../../Engine/Shaders/Private/TemporalSuperResolution/TSRDepthVelocityAnalysis.ush" 2654
"../../../Engine/Shaders/Private/TemporalSuperResolution/TSRClosestOccluder.ush" 2655
"../../../Engine/Shaders/Private/TemporalSuperResolution/TSRWeightRelaxation.usf" 2656
"../../../Engine/Shaders/Private/TemporalSuperResolution/TSRThinGeometryCommon.ush" 2657
"../../../Engine/Shaders/Private/TemporalSuperResolution/TSRDetectThinGeometry.usf" 2658
"../../../Engine/Shaders/Private/TemporalSuperResolution/TSRDilateVelocity.usf" 2659
"../../../Engine/Shaders/Private/MotionBlur/MotionBlurVelocityFlatten.ush" 2660
"../../../Engine/Shaders/Private/MotionBlur/MotionBlurCommon.ush" 2661
"../../../Engine/Shaders/Private/TemporalSuperResolution/TSRClearPrevTextures.usf" 2662
"../../../Engine/Shaders/Private/TemporalSuperResolution/TSRMeasureCoverage.usf" 2663
"../../../Engine/Shaders/Private/TemporalSuperResolution/TSRMeasureFlickeringLuma.usf" 2664
"../../../Engine/Shaders/Private/TemporalAA.usf" 2665
"../../../Engine/Shaders/Private/FilterPixelShader.usf" 2666
"../../../Engine/Shaders/Private/FilterVertexShader.usf" 2667
"../../../Engine/Shaders/Private/VisualizeVirtualTexture.usf" 2668
"../../../Engine/Shaders/Private/PostProcessVisualizeBuffer.usf" 2669
"../../../Engine/Shaders/Private/PostProcessVisualizeLocalExposure.usf" 2670
"../../../Engine/Shaders/Private/PostProcessHistogramCommon.ush" 2671
"../../../Engine/Shaders/Private/TonemapCommon.ush" 2672
"../../../Engine/Shaders/Private/ACES/ACESCommon.ush" 2673
"../../../Engine/Shaders/Private/ACES/ACESOutputTransform.ush" 2674
"../../../Engine/Shaders/Private/ACES/ACESUtilities.ush" 2675
"../../../Engine/Shaders/Private/ACES/ACESTonescale.ush" 2676
"../../../Engine/Shaders/Private/ACES/ACESDisplayEncoding.ush" 2677
"../../../Engine/Shaders/Private/ACES/ACES_v1.3.ush" 2678
"../../../Engine/Shaders/Private/PostProcessVisualizeLevelInstance.usf" 2679
"../../../Engine/Shaders/Private/PostProcessVisualizeHDR.usf" 2680
"../../../Engine/Shaders/Private/ShaderComplexityApplyPixelShader.usf" 2681
"../../../Engine/Shaders/Private/QuadOverdraw.ush" 2682
"../../../Engine/Shaders/Private/PostProcessUpscale.usf" 2683
"../../../Engine/Shaders/Private/PostProcessTonemap.usf" 2684
"../../../Engine/Shaders/Private/PostProcessing/FilmGrainPackConstants.usf" 2685
"../../../Engine/Shaders/Private/PostProcessing/FilmGrainReduce.usf" 2686
"../../../Engine/Shaders/Private/PostProcessTestImage.usf" 2687
"../../../Engine/Shaders/Private/PostProcessSubsurface.usf" 2688
"../../../Engine/Shaders/Private/SeparableSSS.ush" 2689
"../../../Engine/Shaders/Private/SubsurfaceBurleyNormalized.ush" 2690
"../../../Engine/Shaders/Private/PostProcessSelectionOutline.usf" 2691
"../../../Engine/Shaders/Private/MotionBlur/MotionBlurVisualize.usf" 2692
"../../../Engine/Shaders/Private/MotionBlur/MotionBlurApply.usf" 2693
"../../../Engine/Shaders/Private/MotionBlur/MotionBlurFilterTileClassify.usf" 2694
"../../../Engine/Shaders/Private/MotionBlur/MotionBlurTileScatter.usf" 2695
"../../../Engine/Shaders/Private/MotionBlur/MotionBlurTileGather.usf" 2696
"../../../Engine/Shaders/Private/MotionBlur/MotionBlurVelocityFlatten.usf" 2697
"../../../Engine/Shaders/Private/PostProcessMobile.usf" 2698
"../../../Engine/Shaders/Private/PostProcessMitchellNetravali.usf" 2699
"../../../Engine/Shaders/Private/PostProcessMaterialShaders.usf" 2700
"../../../Engine/Shaders/Private/NeuralPostProcessCommon.usf" 2701
"../../../Engine/Shaders/Private/PostProcessLocalExposure.usf" 2702
"../../../Engine/Shaders/Private/PostProcessLensFlares.usf" 2703
"../../../Engine/Shaders/Private/PostProcessGBufferHints.usf" 2704
"../../../Engine/Shaders/Private/PostProcessHMD.usf" 2705
"../../../Engine/Shaders/Private/Histogram.usf" 2706
"../../../Engine/Shaders/Private/PostProcessHistogramReduce.usf" 2707
"../../../Engine/Shaders/Private/PostProcessHistogram.usf" 2708
"../../../Engine/Shaders/Private/Bloom/BloomFinalizeApplyConstants.usf" 2709
"../../../Engine/Shaders/Private/Bloom/BloomCommon.ush" 2710
"../../../Engine/Shaders/Private/Bloom/BloomResizeKernel.usf" 2711
"../../../Engine/Shaders/Private/Bloom/BloomDownsampleKernel.usf" 2712
"../../../Engine/Shaders/Private/Bloom/BloomClampKernel.usf" 2713
"../../../Engine/Shaders/Private/Bloom/BloomPackKernelConstants.usf" 2714
"../../../Engine/Shaders/Private/Bloom/BloomSumScatterDispersionEnergy.usf" 2715
"../../../Engine/Shaders/Private/Bloom/BloomReduceKernelSurvey.usf" 2716
"../../../Engine/Shaders/Private/Bloom/BloomSurveyKernelCenterEnergy.usf" 2717
"../../../Engine/Shaders/Private/Bloom/BloomSurveyMaxScatterDispersion.usf" 2718
"../../../Engine/Shaders/Private/Bloom/BloomFindKernelCenter.usf" 2719
"../../../Engine/Shaders/Private/PostProcessEyeAdaptation.usf" 2720
"../../../Engine/Shaders/Private/TranslucencyVolumeCommon.ush" 2721
"../../../Engine/Shaders/Private/PostProcessEyeAdaptationUtils.usf" 2722
"../../../Engine/Shaders/Private/PostProcessDownsample.usf" 2723
"../../../Engine/Shaders/Private/PostProcessDOF.usf" 2724
"../../../Engine/Shaders/Private/PostProcessDeviceEncodingOnly.usf" 2725
"../../../Engine/Shaders/Private/PostProcessCompositePrimitives.usf" 2726
"../../../Engine/Shaders/Private/PostProcessCombineLUTs.usf" 2727
"../../../Engine/Shaders/Private/PostProcessVisualizeDOF.usf" 2728
"../../../Engine/Shaders/Private/PostProcessBloom.usf" 2729
"../../../Engine/Shaders/Private/PostProcessAmbientOcclusionMobile.usf" 2730
"../../../Engine/Shaders/Private/PostProcessAmbientOcclusionCommon.ush" 2731
"../../../Engine/Shaders/Private/FXAAShader.usf" 2732
"../../../Engine/Shaders/Private/Fxaa3_11.ush" 2733
"../../../Engine/Shaders/Private/PaniniProjection.usf" 2734
"../../../Engine/Shaders/Private/DiaphragmDOF/DOFRecombine.usf" 2735
"../../../Engine/Shaders/Private/DiaphragmDOF/DOFHybridScatterPixelShader.usf" 2736
"../../../Engine/Shaders/Private/DiaphragmDOF/DOFHybridScatterCommon.ush" 2737
"../../../Engine/Shaders/Private/DiaphragmDOF/DOFVignetteCommon.ush" 2738
"../../../Engine/Shaders/Private/DiaphragmDOF/DOFHybridScatterVertexShader.usf" 2739
"../../../Engine/Shaders/Private/DiaphragmDOF/DOFPostfiltering.usf" 2740
"../../../Engine/Shaders/Private/DiaphragmDOF/DOFGatherTileSuggest.ush" 2741
"../../../Engine/Shaders/Private/DiaphragmDOF/DOFCocTileCommon.ush" 2742
"../../../Engine/Shaders/Private/DiaphragmDOF/DOFGatherPass.usf" 2743
"../../../Engine/Shaders/Private/DiaphragmDOF/DOFGatherCommon.ush" 2744
"../../../Engine/Shaders/Private/DiaphragmDOF/DOFGatherAccumulator.ush" 2745
"../../../Engine/Shaders/Private/DiaphragmDOF/DOFGatherKernel.ush" 2746
"../../../Engine/Shaders/Private/DiaphragmDOF/DOFBokehLUT.usf" 2747
"../../../Engine/Shaders/Private/DiaphragmDOF/DOFHybridScatterCompilation.usf" 2748
"../../../Engine/Shaders/Private/DiaphragmDOF/DOFReduce.usf" 2749
"../../../Engine/Shaders/Private/DiaphragmDOF/DOFDownsample.ush" 2750
"../../../Engine/Shaders/Private/DiaphragmDOF/DOFHybridScatterCompilation.ush" 2751
"../../../Engine/Shaders/Private/DiaphragmDOF/DOFDownsample.usf" 2752
"../../../Engine/Shaders/Private/DiaphragmDOF/DOFCocTileDilate.usf" 2753
"../../../Engine/Shaders/Private/DiaphragmDOF/DOFCocTileFlatten.usf" 2754
"../../../Engine/Shaders/Private/DiaphragmDOF/DOFSetup.usf" 2755
"../../../Engine/Shaders/Private/Tools/DebugAlphaChannel.usf" 2756
"../../../Engine/Shaders/Private/PostProcessAlphaInvert.usf" 2757
"../../../Engine/Shaders/Private/PlanarReflectionShaders.usf" 2758
"../../../Engine/Shaders/Private/PhysicsFieldVisualizer.usf" 2759
"../../../Engine/Shaders/Private/PathTracing/PathTracingSpatialTemporalDenoising.usf" 2760
"../../../Engine/Shaders/Private/ColorDifference.ush" 2761
"../../../Engine/Shaders/Private/PathTracing/PathTracingCompositingPixelShader.usf" 2762
"../../../Engine/Shaders/Private/PathTracing/PathTracingAdaptiveUtils.ush" 2763
"../../../Engine/Shaders/Private/PathTracing/PathTracingDefaultHitShader.usf" 2764
"../../../Engine/Shaders/Private/PathTracing/PathTracingGPULightmassMaterialHitShader.usf" 2765
"../../../Engine/Shaders/Private/PathTracing/PathTracingMaterialHitShader.usf" 2766
"../../../Engine/Shaders/Private/PathTracing/Material/PathTracingSubstrateCommon.ush" 2767
"../../../Engine/Shaders/Private/PathTracing/PathTracingLightingMissShader.usf" 2768
"../../../Engine/Shaders/Private/PathTracing/PathTracingMissShader.usf" 2769
"../../../Engine/Shaders/Private/PathTracing/PathTracingAdaptiveStart.usf" 2770
"../../../Engine/Shaders/Private/PathTracing/PathTracingBuildAdaptiveError.usf" 2771
"../../../Engine/Shaders/Private/PathTracing/PathTracingVolumetricCloudMaterialShader.usf" 2772
"../../../Engine/Shaders/Private/PathTracing/Volume/PathTracingCloudsMaterialCommon.ush" 2773
"../../../Engine/Shaders/Private/PathTracing/Volume/PathTracingVolumeCommon.ush" 2774
"../../../Engine/Shaders/Private/PathTracing/Volume/PathTracingCloudsCommon.ush" 2775
"../../../Engine/Shaders/Private/PathTracing/Volume/PathTracingFog.ush" 2776
"../../../Engine/Shaders/Private/PathTracing/Volume/PathTracingAtmosphere.ush" 2777
"../../../Engine/Shaders/Private/PathTracing/Volume/PathTracingAtmosphereCommon.ush" 2778
"../../../Engine/Shaders/Private/PathTracing/Volume/PathTracingVolumeSampling.ush" 2779
"../../../Engine/Shaders/Private/PathTracing/PathTracingBuildCloudAccelerationMap.usf" 2780
"../../../Engine/Shaders/Private/PathTracing/PathTracingBuildAtmosphereLUT.usf" 2781
"../../../Engine/Shaders/Private/PathTracing/PathTracingSwizzleScanlines.usf" 2782
"../../../Engine/Shaders/Private/PathTracing/PathTracingInitExtinctionCoefficient.usf" 2783
"../../../Engine/Shaders/Private/PathTracing/PathTracingCopyDepth.usf" 2784
"../../../Engine/Shaders/Private/PathTracing/PathTracingDebug.usf" 2785
"../../../Engine/Shaders/Private/RayTracing/RayTracingDecalGrid.ush" 2786
"../../../Engine/Shaders/Private/PathTracing/Material/PathTracingMaterialSampling.ush" 2787
"../../../Engine/Shaders/Private/PathTracing/Material/PathTracingLambert.ush" 2788
"../../../Engine/Shaders/Private/PathTracing/Material/PathTracingSubstrate.ush" 2789
"../../../Engine/Shaders/Private/PathTracing/Material/PathTracingSubstrateFoliage.ush" 2790
"../../../Engine/Shaders/Private/PathTracing/Material/PathTracingSubstrateSolidGlass.ush" 2791
"../../../Engine/Shaders/Private/PathTracing/Material/PathTracingSubstrateThinGlass.ush" 2792
"../../../Engine/Shaders/Private/PathTracing/Material/PathTracingSolidGlass.ush" 2793
"../../../Engine/Shaders/Private/PathTracing/Material/PathTracingEnergyConservation.ush" 2794
"../../../Engine/Shaders/Private/PathTracing/Material/PathTracingThinGlass.ush" 2795
"../../../Engine/Shaders/Private/PathTracing/Material/PathTracingDefaultLit.ush" 2796
"../../../Engine/Shaders/Private/PathTracing/Material/PathTracingClearCoat.ush" 2797
"../../../Engine/Shaders/Private/PathTracing/Material/PathTracingTwoSidedFoliage.ush" 2798
"../../../Engine/Shaders/Private/PathTracing/Material/PathTracingCloth.ush" 2799
"../../../Engine/Shaders/Private/PathTracing/Material/PathTracingSubsurfaceProfile.ush" 2800
"../../../Engine/Shaders/Private/PathTracing/Material/PathTracingEye.ush" 2801
"../../../Engine/Shaders/Private/PathTracing/Material/PathTracingHair.ush" 2802
"../../../Engine/Shaders/Private/PathTracing/Material/PathTracingMedium.ush" 2803
"../../../Engine/Shaders/Private/PathTracing/Light/PathTracingLightSampling.ush" 2804
"../../../Engine/Shaders/Private/PathTracing/Light/PathTracingLightCommon.ush" 2805
"../../../Engine/Shaders/Private/PathTracing/Light/PathTracingDirectionalLight.ush" 2806
"../../../Engine/Shaders/Private/PathTracing/Light/PathTracingPointLight.ush" 2807
"../../../Engine/Shaders/Private/PathTracing/Light/PathTracingCapsuleLight.ush" 2808
"../../../Engine/Shaders/Private/PathTracing/Light/PathTracingRectLight.ush" 2809
"../../../Engine/Shaders/Private/PathTracing/Light/PathTracingSkyLight.ush" 2810
"../../../Engine/Shaders/Private/PathTracing/Light/PathTracingLightGrid.ush" 2811
"../../../Engine/Shaders/Private/PathTracing/PathTracing.usf" 2812
"../../../Engine/Shaders/Private/PathTracing/PathTracingCore.ush" 2813
"../../../Engine/Shaders/Private/HeterogeneousVolumes/HeterogeneousVolumesVoxelGridTypes.ush" 2814
"../../../Engine/Shaders/Private/PathTracing/Volume/PathTracingVolume.ush" 2815
"../../../Engine/Shaders/Private/PathTracing/Volume/PathTracingClouds.ush" 2816
"../../../Engine/Shaders/Private/PathTracing/Volume/PathTracingHeterogeneousVolumes.ush" 2817
"../../../Engine/Shaders/Private/HeterogeneousVolumes/HeterogeneousVolumesVoxelGridTraversal.ush" 2818
"../../../Engine/Shaders/Private/HeterogeneousVolumes/HeterogeneousVolumesVoxelGridUtils.ush" 2819
"../../../Engine/Shaders/Private/HeterogeneousVolumes/HeterogeneousVolumesFrustumVoxelGridUtils.ush" 2820
"../../../Engine/Shaders/Private/PathTracing/PathTracingBuildLightGrid.usf" 2821
"../../../Engine/Shaders/Private/PathTracing/PathTracingSkylightMISCompensation.usf" 2822
"../../../Engine/Shaders/Private/PathTracing/PathTracingSkylightPrepare.usf" 2823
"../../../Engine/Shaders/Private/OIT/OITSorting.usf" 2824
"../../../Engine/Shaders/Private/OITCombine.usf" 2825
"../../../Engine/Shaders/Private/OITCommon.ush" 2826
"../../../Engine/Shaders/Private/Nanite/Voxel/RasterizeBricks.usf" 2827
"../../../Engine/Shaders/Private/Nanite/Voxel/Brick.ush" 2828
"../../../Engine/Shaders/Private/Nanite/Voxel/Voxel.ush" 2829
"../../../Engine/Shaders/Private/Nanite/Voxel/ScatterBricks.usf" 2830
"../../../Engine/Shaders/Private/Nanite/Voxel/TileBricks.usf" 2831
"../../../Engine/Shaders/Private/Nanite/Voxel/AutoVoxel.usf" 2832
"../../../Engine/Shaders/Private/Nanite/NaniteDebugViews.usf" 2833
"../../../Engine/Shaders/Private/Nanite/NaniteEditorCommon.ush" 2834
"../../../Engine/Shaders/Private/BinarySearch.ush" 2835
"../../../Engine/Shaders/Private/Nanite/NaniteDepthDecode.usf" 2836
"../../../Engine/Shaders/Private/HTileEncoding.ush" 2837
"../../../Engine/Shaders/Private/Nanite/NaniteVisualize.usf" 2838
"../../../Engine/Shaders/Private/Nanite/NaniteStreamOut.usf" 2839
"../../../Engine/Shaders/Private/Nanite/NaniteHierarchyTraversal.ush" 2840
"../../../Engine/Shaders/Private/Nanite/NaniteSkinningUpdateViewData.usf" 2841
"../../../Engine/Shaders/Private/Skinning/TransformProviders.usf" 2842
"../../../Engine/Shaders/Private/Nanite/NaniteShadeBinning.usf" 2843
"../../../Engine/Shaders/Private/Nanite/NaniteShadeCommon.ush" 2844
"../../../Engine/Shaders/Private/Nanite/NaniteFastClear.usf" 2845
"../../../Engine/Shaders/Private/Nanite/NaniteExportGBuffer.usf" 2846
"../../../Engine/Shaders/Private/Nanite/NaniteClusterCulling.usf" 2847
"../../../Engine/Shaders/Private/Nanite/NanitePrintStats.usf" 2848
"../../../Engine/Shaders/Private/Nanite/NaniteRasterizer.usf" 2849
"../../../Engine/Shaders/Private/Nanite/NaniteRasterizationCommon.ush" 2850
"../../../Engine/Shaders/Private/Nanite/NaniteRasterizer.ush" 2851
"../../../Engine/Shaders/Private/Nanite/NaniteWritePixel.ush" 2852
"../../../Engine/Shaders/Private/Nanite/NaniteTessellation.ush" 2853
"../../../Engine/Shaders/Private/WorkDistribution.ush" 2854
"../../../Engine/Shaders/Private/Nanite/NaniteDice.ush" 2855
"../../../Engine/Shaders/Private/ShaderBundleWorkGraphCommon.ush" 2856
"../../../Engine/Shaders/Public/RootConstants.ush" 2857
"../../../Engine/Shaders/Public/Platform/D3D/D3DRootConstants.ush" 2858
"../../../Engine/Shaders/Private/Nanite/NaniteSplit.usf" 2859
"../../../Engine/Shaders/Private/Nanite/NaniteRasterBinning.usf" 2860
"../../../Engine/Shaders/Private/Nanite/NaniteInstanceCulling.usf" 2861
"../../../Engine/Shaders/Private/Nanite/NaniteImposter.ush" 2862
"../../../Engine/Shaders/Private/Nanite/NaniteInstanceHierarchyCulling.usf" 2863
"../../../Engine/Shaders/Private/WorkGroupLoadBalancer.ush" 2864
"../../../Engine/Shaders/Private/Nanite/NanitePrimitiveFilter.usf" 2865
"../../../Engine/Shaders/Private/Nanite/NaniteRasterClear.usf" 2866
"../../../Engine/Shaders/Private/Nanite/NaniteDepthExport.usf" 2867
"../../../Engine/Shaders/Private/Nanite/NaniteEmitShadow.usf" 2868
"../../../Engine/Shaders/Private/MobileDeferredUtils.usf" 2869
"../../../Engine/Shaders/Private/MobileLocalLightsBuffer.usf" 2870
"../../../Engine/Shaders/Private/MobileFog.usf" 2871
"../../../Engine/Shaders/Private/DistortApplyScreenPS.usf" 2872
"../../../Engine/Shaders/Private/MobileDeferredShading.usf" 2873
"../../../Engine/Shaders/Private/MobileBasePassPixelShader.usf" 2874
"../../../Engine/Shaders/Private/MobileBasePassCommon.ush" 2875
"../../../Engine/Shaders/Private/BasePassCommon.ush" 2876
"../../../Engine/Shaders/Private/ShadingModelsMaterial.ush" 2877
"../../../Engine/Shaders/Private/ThinTranslucentCommon.ush" 2878
"../../../Engine/Shaders/Private/SingleLayerWaterShading.ush" 2879
"../../../Engine/Shaders/Private/DistortionCommon.ush" 2880
"../../../Engine/Shaders/Private/Substrate/SubstrateMobileForwardLighting.ush" 2881
"../../../Engine/Shaders/Private/MobileBasePassVertexShader.usf" 2882
"../../../Engine/Shaders/Private/MeshEdges.usf" 2883
"../../../Engine/Shaders/Private/MegaLights/MegaLightsVSMTracing.usf" 2884
"../../../Engine/Shaders/Private/MegaLights/MegaLights.ush" 2885
"../../../Engine/Shaders/Shared/MegaLightsDefinitions.h" 2886
"../../../Engine/Shaders/Private/HairStrands/HairStrandsVisibilityUtils.ush" 2887
"../../../Engine/Shaders/Private/MegaLights/MegaLightsRayTracing.ush" 2888
"../../../Engine/Shaders/Private/MegaLights/MegaLightsRayTracing.usf" 2889
"../../../Engine/Shaders/Private/DistanceField/GlobalDistanceFieldUtils.ush" 2890
"../../../Engine/Shaders/Private/Lumen/LumenScreenTracing.ush" 2891
"../../../Engine/Shaders/Private/MegaLights/MegaLightsVolumeRayTracing.usf" 2892
"../../../Engine/Shaders/Private/MegaLights/MegaLightsVolume.ush" 2893
"../../../Engine/Shaders/Private/MegaLights/MegaLightsVolumeHardwareRayTracing.usf" 2894
"../../../Engine/Shaders/Private/Lumen/LumenHardwareRayTracingCommon.ush" 2895
"../../../Engine/Shaders/Private/RayTracing/RayTracingReflectionEnvironment.ush" 2896
"../../../Engine/Shaders/Private/Lumen/LumenHardwareRayTracingPlatformCommon.ush" 2897
"../../../Engine/Shaders/Private/Lumen/LumenReflectionsCombine.ush" 2898
"../../../Engine/Shaders/Private/Lumen/LumenTracingCommon.ush" 2899
"../../../Engine/Shaders/Private/Lumen/SurfaceCache/LumenSurfaceCacheSampling.ush" 2900
"../../../Engine/Shaders/Private/Lumen/SurfaceCache/LumenSurfaceCache.ush" 2901
"../../../Engine/Shaders/Private/Lumen/LumenCardCommon.ush" 2902
"../../../Engine/Shaders/Private/Lumen/LumenCardTileShadowDownsampleFactor.ush" 2903
"../../../Engine/Shaders/Private/MegaLights/MegaLightsHardwareRayTracing.usf" 2904
"../../../Engine/Shaders/Private/MegaLights/MegaLights.usf" 2905
"../../../Engine/Shaders/Private/MegaLights/MegaLightsShading.ush" 2906
"../../../Engine/Shaders/Private/MegaLights/MegaLightsFilterVisibleLightHash.usf" 2907
"../../../Engine/Shaders/Private/MegaLights/MegaLightsDenoiserSpatial.usf" 2908
"../../../Engine/Shaders/Private/Lumen/LumenReflectionDenoiserCommon.ush" 2909
"../../../Engine/Shaders/Private/MegaLights/MegaLightsDenoiserTemporal.usf" 2910
"../../../Engine/Shaders/Private/MegaLights/MegaLightsShading.usf" 2911
"../../../Engine/Shaders/Private/StochasticLighting/StochasticLightingUpsample.ush" 2912
"../../../Engine/Shaders/Private/MegaLights/MegaLightsVisibleLightHash.usf" 2913
"../../../Engine/Shaders/Private/MegaLights/MegaLightsVolumeShading.usf" 2914
"../../../Engine/Shaders/Private/MegaLights/MegaLightsSampling.usf" 2915
"../../../Engine/Shaders/Private/MegaLights/MegaLightsSampling.ush" 2916
"../../../Engine/Shaders/Private/MegaLights/MegaLightsVolumeSampling.usf" 2917
"../../../Engine/Shaders/Private/MaterialCache/MaterialCacheABufferPages.usf" 2918
"../../../Engine/Shaders/Private/MaterialCache/MaterialCacheShade.usf" 2919
"../../../Engine/Shaders/Private/MaterialCache/MaterialCacheUnwrapNaniteShade.usf" 2920
"../../../Engine/Shaders/Private/MaterialCache/MaterialCacheUnwrapPixelShader.usf" 2921
"../../../Engine/Shaders/Private/MaterialCache/MaterialCacheUnwrapVertexShader.usf" 2922
"../../../Engine/Shaders/Private/Lumen/LumenVisualizeRadianceCache.usf" 2923
"../../../Engine/Shaders/Private/Lumen/LumenRadianceCacheCommon.ush" 2924
"../../../Engine/Shaders/Private/Lumen/LumenVisualizeHardwareRayTracing.usf" 2925
"../../../Engine/Shaders/Private/Lumen/LumenVisualize.ush" 2926
"../../../Engine/Shaders/Private/Lumen/LumenHairTracing.ush" 2927
"../../../Engine/Shaders/Private/Lumen/LumenVisualize.usf" 2928
"../../../Engine/Shaders/Private/Lumen/LumenSoftwareRayTracing.ush" 2929
"../../../Engine/Shaders/Private/DistanceField/GlobalDistanceFieldObjectGrid.ush" 2930
"../../../Engine/Shaders/Private/DistanceFieldLightingShared.ush" 2931
"../../../Engine/Shaders/Private/Lumen/LumenVisualizeTraces.ush" 2932
"../../../Engine/Shaders/Private/Lumen/LumenTranslucencyVolumeLighting.usf" 2933
"../../../Engine/Shaders/Private/Lumen/LumenRadianceCacheMarkCommon.ush" 2934
"../../../Engine/Shaders/Private/Lumen/LumenTranslucencyVolumeLightingShared.ush" 2935
"../../../Engine/Shaders/Private/Lumen/LumenScreenProbeCommon.ush" 2936
"../../../Engine/Shaders/Private/RayTracing/RayGenUtils.ush" 2937
"../../../Engine/Shaders/Private/Lumen/LumenRadianceCacheTracingCommon.ush" 2938
"../../../Engine/Shaders/Private/Lumen/LumenTranslucencyVolumeHardwareRayTracing.usf" 2939
"../../../Engine/Shaders/Private/Lumen/LumenTranslucencyRadianceCacheMarkShaders.usf" 2940
"../../../Engine/Shaders/Private/Lumen/SurfaceCache/LumenSurfaceCache.usf" 2941
"../../../Engine/Shaders/Private/Lumen/LumenShortRangeAOHardwareRayTracing.usf" 2942
"../../../Engine/Shaders/Private/Lumen/LumenScreenSpaceBentNormal.ush" 2943
"../../../Engine/Shaders/Private/Lumen/LumenScreenSpaceBentNormal.usf" 2944
"../../../Engine/Shaders/Private/Lumen/LumenScreenProbeTracing.usf" 2945
"../../../Engine/Shaders/Private/Lumen/LumenScreenProbeTracingCommon.ush" 2946
"../../../Engine/Shaders/Private/Lumen/LumenFloatQuantization.ush" 2947
"../../../Engine/Shaders/Private/Lumen/LumenScreenProbeImportanceSampling.usf" 2948
"../../../Engine/Shaders/Private/Lumen/LumenScreenProbeImportanceSamplingShared.ush" 2949
"../../../Engine/Shaders/Private/Lumen/LumenScreenProbeHardwareRayTracing.usf" 2950
"../../../Engine/Shaders/Private/Lumen/LumenScreenProbeDebug.usf" 2951
"../../../Engine/Shaders/Private/Lumen/LumenScreenProbeGather.usf" 2952
"../../../Engine/Shaders/Private/Lumen/LumenScreenProbeGatherTemporal.usf" 2953
"../../../Engine/Shaders/Private/Lumen/LumenScreenProbeFiltering.usf" 2954
"../../../Engine/Shaders/Private/Lumen/LumenSceneLighting.usf" 2955
"../../../Engine/Shaders/Private/Lumen/LumenCardTile.ush" 2956
"../../../Engine/Shaders/Private/Lumen/LumenSceneLighting.ush" 2957
"../../../Engine/Shaders/Private/Lumen/Radiosity/LumenRadiosity.ush" 2958
"../../../Engine/Shaders/Private/Lumen/LumenSceneLightingDebug.usf" 2959
"../../../Engine/Shaders/Private/Lumen/LumenScene.usf" 2960
"../../../Engine/Shaders/Private/Lumen/LumenSceneDirectLightingHardwareRayTracing.usf" 2961
"../../../Engine/Shaders/Private/Lumen/LumenSceneDirectLightingStochastic.ush" 2962
"../../../Engine/Shaders/Private/Lumen/LumenReflectionCommon.ush" 2963
"../../../Engine/Shaders/Private/Lumen/LumenSceneDirectLighting.ush" 2964
"../../../Engine/Shaders/Private/Lumen/LumenSceneDebugHardwareRayTracing.usf" 2965
"../../../Engine/Shaders/Private/Lumen/LumenSceneDirectLightingStochastic.usf" 2966
"../../../Engine/Shaders/Private/Lumen/LumenSceneDirectLightingSoftwareRayTracing.usf" 2967
"../../../Engine/Shaders/Private/DistanceFieldShadowingShared.ush" 2968
"../../../Engine/Shaders/Private/Lumen/LumenSceneDirectLightingPerLightShadowCommon.ush" 2969
"../../../Engine/Shaders/Private/Lumen/LumenSceneDirectLightingShadowMask.usf" 2970
"../../../Engine/Shaders/Private/Lumen/LumenSceneDirectLighting.usf" 2971
"../../../Engine/Shaders/Private/Lumen/LumenSceneDirectLightingCulling.usf" 2972
"../../../Engine/Shaders/Private/Lumen/LumenCardComputeShader.usf" 2973
"../../../Engine/Shaders/Private/Lumen/LumenCardBasePass.ush" 2974
"../../../Engine/Shaders/Private/Lumen/LumenCardPixelShader.usf" 2975
"../../../Engine/Shaders/Private/Lumen/LumenCardVertexShader.usf" 2976
"../../../Engine/Shaders/Private/Lumen/LumenReSTIRGather.usf" 2977
"../../../Engine/Shaders/Private/Lumen/LumenReflectionTracing.usf" 2978
"../../../Engine/Shaders/Private/Lumen/LumenReflectionDenoiserSpatial.usf" 2979
"../../../Engine/Shaders/Private/Lumen/LumenReflectionDenoiserClear.usf" 2980
"../../../Engine/Shaders/Private/Lumen/LumenReflectionDenoiserTemporal.usf" 2981
"../../../Engine/Shaders/Private/Lumen/LumenReflectionResolve.usf" 2982
"../../../Engine/Shaders/Private/Lumen/LumenReflections.usf" 2983
"../../../Engine/Shaders/Private/Lumen/RayTracedTranslucency.usf" 2984
"../../../Engine/Shaders/Private/Lumen/LumenReflectionHardwareRayTracing.usf" 2985
"../../../Engine/Shaders/Private/Lumen/Radiosity/LumenVisualizeRadiosityProbes.usf" 2986
"../../../Engine/Shaders/Private/Lumen/Radiosity/LumenRadiosity.usf" 2987
"../../../Engine/Shaders/Private/Lumen/Radiosity/LumenRadiosityHardwareRayTracing.usf" 2988
"../../../Engine/Shaders/Private/Lumen/Radiosity/LumenRadiosityCulling.usf" 2989
"../../../Engine/Shaders/Private/Lumen/LumenRadianceCacheHardwareRayTracing.usf" 2990
"../../../Engine/Shaders/Private/Lumen/LumenRadianceCache.usf" 2991
"../../../Engine/Shaders/Private/Lumen/LumenRadianceCacheUpdate.ush" 2992
"../../../Engine/Shaders/Private/Lumen/LumenRadianceCacheDebug.usf" 2993
"../../../Engine/Shaders/Private/Lumen/LumenRadianceCacheUpdate.usf" 2994
"../../../Engine/Shaders/Private/Lumen/LumenMeshSDFCulling.usf" 2995
"../../../Engine/Shaders/Private/HybridIndirectLighting.ush" 2996
"../../../Engine/Shaders/Private/MeshDistanceFieldCommon.ush" 2997
"../../../Engine/Shaders/Private/Lumen/LumenIrradianceFieldGather.usf" 2998
"../../../Engine/Shaders/Private/Lumen/LumenHardwareRayTracingMaterials.usf" 2999
"../../../Engine/Shaders/Private/Lumen/LumenFrontLayerTranslucency.usf" 3000
"../../../Engine/Shaders/Private/LocalFogVolumes/LocalFogVolumeSplat.usf" 3001
"../../../Engine/Shaders/Private/LocalFogVolumes/LocalFogVolumeTiledCulling.usf" 3002
"../../../Engine/Shaders/Private/LightShaftShader.usf" 3003
"../../../Engine/Shaders/Private/StationaryLightOverlapShaders.usf" 3004
"../../../Engine/Shaders/Private/DeferredLightPixelShaders.usf" 3005
"../../../Engine/Shaders/Private/DeferredLightVertexShaders.usf" 3006
"../../../Engine/Shaders/Private/LightMapDensityShader.usf" 3007
"../../../Engine/Shaders/Private/LightGridInjection.usf" 3008
"../../../Engine/Shaders/Shared/LightGridDefinitions.h" 3009
"../../../Engine/Shaders/Private/LightFunctionPixelShader.usf" 3010
"../../../Engine/Shaders/Private/LightFunctionVertexShader.usf" 3011
"../../../Engine/Shaders/Private/LightFunctionAtlas/LightFunctionAtlasRender.usf" 3012
"../../../Engine/Shaders/Private/InstanceCulling/InstanceCullingOcclusionQuery.usf" 3013
"../../../Engine/Shaders/Private/InstanceCulling/InstanceCullingSetup.ush" 3014
"../../../Engine/Shaders/Private/InstanceCulling/BuildInstanceDrawCommands.usf" 3015
"../../../Engine/Shaders/Private/InstanceCulling/InstanceCompactionCommon.ush" 3016
"../../../Engine/Shaders/Private/SceneDataMobileWriter.ush" 3017
"../../../Engine/Shaders/Private/InstanceCulling/CompactVisibleInstances.usf" 3018
"../../../Engine/Shaders/Private/ReflectionEnvironmentPixelShader.usf" 3019
"../../../Engine/Shaders/Private/AmbientCubemapComposite.usf" 3020
"../../../Engine/Shaders/Private/DiffuseIndirectComposite.usf" 3021
"../../../Engine/Shaders/Private/IESAtlas.usf" 3022
"../../../Engine/Shaders/Private/HeterogeneousVolumes/HeterogeneousVolumesVoxelGridShadows.usf" 3023
"../../../Engine/Shaders/Private/HeterogeneousVolumes/HeterogeneousVolumesStochasticFiltering.ush" 3024
"../../../Engine/Shaders/Private/HeterogeneousVolumes/HeterogeneousVolumesVoxelGridRenderingUtils.ush" 3025
"../../../Engine/Shaders/Private/HeterogeneousVolumes/HeterogeneousVolumesLightingUtils.ush" 3026
"../../../Engine/Shaders/Private/HeterogeneousVolumes/HeterogeneousVolumesVoxelGridRendering.usf" 3027
"../../../Engine/Shaders/Private/HeterogeneousVolumes/HeterogeneousVolumesVoxelGridPipeline.usf" 3028
"../../../Engine/Shaders/Private/HeterogeneousVolumes/HeterogeneousVolumesMaterialBakingPipeline.usf" 3029
"../../../Engine/Shaders/Private/HeterogeneousVolumes/HeterogeneousVolumesLiveShadingUtils.ush" 3030
"../../../Engine/Shaders/Private/HeterogeneousVolumes/HeterogeneousVolumesFrustumVoxelGrid.usf" 3031
"../../../Engine/Shaders/Private/HeterogeneousVolumes/HeterogeneousVolumesSparseVoxelPipeline.usf" 3032
"../../../Engine/Shaders/Private/HeterogeneousVolumes/HeterogeneousVolumesSparseVoxelUtils.ush" 3033
"../../../Engine/Shaders/Private/HeterogeneousVolumes/HeterogeneousVolumesSparseVoxelUniformBufferUtils.ush" 3034
"../../../Engine/Shaders/Private/HeterogeneousVolumes/HeterogeneousVolumesPreshadingPipeline.usf" 3035
"../../../Engine/Shaders/Private/HeterogeneousVolumes/HeterogeneousVolumesLiveShadingShadows.usf" 3036
"../../../Engine/Shaders/Private/HeterogeneousVolumes/HeterogeneousVolumesLiveShadingGlobalPipeline.usf" 3037
"../../../Engine/Shaders/Private/HeterogeneousVolumes/HeterogeneousVolumesLiveShadingPipeline.usf" 3038
"../../../Engine/Shaders/Private/HeterogeneousVolumes/HeterogeneousVolumesHardwareRayTracing.usf" 3039
"../../../Engine/Shaders/Private/HeterogeneousVolumes/HeterogeneousVolumesAmbientOcclusionPipeline.usf" 3040
"../../../Engine/Shaders/Private/HeterogeneousVolumes/HeterogeneousVolumesComposite.usf" 3041
"../../../Engine/Shaders/Private/HdrCustomResolveShaders.usf" 3042
"../../../Engine/Shaders/Private/HairStrands/RenderCurveRaster.usf" 3043
"../../../Engine/Shaders/Private/HairStrands/HairStrandsVoxelRasterCompute.usf" 3044
"../../../Engine/Shaders/Private/HairStrands/HairStrandsHitProxy.usf" 3045
"../../../Engine/Shaders/Private/HairStrands/HairStrandsVisibilityRasterComputeNaive.usf" 3046
"../../../Engine/Shaders/Private/HairStrands/HairStrandsVisibilityRasterHW.usf" 3047
"../../../Engine/Shaders/Private/HairStrands/HairStrandsVisibilityRasterCompute.usf" 3048
"../../../Engine/Shaders/Private/HairStrands/HairStrandsVisibilityRasterClassification.usf" 3049
"../../../Engine/Shaders/Private/HairStrands/HairStrandsCoverage.usf" 3050
"../../../Engine/Shaders/Private/HairStrands/HairStrandsVisibilityDepthPS.usf" 3051
"../../../Engine/Shaders/Private/HairStrands/HairStrandsVisibilityTransmittanceDepthPS.usf" 3052
"../../../Engine/Shaders/Private/HairStrands/HairStrandsVisibilityFillOpaqueDepthPS.usf" 3053
"../../../Engine/Shaders/Private/HairStrands/HairStrandsVisibilityCompactionComputeRaster.usf" 3054
"../../../Engine/Shaders/Private/HairStrands/HairStrandsVisibilityCompaction.usf" 3055
"../../../Engine/Shaders/Private/HairStrands/HairStrandsVisibilityCopyIndirectArg.usf" 3056
"../../../Engine/Shaders/Private/HairStrands/HairStrandsVisibilityClearPS.usf" 3057
"../../../Engine/Shaders/Private/HairStrands/HairStrandsVisibilityPS.usf" 3058
"../../../Engine/Shaders/Private/HairStrands/HairStrandsVisibilityVS.usf" 3059
"../../../Engine/Shaders/Private/HairStrands/HairStrandsVelocity.usf" 3060
"../../../Engine/Shaders/Private/HairStrands/HairStrandsVisibilityComputeSampleCoverage.usf" 3061
"../../../Engine/Shaders/Private/HairStrands/HairStrandsMaterialPS.usf" 3062
"../../../Engine/Shaders/Private/HairStrands/HairStrandsMaterialCommon.ush" 3063
"../../../Engine/Shaders/Private/HairStrands/HairStrandsMaterialVS.usf" 3064
"../../../Engine/Shaders/Private/HairStrands/HairStrandsLightSample.usf" 3065
"../../../Engine/Shaders/Private/HairStrands/HairStrandsDeepShadowMask.usf" 3066
"../../../Engine/Shaders/Private/HairStrands/HairStrandsDeepTransmittanceMask.usf" 3067
"../../../Engine/Shaders/Private/HairStrands/HairStrandsVisibilityTile.usf" 3068
"../../../Engine/Shaders/Private/HairStrands/HairStrandsDeepShadowPS.usf" 3069
"../../../Engine/Shaders/Private/HairStrands/HairStrandsDeepShadowVS.usf" 3070
"../../../Engine/Shaders/Private/HairStrands/HairStrandsAABB.usf" 3071
"../../../Engine/Shaders/Private/HairStrands/HairStrandsLUT.usf" 3072
"../../../Engine/Shaders/Private/HairStrands/HairStrandsForwardRaster.usf" 3073
"../../../Engine/Shaders/Private/HairStrands/HairStrandsForwardCulling.usf" 3074
"../../../Engine/Shaders/Private/HairStrands/HairStrandsEnvironmentLighting.usf" 3075
"../../../Engine/Shaders/Private/HairStrands/HairStrandsEnvironmentAO.usf" 3076
"../../../Engine/Shaders/Private/HairStrands/HairStrandsDeepShadowAllocation.usf" 3077
"../../../Engine/Shaders/Private/HairStrands/HairStrandsVoxelDebug.usf" 3078
"../../../Engine/Shaders/Private/HairStrands/HairStrandsComposition.usf" 3079
"../../../Engine/Shaders/Private/HairStrands/HairStrandsGBufferCommon.ush" 3080
"../../../Engine/Shaders/Private/GPUScene/GPUSceneDataManagement.usf" 3081
"../../../Engine/Shaders/Private/GPUSceneDebugRender.usf" 3082
"../../../Engine/Shaders/Private/GPUFeedbackCompaction.usf" 3083
"../../../Engine/Shaders/Private/GPUFastFourierTransform.usf" 3084
"../../../Engine/Shaders/Private/GPUFastFourierTransform2DCore.ush" 3085
"../../../Engine/Shaders/Private/GPUFastFourierTransformCore.ush" 3086
"../../../Engine/Shaders/Private/GPUBenchmark.usf" 3087
"../../../Engine/Shaders/Private/DistanceField/GlobalDistanceFieldDebug.usf" 3088
"../../../Engine/Shaders/Private/DistanceField/GlobalDistanceFieldUpdate.ush" 3089
"../../../Engine/Shaders/Private/DistanceField/GlobalDistanceFieldMip.usf" 3090
"../../../Engine/Shaders/Private/DistanceField/GlobalDistanceField.usf" 3091
"../../../Engine/Shaders/Private/DistanceField/GlobalDistanceFieldCompositeObjects.usf" 3092
"../../../Engine/Shaders/Private/DistanceField/GlobalDistanceFieldHeightfields.usf" 3093
"../../../Engine/Shaders/Private/HeightfieldLightingShared.ush" 3094
"../../../Engine/Shaders/Private/GenerateConservativeDepth.usf" 3095
"../../../Engine/Shaders/Private/HeightFogPixelShader.usf" 3096
"../../../Engine/Shaders/Private/HeightFogVertexShader.usf" 3097
"../../../Engine/Shaders/Private/DistortFiltering.usf" 3098
"../../../Engine/Shaders/Private/DistortAccumulatePS.usf" 3099
"../../../Engine/Shaders/Private/DistortAccumulateVS.usf" 3100
"../../../Engine/Shaders/Private/DistanceFieldVisualization.usf" 3101
"../../../Engine/Shaders/Private/DistanceFieldStreaming.usf" 3102
"../../../Engine/Shaders/Private/DistanceFieldShadowing.usf" 3103
"../../../Engine/Shaders/Private/DistanceFieldScreenGridLighting.usf" 3104
"../../../Engine/Shaders/Private/DistanceFieldObjectCulling.usf" 3105
"../../../Engine/Shaders/Private/DistanceFieldLightingPost.usf" 3106
"../../../Engine/Shaders/Private/DitheredTransitionStencil.usf" 3107
"../../../Engine/Shaders/Private/CopyDepthTexture.usf" 3108
"../../../Engine/Shaders/Private/CopyDepthTextureCS.usf" 3109
"../../../Engine/Shaders/Private/DeferredDecal.usf" 3110
"../../../Engine/Shaders/Private/DecalCommon.ush" 3111
"../../../Engine/Shaders/Private/DebugViewModeVertexShader.usf" 3112
"../../../Engine/Shaders/Private/DebugViewModeCommon.ush" 3113
"../../../Engine/Shaders/Private/DebugViewModePixelShader.usf" 3114
"../../../Engine/Shaders/Private/DebugProbes.usf" 3115
"../../../Engine/Shaders/Private/MeshDecals.usf" 3116
"../../../Engine/Shaders/Private/PostProcessAmbientOcclusion.usf" 3117
"../../../Engine/Shaders/Private/ClusteredDeferredShadingPixelShader.usf" 3118
"../../../Engine/Shaders/Private/ClusteredDeferredShadingVertexShader.usf" 3119
"../../../Engine/Shaders/Private/CapsuleShadowShaders.usf" 3120
"../../../Engine/Shaders/Private/BasePassPixelShader.usf" 3121
"../../../Engine/Shaders/Private/ForwardLightingCommon.ush" 3122
"../../../Engine/Shaders/Private/Substrate/SubstrateForwardLighting.ush" 3123
"../../../Engine/Shaders/Private/ComputeShaderOutputCommon.ush" 3124
"../../../Engine/Shaders/Private/BasePassVertexShader.usf" 3125
"../../../Engine/Shaders/Private/BasePassVertexCommon.ush" 3126
"../../../Engine/Shaders/Private/SimpleElementVolumeTexturePreviewPixelShader.usf" 3127
"../../../Engine/Shaders/Private/SimpleElementTexture2DPreviewPixelShader.usf" 3128
"../../../Engine/Shaders/Private/meshpaintdilatepixelshader.usf" 3129
"../../../Engine/Shaders/Private/meshpaintdilatevertexshader.usf" 3130
"../../../Engine/Shaders/Private/MeshPaintPixelShader.usf" 3131
"../../../Engine/Shaders/Private/MeshPaintVertexShader.usf" 3132
"../../../Engine/Shaders/Private/SlateElementPixelShader.usf" 3133
"../../../Engine/Shaders/Private/SlateShaderCommon.ush" 3134
"../../../Engine/Shaders/Private/SlateMaskingShader.usf" 3135
"../../../Engine/Shaders/Private/SlateVertexShader.usf" 3136
"../../../Engine/Shaders/Private/CompositeUIPixelShader.usf" 3137
"../../../Engine/Shaders/Private/ColorDeficiency.ush" 3138
"../../../Engine/Shaders/Private/SlatePostProcessColorDeficiencyPixelShader.usf" 3139
"../../../Engine/Shaders/Private/SlatePostProcessPixelShader.usf" 3140
"../../../Engine/Shaders/Private/Tools/VisualizeTexture.usf" 3141
"../../../Engine/Shaders/Private/UpdateDescriptorHandle.usf" 3142
"../../../Engine/Shaders/Private/ByteBuffer.usf" 3143
"../../../Engine/Shaders/Private/ShaderBundleWorkGraphDispatch.usf" 3144
"../../../Engine/Shaders/Private/ShaderBundleDispatch.usf" 3145
"../../../Engine/Shaders/Private/ResolveVertexShader.usf" 3146
"../../../Engine/Shaders/Private/ResolvePixelShader.usf" 3147
"../../../Engine/Shaders/Private/Tools/SetupIndirectArgs.usf" 3148
"../../../Engine/Shaders/Private/ClearReplacementShaders.usf" 3149
"../../../Engine/Shaders/Private/Tools/DrawTexture.usf" 3150
"../../../Engine/Shaders/Private/RayTracing/RayTracingValidation.usf" 3151
"../../../Engine/Shaders/Private/RenderGraphUtilities.usf" 3152
"../../../Engine/Shaders/Private/OneColorShader.usf" 3153
"../../../Engine/Shaders/Private/OculusShaders.usf" 3154
"../../../Engine/Shaders/Private/MediaShaders.usf" 3155
"../../../Engine/Shaders/Private/GPUMessaging.usf" 3156
"../../../Engine/Shaders/Private/Tools/GPUDebugCrashUtils.usf" 3157
"../../../Engine/Shaders/Private/NullPixelShader.usf" 3158
"../../../Engine/Shaders/Private/ComputeGenerateMips.usf" 3159
"../../../Engine/Shaders/Private/Tools/DumpTexture.usf" 3160
"../../../Engine/Shaders/Private/CopyTextureShaders.usf" 3161
"../../../Engine/Shaders/Private/Tools/FullscreenVertexShader.usf" 3162
"../../../Engine/Shaders/Private/RayTracing/RayTracingDispatchDesc.usf" 3163
"../../../Engine/Shaders/Private/Bink.usf" 3164
"../../../Engine/Shaders/Private/VelocityShader.usf" 3165
"../../../Engine/Shaders/Private/DepthOnlyPixelShader.usf" 3166
"../../../Engine/Shaders/Private/PositionOnlyDepthVertexShader.usf" 3167
"../../../Engine/Shaders/Private/DepthOnlyVertexShader.usf" 3168
"../../../Engine/Shaders/Private/AnisotropyPassShader.usf" 3169
"D:/UnrealProjects/Aura2/Content/Blueprints/UI/SettingMenu/WBP_SettingMenu.uasset" 3170
"D:/UnrealProjects/Aura2/Content/Blueprints/UI/AreYouSure/WBP_AreYouSure.uasset" 3171
"D:/UnrealProjects/Aura2/Content/Blueprints/Character/Aura/BP_AuraCharacter.uasset" 3172
"D:/UnrealProjects/Aura2/Content/Blueprints/AbilitySystem/Data/DA_TutorialData.uasset" 3173
"D:/UnrealProjects/Aura2/Content/Blueprints/UI/Dialogue/Tutorial/WBP_Dialogue.uasset" 3174
"/Engine/EngineResources/WhiteSquareTexture" 3175
"../../../Engine/Content/EngineResources/WhiteSquareTexture.uasset" 3176
"/Engine/EngineResources/GradientTexture0" 3177
"../../../Engine/Content/EngineResources/GradientTexture0.uasset" 3178
"/Engine/EngineResources/Black" 3179
"../../../Engine/Content/EngineResources/Black.uasset" 3180
"/Engine/EditorResources/S_Actor" 3181
"../../../Engine/Content/EditorResources/S_Actor.uasset" 3182
"/Engine/EngineFonts/RobotoDistanceField" 3183
"../../../Engine/Content/EngineFonts/RobotoDistanceField.uasset" 3184
"/Engine/EngineMaterials/DefaultTextMaterialOpaque" 3185
"../../../Engine/Content/EngineMaterials/DefaultTextMaterialOpaque.uasset" 3186
"/Engine/Functions/Engine_MaterialFunctions01/Shading/PowerToRoughness" 3187
"../../../Engine/Content/Functions/Engine_MaterialFunctions01/Shading/PowerToRoughness.uasset" 3188
"/Engine/Functions/Engine_MaterialFunctions01/Shading/ConvertFromDiffSpec" 3189
"../../../Engine/Content/Functions/Engine_MaterialFunctions01/Shading/ConvertFromDiffSpec.uasset" 3190
"/Engine/EngineMaterials/WorldGridMaterial" 3191
"../../../Engine/Content/EngineMaterials/WorldGridMaterial.uasset" 3192
"../../../Engine/Content/Functions/Engine_MaterialFunctions01/Opacity/CameraDepthFade.uasset" 3193
"../../../Engine/Content/EngineMaterials/T_Default_Material_Grid_M.uasset" 3194
"../../../Engine/Content/EngineMaterials/T_Default_Material_Grid_N.uasset" 3195
"/Engine/EngineMaterials/DefaultDeferredDecalMaterial" 3196
"../../../Engine/Content/EngineMaterials/DefaultDeferredDecalMaterial.uasset" 3197
"../../../Engine/Content/EngineMaterials/DefaultDiffuse.uasset" 3198
"/Engine/EngineMaterials/DefaultLightFunctionMaterial" 3199
"../../../Engine/Content/EngineMaterials/DefaultLightFunctionMaterial.uasset" 3200
"/Engine/EngineMaterials/DefaultPostProcessMaterial" 3201
"../../../Engine/Content/EngineMaterials/DefaultPostProcessMaterial.uasset" 3202
"../../../Engine/Content/Functions/Engine_MaterialFunctions02/Utility/BreakOutFloat2Components.uasset" 3203
"/Engine/EditorResources/S_Trigger" 3204
"../../../Engine/Content/EditorResources/S_Trigger.uasset" 3205
"/Engine/EditorResources/S_BoxReflectionCapture" 3206
"../../../Engine/Content/EditorResources/S_BoxReflectionCapture.uasset" 3207
"/Engine/EngineResources/DefaultTexture" 3208
"../../../Engine/Content/EngineResources/DefaultTexture.uasset" 3209
"/Engine/EditorResources/S_TriggerBox" 3210
"../../../Engine/Content/EditorResources/S_TriggerBox.uasset" 3211
"/Engine/EditorResources/S_TriggerCapsule" 3212
"../../../Engine/Content/EditorResources/S_TriggerCapsule.uasset" 3213
"/Engine/EditorResources/S_TriggerSphere" 3214
"../../../Engine/Content/EditorResources/S_TriggerSphere.uasset" 3215
"/Engine/EngineDamageTypes/DmgTypeBP_Environmental" 3216
"../../../Engine/Content/EngineDamageTypes/DmgTypeBP_Environmental.uasset" 3217
"/Engine/EngineMeshes/Sphere" 3218
"../../../Engine/Content/EngineMeshes/Sphere.uasset" 3219
"/Engine/EngineResources/DefaultTextureCube" 3220
"../../../Engine/Content/EngineResources/DefaultTextureCube.uasset" 3221
"/Engine/EngineResources/DefaultVolumeTexture" 3222
"../../../Engine/Content/EngineResources/DefaultVolumeTexture.uasset" 3223
"../../../Engine/Content/EngineResources/DefaultVolumeTexture2D.uasset" 3224
"/Engine/VREditor/TransformGizmo/SM_Sequencer_Node" 3225
"../../../Engine/Content/VREditor/TransformGizmo/SM_Sequencer_Node.uasset" 3226
"../../../Engine/Content/VREditor/TransformGizmo/Main.uasset" 3227
"../../../Engine/Content/VREditor/TransformGizmo/Xray.uasset" 3228
"/Engine/EditorResources/S_Solver" 3229
"../../../Engine/Content/EditorResources/S_Solver.uasset" 3230
"/Engine/EngineDebugMaterials/VolumeToRender" 3231
"../../../Engine/Content/EngineDebugMaterials/VolumeToRender.uasset" 3232
"/Engine/EngineDebugMaterials/M_VolumeRenderSphereTracePP" 3233
"../../../Engine/Content/EngineDebugMaterials/M_VolumeRenderSphereTracePP.uasset" 3234
"../../../Engine/Content/Functions/Engine_MaterialFunctions02/Utility/CameraDirectionVector.uasset" 3235
"/Engine/EditorMeshes/Camera/SM_CraneRig_Base" 3236
"../../../Engine/Content/EditorMeshes/Camera/SM_CraneRig_Base.uasset" 3237
"../../../Engine/Content/EditorMaterials/Camera/MI_CineMat_Rig.uasset" 3238
"../../../Engine/Content/EditorMaterials/Camera/CineMat.uasset" 3239
"/Engine/EditorMeshes/Camera/SM_CraneRig_Arm" 3240
"../../../Engine/Content/EditorMeshes/Camera/SM_CraneRig_Arm.uasset" 3241
"/Engine/EditorMeshes/Camera/SM_CraneRig_Mount" 3242
"../../../Engine/Content/EditorMeshes/Camera/SM_CraneRig_Mount.uasset" 3243
"/Engine/EditorMeshes/Camera/SM_CraneRig_Body" 3244
"../../../Engine/Content/EditorMeshes/Camera/SM_CraneRig_Body.uasset" 3245
"/Engine/EditorMeshes/Camera/SM_RailRig_Track" 3246
"../../../Engine/Content/EditorMeshes/Camera/SM_RailRig_Track.uasset" 3247
"/Engine/EditorMeshes/Camera/SM_RailRig_Mount" 3248
"../../../Engine/Content/EditorMeshes/Camera/SM_RailRig_Mount.uasset" 3249
"/Engine/EditorLandscapeResources/SplineEditorMesh" 3250
"../../../Engine/Content/EditorLandscapeResources/SplineEditorMesh.uasset" 3251
"../../../Engine/Content/EditorLandscapeResources/SplineEditorMeshMat.uasset" 3252
"/HairStrands/Materials/HairDebugMaterial" 3253
"../../Plugins/Runtime/HairStrands/Content/Materials/HairDebugMaterial.uasset" 3254
"../../../Engine/Content/Functions/Engine_MaterialFunctions02/Utility/MakeFloat2.uasset" 3255
"../../../Engine/Content/Functions/Engine_MaterialFunctions02/Utility/MakeFloat3.uasset" 3256
"../../../Engine/Content/EngineMaterials/HairColorMap.uasset" 3257
"../../../Engine/Content/EngineMaterials/HairDebugColor.uasset" 3258
"../../Plugins/Runtime/HairStrands/Content/Materials/HairGroupColors.uasset" 3259
"/HairStrands/Materials/HairDefaultMaterial" 3260
"../../Plugins/Runtime/HairStrands/Content/Materials/HairDefaultMaterial.uasset" 3261
"/HairStrands/Materials/HairCardsDefaultMaterial" 3262
"../../Plugins/Runtime/HairStrands/Content/Materials/HairCardsDefaultMaterial.uasset" 3263
"/HairStrands/Materials/HairMeshesDefaultMaterial" 3264
"../../Plugins/Runtime/HairStrands/Content/Materials/HairMeshesDefaultMaterial.uasset" 3265
"/Engine/BasicShapes/Cube" 3266
"../../../Engine/Content/BasicShapes/Cube.uasset" 3267
"/CameraCalibrationCore/Materials/M_DefaultOddSquare" 3268
"../../Plugins/VirtualProduction/CameraCalibrationCore/Content/Materials/M_DefaultOddSquare.uasset" 3269
"/CameraCalibrationCore/Materials/M_DefaultEvenSquare" 3270
"../../Plugins/VirtualProduction/CameraCalibrationCore/Content/Materials/M_DefaultEvenSquare.uasset" 3271
"/Engine/EngineMaterials/Widget3DPassThrough_Translucent" 3272
"../../../Engine/Content/EngineMaterials/Widget3DPassThrough_Translucent.uasset" 3273
"../../../Engine/Content/EngineMaterials/Widget3DPassThrough.uasset" 3274
"/Engine/EngineMaterials/Widget3DPassThrough_Translucent_OneSided" 3275
"../../../Engine/Content/EngineMaterials/Widget3DPassThrough_Translucent_OneSided.uasset" 3276
"/Engine/EngineMaterials/Widget3DPassThrough_Opaque" 3277
"../../../Engine/Content/EngineMaterials/Widget3DPassThrough_Opaque.uasset" 3278
"/Engine/EngineMaterials/Widget3DPassThrough_Opaque_OneSided" 3279
"../../../Engine/Content/EngineMaterials/Widget3DPassThrough_Opaque_OneSided.uasset" 3280
"/Engine/EngineMaterials/Widget3DPassThrough_Masked" 3281
"../../../Engine/Content/EngineMaterials/Widget3DPassThrough_Masked.uasset" 3282
"/Engine/EngineMaterials/Widget3DPassThrough_Masked_OneSided" 3283
"../../../Engine/Content/EngineMaterials/Widget3DPassThrough_Masked_OneSided.uasset" 3284
"/Engine/VREditor/ViewportInteractionAssetContainerData" 3285
"../../../Engine/Content/VREditor/ViewportInteractionAssetContainerData.uasset" 3286
"../../../Engine/Content/VREditor/SnapGrid/SnapGridMaterial.uasset" 3287
"../../../Engine/Content/VREditor/TransformGizmo/TransformGizmoMaterial_Inst.uasset" 3288
"../../../Engine/Content/VREditor/TransformGizmo/TranslucentTransformGizmoMaterial_Inst.uasset" 3289
"../../../Engine/Content/VREditor/SnapGrid/SnapGridPlaneMesh.uasset" 3290
"../../../Engine/Content/VREditor/Sounds/UI/Drop_Item_From_ContentBrowser.uasset" 3291
"../../../Engine/Content/VREditor/Sounds/UI/Gizmo_Handle_Clicked.uasset" 3292
"../../../Engine/Content/VREditor/Sounds/UI/Object_PickUp.uasset" 3293
"../../../Engine/Content/VREditor/Sounds/UI/Object_Snaps_To_Another_Actor.uasset" 3294
"../../../Engine/Content/VREditor/Sounds/UI/Object_Snaps_To_Grid.uasset" 3295
"../../../Engine/Content/VREditor/Sounds/UI/Scaling_Down.uasset" 3296
"../../../Engine/Content/VREditor/Sounds/UI/Scaling_Up.uasset" 3297
"../../../Engine/Content/VREditor/Sounds/UI/Selection_Changes.uasset" 3298
"../../../Engine/Content/VREditor/TransformGizmo/PlaneTranslationHandle.uasset" 3299
"../../../Engine/Content/VREditor/TransformGizmo/RotationHandleFull.uasset" 3300
"../../../Engine/Content/VREditor/TransformGizmo/RotationHandleIndicator.uasset" 3301
"../../../Engine/Content/VREditor/TransformGizmo/RotationHandleQuarter.uasset" 3302
"../../../Engine/Content/VREditor/TransformGizmo/StartRotationHandleIndicator.uasset" 3303
"../../../Engine/Content/VREditor/TransformGizmo/TransformGizmoFreeRotation.uasset" 3304
"../../../Engine/Content/VREditor/TransformGizmo/TranslateArrowHandle.uasset" 3305
"../../../Engine/Content/VREditor/TransformGizmo/UniformScaleHandle.uasset" 3306
"../../../Engine/Content/Functions/Engine_MaterialFunctions02/Math/Transform3x3Matrix.uasset" 3307
"../../../Engine/Content/Functions/Engine_MaterialFunctions02/SplitComponents.uasset" 3308
"../../../Engine/Content/VREditor/TransformGizmo/TransformGizmoMaterial.uasset" 3309
"../../../Engine/Content/VREditor/TransformGizmo/TranslucentTransformGizmoMaterial.uasset" 3310
"../../../Engine/Content/Functions/Engine_MaterialFunctions02/Utility/BreakOutFloat3Components.uasset" 3311
"../../../Engine/Content/VREditor/LaserPointer/VR_LaserPower_01.uasset" 3312
"/Engine/VREditor/TransformGizmo/BoundingBoxCorner" 3313
"../../../Engine/Content/VREditor/TransformGizmo/BoundingBoxCorner.uasset" 3314
"/Engine/VREditor/TransformGizmo/BoundingBoxEdge" 3315
"../../../Engine/Content/VREditor/TransformGizmo/BoundingBoxEdge.uasset" 3316
"/Engine/ArtTools/RenderToTexture/Meshes/S_1_Unit_Plane" 3317
"../../../Engine/Content/ArtTools/RenderToTexture/Meshes/S_1_Unit_Plane.uasset" 3318
"/Engine/EngineDebugMaterials/M_SimpleUnlitTranslucent" 3319
"../../../Engine/Content/EngineDebugMaterials/M_SimpleUnlitTranslucent.uasset" 3320
"/Engine/EngineFonts/Roboto" 3321
"../../../Engine/Content/EngineFonts/Roboto.uasset" 3322
"../../../Engine/Content/EngineFonts/Faces/DroidSansFallback.uasset" 3323
"../../../Engine/Content/EngineFonts/Faces/RobotoBold.uasset" 3324
"../../../Engine/Content/EngineFonts/Faces/RobotoBoldItalic.uasset" 3325
"../../../Engine/Content/EngineFonts/Faces/RobotoItalic.uasset" 3326
"../../../Engine/Content/EngineFonts/Faces/RobotoLight.uasset" 3327
"../../../Engine/Content/EngineFonts/Faces/RobotoRegular.uasset" 3328
"/Engine/EditorMaterials/ParticleSystems/PSysThumbnail_NoImage" 3329
"../../../Engine/Content/EditorMaterials/ParticleSystems/PSysThumbnail_NoImage.uasset" 3330
"/Engine/EditorMaterials/ParticleSystems/PSysThumbnail_OOD" 3331
"../../../Engine/Content/EditorMaterials/ParticleSystems/PSysThumbnail_OOD.uasset" 3332
"/Engine/EngineResources/LandscapeVisibilityLayerInfo" 3333
"../../../Engine/Content/EngineResources/LandscapeVisibilityLayerInfo.uasset" 3334
"/Game/Blueprints/UI/Font/MaruBuri-Bold_Font" 3335
"../../../../../UnrealProjects/Aura2/Content/Blueprints/UI/Font/MaruBuri-Bold_Font.uasset" 3336
"../../../../../UnrealProjects/Aura2/Content/Blueprints/UI/Font/MaruBuri-Bold.uasset" 3337
"/Game/Blueprints/UI/Font/MaruBuri-Regular_Font" 3338
"../../../../../UnrealProjects/Aura2/Content/Blueprints/UI/Font/MaruBuri-Regular_Font.uasset" 3339
"../../../../../UnrealProjects/Aura2/Content/Blueprints/UI/Font/MaruBuri-Regular.uasset" 3340
"/ACLPlugin/ACLAnimBoneCompressionSettings" 3341
"../../Plugins/Animation/ACLPlugin/Content/ACLAnimBoneCompressionSettings.uasset" 3342
"/Engine/Animation/DefaultRecorderBoneCompression" 3343
"../../../Engine/Content/Animation/DefaultRecorderBoneCompression.uasset" 3344
"/ACLPlugin/ACLAnimCurveCompressionSettings" 3345
"../../Plugins/Animation/ACLPlugin/Content/ACLAnimCurveCompressionSettings.uasset" 3346
"/Engine/Animation/DefaultVariableFrameStrippingSettings" 3347
"../../../Engine/Content/Animation/DefaultVariableFrameStrippingSettings.uasset" 3348
"/AudioWidgets/Resources/ScrubHandleDown_Clamped" 3349
"../../Plugins/Runtime/AudioWidgets/Content/Resources/ScrubHandleDown_Clamped.uasset" 3350
"/Paper2D/MaskedUnlitSpriteMaterial" 3351
"../../Plugins/2D/Paper2D/Content/MaskedUnlitSpriteMaterial.uasset" 3352
"../../Plugins/2D/Paper2D/Content/DefaultSpriteMaterial.uasset" 3353
"../../Plugins/2D/Paper2D/Content/PlaceholderTextures/DummySpriteTexture.uasset" 3354
"/Paper2D/OpaqueUnlitSpriteMaterial" 3355
"../../Plugins/2D/Paper2D/Content/OpaqueUnlitSpriteMaterial.uasset" 3356
"/Paper2D/DefaultPaperTerrainMaterial" 3357
"../../Plugins/2D/Paper2D/Content/DefaultPaperTerrainMaterial.uasset" 3358
"../../Plugins/2D/Paper2D/Content/DummySprite.uasset" 3359
"/ControlRig/Controls/ControlRigXRayMaterial" 3360
"../../Plugins/Animation/ControlRig/Content/Controls/ControlRigXRayMaterial.uasset" 3361
"/ControlRig/Controls/DefaultGizmoLibraryNormalized" 3362
"../../Plugins/Animation/ControlRig/Content/Controls/DefaultGizmoLibraryNormalized.uasset" 3363
"/ControlRig/M_Manip" 3364
"../../Plugins/Animation/ControlRig/Content/M_Manip.uasset" 3365
"../../../Engine/Content/Functions/Engine_MaterialFunctions02/WorldPositionOffset/CameraOffset.uasset" 3366
"/Game/Blueprints/Actor/RangeIndicator/M_RangeIndicatorOutline" 3367
"../../../../../UnrealProjects/Aura2/Content/Blueprints/Actor/RangeIndicator/M_RangeIndicatorOutline.uasset" 3368
"/Game/Blueprints/Actor/RangeIndicator/MI_RangeIndicatorOutline_Inst" 3369
"../../../../../UnrealProjects/Aura2/Content/Blueprints/Actor/RangeIndicator/MI_RangeIndicatorOutline_Inst.uasset" 3370
"/Game/Blueprints/Actor/RangeIndicator/MI_RangeIndicatorOutline_Rect" 3371
"../../../../../UnrealProjects/Aura2/Content/Blueprints/Actor/RangeIndicator/MI_RangeIndicatorOutline_Rect.uasset" 3372
"/SpeedTreeImporter/SpeedTree9/SpeedTreeMaster" 3373
"../../Plugins/Editor/SpeedTreeImporter/Content/SpeedTree9/SpeedTreeMaster.uasset" 3374
"../../../Engine/Content/Functions/Engine_MaterialFunctions02/ObjectLocalBounds.uasset" 3375
"../../../Engine/Content/Functions/Engine_MaterialFunctions02/SafeNormalize.uasset" 3376
"../../../Engine/Content/Functions/Engine_MaterialFunctions02/Utility/VectorLength.uasset" 3377
"../../../Engine/Content/Functions/Engine_MaterialFunctions02/UVs/BoundingBoxBased_0-1_UVW.uasset" 3378
"../../../Engine/Content/Functions/Engine_MaterialFunctions02/WorldPositionOffset/ObjectScale.uasset" 3379
"../../Plugins/Editor/SpeedTreeImporter/Content/SpeedTree9/SpeedTreeBranchMotion.uasset" 3380
"../../Plugins/Editor/SpeedTreeImporter/Content/SpeedTree9/SpeedTreeCameraFacing.uasset" 3381
"../../Plugins/Editor/SpeedTreeImporter/Content/SpeedTree9/SpeedTreeWind.uasset" 3382
"../../Plugins/Editor/SpeedTreeImporter/Content/SpeedTree9/SpeedTreeWindMotion.uasset" 3383
"../../Plugins/Editor/SpeedTreeImporter/Content/SpeedTree9/UnpackDirection.uasset" 3384
"../../Plugins/Editor/SpeedTreeImporter/Content/SpeedTree9/UnpackInteger3.uasset" 3385
"../../Plugins/Editor/SpeedTreeImporter/Content/SpeedTree9/Empty.uasset" 3386
"../../Plugins/Editor/SpeedTreeImporter/Content/SpeedTree9/EmptyNormal.uasset" 3387
"../../Plugins/Editor/SpeedTreeImporter/Content/SpeedTree9/game_wind_noise.uasset" 3388
"/SpeedTreeImporter/SpeedTree9/SpeedTreeBillboardMaster" 3389
"../../Plugins/Editor/SpeedTreeImporter/Content/SpeedTree9/SpeedTreeBillboardMaster.uasset" 3390
"../../Plugins/Editor/SpeedTreeImporter/Content/SpeedTree9/SpeedTreeBillboard.uasset" 3391
"../../../Engine/Intermediate/ProjectFiles/PrimaryProjectPath.txt" 3392
"/MediaPlate/SM_MediaPlateScreen" 3393
"../../Plugins/Media/MediaPlate/Content/SM_MediaPlateScreen.uasset" 3394
"/Engine/BasicShapes/BasicShapeMaterial" 3395
"../../../Engine/Content/BasicShapes/BasicShapeMaterial.uasset" 3396
"/Engine/EditorMaterials/Dataflow/DataflowVertexMaterial" 3397
"../../../Engine/Content/EditorMaterials/Dataflow/DataflowVertexMaterial.uasset" 3398
"/Engine/EditorMaterials/Dataflow/DataflowTwoSidedVertexMaterial" 3399
"../../../Engine/Content/EditorMaterials/Dataflow/DataflowTwoSidedVertexMaterial.uasset" 3400
"/Engine/EditorLandscapeResources/LayerVisMaterial" 3401
"../../../Engine/Content/EditorLandscapeResources/LayerVisMaterial.uasset" 3402
"../../../Engine/Content/EditorLandscapeResources/WhiteSquareTexture.uasset" 3403
"/Engine/EditorLandscapeResources/SelectBrushMaterial_Selected" 3404
"../../../Engine/Content/EditorLandscapeResources/SelectBrushMaterial_Selected.uasset" 3405
"../../../Engine/Content/EditorLandscapeResources/SelectBrushMaterial.uasset" 3406
"../../../Engine/Content/Functions/Engine_MaterialFunctions03/Math/WithinRangeFloat2.uasset" 3407
"../../../Engine/Content/EditorLandscapeResources/DefaultAlphaTexture.uasset" 3408
"/Engine/EditorLandscapeResources/SelectBrushMaterial_SelectedRegion" 3409
"../../../Engine/Content/EditorLandscapeResources/SelectBrushMaterial_SelectedRegion.uasset" 3410
"/Engine/EditorLandscapeResources/MaskBrushMaterial_MaskedRegion" 3411
"../../../Engine/Content/EditorLandscapeResources/MaskBrushMaterial_MaskedRegion.uasset" 3412
"../../../Engine/Content/EditorLandscapeResources/MaskBrushMaterial.uasset" 3413
"/Engine/EditorLandscapeResources/ColorMaskBrushMaterial_MaskedRegion" 3414
"../../../Engine/Content/EditorLandscapeResources/ColorMaskBrushMaterial_MaskedRegion.uasset" 3415
"../../../Engine/Content/EditorLandscapeResources/ColorMaskBrushMaterial.uasset" 3416
"/Engine/EditorLandscapeResources/LandscapeDirtyMaterial" 3417
"../../../Engine/Content/EditorLandscapeResources/LandscapeDirtyMaterial.uasset" 3418
"/Engine/EditorLandscapeResources/LandscapeLayerUsageMaterial" 3419
"../../../Engine/Content/EditorLandscapeResources/LandscapeLayerUsageMaterial.uasset" 3420
"../../../Engine/Content/Functions/Engine_MaterialFunctions01/Debug/DebugIntValues.uasset" 3421
"../../../Engine/Content/Functions/Engine_MaterialFunctions01/Texturing/ScaleUVsByCenter.uasset" 3422
"../../../Engine/Content/Functions/Engine_MaterialFunctions02/WorldPositionOffset/LocalPosition.uasset" 3423
"../../../Engine/Content/Functions/Engine_MaterialFunctions01/Texturing/TextureCropping.uasset" 3424
"../../../Engine/Content/Functions/Engine_MaterialFunctions02/ExampleContent/DebugNumberStrip.uasset" 3425
"C:/Users/Crat/AppData/Local/UnrealEngine/Editor/UInteractiveToolsPresetCollectionAsset_DefaultCollection.json" 3426
"/Engine/EngineMaterials/NaniteHiddenSectionMaterial" 3427
"../../../Engine/Content/EngineMaterials/NaniteHiddenSectionMaterial.uasset" 3428
"/Engine/EngineMaterials/RemoveSurfaceMaterial" 3429
"../../../Engine/Content/EngineMaterials/RemoveSurfaceMaterial.uasset" 3430
"/Engine/EngineDebugMaterials/DebugMeshMaterial" 3431
"../../../Engine/Content/EngineDebugMaterials/DebugMeshMaterial.uasset" 3432
"/Engine/EngineMaterials/EmissiveMeshMaterial" 3433
"../../../Engine/Content/EngineMaterials/EmissiveMeshMaterial.uasset" 3434
"../../../Engine/Content/EngineMaterials/DefaultWhiteGrid_Low.uasset" 3435
"/Engine/EngineMaterials/M_InvalidLightmapSettings" 3436
"../../../Engine/Content/EngineMaterials/M_InvalidLightmapSettings.uasset" 3437
"../../../Engine/Content/EngineMaterials/InvalidLightmapSettings.uasset" 3438
"/Engine/EngineMaterials/GizmoMaterial" 3439
"../../../Engine/Content/EngineMaterials/GizmoMaterial.uasset" 3440
"/Engine/EngineMaterials/PhAT_JointLimitMaterial" 3441
"../../../Engine/Content/EngineMaterials/PhAT_JointLimitMaterial.uasset" 3442
"/Engine/EngineMaterials/FlattenMaterial" 3443
"../../../Engine/Content/EngineMaterials/FlattenMaterial.uasset" 3444
"../../../Engine/Content/EngineMaterials/BaseFlattenDiffuseMap.uasset" 3445
"../../../Engine/Content/EngineMaterials/BaseFlattenEmissiveMap.uasset" 3446
"../../../Engine/Content/EngineMaterials/BaseFlattenGrayscaleMap.uasset" 3447
"../../../Engine/Content/EngineMaterials/BaseFlattenLinearColor.uasset" 3448
"../../../Engine/Content/EngineMaterials/BaseFlattenNormalMap.uasset" 3449
"../../../Engine/Content/Functions/Engine_MaterialFunctions02/PivotPainter2/Black_1x1_EXR_Texture.uasset" 3450
"/Engine/EngineMaterials/FlattenMaterial_VT" 3451
"../../../Engine/Content/EngineMaterials/FlattenMaterial_VT.uasset" 3452
"../../../Engine/Content/EngineMaterials/BaseFlattenDiffuseMap_VT.uasset" 3453
"../../../Engine/Content/EngineMaterials/BaseFlattenEmissiveMap_VT.uasset" 3454
"../../../Engine/Content/EngineMaterials/BaseFlattenGrayscaleMap_VT.uasset" 3455
"../../../Engine/Content/EngineMaterials/BaseFlattenLinearColor_VT.uasset" 3456
"../../../Engine/Content/EngineMaterials/BaseFlattenNormalMap_VT.uasset" 3457
"../../../Engine/Content/EngineMaterials/Black_1x1_EXR_Texture_VT.uasset" 3458
"/Engine/EngineMaterials/FlattenMaterial_WS_Normal_VT" 3459
"../../../Engine/Content/EngineMaterials/FlattenMaterial_WS_Normal_VT.uasset" 3460
"/Engine/EngineMaterials/Good64x64TilingNoiseHighFreq" 3461
"../../../Engine/Content/EngineMaterials/Good64x64TilingNoiseHighFreq.uasset" 3462
"/Engine/EngineMaterials/DefaultBokeh" 3463
"../../../Engine/Content/EngineMaterials/DefaultBokeh.uasset" 3464
"/Engine/EngineMaterials/MiniFont" 3465
"../../../Engine/Content/EngineMaterials/MiniFont.uasset" 3466
"/Engine/EngineMaterials/WeightMapPlaceholderTexture" 3467
"../../../Engine/Content/EngineMaterials/WeightMapPlaceholderTexture.uasset" 3468
"/Engine/EngineMaterials/WeightMapArrayPlaceholderTexture" 3469
"../../../Engine/Content/EngineMaterials/WeightMapArrayPlaceholderTexture.uasset" 3470
"/Engine/EngineMaterials/DefaultWhiteGrid" 3471
"../../../Engine/Content/EngineMaterials/DefaultWhiteGrid.uasset" 3472
"/Engine/EngineMaterials/PreintegratedSkinBRDF" 3473
"../../../Engine/Content/EngineMaterials/PreintegratedSkinBRDF.uasset" 3474
"/Engine/EngineMaterials/LTC/GGX_LTCAmp" 3475
"../../../Engine/Content/EngineMaterials/LTC/GGX_LTCAmp.uasset" 3476
"/Engine/EngineMaterials/LTC/GGX_LTCMat" 3477
"../../../Engine/Content/EngineMaterials/LTC/GGX_LTCMat.uasset" 3478
"/Engine/EngineMaterials/EnergyConservation/GGX_ReflectionEnergy" 3479
"../../../Engine/Content/EngineMaterials/EnergyConservation/GGX_ReflectionEnergy.uasset" 3480
"/Engine/EngineMaterials/EnergyConservation/GGX_TransmissionEnergyArray" 3481
"../../../Engine/Content/EngineMaterials/EnergyConservation/GGX_TransmissionEnergyArray.uasset" 3482
"/Engine/EngineMaterials/EnergyConservation/SheenLegacy_Energy" 3483
"../../../Engine/Content/EngineMaterials/EnergyConservation/SheenLegacy_Energy.uasset" 3484
"/Engine/EngineMaterials/DefaultPhysicalMaterial" 3485
"../../../Engine/Content/EngineMaterials/DefaultPhysicalMaterial.uasset" 3486
"/Engine/EngineMaterials/DefaultDestructiblePhysicalMaterial" 3487
"../../../Engine/Content/EngineMaterials/DefaultDestructiblePhysicalMaterial.uasset" 3488
"C:/Users/Crat/AppData/Local/UnrealEngine/Editor/ProjectEditorRecords.json" 3489
"/Game/Blueprints/AbilitySystem/GameplayCueNotifies/GC_MindControlled" 3490
"/Game/Blueprints/AbilitySystem/GameplayCueNotifies/GC_RangeIndicator" 3491
"/Game/Blueprints/AbilitySystem/GameplayCueNotifies/GC_ShockLoop" 3492
"/Game/Blueprints/AbilitySystem/GameplayCueNotifies/GC_ShockLoop_ElectroSphere" 3493
"/Game/Blueprints/AbilitySystem/GameplayCueNotifies/GC_ArcaneShards" 3494
"/Game/Blueprints/AbilitySystem/GameplayCueNotifies/GC_Cast_MindControl" 3495
"/Game/Blueprints/AbilitySystem/GameplayCueNotifies/GC_FireBlast" 3496
"/Game/Blueprints/AbilitySystem/GameplayCueNotifies/GC_MeleeImpact" 3497
"/Game/Blueprints/AbilitySystem/GameplayCueNotifies/GC_Message" 3498
"/Game/Blueprints/AbilitySystem/GameplayCueNotifies/GC_RangeBurst" 3499
"/Game/Blueprints/AbilitySystem/GameplayCueNotifies/GC_ShockBurst" 3500
"/Game/Blueprints/AbilitySystem/GameplayCueNotifies/GC_Teleport" 3501
"/Game/Blueprints/AbilitySystem/GameplayCueNotifies/GC_Teleport_Spawn" 3502
"/Niagara/ParameterDefinitions/SpriteRenderer" 3503
"../../Plugins/FX/Niagara/Content/ParameterDefinitions/SpriteRenderer.uasset" 3504
"/Niagara/ParameterDefinitions/RibbonRenderer" 3505
"../../Plugins/FX/Niagara/Content/ParameterDefinitions/RibbonRenderer.uasset" 3506
"/Niagara/ParameterDefinitions/MeshRenderer" 3507
"../../Plugins/FX/Niagara/Content/ParameterDefinitions/MeshRenderer.uasset" 3508
"/Niagara/ParameterDefinitions/LightRenderer" 3509
"../../Plugins/FX/Niagara/Content/ParameterDefinitions/LightRenderer.uasset" 3510
"/Niagara/ParameterDefinitions/DecalRenderer" 3511
"../../Plugins/FX/Niagara/Content/ParameterDefinitions/DecalRenderer.uasset" 3512
"/Niagara/ParameterDefinitions/CoreParameters" 3513
"../../Plugins/FX/Niagara/Content/ParameterDefinitions/CoreParameters.uasset" 3514
"/DeformerGraph/Deformers/DG_LinearBlendSkin_Morph_Cloth" 3515
"../../Plugins/Animation/DeformerGraph/Content/Deformers/DG_LinearBlendSkin_Morph_Cloth.uasset" 3516
"../../Plugins/Animation/DeformerGraph/Content/DeformerFunctions/DG_Function_LinearBlendSkin_Morph_Cloth.uasset" 3517
"/DeformerGraph/Deformers/DG_LinearBlendSkin_Morph_Cloth_RecomputeNormals" 3518
"../../Plugins/Animation/DeformerGraph/Content/Deformers/DG_LinearBlendSkin_Morph_Cloth_RecomputeNormals.uasset" 3519
"../../Plugins/Animation/DeformerGraph/Content/DeformerFunctions/DG_Function_ComputeNormalsTangents.uasset" 3520
"../../Plugins/Animation/DeformerGraph/Content/DeformerFunctions/DG_Function_LinearBlendSkin_Morph_Cloth_PositionOnly.uasset" 3521
"/Engine/BasicShapes/Sphere" 3522
"../../../Engine/Content/BasicShapes/Sphere.uasset" 3523
"../../../Engine/Content/EngineMaterials/DefaultMaterial.uasset" 3524
"/Engine/BasicShapes/Cylinder" 3525
"../../../Engine/Content/BasicShapes/Cylinder.uasset" 3526
"/Engine/BasicShapes/Cone" 3527
"../../../Engine/Content/BasicShapes/Cone.uasset" 3528
"/Engine/BasicShapes/Plane" 3529
"../../../Engine/Content/BasicShapes/Plane.uasset" 3530
"../../../Engine/Documentation/Source/Shared/Types/ABrush/ABrush.KOR.udn" 3531
"../../../Engine/Content/Internationalization/icudt64l/brkitr/root.res" 3532
"../../../Engine/Content/Internationalization/icudt64l/brkitr/char.brk" 3533
"../../../Engine/Content/Internationalization/icudt64l/brkitr/word.brk" 3534
"/Engine/EditorResources/SequenceRecorder/Countdown" 3535
"../../../Engine/Content/EditorResources/SequenceRecorder/Countdown.uasset" 3536
"/Engine/EditorResources/SequenceRecorder/RecordingIndicator" 3537
"../../../Engine/Content/EditorResources/SequenceRecorder/RecordingIndicator.uasset" 3538
"/Engine/EditorMaterials/PhAT_UnselectedMaterial" 3539
"../../../Engine/Content/EditorMaterials/PhAT_UnselectedMaterial.uasset" 3540
"/Engine/EditorMaterials/PhAT_NoCollisionMaterial" 3541
"../../../Engine/Content/EditorMaterials/PhAT_NoCollisionMaterial.uasset" 3542
"/Engine/EngineFonts/DroidSansMono" 3543
"../../../Engine/Content/EngineFonts/DroidSansMono.uasset" 3544
"../../../Engine/Content/EngineFonts/Faces/DroidSansMono.uasset" 3545
"/Engine/EditorResources/S_Terrain" 3546
"../../../Engine/Content/EditorResources/S_Terrain.uasset" 3547
"../../../Engine/Plugins/FX/Niagara/Shaders/Private/NiagaraDataInterfaceTexture2DArrayTemplate.ush" 3548
"../../../Engine/Plugins/FX/Niagara/Shaders/Private/NiagaraDataInterfaceActorComponentTemplate.ush" 3549
"../../../Engine/Plugins/FX/Niagara/Shaders/Private/NiagaraDataInterfaceArrayTemplate.ush" 3550
"../../../Engine/Plugins/FX/Niagara/Shaders/Private/NiagaraDataInterfaceArrayRWTemplate.ush" 3551
"../../../Engine/Plugins/FX/Niagara/Shaders/Private/NiagaraDataInterfaceAsyncGpuTrace.ush" 3552
"../../../Engine/Plugins/FX/Niagara/Shaders/Private/NiagaraDataInterfaceAsyncGpuTraceTemplate.ush" 3553
"../../../Engine/Plugins/FX/Niagara/Shaders/Private/NiagaraDataInterfaceCamera.ush" 3554
"../../../Engine/Plugins/Experimental/ChaosNiagara/Shaders/NiagaraDataInterfaceChaosDestruction.ush" 3555
"../../../Engine/Plugins/FX/Niagara/Shaders/Private/NiagaraDataInterfaceCollisionQuery.ush" 3556
"D:/UnrealProjects/Aura2/Intermediate/ShaderAutogen/PCD3D_SM5/AutogenShaderHeaders.ush" 3557
"../../../Engine/Plugins/FX/Niagara/Shaders/Private/NiagaraDataInterfaceCollisionQueryTemplate.ush" 3558
"../../../Engine/Plugins/FX/Niagara/Shaders/Private/NiagaraDataInterfaceCurveTemplate.ush" 3559
"../../../Engine/Plugins/FX/Niagara/Shaders/Private/NiagaraDataInterfaceCubeTextureTemplate.ush" 3560
"../../../Engine/Plugins/FX/Niagara/Shaders/Private/DataChannel/NiagaraDataInterfaceDataChannelCommon.ush" 3561
"../../../Engine/Plugins/FX/Niagara/Shaders/Private/DataChannel/NiagaraDataInterfaceDataChannelTemplateCommon.ush" 3562
"../../../Engine/Plugins/FX/Niagara/Shaders/Private/DataChannel/NiagaraDataInterfaceDataChannelTemplateReadCommon.ush" 3563
"../../../Engine/Plugins/FX/Niagara/Shaders/Private/DataChannel/NiagaraDataInterfaceDataChannelTemplate_Read.ush" 3564
"../../../Engine/Plugins/FX/Niagara/Shaders/Private/DataChannel/NiagaraDataInterfaceDataChannelTemplate_Consume.ush" 3565
"../../../Engine/Plugins/FX/Niagara/Shaders/Private/DataChannel/NiagaraDataInterfaceDataChannelTemplateWriteCommon.ush" 3566
"../../../Engine/Plugins/FX/Niagara/Shaders/Private/DataChannel/NiagaraDataInterfaceDataChannelTemplate_Append.ush" 3567
"../../../Engine/Plugins/FX/Niagara/Shaders/Private/NiagaraDataInterfaceDataTableTemplate.ush" 3568
"../../../Engine/Plugins/FX/Niagara/Shaders/Private/NiagaraDataInterfaceDebugDraw.ush" 3569
"../../../Engine/Plugins/FX/Niagara/Shaders/Private/NiagaraDataInterfaceDebugDrawTemplate.ush" 3570
"../../../Engine/Plugins/FX/Niagara/Shaders/Private/NiagaraDataInterfaceDynamicMeshTemplate.ush" 3571
"../../../Engine/Plugins/FX/Niagara/Shaders/Private/NiagaraDataInterfaceEmitterPropertiesTemplate.ush" 3572
"../../../Engine/Plugins/FX/Niagara/Shaders/Private/NiagaraDataInterfaceExportTemplate.ush" 3573
"../../../Engine/Plugins/FX/Niagara/Shaders/Private/NiagaraDataInterfaceGBufferTemplate.ush" 3574
"../../../Engine/Plugins/Experimental/ChaosNiagara/Shaders/NiagaraDataInterfaceGeometryCollection.ush" 3575
"../../../Engine/Plugins/FX/Niagara/Shaders/Private/NiagaraTransformUtils.ush" 3576
"../../../Engine/Plugins/Runtime/HairStrands/Shaders/Private/NiagaraStrandsExternalForce.ush" 3577
"../../../Engine/Plugins/Runtime/HairStrands/Shaders/Private/NiagaraHookeSpringMaterial.ush" 3578
"../../../Engine/Plugins/Runtime/HairStrands/Shaders/Private/NiagaraAngularSpringMaterial.ush" 3579
"../../../Engine/Plugins/Runtime/HairStrands/Shaders/Private/NiagaraConstantVolumeMaterial.ush" 3580
"../../../Engine/Plugins/Runtime/HairStrands/Shaders/Private/NiagaraCosseratRodMaterial.ush" 3581
"../../../Engine/Plugins/Runtime/HairStrands/Shaders/Private/NiagaraStaticCollisionConstraint.ush" 3582
"../../../Engine/Plugins/Runtime/HairStrands/Shaders/Private/NiagaraDataInterfaceHairStrands.ush" 3583
"../../../Engine/Plugins/Runtime/HairStrands/Shaders/Private/NiagaraDataInterfaceHairStrandsTemplate.ush" 3584
"../../../Engine/Plugins/FX/Niagara/Shaders/Private/NiagaraDataInterfaceIntRenderTarget2D.ush" 3585
"../../../Engine/Plugins/FX/Niagara/Shaders/Private/NiagaraDataInterfaceLandscape.ush" 3586
"../../../Engine/Plugins/FX/Niagara/Shaders/Private/NiagaraDataInterfaceMemoryBufferTemplate.ush" 3587
"../../../Engine/Plugins/FX/Niagara/Shaders/Private/NiagaraDataInterfaceMeshRendererInfoTemplate.ush" 3588
"../../../Engine/Plugins/FX/Niagara/Shaders/Private/NiagaraDataInterfaceOcclusion.ush" 3589
"../../../Engine/Plugins/FX/Niagara/Shaders/Private/NiagaraDataInterfacePhysicsAsset.ush" 3590
"../../../Engine/Plugins/Experimental/ChaosNiagara/Shaders/NiagaraDataInterfacePhysicsField.ush" 3591
"../../../Engine/Plugins/FX/Niagara/Shaders/Private/NiagaraDataInterfacePlatformSetTemplate.ush" 3592
"../../../Engine/Plugins/Runtime/HairStrands/Shaders/Private/NiagaraDataInterfaceVelocityGrid.ush" 3593
"../../../Engine/Plugins/Runtime/HairStrands/Shaders/Private/NiagaraDataInterfaceVelocityGridTemplate.ush" 3594
"../../../Engine/Plugins/Runtime/HairStrands/Shaders/Private/NiagaraDataInterfacePressureGrid.ush" 3595
"../../../Engine/Plugins/Runtime/HairStrands/Shaders/Private/NiagaraDataInterfacePressureGridTemplate.ush" 3596
"../../../Engine/Plugins/FX/Niagara/Shaders/Private/NiagaraDataInterfaceRenderTarget2DTemplate.ush" 3597
"../../../Engine/Plugins/FX/Niagara/Shaders/Private/NiagaraDataInterfaceRenderTarget2DArrayTemplate.ush" 3598
"../../../Engine/Plugins/FX/Niagara/Shaders/Private/NiagaraDataInterfaceRenderTargetCubeTemplate.ush" 3599
"../../../Engine/Plugins/FX/Niagara/Shaders/Private/NiagaraDataInterfaceRenderTargetVolumeTemplate.ush" 3600
"../../../Engine/Plugins/FX/Niagara/Shaders/Private/NiagaraDataInterfaceRigidMeshCollisionQuery.ush" 3601
"../../../Engine/Plugins/FX/Niagara/Shaders/Private/NiagaraDistanceFieldQueries.ush" 3602
"../../../Engine/Plugins/FX/Niagara/Shaders/Private/NiagaraDataInterfaceSceneCapture2DTemplate.ush" 3603
"../../../Engine/Plugins/FX/Niagara/Shaders/Private/NiagaraDataInterfaceSimCacheReaderTemplate.ush" 3604
"../../../Engine/Plugins/FX/Niagara/Shaders/Private/NiagaraDataInterfaceSimpleCounterTemplate.ush" 3605
"../../../Engine/Plugins/FX/Niagara/Shaders/Private/NiagaraDataInterfaceSkeletalMesh.ush" 3606
"../../../Engine/Plugins/FX/Niagara/Shaders/Private/NiagaraBaryCentricUtils.ush" 3607
"../../../Engine/Plugins/FX/Niagara/Shaders/Private/NiagaraDataInterfaceSkeletalMeshTemplate.ush" 3608
"../../../Engine/Plugins/FX/Niagara/Shaders/Private/NiagaraDataInterfaceSocketReaderTemplate.ush" 3609
"../../../Engine/Plugins/FX/Niagara/Shaders/Private/NiagaraDataInterfaceSparseVolumeTextureTemplate.ush" 3610
"../../../Engine/Plugins/FX/Niagara/Shaders/Private/NiagaraDataInterfaceSplineTemplate.ush" 3611
"../../../Engine/Plugins/FX/Niagara/Shaders/Private/NiagaraDataInterfaceSpriteRendererInfoTemplate.ush" 3612
"../../../Engine/Plugins/FX/Niagara/Shaders/Private/NiagaraDataInterfaceStaticMeshTemplate.ush" 3613
"../../../Engine/Plugins/FX/Niagara/Shaders/Private/NiagaraDataInterfaceTextureTemplate.ush" 3614
"../../../Engine/Plugins/FX/Niagara/Shaders/Private/NiagaraDataInterfaceVirtualTexture.ush" 3615
"../../../Engine/Plugins/FX/Niagara/Shaders/Private/NiagaraDataInterfaceVirtualTextureTemplate.ush" 3616
"../../../Engine/Plugins/FX/Niagara/Shaders/Private/NiagaraDataInterfaceVolumeCache.ush" 3617
"../../../Engine/Plugins/FX/Niagara/Shaders/Private/NiagaraDataInterfaceVolumeTextureTemplate.ush" 3618
"../../../../../UnrealProjects/Aura2/Intermediate/ShaderAutogen/PCD3D_SM5/AutogenShaderHeaders.ush" 3619
"../../../../../UnrealProjects/Aura2/Content/Blueprints/AbilitySystem/GameplayCueNotifies/GC_MindControlled.uasset" 3620
"../../../../../UnrealProjects/Aura2/Content/Blueprints/AbilitySystem/GameplayCueNotifies/GC_RangeIndicator.uasset" 3621
"../../../../../UnrealProjects/Aura2/Content/Blueprints/AbilitySystem/GameplayCueNotifies/GC_ShockLoop.uasset" 3622
"../../../../../UnrealProjects/Aura2/Content/Blueprints/AbilitySystem/GameplayCueNotifies/GC_ShockLoop_ElectroSphere.uasset" 3623
"../../../../../UnrealProjects/Aura2/Content/Blueprints/AbilitySystem/GameplayCueNotifies/GC_ArcaneShards.uasset" 3624
"../../../../../UnrealProjects/Aura2/Content/Blueprints/AbilitySystem/GameplayCueNotifies/GC_Cast_MindControl.uasset" 3625
"../../../../../UnrealProjects/Aura2/Content/Blueprints/AbilitySystem/GameplayCueNotifies/GC_FireBlast.uasset" 3626
"../../../../../UnrealProjects/Aura2/Content/Blueprints/AbilitySystem/GameplayCueNotifies/GC_MeleeImpact.uasset" 3627
"../../../../../UnrealProjects/Aura2/Content/Blueprints/AbilitySystem/GameplayCueNotifies/GC_Message.uasset" 3628
"../../../../../UnrealProjects/Aura2/Content/Blueprints/AbilitySystem/GameplayCueNotifies/GC_RangeBurst.uasset" 3629
"../../../../../UnrealProjects/Aura2/Content/Blueprints/AbilitySystem/GameplayCueNotifies/GC_ShockBurst.uasset" 3630
"../../../../../UnrealProjects/Aura2/Content/Blueprints/AbilitySystem/GameplayCueNotifies/GC_Teleport.uasset" 3631
"../../../../../UnrealProjects/Aura2/Content/Blueprints/AbilitySystem/GameplayCueNotifies/GC_Teleport_Spawn.uasset" 3632
"../../../../../UnrealProjects/Aura2/Content/Assets/Effects/ManaDrain/NS_ManaDrain.uasset" 3633
"../../../../../UnrealProjects/Aura2/Content/Assets/RangeIndicator/M_RangeIndicator.uasset" 3634
"../../../../../UnrealProjects/Aura2/Content/Assets/RangeIndicator/MI_RangeIndicator_Circle.uasset" 3635
"../../../../../UnrealProjects/Aura2/Content/Assets/Sounds/Abilities/Shock/sfx_ShockLoop.uasset" 3636
"../../../../../UnrealProjects/Aura2/Content/Assets/Effects/Shock/NS_ElectricBeam.uasset" 3637
"../../../Engine/Content/EditorBlueprintResources/StandardMacros.uasset" 3638
"../../../../../UnrealProjects/Aura2/Content/Assets/Sounds/Abilities/ArcaneShards/sfx_ArcaneShards.uasset" 3639
"../../../../../UnrealProjects/Aura2/Content/Assets/Effects/ArcaneShards/NS_ArcaneShards.uasset" 3640
"../../../../../UnrealProjects/Aura2/Content/Assets/Effects/LevelUp/NS_LevelUp.uasset" 3641
"../../../../../UnrealProjects/Aura2/Content/Assets/Sounds/Abilities/FireBolt/sfx_FireBolt_Impact.uasset" 3642
"../../../../../UnrealProjects/Aura2/Content/Assets/Effects/Projectiles/FireExplosion/NS_FireExplosion.uasset" 3643
"../../../../../UnrealProjects/Aura2/Content/Assets/Sounds/Abilities/Shock/sfx_Shock.uasset" 3644
"../../../../../UnrealProjects/Aura2/Content/Assets/Effects/Soul/NS_Cast_Teleport.uasset" 3645
"../../../../../UnrealProjects/Aura2/Content/Assets/Effects/Soul/NS_Embers.uasset" 3646
"../../../../../UnrealProjects/Aura2/Content/Assets/Effects/Teleport/NE_GhostTrail_System.uasset" 3647
"../../../../../UnrealProjects/Aura2/Content/Assets/Sounds/Abilities/Shock/wav/SFX_Electric_Burst_03.uasset" 3648
"../../../../../UnrealProjects/Aura2/Content/Assets/Effects/Fire/M_Distortion2.uasset" 3649
"../../../../../UnrealProjects/Aura2/Content/Assets/Effects/Shared/M_Crescent.uasset" 3650
"../../Plugins/FX/Niagara/Content/DynamicInputs/ValueFromCurve/FloatFromCurve.uasset" 3651
"../../Plugins/FX/Niagara/Content/Modules/Emitter/EmitterState.uasset" 3652
"../../Plugins/FX/Niagara/Content/Modules/Emitter/SpawnRate.uasset" 3653
"../../Plugins/FX/Niagara/Content/Modules/Solvers/SolveForcesAndVelocity.uasset" 3654
"../../Plugins/FX/Niagara/Content/Modules/Spawn/Initialization/V2/InitializeParticle.uasset" 3655
"../../Plugins/FX/Niagara/Content/Modules/Spawn/Location/V2/ShapeLocation.uasset" 3656
"../../Plugins/FX/Niagara/Content/Modules/System/SystemState.uasset" 3657
"../../Plugins/FX/Niagara/Content/Modules/Update/Color/ScaleColor.uasset" 3658
"../../Plugins/FX/Niagara/Content/Modules/Update/Lifetime/ParticleState.uasset" 3659
"../../Plugins/FX/Niagara/Content/Modules/Update/Material/DynamicMaterialParameters.uasset" 3660
"../../Plugins/FX/Niagara/Content/Modules/Update/Orientation/SpriteRotationRate.uasset" 3661
"../../Plugins/FX/Niagara/Content/Modules/Update/Size/ScaleSpriteSize.uasset" 3662
"../../Plugins/FX/Niagara/Content/Enums/Angles/ENiagara_AngleInput.uasset" 3663
"../../Plugins/FX/Niagara/Content/Enums/ENiagara_AttributeSamplingApplyOutput.uasset" 3664
"../../Plugins/FX/Niagara/Content/Enums/ENiagara_ColorInitializationMode.uasset" 3665
"../../Plugins/FX/Niagara/Content/Enums/ENiagara_EmitterStateOptions.uasset" 3666
"../../Plugins/FX/Niagara/Content/Enums/ENiagara_InfiniteLoopDuration.uasset" 3667
"../../Plugins/FX/Niagara/Content/Enums/ENiagara_LifetimeMode.uasset" 3668
"../../Plugins/FX/Niagara/Content/Enums/ENiagara_MassInitializationMode.uasset" 3669
"../../Plugins/FX/Niagara/Content/Enums/ENiagara_PositionInitializationMode.uasset" 3670
"../../Plugins/FX/Niagara/Content/Enums/ENiagara_SizeScaleMode.uasset" 3671
"../../Plugins/FX/Niagara/Content/Enums/ENiagara_SpriteRotationMode.uasset" 3672
"../../Plugins/FX/Niagara/Content/Enums/ENiagara_UVFlippingMode.uasset" 3673
"../../Plugins/FX/Niagara/Content/Enums/ENiagaraChannelCorrelation.uasset" 3674
"../../Plugins/FX/Niagara/Content/Enums/ENiagaraEmitterLifeCycleMode.uasset" 3675
"../../Plugins/FX/Niagara/Content/Enums/ENiagaraEmitterScalabilityMode_Limited.uasset" 3676
"../../Plugins/FX/Niagara/Content/Enums/ENiagaraInactiveMode.uasset" 3677
"../../Plugins/FX/Niagara/Content/Enums/ENiagaraRandomnessEvaluation.uasset" 3678
"../../Plugins/FX/Niagara/Content/Enums/ENiagaraRandomnessMode.uasset" 3679
"../../Plugins/FX/Niagara/Content/Enums/ENiagaraScaleColorMode.uasset" 3680
"../../Plugins/FX/Niagara/Content/Enums/ENiagaraShapeTorusMode.uasset" 3681
"../../Plugins/FX/Niagara/Content/Enums/ENiagaraSphereDistributionMode.uasset" 3682
"../../Plugins/FX/Niagara/Content/Enums/ENiagaraSystemInactiveMode.uasset" 3683
"../../Plugins/FX/Niagara/Content/Enums/ENiagaraTorusDistributionMode.uasset" 3684
"../../Plugins/FX/Niagara/Content/Enums/Location/ENiagara_BoxPlaneMode.uasset" 3685
"../../Plugins/FX/Niagara/Content/Enums/Location/ENiagara_ConeMode.uasset" 3686
"../../Plugins/FX/Niagara/Content/Enums/Location/ENiagara_CylinderMode.uasset" 3687
"../../Plugins/FX/Niagara/Content/Enums/Location/ENiagara_LocationShapes.uasset" 3688
"../../Plugins/FX/Niagara/Content/Enums/Location/ENiagaraRingDiscMode.uasset" 3689
"../../Plugins/FX/Niagara/Content/Enums/Ribbons/ENiagara_UnsetDirectSet.uasset" 3690
"../../Plugins/FX/Niagara/Content/Enums/Ribbons/ENiagara_UnsetDirectSetRandom.uasset" 3691
"../../Plugins/FX/Niagara/Content/Enums/SpriteRenderer/ENiagara_ScaleSpriteSize.uasset" 3692
"../../Plugins/FX/Niagara/Content/Enums/Transforms/ENiagara_OffsetMode.uasset" 3693
"../../Plugins/FX/Niagara/Content/Enums/Transforms/ENiagara_RotationMode.uasset" 3694
"../../Plugins/FX/Niagara/Content/Enums/Transforms/ENiagara_ScaleMode.uasset" 3695
"../../Plugins/FX/Niagara/Content/Enums/Transforms/ENiagara_TransformOrder.uasset" 3696
"../../Plugins/FX/Niagara/Content/Enums/Transforms/ENiagara_TransformType.uasset" 3697
"../../../../../UnrealProjects/Aura2/Content/Kobo_Dungeon/Textures/A-Blank-01.uasset" 3698
"../../../../../UnrealProjects/Aura2/Content/Assets/MagicCircles/MagicCircle_1.uasset" 3699
"../../../../../UnrealProjects/Aura2/Content/Assets/Sounds/Abilities/FireBolt/att_InWorld.uasset" 3700
"../../../../../UnrealProjects/Aura2/Content/Assets/Sounds/Abilities/Shock/wav/SFX_Electric_Hum_Loop_01.uasset" 3701
"../../../../../UnrealProjects/Aura2/Content/Assets/Sounds/Abilities/Shock/wav/SFX_Electric_Hum_Loop_02.uasset" 3702
"../../../../../UnrealProjects/Aura2/Content/Assets/Sounds/Abilities/Shock/wav/SFX_Electric_Hum_Loop_03.uasset" 3703
"../../../../../UnrealProjects/Aura2/Content/Assets/Effects/Shock/Material/DefaultSpriteMaterial_Trans.uasset" 3704
"../../../../../UnrealProjects/Aura2/Content/Assets/Effects/Shock/Material/M_ElectricRibbon_Add.uasset" 3705
"../../../../../UnrealProjects/Aura2/Content/Assets/Effects/Shock/Material/M_ElectricRibbon_Trans.uasset" 3706
"../../Plugins/FX/Niagara/Content/DefaultAssets/DefaultSpriteMaterial.uasset" 3707
"../../Plugins/FX/Niagara/Content/DynamicInputs/Multiply/Multiply_VectorByFloat.uasset" 3708
"../../Plugins/FX/Niagara/Content/DynamicInputs/UniformRange/V2/RandomRangeFloat.uasset" 3709
"../../Plugins/FX/Niagara/Content/DynamicInputs/UniformRange/V2/RandomRangeVector.uasset" 3710
"../../Plugins/FX/Niagara/Content/Functions/Localspace/SimulationPosition.uasset" 3711
"../../Plugins/FX/Niagara/Content/Modules/Beams/BeamEmitterSetup.uasset" 3712
"../../Plugins/FX/Niagara/Content/Modules/Beams/BeamWidth.uasset" 3713
"../../Plugins/FX/Niagara/Content/Modules/Beams/SpawnBeam.uasset" 3714
"../../Plugins/FX/Niagara/Content/Modules/Emitter/SpawnBurst_Instantaneous.uasset" 3715
"../../Plugins/FX/Niagara/Content/Modules/Spawn/Initialization/InitializeParticle.uasset" 3716
"../../Plugins/FX/Niagara/Content/Modules/Spawn/Velocity/AddVelocity.uasset" 3717
"../../Plugins/FX/Niagara/Content/Modules/Update/Color/Color.uasset" 3718
"../../Plugins/FX/Niagara/Content/Modules/Update/Forces/Drag.uasset" 3719
"../../Plugins/FX/Niagara/Content/Modules/Update/Forces/V2/CurlNoiseForce.uasset" 3720
"../../Plugins/FX/Niagara/Content/Modules/Update/Position/JitterPosition.uasset" 3721
"../../Plugins/FX/Niagara/Content/Enums/ENiagaraCurlNoiseQuality.uasset" 3722
"../../Plugins/FX/Niagara/Content/Enums/Utility/ENiagara_VelocityMode.uasset" 3723
"../../Plugins/FX/Niagara/Content/VectorFields/Assets/TilingCurl32.uasset" 3724
"../../../../../UnrealProjects/Aura2/Content/Assets/Sounds/Abilities/ArcaneShards/wav/SFX_RockSpikes_01.uasset" 3725
"../../../../../UnrealProjects/Aura2/Content/Assets/Sounds/Abilities/ArcaneShards/wav/SFX_RockSpikes_02.uasset" 3726
"../../../../../UnrealProjects/Aura2/Content/Assets/Sounds/Abilities/ArcaneShards/wav/SFX_RockSpikes_03.uasset" 3727
"../../../../../UnrealProjects/Aura2/Content/Assets/Sounds/Abilities/ArcaneShards/wav/SFX_RockSpikes_04.uasset" 3728
"../../../../../UnrealProjects/Aura2/Content/Assets/Sounds/Abilities/ArcaneShards/wav/SFX_RockSpikes_05.uasset" 3729
"../../../../../UnrealProjects/Aura2/Content/Assets/Sounds/Abilities/ArcaneShards/wav/SFX_RockSpikes_06.uasset" 3730
"../../../../../UnrealProjects/Aura2/Content/Assets/Spells/Shards/Material/M_Shards.uasset" 3731
"../../Plugins/FX/Niagara/Content/DynamicInputs/Helpers/NormalizeDistanceRange.uasset" 3732
"../../Plugins/FX/Niagara/Content/DynamicInputs/Helpers/SimulationPosition.uasset" 3733
"../../Plugins/FX/Niagara/Content/DynamicInputs/Lerp/Lerp_Float.uasset" 3734
"../../Plugins/FX/Niagara/Content/DynamicInputs/Math/MakeTransform.uasset" 3735
"../../Plugins/FX/Niagara/Content/DynamicInputs/TypeConversions/VectorFromFloat.uasset" 3736
"../../Plugins/FX/Niagara/Content/DynamicInputs/UniformRange/V2/RandomRangeInt.uasset" 3737
"../../Plugins/FX/Niagara/Content/Modules/Collision/AddRotationalVelocity.uasset" 3738
"../../Plugins/FX/Niagara/Content/Modules/Collision/Collision.uasset" 3739
"../../Plugins/FX/Niagara/Content/Modules/Spawn/Orientation/V3/InitialMeshOrientation.uasset" 3740
"../../Plugins/FX/Niagara/Content/Modules/Update/Forces/GravityForce.uasset" 3741
"../../Plugins/FX/Niagara/Content/Modules/Update/Size/ScaleMeshSize.uasset" 3742
"../../../../../UnrealProjects/Aura2/Content/Assets/Spells/Shards/SM_Shard_debris.uasset" 3743
"../../../../../UnrealProjects/Aura2/Content/Assets/Spells/Shards/SM_Shard_large.uasset" 3744
"../../../../../UnrealProjects/Aura2/Content/Assets/Spells/Shards/SM_Shard_small.uasset" 3745
"../../Plugins/FX/Niagara/Content/Enums/ENiagara_CPUCollisionType.uasset" 3746
"../../Plugins/FX/Niagara/Content/Enums/ENiagara_GPUCollisionType.uasset" 3747
"../../Plugins/FX/Niagara/Content/Enums/ENiagara_RotationDefinitionApproach.uasset" 3748
"../../Plugins/FX/Niagara/Content/Enums/ENiagaraCalculateRadiusOptions.uasset" 3749
"../../Plugins/FX/Niagara/Content/Enums/ENiagaraCollisionRadiusOptions.uasset" 3750
"../../Plugins/FX/Niagara/Content/Enums/ENiagaraFrictionMergeType.uasset" 3751
"../../Plugins/FX/Niagara/Content/Enums/ENiagaraMeshTransforms.uasset" 3752
"../../Plugins/FX/Niagara/Content/Enums/ENiagaraRestitutionMergeType.uasset" 3753
"../../Plugins/FX/Niagara/Content/Enums/Transforms/ENiagara_MeshOrientationOptions.uasset" 3754
"../../../../../UnrealProjects/Aura2/Content/Assets/Effects/LevelUp/Materials/M_PanningNoise.uasset" 3755
"../../Plugins/FX/Niagara/Content/DynamicInputs/Angles/Sine.uasset" 3756
"../../../../../UnrealProjects/Aura2/Content/Assets/Sounds/Abilities/FireBolt/wav/Impact/SFX_Fireball_Hit_01.uasset" 3757
"../../../../../UnrealProjects/Aura2/Content/Assets/Sounds/Abilities/FireBolt/wav/Impact/SFX_Fireball_Hit_02.uasset" 3758
"../../../../../UnrealProjects/Aura2/Content/Assets/Sounds/Abilities/FireBolt/wav/Impact/SFX_Fireball_Hit_03.uasset" 3759
"../../../../../UnrealProjects/Aura2/Content/Assets/Effects/Projectiles/FireExplosion/M_ExplosionSphere.uasset" 3760
"../../../../../UnrealProjects/Aura2/Content/Assets/Effects/Shared/M_DefaultSprite_trans.uasset" 3761
"../../../../../UnrealProjects/Aura2/Content/Assets/Effects/Shared/M_Ring.uasset" 3762
"../../../../../UnrealProjects/Aura2/Content/Assets/Effects/Shared/M_Spark.uasset" 3763
"../../Plugins/FX/Niagara/Content/DynamicInputs/Add/Add_Float.uasset" 3764
"../../Plugins/FX/Niagara/Content/DynamicInputs/Execution/ReturnNormalizedExecIndex.uasset" 3765
"../../../../../UnrealProjects/Aura2/Content/Assets/Effects/Shared/Sphere.uasset" 3766
"../../../../../UnrealProjects/Aura2/Content/Assets/Sounds/Abilities/Shock/wav/SFX_Electric_Burst_01.uasset" 3767
"../../../../../UnrealProjects/Aura2/Content/Assets/Sounds/Abilities/Shock/wav/SFX_Electric_Burst_02.uasset" 3768
"../../../../../UnrealProjects/Aura2/Content/Assets/Sounds/Abilities/Shock/wav/SFX_Electric_Burst_04.uasset" 3769
"../../../../../UnrealProjects/Aura2/Content/Assets/Sounds/Abilities/Shock/wav/SFX_Electric_Burst_05.uasset" 3770
"../../../../../UnrealProjects/Aura2/Content/Assets/Sounds/Abilities/Shock/wav/SFX_Electric_Burst_06.uasset" 3771
"../../../../../UnrealProjects/Aura2/Content/Assets/Effects/Soul/M_SoulGlow.uasset" 3772
"../../Plugins/FX/Niagara/Content/Modules/Update/Velocity/VortexVelocity.uasset" 3773
"../../../../../UnrealProjects/Aura2/Content/Kobo_Dungeon/Materials/M-FX/M-CandleFlame.uasset" 3774
"../../../../../UnrealProjects/Aura2/Content/Assets/Effects/Teleport/NE_GhostTrail.uasset" 3775
"../../Plugins/FX/Niagara/Content/Modules/Spawn/MeshInterface/Initialize_MeshReproductionSprite.uasset" 3776
"../../../Engine/Content/Functions/Engine_MaterialFunctions01/Gradient/RadialGradientExponential.uasset" 3777
"../../../../../UnrealProjects/Aura2/Content/Assets/Effects/Shared/noise_blur_min.uasset" 3778
"../../Plugins/FX/Niagara/Content/Functions/Emitter/EmitterChangeState.uasset" 3779
"../../Plugins/FX/Niagara/Content/Icons/Modules/T_Icon_Scalability_Emitter.uasset" 3780
"../../Plugins/FX/Niagara/Content/Icons/Modules/T_Icon_Scalability_System.uasset" 3781
"../../Plugins/FX/Niagara/Content/Functions/RandomRangeFloat.uasset" 3782
"../../Plugins/FX/Niagara/Content/Functions/DirectionAndLengthSafe.uasset" 3783
"../../Plugins/FX/Niagara/Content/Functions/Drag/DragVelocity.uasset" 3784
"../../Plugins/FX/Niagara/Content/Functions/Math/CentimeterMeterConversion.uasset" 3785
"../../Plugins/FX/Niagara/Content/Functions/Rotation/MultiplyVectorWithQuaternion.uasset" 3786
"../../Plugins/FX/Niagara/Content/Modules/Solvers/ApplyRotationVector.uasset" 3787
"../../Plugins/FX/Niagara/Content/Icons/Modules/T_Icon_Solver_LimitAccel.uasset" 3788
"../../Plugins/FX/Niagara/Content/Icons/Modules/T_Icon_Solver_LimitSpeed.uasset" 3789
"../../Plugins/FX/Niagara/Content/Icons/Modules/T_Icon_Solver_RotationalSolve.uasset" 3790
"../../Plugins/FX/Niagara/Content/Functions/LinearColor/HueShiftLinearColor.uasset" 3791
"../../Plugins/FX/Niagara/Content/Functions/Localspace/TransformVector.uasset" 3792
"../../Plugins/FX/Niagara/Content/Functions/V2/CalculateRandomBool.uasset" 3793
"../../Plugins/FX/Niagara/Content/Functions/V2/CalculateRandomRange.uasset" 3794
"../../Plugins/FX/Niagara/Content/Functions/V2/CalculateRandomRangeFloat.uasset" 3795
"../../Plugins/FX/Niagara/Content/Functions/V2/CalculateRandomRangeInteger.uasset" 3796
"../../Plugins/FX/Niagara/Content/Functions/Localspace/TransformPosition.uasset" 3797
"../../Plugins/FX/Niagara/Content/Functions/Math/CalculateRandomPointInConeSphereIntersection.uasset" 3798
"../../Plugins/FX/Niagara/Content/Functions/Math/SaturateFloat.uasset" 3799
"../../Plugins/FX/Niagara/Content/Functions/NormalizedExecutionIndex.uasset" 3800
"../../Plugins/FX/Niagara/Content/Functions/ParametricTorus.uasset" 3801
"../../Plugins/FX/Niagara/Content/Functions/ParametricTorusKnot.uasset" 3802
"../../Plugins/FX/Niagara/Content/Functions/PolarToCartesianCoordinates.uasset" 3803
"../../Plugins/FX/Niagara/Content/Functions/RandomPointInBox.uasset" 3804
"../../Plugins/FX/Niagara/Content/Functions/Rotation/AngleUnitConverter.uasset" 3805
"../../Plugins/FX/Niagara/Content/Functions/Rotation/RotateVector2D.uasset" 3806
"../../Plugins/FX/Niagara/Content/Functions/Rotation/TransformStack/TransformStack_Rotation.uasset" 3807
"../../Plugins/FX/Niagara/Content/Functions/SphericalToCartesianCoordinates.uasset" 3808
"../../Plugins/FX/Niagara/Content/Functions/V2/RemapRange.uasset" 3809
"../../Plugins/FX/Niagara/Content/Enums/ENiagaraExpansionMode.uasset" 3810
"../../Plugins/FX/Niagara/Content/Functions/System/SystemChangeState.uasset" 3811
"../../Plugins/FX/Niagara/Content/Icons/Modules/T_Icon_Particle_InfiniteLife.uasset" 3812
"../../Plugins/FX/Niagara/Content/Enums/Utility/ENiagara_DynamicMaterialParametersInputMode.uasset" 3813
"../../Plugins/FX/Niagara/Content/Functions/Spline/FindPositionOnBezierSpline.uasset" 3814
"../../Plugins/FX/Niagara/Content/Functions/Rotation/AxisAngleToQuaternion.uasset" 3815
"../../Plugins/FX/Niagara/Content/Functions/Rotation/FindQuatBetween.uasset" 3816
"../../Plugins/FX/Niagara/Content/Functions/Rotation/InvertQuaternion.uasset" 3817
"../../Plugins/FX/Niagara/Content/Functions/Rotation/MakeQuaternionFrom3BasisVectors.uasset" 3818
"../../Plugins/FX/Niagara/Content/Functions/Rotation/MultiplyQuaternion.uasset" 3819
"../../Plugins/FX/Niagara/Content/Functions/Rotation/XYZRotationToQuaternion.uasset" 3820
"../../Plugins/FX/Niagara/Content/Functions/V2/CalculateRandomUnitVector.uasset" 3821
"../../Plugins/FX/Niagara/Content/Functions/V2/DistanceBasedFalloff.uasset" 3822
"../../Plugins/FX/Niagara/Content/Functions/Localspace/PositionToVector.uasset" 3823
"../../Plugins/FX/Niagara/Content/Functions/V2/ConeMask.uasset" 3824
"../../Plugins/FX/Niagara/Content/VectorFields/Assets/TilingCurl16.uasset" 3825
"../../Plugins/FX/Niagara/Content/VectorFields/Assets/TilingCurl64.uasset" 3826
"../../Plugins/FX/Niagara/Content/Functions/RandomVector.uasset" 3827
"../../../../../UnrealProjects/Aura2/Content/Assets/Spells/Shards/Material/Shards_low_DefaultMaterial_BaseColor.uasset" 3828
"../../../../../UnrealProjects/Aura2/Content/Assets/Spells/Shards/Material/Shards_low_DefaultMaterial_Normal.uasset" 3829
"../../../../../UnrealProjects/Aura2/Content/Assets/Spells/Shards/Material/Shards_low_DefaultMaterial_OcclusionRoughnessMetallic.uasset" 3830
"../../Plugins/FX/Niagara/Content/Functions/NormalizeDistanceRange.uasset" 3831
"../../Plugins/FX/Niagara/Content/Functions/MakeScaleMatrix.uasset" 3832
"../../Plugins/FX/Niagara/Content/Functions/MakeTranslationMatrix.uasset" 3833
"../../Plugins/FX/Niagara/Content/Functions/Rotation/AxisAngleToRotationMatrix.uasset" 3834
"../../Plugins/FX/Niagara/Content/Functions/Rotation/EulerToRotationMatrix.uasset" 3835
"../../Plugins/FX/Niagara/Content/Functions/Rotation/QuaternionToRotationMatrix.uasset" 3836
"../../Plugins/FX/Niagara/Content/Functions/CalculateMeshRadius.uasset" 3837
"../../Plugins/FX/Niagara/Content/Functions/CalculateRadiusFromSpriteSize.uasset" 3838
"../../Plugins/FX/Niagara/Content/Functions/Helpers/DoOnce_fn.uasset" 3839
"../../Plugins/FX/Niagara/Content/Functions/ProjectVectorOnPlane.uasset" 3840
"../../Plugins/FX/Niagara/Content/Modules/Collision/CollisionQueryAndResponse.uasset" 3841
"../../Plugins/FX/Niagara/Content/Enums/Collision/SceneDepthCollisionQueryMethod.uasset" 3842
"../../Plugins/FX/Niagara/Content/Functions/Rotation/MatrixToQuaternion.uasset" 3843
"../../Plugins/FX/Niagara/Content/Functions/Rotation/RandomQuaternion.uasset" 3844
"../../../Engine/Content/Functions/Engine_MaterialFunctions01/ImageAdjustment/DeriveHDRfromLDR.uasset" 3845
"../../../../../UnrealProjects/Aura2/Content/Assets/Effects/LevelUp/Materials/OffsetNoiseDistanceFields_ForNormals.uasset" 3846
"../../../../../UnrealProjects/Aura2/Content/Assets/Effects/Shared/sparkle_01.uasset" 3847
"../../Plugins/FX/Niagara/Content/Modules/Update/Forces/VortexForce.uasset" 3848
"../../../Engine/Content/Functions/Engine_MaterialFunctions02/HueShift.uasset" 3849
"../../../Engine/Content/Functions/Engine_MaterialFunctions02/SmoothStep.uasset" 3850
"../../../../../UnrealProjects/Aura2/Content/Kobo_Dungeon/Textures/T-FX/A-CandleFlame.uasset" 3851
"../../../../../UnrealProjects/Aura2/Content/Kobo_Dungeon/Textures/T-FX/N-CandleFlame.uasset" 3852
"../../Plugins/FX/Niagara/Content/Functions/CalculateTriangleArea.uasset" 3853
"../../Plugins/FX/Niagara/Content/Functions/GetRandomInfo.uasset" 3854
"../../../Engine/Content/Functions/Engine_MaterialFunctions01/Density/ExponentialDensity.uasset" 3855
"../../Plugins/FX/Niagara/Content/Functions/Localspace/TransformBase.uasset" 3856
"../../Plugins/FX/Niagara/Content/Functions/IsolateLongestVectorComponent.uasset" 3857
"../../Plugins/FX/Niagara/Content/Functions/ChannelMasks/SelectV4Channel.uasset" 3858
"../../Plugins/FX/Niagara/Content/Enums/ENiagaraVector4_Channels.uasset" 3859
"../../Plugins/FX/Niagara/Content/Functions/FindAngleBetweenVectors.uasset" 3860
"../../Plugins/FX/Niagara/Content/Functions/RandomUnitVector.uasset" 3861
"../../Plugins/FX/Niagara/Content/Functions/Rotation/EulerToQuaternion.uasset" 3862
"../../Plugins/FX/Niagara/Content/Functions/Collision/PlaneSphereCollisionDetection.uasset" 3863
"../../Plugins/FX/Niagara/Content/Functions/Collision/RandomizeCollisionNormals.uasset" 3864
"../../Plugins/FX/Niagara/Content/Functions/ReflectVector.uasset" 3865
"../../Plugins/FX/Niagara/Content/Functions/Textures/CalculateA_VolumeTexturesDistanceFieldGradient.uasset" 3866
"../../Plugins/FX/Niagara/Content/Modules/Collision/NiagaraDistanceFieldCollisions.uasset" 3867
"../../Plugins/FX/Niagara/Content/Modules/Collision/SceneDepthTest.uasset" 3868
"../../Plugins/FX/Niagara/Content/Enums/ENiagara_Float4Channel.uasset" 3869
"D:/UnrealProjects/Aura2/Content/Blueprints/Actor/FadeActor/FA_Block_3x3x2.uasset" 3870
"D:/UnrealProjects/Aura2/Content/Assets/Dungeon/SM_Stairs.uasset" 3871
"D:/UnrealProjects/Aura2/Content/Blueprints/Actor/FadeActor/FA_Stairs.uasset" 3872
"D:/UnrealProjects/Aura2/Content/Assets/Dungeon/SM_Tile_3x3x2.uasset" 3873
"D:/UnrealProjects/Aura2/Content/Assets/Dungeon/Materials/TilesetEdge/M_Edge_wall_F_Inst.uasset" 3874
"D:/UnrealProjects/Aura2/Content/Assets/Dungeon/Materials/TilesetEdge/M_Edge_wall_F.uasset" 3875
"D:/UnrealProjects/Aura2/Content/Assets/Dungeon/Materials/TilesetEdge/M_Edge_step_F.uasset" 3876
"D:/UnrealProjects/Aura2/Content/Assets/Dungeon/Materials/TilesetEdge/M_Edge_rail_F.uasset" 3877
"D:/UnrealProjects/Aura2/Content/Assets/Dungeon/Materials/TilesetEdge/M_Edge_step_F_Inst.uasset" 3878
"D:/UnrealProjects/Aura2/Content/Assets/Dungeon/Materials/TilesetEdge/M_Edge_rail_F_Inst.uasset" 3879
"D:/UnrealProjects/Aura2/Content/Assets/Dungeon/Materials/TilesetEdge/M_Edge_balusters_F_Inst.uasset" 3880
"D:/UnrealProjects/Aura2/Content/Assets/Dungeon/SM_Block4x3x2.uasset" 3881
"D:/UnrealProjects/Aura2/Content/Assets/Dungeon/SM_Corner_rail.uasset" 3882
"D:/UnrealProjects/Aura2/Content/Blueprints/Actor/FadeActor/FA_Corner_railing.uasset" 3883
"D:/UnrealProjects/Aura2/Content/Assets/Dungeon/Materials/TilesetEdge/M_Edge_balusters_F.uasset" 3884
"D:/UnrealProjects/Aura2/Content/Blueprints/Actor/FadeActor/FA_Block_4x3x2.uasset" 3885
"D:/UnrealProjects/Aura2/Content/Assets/Dungeon/Materials/Tileset2/M_Tileset2_F.uasset" 3886
"D:/UnrealProjects/Aura2/Content/Assets/Dungeon/Materials/Tileset2/M_Tileset2_F_Inst.uasset" 3887
"D:/UnrealProjects/Aura2/Content/Assets/Dungeon/Materials/Tileset1x1/Tileset1x1_1/M_Tileset1x1_1_F_Inst.uasset" 3888
"D:/UnrealProjects/Aura2/Content/Assets/Dungeon/Materials/Tileset1x1/Tileset1x1_1/M_Tileset1x1_1_F.uasset" 3889
"D:/UnrealProjects/Aura2/Content/Assets/Dungeon/Materials/Tileset1/M_Tileset1_F_Inst.uasset" 3890
"D:/UnrealProjects/Aura2/Content/Assets/Dungeon/Materials/Tileset1/M_Tileset1_F.uasset" 3891
"D:/UnrealProjects/Aura2/Content/Assets/Dungeon/Materials/Stairs/M_Stairs_Steps_F.uasset" 3892
"D:/UnrealProjects/Aura2/Content/Assets/Dungeon/Materials/Stairs/M_Stairs_Steps_F_Inst.uasset" 3893
"D:/UnrealProjects/Aura2/Content/Assets/Dungeon/Materials/Stairs/M_Stairs_Rail_F.uasset" 3894
"D:/UnrealProjects/Aura2/Content/Assets/Dungeon/Materials/Tileset1x1/Tilese1x1_2/M_Tilese1x1_2_F.uasset" 3895
"D:/UnrealProjects/Aura2/Content/Assets/Dungeon/Materials/Stairs/M_Stairs_Rail_F_Inst.uasset" 3896
"D:/UnrealProjects/Aura2/Content/Assets/Dungeon/Materials/Tileset1x1/Tilese1x1_2/M_Tilese1x1_2_F_Inst.uasset" 3897
"D:/UnrealProjects/Aura2/Content/Assets/Dungeon/Materials/Stairs/M_Stairs_Pillars_F.uasset" 3898
"D:/UnrealProjects/Aura2/Content/Assets/Dungeon/Materials/Stairs/M_Stairs_Pillars_F_Inst.uasset" 3899
"D:/UnrealProjects/Aura2/Content/Assets/Dungeon/Materials/Stairs/M_Stairs_ColumnsRims_F.uasset" 3900
"D:/UnrealProjects/Aura2/Content/Assets/Dungeon/Materials/Stairs/M_Stairs_ColumnsRims_F_Inst.uasset" 3901
"/Game/Assets/Dungeon/SM_Tile_3x3x2" 3902
"../../../../../UnrealProjects/Aura2/Content/Assets/Dungeon/Materials/Tileset1/M_Tileset1.uasset" 3903
"../../../../../UnrealProjects/Aura2/Content/Assets/Dungeon/Materials/Tileset2/M_Tileset2.uasset" 3904
"../../../../../UnrealProjects/Aura2/Content/Assets/Dungeon/Materials/Tileset1/Tileset1_low_DefaultMaterial_BaseColor.uasset" 3905
"../../../../../UnrealProjects/Aura2/Content/Assets/Dungeon/Materials/Tileset1/Tileset1_low_DefaultMaterial_Normal.uasset" 3906
"../../../../../UnrealProjects/Aura2/Content/Assets/Dungeon/Materials/Tileset1/Tileset1_low_DefaultMaterial_OcclusionRoughnessMetallic.uasset" 3907
"../../../../../UnrealProjects/Aura2/Content/Assets/Dungeon/Materials/Tileset2/Tileset2_low_DefaultMaterial_BaseColor.uasset" 3908
"../../../../../UnrealProjects/Aura2/Content/Assets/Dungeon/Materials/Tileset2/Tileset2_low_DefaultMaterial_Normal.uasset" 3909
"../../../../../UnrealProjects/Aura2/Content/Assets/Dungeon/Materials/Tileset2/Tileset2_low_DefaultMaterial_OcclusionRoughnessMetallic.uasset" 3910
"/Game/Blueprints/Actor/FadeActor/FA_Block_3x3x2" 3911
"../../../../../UnrealProjects/Aura2/Content/Blueprints/Actor/FadeActor/BP_FadeActor.uasset" 3912
"../../../../../UnrealProjects/Aura2/Content/Blueprints/Actor/FadeActor/BI_FadeInterface.uasset" 3913
"../../../../../UnrealProjects/Aura2/Content/Assets/Dungeon/Beacon/Material/M_Beacon_F_Inst.uasset" 3914
"../../../../../UnrealProjects/Aura2/Content/Assets/Dungeon/Beacon/SM_Beacon.uasset" 3915
"../../../../../UnrealProjects/Aura2/Content/Assets/Dungeon/Beacon/Material/M_Beacon_F.uasset" 3916
"../../../../../UnrealProjects/Aura2/Content/Assets/Dungeon/Beacon/Material/MI_Beacon.uasset" 3917
"../../../Engine/Content/Functions/Engine_MaterialFunctions02/Utility/DitherTemporalAA.uasset" 3918
"../../../../../UnrealProjects/Aura2/Content/Assets/Dungeon/Beacon/Material/Beacon_low_DefaultMaterial_BaseColor.uasset" 3919
"../../../../../UnrealProjects/Aura2/Content/Assets/Dungeon/Beacon/Material/Beacon_low_DefaultMaterial_Emissive.uasset" 3920
"../../../../../UnrealProjects/Aura2/Content/Assets/Dungeon/Beacon/Material/Beacon_low_DefaultMaterial_Normal.uasset" 3921
"../../../../../UnrealProjects/Aura2/Content/Assets/Dungeon/Beacon/Material/Beacon_low_DefaultMaterial_OcclusionRoughnessMetallic.uasset" 3922
"../../../../../UnrealProjects/Aura2/Content/Assets/Dungeon/Beacon/Material/M_Beacon.uasset" 3923
"../../../Engine/Content/Functions/Engine_MaterialFunctions02/Texturing/ScreenAlignedPixelToPixelUVs.uasset" 3924
"/Game/Assets/Dungeon/SM_Stairs" 3925
"../../../../../UnrealProjects/Aura2/Content/Assets/Dungeon/Materials/Stairs/M_Stairs_ColumnsRims.uasset" 3926
"../../../../../UnrealProjects/Aura2/Content/Assets/Dungeon/Materials/Stairs/M_Stairs_Pillars.uasset" 3927
"../../../../../UnrealProjects/Aura2/Content/Assets/Dungeon/Materials/Stairs/M_Stairs_Rail.uasset" 3928
"../../../../../UnrealProjects/Aura2/Content/Assets/Dungeon/Materials/Stairs/M_Stairs_Steps.uasset" 3929
"../../../../../UnrealProjects/Aura2/Content/Assets/Dungeon/Materials/Stairs/columns_rims_BaseColor.uasset" 3930
"../../../../../UnrealProjects/Aura2/Content/Assets/Dungeon/Materials/Stairs/columns_rims_Normal.uasset" 3931
"../../../../../UnrealProjects/Aura2/Content/Assets/Dungeon/Materials/Stairs/columns_rims_OcclusionRoughnessMetallic.uasset" 3932
"../../../../../UnrealProjects/Aura2/Content/Assets/Dungeon/Materials/Stairs/pillars_BaseColor.uasset" 3933
"../../../../../UnrealProjects/Aura2/Content/Assets/Dungeon/Materials/Stairs/pillars_Normal.uasset" 3934
"../../../../../UnrealProjects/Aura2/Content/Assets/Dungeon/Materials/Stairs/pillars_OcclusionRoughnessMetallic.uasset" 3935
"../../../../../UnrealProjects/Aura2/Content/Assets/Dungeon/Materials/Stairs/rail_BaseColor.uasset" 3936
"../../../../../UnrealProjects/Aura2/Content/Assets/Dungeon/Materials/Stairs/rail_Normal.uasset" 3937
"../../../../../UnrealProjects/Aura2/Content/Assets/Dungeon/Materials/Stairs/rail_OcclusionRoughnessMetallic.uasset" 3938
"../../../../../UnrealProjects/Aura2/Content/Assets/Dungeon/Materials/Stairs/steps_wall_BaseColor.uasset" 3939
"../../../../../UnrealProjects/Aura2/Content/Assets/Dungeon/Materials/Stairs/steps_wall_Normal.uasset" 3940
"../../../../../UnrealProjects/Aura2/Content/Assets/Dungeon/Materials/Stairs/steps_wall_OcclusionRoughnessMetallic.uasset" 3941
"/Game/Blueprints/Actor/FadeActor/FA_Stairs" 3942
"/Game/Assets/Dungeon/Materials/TilesetEdge/M_Edge_wall_F" 3943
"../../../../../UnrealProjects/Aura2/Content/Assets/Dungeon/Materials/TilesetEdge/Tileset_Edge_low_Corner_wall_BaseColor.uasset" 3944
"../../../../../UnrealProjects/Aura2/Content/Assets/Dungeon/Materials/TilesetEdge/Tileset_Edge_low_Corner_wall_Normal.uasset" 3945
"../../../../../UnrealProjects/Aura2/Content/Assets/Dungeon/Materials/TilesetEdge/Tileset_Edge_low_Corner_wall_OcclusionRoughnessMetallic.uasset" 3946
"/Game/Assets/Dungeon/Materials/TilesetEdge/M_Edge_wall_F_Inst" 3947
"/Game/Assets/Dungeon/Materials/TilesetEdge/M_Edge_step_F" 3948
"../../../../../UnrealProjects/Aura2/Content/Assets/Dungeon/Materials/TilesetEdge/Tileset_Edge_low_Corner_step_BaseColor.uasset" 3949
"../../../../../UnrealProjects/Aura2/Content/Assets/Dungeon/Materials/TilesetEdge/Tileset_Edge_low_Corner_step_Normal.uasset" 3950
"../../../../../UnrealProjects/Aura2/Content/Assets/Dungeon/Materials/TilesetEdge/Tileset_Edge_low_Corner_step_OcclusionRoughnessMetallic.uasset" 3951
"/Game/Assets/Dungeon/Materials/TilesetEdge/M_Edge_step_F_Inst" 3952
"/Game/Assets/Dungeon/Materials/TilesetEdge/M_Edge_rail_F" 3953
"../../../../../UnrealProjects/Aura2/Content/Assets/Dungeon/Materials/TilesetEdge/Tileset_Edge_low_M_Rail_BaseColor.uasset" 3954
"../../../../../UnrealProjects/Aura2/Content/Assets/Dungeon/Materials/TilesetEdge/Tileset_Edge_low_M_Rail_Normal.uasset" 3955
"../../../../../UnrealProjects/Aura2/Content/Assets/Dungeon/Materials/TilesetEdge/Tileset_Edge_low_M_Rail_OcclusionRoughnessMetallic.uasset" 3956
"/Game/Assets/Dungeon/Materials/TilesetEdge/M_Edge_rail_F_Inst" 3957
"/Game/Assets/Dungeon/Materials/TilesetEdge/M_Edge_balusters_F" 3958
"../../../../../UnrealProjects/Aura2/Content/Assets/Dungeon/Materials/TilesetEdge/Tileset_Edge_low_M_Balusters_BaseColor.uasset" 3959
"../../../../../UnrealProjects/Aura2/Content/Assets/Dungeon/Materials/TilesetEdge/Tileset_Edge_low_M_Balusters_Normal.uasset" 3960
"../../../../../UnrealProjects/Aura2/Content/Assets/Dungeon/Materials/TilesetEdge/Tileset_Edge_low_M_Balusters_OcclusionRoughnessMetallic.uasset" 3961
"/Game/Assets/Dungeon/Materials/TilesetEdge/M_Edge_balusters_F_Inst" 3962
"/Game/Assets/Dungeon/SM_Corner_rail" 3963
"../../../../../UnrealProjects/Aura2/Content/Assets/Dungeon/Materials/TilesetCorner_fixedlighting/M_TilesetCorner_Balusters.uasset" 3964
"../../../../../UnrealProjects/Aura2/Content/Assets/Dungeon/Materials/TilesetCorner_fixedlighting/M_TilesetCorner_Rail.uasset" 3965
"../../../../../UnrealProjects/Aura2/Content/Assets/Dungeon/Materials/TilesetCorner_fixedlighting/M_TilesetCorner_Step.uasset" 3966
"../../../../../UnrealProjects/Aura2/Content/Assets/Dungeon/Materials/TilesetCorner_fixedlighting/M_TilesetCorner_Wall.uasset" 3967
"../../../../../UnrealProjects/Aura2/Content/Assets/Dungeon/Materials/TilesetCorner_fixedlighting/T_Corner_Balusters_BaseColor.uasset" 3968
"../../../../../UnrealProjects/Aura2/Content/Assets/Dungeon/Materials/TilesetCorner_fixedlighting/T_Corner_Balusters_Normal.uasset" 3969
"../../../../../UnrealProjects/Aura2/Content/Assets/Dungeon/Materials/TilesetCorner_fixedlighting/T_Corner_Balusters_OcclusionRoughnessMetallic.uasset" 3970
"../../../../../UnrealProjects/Aura2/Content/Assets/Dungeon/Materials/TilesetCorner_fixedlighting/T_Corner_Rail_BaseColor.uasset" 3971
"../../../../../UnrealProjects/Aura2/Content/Assets/Dungeon/Materials/TilesetCorner_fixedlighting/T_Corner_Rail_Normal.uasset" 3972
"../../../../../UnrealProjects/Aura2/Content/Assets/Dungeon/Materials/TilesetCorner_fixedlighting/T_Corner_Rail_OcclusionRoughnessMetallic.uasset" 3973
"../../../../../UnrealProjects/Aura2/Content/Assets/Dungeon/Materials/TilesetCorner_fixedlighting/T_Corner_Step_BaseColor.uasset" 3974
"../../../../../UnrealProjects/Aura2/Content/Assets/Dungeon/Materials/TilesetCorner_fixedlighting/T_Corner_Step_Normal.uasset" 3975
"../../../../../UnrealProjects/Aura2/Content/Assets/Dungeon/Materials/TilesetCorner_fixedlighting/T_Corner_Step_OcclusionRoughnessMetallic.uasset" 3976
"../../../../../UnrealProjects/Aura2/Content/Assets/Dungeon/Materials/TilesetCorner_fixedlighting/T_Corner_Wall_BaseColor.uasset" 3977
"../../../../../UnrealProjects/Aura2/Content/Assets/Dungeon/Materials/TilesetCorner_fixedlighting/T_Corner_Wall_Normal.uasset" 3978
"../../../../../UnrealProjects/Aura2/Content/Assets/Dungeon/Materials/TilesetCorner_fixedlighting/T_Corner_Wall_OcclusionRoughnessMetallic.uasset" 3979
"/Game/Blueprints/Actor/FadeActor/FA_Corner_railing" 3980
"/Game/Assets/Dungeon/SM_Block4x3x2" 3981
"../../../../../UnrealProjects/Aura2/Content/Assets/Dungeon/Materials/Tileset1x1/Tilese1x1_2/M_Tilese1x1_2.uasset" 3982
"../../../../../UnrealProjects/Aura2/Content/Assets/Dungeon/Materials/Tileset1x1/Tileset1x1_1/M_Tileset1x1_1.uasset" 3983
"../../../../../UnrealProjects/Aura2/Content/Assets/Dungeon/Materials/Tileset1x1/Tilese1x1_2/Tileset1x1_low_DefaultMaterial_BaseColor.uasset" 3984
"../../../../../UnrealProjects/Aura2/Content/Assets/Dungeon/Materials/Tileset1x1/Tilese1x1_2/Tileset1x1_low_DefaultMaterial_Normal.uasset" 3985
"../../../../../UnrealProjects/Aura2/Content/Assets/Dungeon/Materials/Tileset1x1/Tilese1x1_2/Tileset1x1_low_DefaultMaterial_OcclusionRoughnessMetallic.uasset" 3986
"../../../../../UnrealProjects/Aura2/Content/Assets/Dungeon/Materials/Tileset1x1/Tileset1x1_1/Tileset1x1_low_DefaultMaterial_BaseColor.uasset" 3987
"../../../../../UnrealProjects/Aura2/Content/Assets/Dungeon/Materials/Tileset1x1/Tileset1x1_1/Tileset1x1_low_DefaultMaterial_Normal.uasset" 3988
"../../../../../UnrealProjects/Aura2/Content/Assets/Dungeon/Materials/Tileset1x1/Tileset1x1_1/Tileset1x1_low_DefaultMaterial_OcclusionRoughnessMetallic.uasset" 3989
"/Game/Blueprints/Actor/FadeActor/FA_Block_4x3x2" 3990
"D:/UnrealProjects/Aura2/Content/Blueprints/Actor/FlamePillar/BP_FlamePillar.uasset" 3991
"D:/UnrealProjects/Aura2/Content/Assets/Dungeon/Beacon/SM_Pillar.uasset" 3992
"D:/UnrealProjects/Aura2/Content/Assets/Dungeon/SM_Corner.uasset" 3993
"D:/UnrealProjects/Aura2/Content/Assets/Dungeon/Materials/TilesetEdge/Tileset_Edge_low_Corner_base_BaseColor.uasset" 3994
"D:/UnrealProjects/Aura2/Content/Assets/Dungeon/Materials/TilesetCorner_fixedlighting/T_Corner_Base_Normal.uasset" 3995
"D:/UnrealProjects/Aura2/Content/Assets/Dungeon/Materials/TilesetCorner_fixedlighting/T_Corner_Base_BaseColor.uasset" 3996
"D:/UnrealProjects/Aura2/Content/Assets/Dungeon/Materials/TilesetCorner_fixedlighting/M_TilesetCorner_Base.uasset" 3997
"D:/UnrealProjects/Aura2/Content/Assets/Dungeon/Materials/TilesetEdge/Tileset_Edge_low_Corner_base_Normal.uasset" 3998
"D:/UnrealProjects/Aura2/Content/Assets/Dungeon/Materials/TilesetEdge/Tileset_Edge_low_Corner_base_OcclusionRoughnessMetallic.uasset" 3999
"D:/UnrealProjects/Aura2/Content/Assets/Dungeon/Materials/TilesetEdge/M_Edge_base.uasset" 4000
"D:/UnrealProjects/Aura2/Content/Assets/Dungeon/Materials/TilesetCorner_fixedlighting/T_Corner_Base_OcclusionRoughnessMetallic.uasset" 4001
"D:/UnrealProjects/Aura2/Content/Assets/Dungeon/SM_Edge_2x1.uasset" 4002
"D:/UnrealProjects/Aura2/Content/Assets/Dungeon/Materials/TilesetEdge/M_Edge_step.uasset" 4003
"/Game/Assets/Dungeon/Materials/TilesetEdge/Tileset_Edge_low_Corner_base_BaseColor" 4004
"D:/UnrealProjects/Aura2/Content/Assets/Dungeon/SM_TilesetEdge_nobase_4.uasset" 4005
"D:/UnrealProjects/Aura2/Content/Assets/Dungeon/SM_Tile1x1_B.uasset" 4006
"D:/UnrealProjects/Aura2/Content/Assets/Dungeon/Materials/TilesetEdge/M_Edge_rail.uasset" 4007
"D:/UnrealProjects/Aura2/Content/Assets/Dungeon/Materials/TilesetEdge/M_Edge_balusters.uasset" 4008
"D:/UnrealProjects/Aura2/Content/Assets/Dungeon/Materials/TilesetEdge/M_Edge_wall.uasset" 4009
"D:/UnrealProjects/Aura2/Content/Assets/Dungeon/SM_TilesetEdge_nobase.uasset" 4010
"D:/UnrealProjects/Aura2/Content/Assets/Dungeon/Materials/Tileset3/Tileset3_low_DefaultMaterial_Normal.uasset" 4011
"D:/UnrealProjects/Aura2/Content/Assets/Dungeon/SM_Tile_1x2.uasset" 4012
"D:/UnrealProjects/Aura2/Content/Assets/Dungeon/SM_Tile_1x3.uasset" 4013
"D:/UnrealProjects/Aura2/Content/Assets/Dungeon/SM_Tile_3x2.uasset" 4014
"D:/UnrealProjects/Aura2/Content/Assets/Dungeon/SM_Tile_3x3_A.uasset" 4015
"D:/UnrealProjects/Aura2/Content/Assets/Dungeon/SM_Tile_3x3x3.uasset" 4016
"D:/UnrealProjects/Aura2/Content/Assets/Dungeon/SM_Tile_3x3_B.uasset" 4017
"D:/UnrealProjects/Aura2/Content/Assets/Materials/PP_Highlight.uasset" 4018
"D:/UnrealProjects/Aura2/Content/Assets/Dungeon/Materials/Tileset3/M_Tileset3.uasset" 4019
"D:/UnrealProjects/Aura2/Content/Assets/Dungeon/Materials/Tileset3/Tileset3_low_DefaultMaterial_OcclusionRoughnessMetallic.uasset" 4020
"D:/UnrealProjects/Aura2/Content/Blueprints/UI/LoadMenu/WBP_LoadSlot_EnterName.uasset" 4021
"D:/UnrealProjects/Aura2/Content/Assets/Dungeon/Materials/Tileset3/Tileset3_low_DefaultMaterial_BaseColor.uasset" 4022
"/Game/Blueprints/Actor/FlamePillar/BP_FlamePillar" 4023
"D:/UnrealProjects/Aura2/Content/Blueprints/UI/LoadMenu/WBP_LoadSlot_Taken.uasset" 4024
"../../../../../UnrealProjects/Aura2/Content/Assets/Effects/Fire/NS_Fire.uasset" 4025
"../../../../../UnrealProjects/Aura2/Content/Assets/Effects/Fire/M_Distortion.uasset" 4026
"../../../../../UnrealProjects/Aura2/Content/Assets/Effects/Fire/M_Fire.uasset" 4027
"../../Plugins/FX/Niagara/Content/DynamicInputs/TypeConversions/MakeVectorFromLinearColorRGB.uasset" 4028
"../../Plugins/FX/Niagara/Content/DynamicInputs/ValueFromCurve/ColorFromCurve.uasset" 4029
"../../Plugins/FX/Niagara/Content/Modules/Update/Size/ScaleSpriteSizeBySpeed.uasset" 4030
"/Game/Assets/Dungeon/SM_Edge_2x1" 4031
"D:/UnrealProjects/Aura2/Content/Assets/UI/Globes/MI_LoadSlotBG_Inst.uasset" 4032
"D:/UnrealProjects/Aura2/Content/Blueprints/UI/LoadMenu/WBP_LoadSlot_Vacant.uasset" 4033
"D:/UnrealProjects/Aura2/Content/Blueprints/UI/LoadMenu/WBP_LoadScreenWidget_Base.uasset" 4034
"/Game/Assets/Dungeon/SM_Corner" 4035
"/Game/Assets/Dungeon/SM_Tile1x1_B" 4036
"/Game/Assets/Dungeon/SM_TilesetEdge_nobase_4" 4037
"/Game/Assets/Dungeon/SM_TilesetEdge_nobase" 4038
"/Game/Assets/Dungeon/SM_Tile_1x2" 4039
"/Game/Assets/Dungeon/SM_Tile_1x3" 4040
"/Game/Assets/Dungeon/SM_Tile_3x2" 4041
"/Game/Assets/Dungeon/SM_Tile_3x3x3" 4042
"/Game/Assets/Dungeon/SM_Tile_3x3_A" 4043
"/Game/Assets/Dungeon/Materials/Tileset3/Tileset3_low_DefaultMaterial_BaseColor" 4044
"/Game/Assets/Dungeon/Materials/Tileset3/Tileset3_low_DefaultMaterial_Normal" 4045
"/Game/Assets/Dungeon/Materials/Tileset3/Tileset3_low_DefaultMaterial_OcclusionRoughnessMetallic" 4046
"/Game/Assets/Dungeon/Materials/Tileset3/M_Tileset3" 4047
"/Game/Assets/Dungeon/SM_Tile_3x3_B" 4048
"/Game/Assets/Materials/PP_Highlight" 4049
"D:/UnrealProjects/Aura2/Content/Blueprints/UI/HUD/BP_LoadScreenHUD.uasset" 4050
"D:/UnrealProjects/Aura2/Content/Blueprints/AbilitySystem/Enemy/Effects/AbilityUpgrades/GE_Enemy_ArcaneShards_FirstLargeShard.uasset" 4051
"D:/UnrealProjects/Aura2/Content/Blueprints/UI/LoadMenu/WBP_LoadSlot_WidgetSwitcher.uasset" 4052
"/Game/Assets/UI/Globes/MI_LoadSlotBG_Inst" 4053
"D:/UnrealProjects/Aura2/Content/Blueprints/Game/BP_AuraGameStateBase.uasset" 4054
"D:/UnrealProjects/Aura2/Content/Blueprints/UI/LoadMenu/WBP_LoadScreen.uasset" 4055
"D:/UnrealProjects/Aura2/Content/Assets/Items/Roots/woodencrate_a/Textures/texture_pbr_20250901_metallic-texture_pbr_20250901_roughness.uasset" 4056
"D:/UnrealProjects/Aura2/Content/Blueprints/UI/ViewModel/BP_LoadSlotViewModel.uasset" 4057
"D:/UnrealProjects/Aura2/Content/Blueprints/UI/ViewModel/BP_LoadScreenViewModel.uasset" 4058
"D:/UnrealProjects/Aura2/Content/Assets/Items/Roots/woodencrate_a/Textures/texture_pbr_20250901_normal.uasset" 4059
"D:/UnrealProjects/Aura2/Content/Blueprints/AbilitySystem/Data/DA_EnemyAbilityUpgradeInfo.uasset" 4060
"D:/UnrealProjects/Aura2/Content/Assets/Items/Roots/woodencrate_a/Textures/texture_pbr_20250901.uasset" 4061
"../../../Engine/Plugins/Interchange/Assets/Content/gltf/MaterialFunctions/MF_Emissive.uasset" 4062
"../../../Engine/Plugins/Interchange/Assets/Content/gltf/MaterialBodies/MF_Default_Body.uasset" 4063
"../../../Engine/Plugins/Interchange/Assets/Content/gltf/MaterialFunctions/MF_SpecularAnisotropy.uasset" 4064
"../../../Engine/Plugins/Interchange/Assets/Content/gltf/Textures/T_Anisotropy_Direction_Linear.uasset" 4065
"../../../Engine/Plugins/Interchange/Assets/Content/gltf/MaterialFunctions/MF_Specular.uasset" 4066
"../../../Engine/Plugins/Interchange/Assets/Content/gltf/Textures/T_Generic_N.uasset" 4067
"../../../../../UnrealProjects/Aura2/Content/Assets/UI/Globes/M_LoadSlotBG.uasset" 4068
"../../../Engine/Plugins/Interchange/Assets/Content/gltf/Textures/T_White_Linear.uasset" 4069
"../../../Engine/Plugins/Interchange/Assets/Content/gltf/MaterialFunctions/MF_Occlusion.uasset" 4070
"../../../Engine/Plugins/Interchange/Assets/Content/gltf/MaterialFunctions/MF_ScaleNormal.uasset" 4071
"../../../Engine/Plugins/Interchange/Assets/Content/Functions/MF_IridescenceNoLUT.uasset" 4072
"../../../Engine/Plugins/Interchange/Assets/Content/gltf/MaterialFunctions/MF_RotateNormals_TS.uasset" 4073
"../../../Engine/Plugins/Interchange/Assets/Content/gltf/MaterialFunctions/MF_Normals.uasset" 4074
"../../../Engine/Plugins/Interchange/Assets/Content/gltf/MaterialFunctions/MF_MetallicRoughness.uasset" 4075
"../../../Engine/Plugins/Interchange/Assets/Content/gltf/MaterialFunctions/MF_Iridescence.uasset" 4076
"../../../Engine/Plugins/Interchange/Assets/Content/gltf/MaterialFunctions/MF_IOR.uasset" 4077
"../../../Engine/Plugins/Interchange/Assets/Content/gltf/MaterialFunctions/MF_TransformUVs.uasset" 4078
"../../../Engine/Plugins/Interchange/Assets/Content/gltf/MaterialFunctions/MF_RotateV2.uasset" 4079
"/InterchangeAssets/gltf/MaterialFunctions/MF_IOR" 4080
"/InterchangeAssets/gltf/MaterialFunctions/MF_Iridescence" 4081
"../../Plugins/Interchange/Assets/Content/gltf/Textures/T_White_srgb.uasset" 4082
"/InterchangeAssets/gltf/MaterialFunctions/MF_MetallicRoughness" 4083
"/InterchangeAssets/gltf/MaterialFunctions/MF_Normals" 4084
"/InterchangeAssets/gltf/MaterialFunctions/MF_Occlusion" 4085
"/InterchangeAssets/gltf/MaterialFunctions/MF_Specular" 4086
"/InterchangeAssets/gltf/MaterialFunctions/MF_SpecularAnisotropy" 4087
"/InterchangeAssets/gltf/MaterialFunctions/MF_Emissive" 4088
"/Game/Assets/Items/Roots/woodencrate_a/Textures/texture_pbr_20250901_normal" 4089
"/Game/Assets/Items/Roots/woodencrate_a/Textures/texture_pbr_20250901_metallic-texture_pbr_20250901_roughness" 4090
"/Game/Assets/Items/Roots/woodencrate_a/Textures/texture_pbr_20250901" 4091
"/Game/Blueprints/AbilitySystem/Data/DA_EnemyAbilityUpgradeInfo" 4092
"/Game/Blueprints/Game/BP_AuraGameStateBase" 4093
"/Game/Blueprints/UI/HUD/BP_LoadScreenHUD" 4094
"../../../../../UnrealProjects/Aura2/Content/Blueprints/UI/SettingMenu/BP_SettingsMenuWidgetController.uasset" 4095
"../../../../../UnrealProjects/Aura2/Content/Blueprints/UI/AreYouSure/WBP_AreYouSure.uasset" 4096
"../../../../../UnrealProjects/Aura2/Content/Blueprints/UI/Button/WBP_Button.uasset" 4097
"../../../../../UnrealProjects/Aura2/Content/Blueprints/UI/Button/WBP_WideButton.uasset" 4098
"../../../../../UnrealProjects/Aura2/Content/Blueprints/UI/SettingMenu/WBP_SettingMenu.uasset" 4099
"../../../../../UnrealProjects/Aura2/Content/Blueprints/Player/BP_AuraPlayerController.uasset" 4100
"../../../../../UnrealProjects/Aura2/Content/Assets/UI/Globes/MI_Flowing_Scroll.uasset" 4101
"../../../../../UnrealProjects/Aura2/Content/Assets/UI/Borders/BorderLarge/Border_Large.uasset" 4102
"../../../../../UnrealProjects/Aura2/Content/Assets/Sounds/UI/ButtonClick/SFX_UI_ButtonClick_01.uasset" 4103
"../../../../../UnrealProjects/Aura2/Content/Assets/Sounds/UI/Hover/SFX_UI_Hover_01.uasset" 4104
"../../../../../UnrealProjects/Aura2/Content/Assets/UI/Button_Red/Button.uasset" 4105
"../../../../../UnrealProjects/Aura2/Content/Assets/UI/Button_Red/Button_Border.uasset" 4106
"../../../../../UnrealProjects/Aura2/Content/Assets/UI/Button_Red/Button_Grayed_Out.uasset" 4107
"../../../../../UnrealProjects/Aura2/Content/Assets/UI/Button_Red/Button_Highlighted.uasset" 4108
"../../../../../UnrealProjects/Aura2/Content/Assets/UI/Button_Red/Button_Pressed.uasset" 4109
"../../../../../UnrealProjects/Aura2/Content/Assets/UI/SpellTree/EquippedSpellsRowOutline.uasset" 4110
"../../../../../UnrealProjects/Aura2/Content/Assets/Fonts/Pirata_One/PirataOne-Regular_Font.uasset" 4111
"../../../../../UnrealProjects/Aura2/Content/Assets/Sounds/UI/ButtonClick/SFX_UI_ButtonClick_02.uasset" 4112
"../../../../../UnrealProjects/Aura2/Content/Assets/Sounds/UI/Hover/SFX_UI_Hover_02.uasset" 4113
"../../../../../UnrealProjects/Aura2/Content/Assets/UI/Wide_Button_Red/WideButton.uasset" 4114
"../../../../../UnrealProjects/Aura2/Content/Assets/UI/Wide_Button_Red/WideButton_GrayedOut.uasset" 4115
"../../../../../UnrealProjects/Aura2/Content/Assets/UI/Wide_Button_Red/WideButton_Highlighted.uasset" 4116
"../../../../../UnrealProjects/Aura2/Content/Assets/UI/Wide_Button_Red/WideButton_Pressed_2.uasset" 4117
"../../../../../UnrealProjects/Aura2/Content/Blueprints/UI/Font/MaruBuri-SemiBold_Font.uasset" 4118
"../../../../../UnrealProjects/Aura2/Content/Assets/UI/Globes/MI_FlowingUIBG.uasset" 4119
"../../../../../UnrealProjects/Aura2/Content/Assets/Sounds/Enemies/Goblin/UI/ButtonClick/SFX_UI_ButtonClick_01.uasset" 4120
"../../../../../UnrealProjects/Aura2/Content/Blueprints/UI/SettingMenu/WBP_SettingRow.uasset" 4121
"../../../../../UnrealProjects/Aura2/Content/Input/DA_AuraInputConfig.uasset" 4122
"../../../../../UnrealProjects/Aura2/Content/Blueprints/AbilitySystem/Aura/Abilities/Arcane/ArcaneShards/BP_MagicCircle.uasset" 4123
"../../../../../UnrealProjects/Aura2/Content/Blueprints/Actor/RangeIndicator/BP_AbilityRangeIndicator.uasset" 4124
"../../../../../UnrealProjects/Aura2/Content/Blueprints/UI/FloatingText/BP_DamageTextComponent.uasset" 4125
"../../../../../UnrealProjects/Aura2/Content/Input/InputActions/IA_Alt.uasset" 4126
"../../../../../UnrealProjects/Aura2/Content/Input/InputActions/IA_Debug.uasset" 4127
"../../../../../UnrealProjects/Aura2/Content/Input/InputActions/IA_ESC.uasset" 4128
"../../../../../UnrealProjects/Aura2/Content/Input/InputActions/IA_I.uasset" 4129
"../../../../../UnrealProjects/Aura2/Content/Input/InputActions/IA_MouseWheel.uasset" 4130
"../../../../../UnrealProjects/Aura2/Content/Input/InputActions/IA_Move.uasset" 4131
"../../../../../UnrealProjects/Aura2/Content/Input/InputActions/IA_P.uasset" 4132
"../../../../../UnrealProjects/Aura2/Content/Input/InputActions/IA_Shift.uasset" 4133
"../../../../../UnrealProjects/Aura2/Content/Input/InputActions/IA_T.uasset" 4134
"../../../../../UnrealProjects/Aura2/Content/Input/IMC_AuraContext.uasset" 4135
"../../../../../UnrealProjects/Aura2/Content/Assets/Effects/Cursor/FX_Cursor.uasset" 4136
"../../../../../UnrealProjects/Aura2/Content/Blueprints/UI/Dialogue/Tutorial/WBP_Dialogue.uasset" 4137
"../../../../../UnrealProjects/Aura2/Content/Assets/UI/Globes/M_FlowingUIBG.uasset" 4138
"../../../../../UnrealProjects/Aura2/Content/Assets/Fonts/Pirata_One/PirataOne-Regular.uasset" 4139
"../../../../../UnrealProjects/Aura2/Content/Assets/UI/LoadScreen/PlusIcon_clearBG.uasset" 4140
"../../../../../UnrealProjects/Aura2/Content/Blueprints/UI/Font/MaruBuri-SemiBold.uasset" 4141
"../../../../../UnrealProjects/Aura2/Content/Input/InputActions/IA_1.uasset" 4142
"../../../../../UnrealProjects/Aura2/Content/Input/InputActions/IA_2.uasset" 4143
"../../../../../UnrealProjects/Aura2/Content/Input/InputActions/IA_3.uasset" 4144
"../../../../../UnrealProjects/Aura2/Content/Input/InputActions/IA_4.uasset" 4145
"../../../../../UnrealProjects/Aura2/Content/Input/InputActions/IA_LMB.uasset" 4146
"../../../../../UnrealProjects/Aura2/Content/Input/InputActions/IA_RMB.uasset" 4147
"../../../../../UnrealProjects/Aura2/Content/Assets/MagicCircles/M_MagicCircle_1.uasset" 4148
"../../../../../UnrealProjects/Aura2/Content/Blueprints/UI/FloatingText/WBP_DamageText.uasset" 4149
"../../../../../UnrealProjects/Aura2/Content/Input/InputActions/IA_B.uasset" 4150
"../../../../../UnrealProjects/Aura2/Content/Input/InputActions/IA_D.uasset" 4151
"../../../../../UnrealProjects/Aura2/Content/Input/InputActions/IA_E.uasset" 4152
"../../../../../UnrealProjects/Aura2/Content/Input/InputActions/IA_Enter.uasset" 4153
"../../../../../UnrealProjects/Aura2/Content/Input/InputActions/IA_G.uasset" 4154
"../../../../../UnrealProjects/Aura2/Content/Input/InputActions/IA_U.uasset" 4155
"../../../../../UnrealProjects/Aura2/Content/Assets/Effects/Cursor/SM_CursorMesh.uasset" 4156
"../../../../../UnrealProjects/Aura2/Content/Blueprints/UI/ViewModel/BP_TutorialDialogueViewModel.uasset" 4157
"../../../../../UnrealProjects/Aura2/Content/Assets/UI/Borders/BorderLarge/Border_Large_png.uasset" 4158
"../../../../../UnrealProjects/Aura2/Content/Blueprints/UI/Overlay/Subwidget/WBP_CenterDescription.uasset" 4159
"../../../../../UnrealProjects/Aura2/Content/Assets/UI/Globes/TilingNoise05.uasset" 4160
"../../../../../UnrealProjects/Aura2/Content/Assets/Fonts/Amarante/Amarante-Regular_Font.uasset" 4161
"../../../../../UnrealProjects/Aura2/Content/Assets/Fonts/Nanum_Brush/NanumBrushScript-Regular_Font.uasset" 4162
"../../../../../UnrealProjects/Aura2/Content/Assets/Effects/Cursor/M_Cursor.uasset" 4163
"../../../../../UnrealProjects/Aura2/Content/Assets/Fonts/Amarante/Amarante-Regular.uasset" 4164
"../../../../../UnrealProjects/Aura2/Content/Assets/Fonts/Nanum_Brush/NanumBrushScript-Regular.uasset" 4165
"../../../../../UnrealProjects/Aura2/Content/Assets/Effects/Cursor/T_Crystal.uasset" 4166
"/InterchangeAssets/gltf/MaterialFunctions/MF_RotateV2" 4167
"D:/UnrealProjects/Aura2/Content/Blueprints/UI/InventoryMenu/BP_DropItemName.uasset" 4168
"../../../Engine/Plugins/Interchange/Assets/Content/gltf/M_Default.uasset" 4169
"D:/UnrealProjects/Aura2/Content/Blueprints/Actor/BP_DropItem.uasset" 4170
"/InterchangeAssets/gltf/MaterialFunctions/MF_TransformUVs" 4171
"D:/UnrealProjects/Aura2/Content/Assets/Pickups/HealthCrystal/Materials/HealthCrystal_BaseColor.uasset" 4172
"D:/UnrealProjects/Aura2/Content/Assets/Pickups/HealthCrystal/Materials/HealthCrystal_Emissive.uasset" 4173
"../../../Engine/Plugins/Interchange/Assets/Content/gltf/MaterialFunctions/MF_BaseColor.uasset" 4174
"D:/UnrealProjects/Aura2/Content/Assets/Items/Roots/woodencrate_a/StaticMeshes/Roots.uasset" 4175
"D:/UnrealProjects/Aura2/Content/Assets/Items/Roots/woodencrate_a/Materials/WoodenCrate_A.uasset" 4176
"../../../Engine/Plugins/Interchange/Assets/Content/gltf/MaterialInstances/MI_Default_Opaque_DS.uasset" 4177
"D:/UnrealProjects/Aura2/Content/Assets/Pickups/HealthCrystal/Materials/HealthCrystal_Normal.uasset" 4178
"D:/UnrealProjects/Aura2/Content/Assets/Pickups/HealthCrystal/Materials/M_HealthCrystal.uasset" 4179
"D:/UnrealProjects/Aura2/Content/Assets/Pickups/HealthCrystal/Materials/HealthCrystal_OcclusionRoughnessMetallic.uasset" 4180
"D:/UnrealProjects/Aura2/Content/Assets/Pickups/HealthCrystal/SM_HealthCrystal.uasset" 4181
"D:/UnrealProjects/Aura2/Content/Assets/Pickups/HealthCrystal/Materials/MI_HealthCrystal.uasset" 4182
"D:/UnrealProjects/Aura2/Content/Assets/Pickups/HealthCrystal/PM_HealthCrystal.uasset" 4183
"D:/UnrealProjects/Aura2/Content/Blueprints/Actor/Crystal/GE_CrystalHeal.uasset" 4184
"D:/UnrealProjects/Aura2/Content/Blueprints/Actor/Crystal/BP_HealthCrystal.uasset" 4185
"D:/UnrealProjects/Aura2/Content/Assets/Pickups/Potions/Liquid/MI_BlueLiquid.uasset" 4186
"D:/UnrealProjects/Aura2/Content/Blueprints/Actor/Crystal/GE_CrystalMana.uasset" 4187
"D:/UnrealProjects/Aura2/Content/Blueprints/Actor/Potion/GE_PotionMana.uasset" 4188
"D:/UnrealProjects/Aura2/Content/Blueprints/Actor/Crystal/BP_ManaCrystal.uasset" 4189
"D:/UnrealProjects/Aura2/Content/Assets/Sounds/Potions/Spawn/SFX_Potion_PopsOut_02.uasset" 4190
"D:/UnrealProjects/Aura2/Content/Blueprints/Actor/Potion/GE_PotionHeal.uasset" 4191
"D:/UnrealProjects/Aura2/Content/Blueprints/Actor/Potion/CT_Potion.uasset" 4192
"D:/UnrealProjects/Aura2/Content/Blueprints/Actor/Potion/BP_ManaPotion.uasset" 4193
"D:/UnrealProjects/Aura2/Content/Assets/Sounds/Potions/Spawn/SFX_Potion_PopsOut_01.uasset" 4194
"D:/UnrealProjects/Aura2/Content/Assets/Sounds/Potions/HitGround/SFX_Potion_HitGround_01.uasset" 4195
"D:/UnrealProjects/Aura2/Content/Assets/Sounds/Potions/Spawn/SFX_Potion_PopsOut_03.uasset" 4196
"D:/UnrealProjects/Aura2/Content/Assets/Sounds/Potions/Spawn/SFX_Potion_PopsOut_04.uasset" 4197
"D:/UnrealProjects/Aura2/Content/Assets/Sounds/Potions/Spawn/sfx_Potion_Spawn.uasset" 4198
"D:/UnrealProjects/Aura2/Content/Assets/Sounds/Potions/HitGround/SFX_Potion_HitGround_02.uasset" 4199
"/Game/Assets/Sounds/Potions/Spawn/sfx_Potion_Spawn" 4200
"/Game/Blueprints/Actor/Potion/GE_PotionHeal" 4201
"/Game/Blueprints/Actor/Potion/BP_ManaPotion" 4202
"../../../../../UnrealProjects/Aura2/Content/Blueprints/Actor/BP_Pickup_Base.uasset" 4203
"../../../../../UnrealProjects/Aura2/Content/Assets/Pickups/Potions/SM_PotionBottle.uasset" 4204
"../../../../../UnrealProjects/Aura2/Content/Assets/Sounds/Potions/Consume/sfx_Potion_Consume.uasset" 4205
"../../../../../UnrealProjects/Aura2/Content/Assets/Sounds/Potions/HitGround/sfx_Potion_HitGround.uasset" 4206
"../../../../../UnrealProjects/Aura2/Content/Assets/Pickups/Potions/Liquid/M_WhiteLiquid.uasset" 4207
"../../../../../UnrealProjects/Aura2/Content/Assets/Pickups/Potions/Cork/M_Cork.uasset" 4208
"../../../../../UnrealProjects/Aura2/Content/Assets/Pickups/Potions/Bottle/MI_Bottle.uasset" 4209
"../../../../../UnrealProjects/Aura2/Content/Assets/Pickups/Potions/Liquid/MI_RedLiquid.uasset" 4210
"../../../../../UnrealProjects/Aura2/Content/Assets/Sounds/Potions/Consume/SFX_Potion_Consume_01.uasset" 4211
"../../../../../UnrealProjects/Aura2/Content/Assets/Sounds/Potions/Consume/SFX_Potion_Consume_02.uasset" 4212
"../../../../../UnrealProjects/Aura2/Content/Assets/Sounds/Potions/Consume/SFX_Potion_Consume_03.uasset" 4213
"../../../../../UnrealProjects/Aura2/Content/Assets/Sounds/Potions/HitGround/SFX_Potion_HitGround_02.uasset" 4214
"../../../../../UnrealProjects/Aura2/Content/Assets/Sounds/Potions/HitGround/SFX_Potion_HitGround_03.uasset" 4215
"../../../../../UnrealProjects/Aura2/Content/Assets/Pickups/Potions/Liquid/T_WhiteLiquid_BaseColor.uasset" 4216
"../../../../../UnrealProjects/Aura2/Content/Assets/Pickups/Potions/Liquid/T_WhiteLiquid_Emissive.uasset" 4217
"../../../../../UnrealProjects/Aura2/Content/Assets/Pickups/Potions/Liquid/T_WhiteLiquid_Normal.uasset" 4218
"../../../../../UnrealProjects/Aura2/Content/Assets/Pickups/Potions/Liquid/T_WhiteLiquid_OcclusionRoughnessMetallic.uasset" 4219
"../../../../../UnrealProjects/Aura2/Content/Assets/Pickups/Potions/Liquid/T_WhiteLiquid_Opacity.uasset" 4220
"../../../../../UnrealProjects/Aura2/Content/Assets/Pickups/Potions/Cork/T_Cork_BaseColor.uasset" 4221
"../../../../../UnrealProjects/Aura2/Content/Assets/Pickups/Potions/Cork/T_Cork_Normal.uasset" 4222
"../../../../../UnrealProjects/Aura2/Content/Assets/Pickups/Potions/Cork/T_Cork_OcclusionRoughnessMetallic.uasset" 4223
"../../../../../UnrealProjects/Aura2/Content/Assets/Pickups/Potions/Bottle/M_Bottle.uasset" 4224
"../../../../../UnrealProjects/Aura2/Content/Assets/Pickups/Potions/Bottle/Potion_low_Bottle_BaseColor.uasset" 4225
"../../../../../UnrealProjects/Aura2/Content/Assets/Pickups/Potions/Bottle/Potion_low_Bottle_Emissive.uasset" 4226
"../../../../../UnrealProjects/Aura2/Content/Assets/Pickups/Potions/Bottle/Potion_low_Bottle_Normal.uasset" 4227
"../../../../../UnrealProjects/Aura2/Content/Assets/Pickups/Potions/Bottle/Potion_low_Bottle_OcclusionRoughnessMetallic.uasset" 4228
"../../../../../UnrealProjects/Aura2/Content/Assets/Pickups/Potions/Bottle/Potion_low_Bottle_Opacity.uasset" 4229
"/Game/Blueprints/Actor/Crystal/BP_ManaCrystal" 4230
"/Game/Blueprints/Actor/Crystal/BP_HealthCrystal" 4231
"/InterchangeAssets/gltf/MaterialBodies/MF_Default_Body" 4232
"/Game/Blueprints/Actor/BP_DropItem" 4233
"D:/UnrealProjects/Aura2/Content/Blueprints/AbilitySystem/Aura/Effects/GE_PrimaryAttributes_SetbyCaller.uasset" 4234
"D:/UnrealProjects/Aura2/Content/Blueprints/AbilitySystem/Enemy/Abilities/GA_Boss_Firebolt.uasset" 4235
"D:/UnrealProjects/Aura2/Content/Blueprints/AbilitySystem/Data/DA_LootTiers.uasset" 4236
"D:/UnrealProjects/Aura2/Content/Blueprints/AbilitySystem/Aura/Effects/GE_VitalAttributes1_SetByCaller.uasset" 4237
"D:/UnrealProjects/Aura2/Content/Assets/Enemies/Shaman/Animations/AM_Shaman_FireBolt.uasset" 4238
"D:/UnrealProjects/Aura2/Content/Blueprints/Actor/Potion/BP_HealthPotion.uasset" 4239
"D:/UnrealProjects/Aura2/Content/Assets/Enemies/Shaman/Animations/Shaman_Attack.uasset" 4240
"D:/UnrealProjects/Aura2/Content/Blueprints/AbilitySystem/Data/CT_XP_Reward.uasset" 4241
"D:/UnrealProjects/Aura2/Content/Blueprints/AbilitySystem/Enemy/Effects/GE_Cooldown_Enemy_ArcaneShards.uasset" 4242
"D:/UnrealProjects/Aura2/Content/Assets/Enemies/Shaman/Animations/AM_Shaman_ArcaneShards.uasset" 4243
"D:/UnrealProjects/Aura2/Content/Blueprints/AbilitySystem/Enemy/Effects/GE_Boss_FireBlast_Cooldown.uasset" 4244
"D:/UnrealProjects/Aura2/Content/Assets/Enemies/Shaman/Animations/Shaman_FireNado.uasset" 4245
"D:/UnrealProjects/Aura2/Content/Assets/Enemies/Shaman/Animations/AM_Shaman_FireNado.uasset" 4246
"D:/UnrealProjects/Aura2/Content/Blueprints/AbilitySystem/Enemy/Abilities/GA_EnemyArcaneShards.uasset" 4247
"D:/UnrealProjects/Aura2/Content/Blueprints/AbilitySystem/Enemy/Effects/GE_Cooldown_EnemyFireNado.uasset" 4248
"D:/UnrealProjects/Aura2/Content/Blueprints/AbilitySystem/Enemy/Abilities/GA_Ghoul_MeleeAttack.uasset" 4249
"D:/UnrealProjects/Aura2/Content/Blueprints/AbilitySystem/Enemy/Abilities/GA_EnemyFireBlast.uasset" 4250
"D:/UnrealProjects/Aura2/Content/Blueprints/AbilitySystem/Enemy/Abilities/GA_EnemyFireNado.uasset" 4251
"D:/UnrealProjects/Aura2/Content/Blueprints/AbilitySystem/Enemy/Effects/GE_HitReact.uasset" 4252
"/Game/Assets/Enemies/Shaman/Animations/AM_Shaman_ArcaneShards" 4253
"D:/UnrealProjects/Aura2/Content/Blueprints/AbilitySystem/Enemy/Abilities/GA_HitReact.uasset" 4254
"D:/UnrealProjects/Aura2/Content/Assets/Enemies/Goblin/Animations/Spear/Attack_Spear.uasset" 4255
"D:/UnrealProjects/Aura2/Content/Assets/Enemies/Goblin/SK_Goblin.uasset" 4256
"D:/UnrealProjects/Aura2/Content/Assets/Enemies/Goblin/Animations/Spear/AM_Attack_Spear_Montage.uasset" 4257
"D:/UnrealProjects/Aura2/Content/Assets/Sounds/Enemies/Goblin/Swoosh/SFX_Sword_Swoosh_02.uasset" 4258
"D:/UnrealProjects/Aura2/Content/Blueprints/AbilitySystem/Enemy/Abilities/GA_MeleeAttack.uasset" 4259
"D:/UnrealProjects/Aura2/Content/Assets/Sounds/Enemies/Goblin/Swoosh/SFX_Sword_Swoosh_01.uasset" 4260
"D:/UnrealProjects/Aura2/Content/Assets/Sounds/Enemies/Goblin/Swoosh/SFX_Sword_Swoosh_04.uasset" 4261
"D:/UnrealProjects/Aura2/Content/Assets/Sounds/Enemies/Goblin/Swoosh/SFX_Sword_Swoosh_03.uasset" 4262
"D:/UnrealProjects/Aura2/Content/Assets/Sounds/Enemies/Goblin/Swoosh/SFX_Sword_Swoosh_06.uasset" 4263
"D:/UnrealProjects/Aura2/Content/Assets/Sounds/Enemies/Goblin/Swoosh/sfx_Swoosh.uasset" 4264
"D:/UnrealProjects/Aura2/Content/Assets/Sounds/Enemies/Goblin/Swoosh/SFX_Sword_Swoosh_05.uasset" 4265
"../../../../../UnrealProjects/Aura2/Content/Assets/Enemies/Shaman/Animations/Shaman_Summon.uasset" 4266
"../../../../../UnrealProjects/Aura2/Content/Blueprints/AnimNotify/AN_Montage_Event.uasset" 4267
"../../../../../UnrealProjects/Aura2/Content/Assets/Enemies/Shaman/SK_Shaman.uasset" 4268
"../../../Engine/Content/Animation/DefaultAnimBoneCompressionSettings.uasset" 4269
"../../../Engine/Content/Animation/DefaultAnimCurveCompressionSettings.uasset" 4270
"/Game/Blueprints/AbilitySystem/Enemy/Effects/GE_Cooldown_Enemy_ArcaneShards" 4271
"/Game/Blueprints/AbilitySystem/Enemy/Abilities/GA_Boss_Firebolt" 4272
"../../../../../UnrealProjects/Aura2/Content/Blueprints/AbilitySystem/Aura/Abilities/Fire/FireBolt/GA_FireBolt.uasset" 4273
"../../../../../UnrealProjects/Aura2/Content/Assets/Sounds/Abilities/FireBolt/sfx_FireBolt.uasset" 4274
"../../../../../UnrealProjects/Aura2/Content/Assets/Characters/Aura/Animations/Abilities/AM_Cast_FireBolt.uasset" 4275
"../../../../../UnrealProjects/Aura2/Content/Blueprints/AbilitySystem/Aura/Abilities/Fire/FireBolt/BP_FireBolt.uasset" 4276
"../../../../../UnrealProjects/Aura2/Content/Blueprints/AbilitySystem/Aura/Abilities/Fire/FireBolt/GE_Cooldown_FireBolt.uasset" 4277
"../../../../../UnrealProjects/Aura2/Content/Blueprints/AbilitySystem/Aura/Abilities/Fire/FireBolt/GE_Cost_FireBolt.uasset" 4278
"../../../../../UnrealProjects/Aura2/Content/Blueprints/AbilitySystem/Aura/Effects/GE_Damage.uasset" 4279
"../../../../../UnrealProjects/Aura2/Content/Blueprints/AbilitySystem/Data/CT_Damage.uasset" 4280
"../../../../../UnrealProjects/Aura2/Content/Blueprints/AbilitySystem/Data/CT_DamageCalcCoefficient.uasset" 4281
"../../../../../UnrealProjects/Aura2/Content/Assets/Sounds/Abilities/FireBolt/wav/Shoot/SFX_FireBall_Shoot_LowLevel_01.uasset" 4282
"../../../../../UnrealProjects/Aura2/Content/Assets/Sounds/Abilities/FireBolt/wav/Shoot/SFX_FireBall_Shoot_LowLevel_02.uasset" 4283
"../../../../../UnrealProjects/Aura2/Content/Assets/Sounds/Abilities/FireBolt/wav/Shoot/SFX_FireBall_Shoot_LowLevel_03.uasset" 4284
"../../../../../UnrealProjects/Aura2/Content/Assets/Sounds/Abilities/FireBolt/wav/Shoot/SFX_FireBall_Shoot_LowLevel_04.uasset" 4285
"../../../../../UnrealProjects/Aura2/Content/Assets/Characters/Aura/Animations/Abilities/Cast_FireBolt.uasset" 4286
"../../../../../UnrealProjects/Aura2/Content/Assets/VFX/NS_Trail_03.uasset" 4287
"../../../../../UnrealProjects/Aura2/Content/Assets/Characters/Aura/SK_Aura.uasset" 4288
"../../../../../UnrealProjects/Aura2/Content/Assets/Sounds/Abilities/FireBolt/sfx_FireBoltHiss.uasset" 4289
"../../../../../UnrealProjects/Aura2/Content/Assets/Effects/Projectiles/FireBolt/NS_Fire_3.uasset" 4290
"../../../../../UnrealProjects/Aura2/Content/Assets/Effects/Projectiles/FireExplosion/NS_FireExplosion1.uasset" 4291
"../../../../../UnrealProjects/Aura2/Content/Blueprints/AbilitySystem/Data/CT_SpellCooldown.uasset" 4292
"../../../../../UnrealProjects/Aura2/Content/Blueprints/AbilitySystem/Data/CT_SpellCost.uasset" 4293
"../../../../../UnrealProjects/Aura2/Content/Assets/Materials/Trails_MI/MI_Trail_Color_01.uasset" 4294
"../../Plugins/FX/Niagara/Content/DynamicInputs/Divide/Divide_Float.uasset" 4295
"../../Plugins/FX/Niagara/Content/DynamicInputs/Math/OneMinusFloat.uasset" 4296
"../../Plugins/FX/Niagara/Content/Modules/Emitter/SpawnPerFrame.uasset" 4297
"../../Plugins/FX/Niagara/Content/Modules/Emitter/SpawnPerUnit.uasset" 4298
"../../../../../UnrealProjects/Aura2/Content/Assets/Sounds/Abilities/FireBolt/wav/Hiss/SFX_Drone_Rocket_Booster.uasset" 4299
"../../../../../UnrealProjects/Aura2/Content/Assets/Effects/Projectiles/FireBolt/Materials/M_Fire.uasset" 4300
"../../Plugins/FX/Niagara/Content/Modules/Solvers/ApplyInitialForces.uasset" 4301
"../../../../../UnrealProjects/Aura2/Content/Assets/Effects/Projectiles/FireExplosion/M_ExplosionSphere1.uasset" 4302
"../../../../../UnrealProjects/Aura2/Content/Assets/Materials/M_Trail_Color.uasset" 4303
"../../../../../UnrealProjects/Aura2/Content/Assets/Textures/Mask/T_TrailMask_03.uasset" 4304
"../../../../../UnrealProjects/Aura2/Content/Assets/Textures/Mask/T_TrailMask_04.uasset" 4305
"../../../../../UnrealProjects/Aura2/Content/Assets/Textures/Mask/T_TrailMask_05.uasset" 4306
"../../../../../UnrealProjects/Aura2/Content/Assets/Effects/Projectiles/FireBolt/Materials/Textures/Noise_blur_1.uasset" 4307
"../../../Engine/Content/Functions/Engine_MaterialFunctions01/Gradient/LinearGradient.uasset" 4308
"../../../../../UnrealProjects/Aura2/Content/Assets/Textures/Mask/T_TrailMask_06.uasset" 4309
"../../../../../UnrealProjects/Aura2/Content/Assets/Textures/RTs/RT_Draw_N_01.uasset" 4310
"/Game/Blueprints/AbilitySystem/Data/CT_XP_Reward" 4311
"/Game/Blueprints/AbilitySystem/Aura/Effects/GE_VitalAttributes1_SetByCaller" 4312
"/Game/Blueprints/AbilitySystem/Aura/Effects/GE_PrimaryAttributes_SetbyCaller" 4313
"/Game/Blueprints/AbilitySystem/Data/DA_LootTiers" 4314
"/Game/Blueprints/AbilitySystem/Enemy/Effects/GE_Boss_FireBlast_Cooldown" 4315
"../../../Engine/Plugins/FX/Niagara/Content/DynamicInputs/TypeConversions/Vector2DFromFloat.uasset" 4316
"D:/UnrealProjects/Aura2/Content/Assets/Enemies/Goblin/Slingshot/SM_SlingshotRock.uasset" 4317
"D:/UnrealProjects/Aura2/Content/Assets/Enemies/Goblin/Slingshot/Materials/SlingshotRock/SlingshotRock_low_DefaultMaterial_BaseColor.uasset" 4318
"D:/UnrealProjects/Aura2/Content/Assets/Sounds/Enemies/Goblin/RockHit/SFX_RockHit_Body_01.uasset" 4319
"D:/UnrealProjects/Aura2/Content/Assets/Enemies/Goblin/Slingshot/Materials/SlingshotRock/M_SlingshotRock.uasset" 4320
"D:/UnrealProjects/Aura2/Content/Assets/Enemies/Goblin/Slingshot/Materials/SlingshotRock/SlingshotRock_low_DefaultMaterial_OcclusionRoughnessMetallic.uasset" 4321
"D:/UnrealProjects/Aura2/Content/Assets/Sounds/Enemies/Goblin/RockHit/SFX_RockHit_Body_02.uasset" 4322
"D:/UnrealProjects/Aura2/Content/Assets/Sounds/Enemies/Goblin/RockHit/SFX_RockHit_Body_03.uasset" 4323
"D:/UnrealProjects/Aura2/Content/Assets/Sounds/Enemies/Goblin/RockHit/sfx_RockHit.uasset" 4324
"D:/UnrealProjects/Aura2/Content/Assets/Effects/Combat/NS_SlingshotImpact.uasset" 4325
"D:/UnrealProjects/Aura2/Content/Assets/Enemies/Goblin/Slingshot/Materials/SlingshotRock/SlingshotRock_low_DefaultMaterial_Normal.uasset" 4326
"/Game/Blueprints/AbilitySystem/Enemy/Abilities/GA_EnemyArcaneShards" 4327
"../../../../../UnrealProjects/Aura2/Content/Blueprints/AbilitySystem/Aura/Abilities/Arcane/ArcaneShards/BP_PointCollection.uasset" 4328
"../../../Engine/Content/EditorMaterials/TargetIcon.uasset" 4329
"../../../Engine/Content/EditorMaterials/TargetIconSpawn.uasset" 4330
"../../../Engine/Content/EditorResources/S_TargetPoint.uasset" 4331
"../../../Engine/Content/EngineDebugMaterials/TargetIcon.uasset" 4332
"/Game/Blueprints/AbilitySystem/Enemy/Abilities/GA_MeleeAttack" 4333
"/Game/Blueprints/AbilitySystem/Enemy/Abilities/GA_HitReact" 4334
"/Game/Blueprints/AbilitySystem/Enemy/Abilities/GA_Ghoul_MeleeAttack" 4335
"/Game/Blueprints/AbilitySystem/Enemy/Abilities/GA_EnemyFireNado" 4336
"../../../../../UnrealProjects/Aura2/Content/Blueprints/AbilitySystem/Aura/Abilities/Fire/FireNado/BP_FireTornado.uasset" 4337
"../../../../../UnrealProjects/Aura2/Content/Assets/Sounds/Abilities/FireNado/sfx_FireNado_End.uasset" 4338
"../../../../../UnrealProjects/Aura2/Content/Assets/Effects/Firenado/Tornado.uasset" 4339
"../../../../../UnrealProjects/Aura2/Content/Assets/Sounds/Abilities/FireNado/sfx_FireNado.uasset" 4340
"../../../../../UnrealProjects/Aura2/Content/Assets/Effects/Firenado/NS_Tornado.uasset" 4341
"../../../../../UnrealProjects/Aura2/Content/Assets/Effects/Firenado/SM_Tornado.uasset" 4342
"../../../../../UnrealProjects/Aura2/Content/Assets/Sounds/Abilities/FireNado/SFX_Fire-Nado_03.uasset" 4343
"../../../Engine/Content/Functions/Engine_MaterialFunctions02/Fresnel_Function.uasset" 4344
"../../../Engine/Content/Functions/Engine_MaterialFunctions02/ExampleContent/Textures/OffsetNoiseDistanceFields_ForNormals.uasset" 4345
"../../../../../UnrealProjects/Aura2/Content/Assets/Effects/Firenado/M_radial_ramp.uasset" 4346
"../../../../../UnrealProjects/Aura2/Content/Assets/Effects/Firenado/M_smoke_subUV.uasset" 4347
"../../../../../UnrealProjects/Aura2/Content/Assets/Effects/Firenado/M_Swirl.uasset" 4348
"../../Plugins/FX/Niagara/Content/Modules/Update/Orientation/AlignSpriteToMeshOrientation.uasset" 4349
"../../Plugins/FX/Niagara/Content/Modules/Update/Orientation/V3/UpdateMeshOrientation.uasset" 4350
"../../Plugins/FX/Niagara/Content/Modules/Update/SubUV/V2/SubUVAnimation.uasset" 4351
"../../Plugins/FX/Niagara/Content/Enums/ENiagara_SubUVLookupModeV2.uasset" 4352
"../../Plugins/FX/Niagara/Content/Enums/ENiagara_WrapClamp.uasset" 4353
"../../Plugins/FX/Niagara/Content/Enums/ENiagaraMeshOrSprite.uasset" 4354
"../../Plugins/FX/Niagara/Content/Enums/SpriteRenderer/ENiagara_AutomaticManual.uasset" 4355
"../../Plugins/FX/Niagara/Content/Enums/SpriteRenderer/ENiagara_FPSPlayrate.uasset" 4356
"../../Plugins/FX/Niagara/Content/Enums/Utility/ENiagara_OrientVectorCount.uasset" 4357
"../../Plugins/FX/Niagara/Content/Enums/Utility/ENiagara_UpdateMeshOrientationMode.uasset" 4358
"../../../Engine/Content/Functions/Engine_MaterialFunctions01/Gradient/RadialGradient.uasset" 4359
"../../../../../UnrealProjects/Aura2/Content/Assets/Effects/Firenado/T_Smoke_SubUV.uasset" 4360
"../../../../../UnrealProjects/Aura2/Content/Assets/Effects/Firenado/T_Smoke_Tiled_D.uasset" 4361
"../../../Engine/Content/Functions/Engine_MaterialFunctions02/Utility/VectorToRadialValue.uasset" 4362
"../../../../../UnrealProjects/Aura2/Content/Assets/Effects/Firenado/LowResBlurredNoise.uasset" 4363
"../../Plugins/FX/Niagara/Content/Functions/DeriveThirdOrthogonalVector.uasset" 4364
"../../Plugins/FX/Niagara/Content/Functions/Helpers/FN_FirstFrame_Numeric.uasset" 4365
"../../Plugins/FX/Niagara/Content/Functions/MakeVectorsOrthogonal.uasset" 4366
"../../Plugins/FX/Niagara/Content/Functions/Math/InterpolateOverTime_V3_.uasset" 4367
"../../Plugins/FX/Niagara/Content/Functions/Math/V2/SmoothLerpOverTime.uasset" 4368
"../../Plugins/FX/Niagara/Content/Functions/Rotation/LerpQuaternion.uasset" 4369
"../../Plugins/FX/Niagara/Content/Functions/Rotation/MakeQuaternionFromXAndYVectors.uasset" 4370
"../../Plugins/FX/Niagara/Content/Functions/Rotation/MakeQuaternionFromXAndZVectors.uasset" 4371
"../../Plugins/FX/Niagara/Content/Functions/Rotation/RotateAngleOnAxis.uasset" 4372
"../../Plugins/FX/Niagara/Content/Functions/Rotation/TwoVectorsToQuaternion.uasset" 4373
"../../Plugins/FX/Niagara/Content/Functions/Helpers/SetBoolByTimer.uasset" 4374
"../../Plugins/FX/Niagara/Content/Functions/RandomRangeInteger.uasset" 4375
"../../Plugins/FX/Niagara/Content/Enums/ENiagara_SubUVLookupMode.uasset" 4376
"/Game/Blueprints/AbilitySystem/Enemy/Abilities/GA_EnemyFireBlast" 4377
"../../../../../UnrealProjects/Aura2/Content/Blueprints/AbilitySystem/Aura/Abilities/Fire/FireBlast/BP_FireBall.uasset" 4378
"../../../Engine/Content/EditorBlueprintResources/ActorMacros.uasset" 4379
"../../../../../UnrealProjects/Aura2/Content/Assets/Effects/Projectiles/FireBolt/NS_Fireball.uasset" 4380
"../../../../../UnrealProjects/Aura2/Content/Assets/Effects/Projectiles/FireBolt/Materials/M_Fireball.uasset" 4381
"D:/UnrealProjects/Aura2/Content/Assets/Effects/Combat/NS_GroundSummon.uasset" 4382
"D:/UnrealProjects/Aura2/Content/Assets/Enemies/Shaman/Animations/AM_Shaman_Summon.uasset" 4383
"D:/UnrealProjects/Aura2/Content/Blueprints/AbilitySystem/Enemy/Abilities/BP_SlingshotRock.uasset" 4384
"/Game/Assets/Effects/Combat/NS_SlingshotImpact" 4385
"D:/UnrealProjects/Aura2/Content/Assets/Enemies/Demon/Animations/Demon_Attack_R.uasset" 4386
"D:/UnrealProjects/Aura2/Content/Assets/Enemies/Demon/Animations/Demon_Attack_L.uasset" 4387
"D:/UnrealProjects/Aura2/Content/Assets/Enemies/Demon/Materials_Red/MI_Demon_Red_Dissolve.uasset" 4388
"D:/UnrealProjects/Aura2/Content/Assets/Enemies/Demon/Materials_Red/M_DemonRed_Dissolve.uasset" 4389
"D:/UnrealProjects/Aura2/Content/Blueprints/AbilitySystem/Enemy/Abilities/GA_RangedAttack.uasset" 4390
"D:/UnrealProjects/Aura2/Content/Assets/Sounds/Enemies/Ghoul/Swipe/sfx_Swipe.uasset" 4391
"D:/UnrealProjects/Aura2/Content/Assets/Enemies/Demon/Animations/AM_Attack_Demon_R.uasset" 4392
"D:/UnrealProjects/Aura2/Content/Assets/Enemies/Demon/Animations/AM_Attack_Demon_L.uasset" 4393
"D:/UnrealProjects/Aura2/Content/Assets/Sounds/Enemies/Ghoul/Attack/SFX_Enemies_Ghoul_Attack_ClawSwipe_01.uasset" 4394
"D:/UnrealProjects/Aura2/Content/Blueprints/Character/Demon/BP_Demon_Warrior.uasset" 4395
"../../../Engine/Content/Functions/Engine_MaterialFunctions02/ExampleContent/Textures/LowResBlurredNoise.uasset" 4396
"../../../Engine/Content/MaterialTemplates/Textures/T_Noise01.uasset" 4397
"../../../Engine/Content/Functions/Engine_MaterialFunctions01/ImageAdjustment/CheapContrast.uasset" 4398
"D:/UnrealProjects/Aura2/Content/Assets/Sounds/Enemies/Ghoul/Attack/SFX_Enemies_Ghoul_Attack_ClawSwipe_04.uasset" 4399
"D:/UnrealProjects/Aura2/Content/Assets/Sounds/Enemies/Ghoul/Attack/SFX_Enemies_Ghoul_Attack_ClawSwipe_02.uasset" 4400
"D:/UnrealProjects/Aura2/Content/Assets/Sounds/Enemies/Ghoul/Attack/sfx_GhoulAttack.uasset" 4401
"D:/UnrealProjects/Aura2/Content/Assets/Sounds/Enemies/Ghoul/Attack/SFX_Enemies_Ghoul_Attack_ClawSwipe_03.uasset" 4402
"D:/UnrealProjects/Aura2/Content/Assets/Enemies/Demon/Materials_Dark/M_DemonDark_Dissolve.uasset" 4403
"/Game/Assets/Sounds/Enemies/Goblin/RockHit/sfx_RockHit" 4404
"D:/UnrealProjects/Aura2/Content/Assets/Enemies/Demon/Animations/Demon_Throw.uasset" 4405
"D:/UnrealProjects/Aura2/Content/Assets/Sounds/Enemies/Ghoul/Swipe/SFX_Swipe_02.uasset" 4406
"/Engine/MaterialTemplates/Textures/T_Noise01" 4407
"D:/UnrealProjects/Aura2/Content/Assets/Enemies/Demon/Materials_Dark/Demon_low_M_Demon_BaseColor.uasset" 4408
"D:/UnrealProjects/Aura2/Content/Assets/Enemies/Demon/Materials_Dark/MI_DemonDark_Dissolve.uasset" 4409
"D:/UnrealProjects/Aura2/Content/Assets/Enemies/Demon/Materials_Dark/Demon_low_M_Demon_OcclusionRoughnessMetallic.uasset" 4410
"D:/UnrealProjects/Aura2/Content/Assets/Sounds/Enemies/Ghoul/Swipe/SFX_Swipe_01.uasset" 4411
"D:/UnrealProjects/Aura2/Content/Assets/Sounds/Enemies/Ghoul/Swipe/sfx_Swipe_Quiet.uasset" 4412
"D:/UnrealProjects/Aura2/Content/Assets/Enemies/Demon/Materials_Dark/M_DemonDark.uasset" 4413
"D:/UnrealProjects/Aura2/Content/Assets/Enemies/Demon/Materials_Dark/Demon_low_M_Demon_Normal.uasset" 4414
"D:/UnrealProjects/Aura2/Content/Assets/Sounds/Enemies/Ghoul/Swipe/SFX_Swipe_03.uasset" 4415
"D:/UnrealProjects/Aura2/Content/Assets/Enemies/Demon/Animations/AM_Demon_Throw.uasset" 4416
"/Engine/Functions/Engine_MaterialFunctions02/ExampleContent/Textures/LowResBlurredNoise" 4417
"/Game/Assets/Enemies/Demon/Animations/AM_Attack_Demon_L" 4418
"../../../../../UnrealProjects/Aura2/Content/Assets/Enemies/Demon/SK_Demon.uasset" 4419
"/Game/Assets/Enemies/Demon/Animations/AM_Attack_Demon_R" 4420
"/Game/Assets/Enemies/Demon/Materials_Red/MI_Demon_Red_Dissolve" 4421
"../../../../../UnrealProjects/Aura2/Content/Assets/Enemies/Demon/Materials_Red/DemonRed/Demon_low_M_Demon_BaseColor.uasset" 4422
"../../../../../UnrealProjects/Aura2/Content/Assets/Enemies/Demon/Materials_Red/DemonRed/Demon_low_M_Demon_Normal.uasset" 4423
"../../../../../UnrealProjects/Aura2/Content/Assets/Enemies/Demon/Materials_Red/DemonRed/Demon_low_M_Demon_OcclusionRoughnessMetallic.uasset" 4424
"/Game/Assets/Enemies/Shaman/Animations/AM_Shaman_Summon" 4425
"/Game/Assets/Effects/Combat/NS_GroundSummon" 4426
"/Game/Blueprints/AbilitySystem/Enemy/Abilities/GA_RangedAttack" 4427
"D:/UnrealProjects/Aura2/Content/Assets/Sounds/Enemies/Demon/Hurt/sfx_DemonHurt.uasset" 4428
"D:/UnrealProjects/Aura2/Content/Assets/Sounds/Enemies/Ghoul/Death/SFX_Demon_Death_01.uasset" 4429
"D:/UnrealProjects/Aura2/Content/Assets/Sounds/Enemies/Demon/Death/sfx_DemonDeath.uasset" 4430
"D:/UnrealProjects/Aura2/Content/Assets/Sounds/Enemies/Ghoul/Death/SFX_Demon_Death_02.uasset" 4431
"D:/UnrealProjects/Aura2/Content/Assets/Enemies/Demon/Animations/Demon_HitReact.uasset" 4432
"D:/UnrealProjects/Aura2/Content/Assets/Sounds/Enemies/Ghoul/Death/SFX_Demon_Death_03.uasset" 4433
"/Game/Assets/Enemies/Demon/Materials_Dark/M_DemonDark_Dissolve" 4434
"D:/UnrealProjects/Aura2/Content/Assets/Enemies/Demon/Animations/Demon_Red_Idle.uasset" 4435
"D:/UnrealProjects/Aura2/Content/Assets/Enemies/Demon/Animations/Demon_Stun.uasset" 4436
"D:/UnrealProjects/Aura2/Content/Assets/Enemies/Demon/Animations/DemonShockLoop.uasset" 4437
"D:/UnrealProjects/Aura2/Content/Assets/Enemies/Demon/Animations/Demon_Red_Run.uasset" 4438
"D:/UnrealProjects/Aura2/Content/Assets/Sounds/FootSteps/sfx_Footsteps1_Quiet.uasset" 4439
"D:/UnrealProjects/Aura2/Content/Blueprints/Character/ABP_Enemy.uasset" 4440
"D:/UnrealProjects/Aura2/Content/Assets/Enemies/Demon/Animations/BS_Demon_IdleRun.uasset" 4441
"D:/UnrealProjects/Aura2/Content/Assets/Enemies/Demon/Animations/AM_HitReact_Demon.uasset" 4442
"D:/UnrealProjects/Aura2/Content/Blueprints/Character/Demon/ABP_Demon.uasset" 4443
"D:/UnrealProjects/Aura2/Content/Assets/Enemies/Demon/Materials_Red/M_Demon_Red.uasset" 4444
"D:/UnrealProjects/Aura2/Content/Assets/Enemies/Demon/SKM_Demon.uasset" 4445
"D:/UnrealProjects/Aura2/Content/Assets/Enemies/Demon/PA_Demon.uasset" 4446
"/Game/Assets/Enemies/Demon/Animations/AM_Demon_Throw" 4447
"/Game/Assets/Sounds/Enemies/Ghoul/Swipe/sfx_Swipe" 4448
"/Game/Assets/Enemies/Demon/Materials_Dark/M_DemonDark" 4449
"/Game/Assets/Enemies/Demon/Materials_Dark/MI_DemonDark_Dissolve" 4450
"D:/UnrealProjects/Aura2/Content/Blueprints/AI/Services/BTS_FindNearestPlayer.uasset" 4451
"D:/UnrealProjects/Aura2/Content/Blueprints/AbilitySystem/Enemy/Effects/GE_SecondaryAttributes_Enemy.uasset" 4452
"D:/UnrealProjects/Aura2/Content/Blueprints/AI/EQS/EQS_PlayerContext.uasset" 4453
"D:/UnrealProjects/Aura2/Content/Blueprints/AI/BehaviorTree/BB_EnemyBlackboard.uasset" 4454
"D:/UnrealProjects/Aura2/Content/Blueprints/AI/Tasks/BTT_Attack.uasset" 4455
"/Game/Blueprints/Character/Demon/BP_Demon_Warrior" 4456
"D:/UnrealProjects/Aura2/Content/Blueprints/UI/SpellMenu/BP_NameLevel.uasset" 4457
"D:/UnrealProjects/Aura2/Content/Blueprints/AI/BehaviorTree/BT_EnemyBehaviortree.uasset" 4458
"D:/UnrealProjects/Aura2/Content/Blueprints/AI/Tasks/BTT_GoAroundTarget.uasset" 4459
"D:/UnrealProjects/Aura2/Content/Blueprints/AI/EQS/EQ_FindRangedAttackPosition.uasset" 4460
"D:/UnrealProjects/Aura2/Content/Blueprints/AI/AIController/BP_AuraAIController.uasset" 4461
"../../../Engine/Content/EngineResources/AICON-Red.uasset" 4462
"D:/UnrealProjects/Aura2/Content/Blueprints/UI/ProgressBar/WBP_ProgressBar.uasset" 4463
"D:/UnrealProjects/Aura2/Content/Blueprints/UI/ProgressBar/WBP_EnemyHealthBar.uasset" 4464
"../../../../../UnrealProjects/Aura2/Content/Blueprints/Character/BP_EnemyBase.uasset" 4465
"../../../../../UnrealProjects/Aura2/Content/Blueprints/AbilitySystem/Enemy/Effects/GE_PrimaryAttributes_Warrior.uasset" 4466
"../../../../../UnrealProjects/Aura2/Content/Blueprints/AI/BehaviorTree/BT_EnemyBehaviortree.uasset" 4467
"../../../../../UnrealProjects/Aura2/Content/Blueprints/AbilitySystem/Aura/Effects/GE_AuraPrimaryAttributes.uasset" 4468
"../../../../../UnrealProjects/Aura2/Content/Blueprints/AbilitySystem/Aura/Effects/GE_VitalAttributes.uasset" 4469
"../../../../../UnrealProjects/Aura2/Content/Blueprints/AbilitySystem/Enemy/Effects/GE_SecondaryAttributes_Enemy.uasset" 4470
"../../../../../UnrealProjects/Aura2/Content/Blueprints/AbilitySystem/SharedGameplayEffects/GE_InfiniteMana.uasset" 4471
"../../../../../UnrealProjects/Aura2/Content/Blueprints/AbilitySystem/SharedGameplayEffects/GE_Invincible.uasset" 4472
"../../../../../UnrealProjects/Aura2/Content/Blueprints/AI/AIController/BP_AuraAIController.uasset" 4473
"../../../../../UnrealProjects/Aura2/Content/Assets/Effects/Combat/NS_BloodImpact.uasset" 4474
"../../../../../UnrealProjects/Aura2/Content/Assets/Effects/Stun/NS_Stars.uasset" 4475
"../../../../../UnrealProjects/Aura2/Content/Blueprints/UI/ProgressBar/WBP_EnemyHealthBar.uasset" 4476
"../../../../../UnrealProjects/Aura2/Content/Blueprints/AbilitySystem/Enemy/Effects/CurveTables/CT_PrimaryAttributes_Warrior.uasset" 4477
"../../../../../UnrealProjects/Aura2/Content/Blueprints/AI/BehaviorTree/BB_EnemyBlackboard.uasset" 4478
"../../../../../UnrealProjects/Aura2/Content/Blueprints/AI/Services/BTS_FindNearestPlayer.uasset" 4479
"../../../../../UnrealProjects/Aura2/Content/Blueprints/AI/Tasks/BTT_Attack.uasset" 4480
"../../../../../UnrealProjects/Aura2/Content/Blueprints/AI/Tasks/BTT_GoAroundTarget.uasset" 4481
"../../../../../UnrealProjects/Aura2/Content/Blueprints/AI/EQS/EQ_FindRangedAttackPosition.uasset" 4482
"../../../../../UnrealProjects/Aura2/Content/Assets/Effects/Stun/M_Star.uasset" 4483
"../../../../../UnrealProjects/Aura2/Content/Blueprints/UI/ProgressBar/WBP_ProgressBar.uasset" 4484
"../../../../../UnrealProjects/Aura2/Content/Blueprints/AI/EQS/EQS_PlayerContext.uasset" 4485
"../../../../../UnrealProjects/Aura2/Content/Assets/Effects/Stun/star.uasset" 4486
"../../../../../UnrealProjects/Aura2/Content/Blueprints/UI/SpellMenu/BP_NameLevel.uasset" 4487
"../../../../../UnrealProjects/Aura2/Content/Assets/Sounds/FootSteps/wav/SFX_Footsteps_Stone_01.uasset" 4488
"../../../../../UnrealProjects/Aura2/Content/Assets/Sounds/FootSteps/wav/SFX_Footsteps_Stone_02.uasset" 4489
"../../../../../UnrealProjects/Aura2/Content/Assets/Sounds/FootSteps/wav/SFX_Footsteps_Stone_03.uasset" 4490
"../../../../../UnrealProjects/Aura2/Content/Assets/Sounds/FootSteps/wav/SFX_Footsteps_Stone_04.uasset" 4491
"../../../../../UnrealProjects/Aura2/Content/Assets/Sounds/FootSteps/wav/SFX_Footsteps_Stone_05.uasset" 4492
"../../../../../UnrealProjects/Aura2/Content/Assets/Sounds/FootSteps/wav/SFX_Footsteps_Stone_06.uasset" 4493
"../../../../../UnrealProjects/Aura2/Content/Assets/Sounds/FootSteps/wav/SFX_Footsteps_Stone_07.uasset" 4494
"../../../../../UnrealProjects/Aura2/Content/Assets/Sounds/FootSteps/wav/SFX_Footsteps_Stone_08.uasset" 4495
"../../../../../UnrealProjects/Aura2/Content/Assets/Sounds/FootSteps/wav/SFX_Footsteps_Stone_09.uasset" 4496
"../../../../../UnrealProjects/Aura2/Content/Assets/Sounds/FootSteps/wav/SFX_Footsteps_Stone_10.uasset" 4497
"../../../../../UnrealProjects/Aura2/Content/Blueprints/Character/Aura/BP_AuraCharacter.uasset" 4498
"../../../../../UnrealProjects/Aura2/Content/Blueprints/Character/Aura/ABP_Aura.uasset" 4499
"../../../../../UnrealProjects/Aura2/Content/Blueprints/AbilitySystem/Aura/Abilities/Passive_Startup/GA_ListenForEvent.uasset" 4500
"../../../../../UnrealProjects/Aura2/Content/Blueprints/AbilitySystem/Aura/Effects/GE_DebugInvincible.uasset" 4501
"../../../../../UnrealProjects/Aura2/Content/Blueprints/AbilitySystem/Aura/Effects/GE_HealthManaRegeneration.uasset" 4502
"../../../../../UnrealProjects/Aura2/Content/Blueprints/AbilitySystem/Aura/Effects/GE_SecondaryAttributes.uasset" 4503
"../../../../../UnrealProjects/Aura2/Content/Assets/Effects/Stun/NS_Halo.uasset" 4504
"../../../../../UnrealProjects/Aura2/Content/Assets/Effects/Stun/NS_LifeSiphon.uasset" 4505
"../../../../../UnrealProjects/Aura2/Content/Assets/Effects/Stun/NS_ManaSiphon.uasset" 4506
"../../../../../UnrealProjects/Aura2/Content/Assets/Characters/Aura/SKM_Aura.uasset" 4507
"../../../../../UnrealProjects/Aura2/Content/Assets/Characters/Aura/Staff/SKM_Staff.uasset" 4508
"../../../../../UnrealProjects/Aura2/Content/Blueprints/UI/MiniMap/RT2D_Map.uasset" 4509
"../../../../../UnrealProjects/Aura2/Content/Assets/Enemies/Demon/SKM_Demon.uasset" 4510
"../../../../../UnrealProjects/Aura2/Content/Assets/Characters/Aura/Animations/Abilities/Cast_Shock_Loop.uasset" 4511
"../../../../../UnrealProjects/Aura2/Content/Assets/Characters/Aura/Animations/Abilities/Stun.uasset" 4512
"../../../../../UnrealProjects/Aura2/Content/Assets/Characters/Aura/Animations/Idle.uasset" 4513
"../../../../../UnrealProjects/Aura2/Content/Assets/Characters/Aura/Animations/InAir.uasset" 4514
"../../../../../UnrealProjects/Aura2/Content/Assets/Characters/Aura/Animations/IdleWalkRun.uasset" 4515
"../../../../../UnrealProjects/Aura2/Content/Blueprints/AbilitySystem/Aura/Abilities/Passive_Startup/GE_EventBasedEffect.uasset" 4516
"../../Plugins/FX/Niagara/Content/Modules/AttributeReader/SampleParticlesFromOtherEmitter.uasset" 4517
"../../Plugins/FX/Niagara/Content/Modules/AttributeReader/SpawnParticlesFromOtherEmitter.uasset" 4518
"../../Plugins/FX/Niagara/Content/Modules/Update/Forces/V2/PointAttractionForce.uasset" 4519
"../../Plugins/FX/Niagara/Content/Enums/ENiagara_DirectReadApplicationMode.uasset" 4520
"../../Plugins/FX/Niagara/Content/Enums/ENiagara_DirectReadParticleIDSampling.uasset" 4521
"../../Plugins/FX/Niagara/Content/Enums/ENiagara_DirectReadSamplingMode.uasset" 4522
"../../Plugins/FX/Niagara/Content/Enums/ENiagara_EmitterLocSamplingMode.uasset" 4523
"../../Plugins/FX/Niagara/Content/Enums/ENiagara_LifetimeInheritanceOptions.uasset" 4524
"../../../../../UnrealProjects/Aura2/Content/Assets/Characters/Aura/Materials/M_ArmGuard.uasset" 4525
"../../../../../UnrealProjects/Aura2/Content/Assets/Characters/Aura/Materials/M_Belt.uasset" 4526
"../../../../../UnrealProjects/Aura2/Content/Assets/Characters/Aura/Materials/M_Body.uasset" 4527
"../../../../../UnrealProjects/Aura2/Content/Assets/Characters/Aura/Materials/M_Eyes.uasset" 4528
"../../../../../UnrealProjects/Aura2/Content/Assets/Characters/Aura/Materials/M_Hair.uasset" 4529
"../../../../../UnrealProjects/Aura2/Content/Assets/Characters/Aura/Materials/M_Tunic.uasset" 4530
"../../../../../UnrealProjects/Aura2/Content/Assets/Characters/Aura/PA_Aura.uasset" 4531
"../../../../../UnrealProjects/Aura2/Content/Assets/Characters/Aura/Staff/Materials/M_Floaty.uasset" 4532
"../../../../../UnrealProjects/Aura2/Content/Assets/Characters/Aura/Staff/Materials/M_Staff.uasset" 4533
"../../../../../UnrealProjects/Aura2/Content/Assets/Characters/Aura/Staff/PA_Staff.uasset" 4534
"../../../../../UnrealProjects/Aura2/Content/Assets/Characters/Aura/Staff/SK_Staff.uasset" 4535
"../../../../../UnrealProjects/Aura2/Content/Assets/Characters/Aura/Animations/Run.uasset" 4536
"../../../../../UnrealProjects/Aura2/Content/Assets/Characters/Aura/Animations/Walk.uasset" 4537
"../../Plugins/FX/Niagara/Content/Functions/Localspace/TransformQuaternion.uasset" 4538
"../../../../../UnrealProjects/Aura2/Content/Assets/Characters/Aura/Materials/Character_low_ArmGuard_BaseColor.uasset" 4539
"../../../../../UnrealProjects/Aura2/Content/Assets/Characters/Aura/Materials/Character_low_ArmGuard_Normal.uasset" 4540
"../../../../../UnrealProjects/Aura2/Content/Assets/Characters/Aura/Materials/Character_low_ArmGuard_OcclusionRoughnessMetallic.uasset" 4541
"../../../../../UnrealProjects/Aura2/Content/Assets/Characters/Aura/Materials/Character_low_Belt_BaseColor.uasset" 4542
"../../../../../UnrealProjects/Aura2/Content/Assets/Characters/Aura/Materials/Character_low_Belt_Normal.uasset" 4543
"../../../../../UnrealProjects/Aura2/Content/Assets/Characters/Aura/Materials/Character_low_Belt_OcclusionRoughnessMetallic.uasset" 4544
"../../../../../UnrealProjects/Aura2/Content/Assets/Characters/Aura/Materials/Character_low_Body_BaseColor.uasset" 4545
"../../../../../UnrealProjects/Aura2/Content/Assets/Characters/Aura/Materials/Character_low_Body_Normal.uasset" 4546
"../../../../../UnrealProjects/Aura2/Content/Assets/Characters/Aura/Materials/Character_low_Body_OcclusionRoughnessMetallic.uasset" 4547
"../../../../../UnrealProjects/Aura2/Content/Assets/Characters/Aura/Materials/Character_low_Eyes_BaseColor.uasset" 4548
"../../../../../UnrealProjects/Aura2/Content/Assets/Characters/Aura/Materials/Character_low_Eyes_Normal.uasset" 4549
"../../../../../UnrealProjects/Aura2/Content/Assets/Characters/Aura/Materials/Character_low_Eyes_OcclusionRoughnessMetallic.uasset" 4550
"../../../../../UnrealProjects/Aura2/Content/Assets/Characters/Aura/Materials/Character_low_Hair_BaseColor.uasset" 4551
"../../../../../UnrealProjects/Aura2/Content/Assets/Characters/Aura/Materials/Character_low_Hair_Normal.uasset" 4552
"../../../../../UnrealProjects/Aura2/Content/Assets/Characters/Aura/Materials/Character_low_Hair_OcclusionRoughnessMetallic.uasset" 4553
"../../../../../UnrealProjects/Aura2/Content/Assets/Characters/Aura/Materials/Character_low_Tunic_BaseColor.uasset" 4554
"../../../../../UnrealProjects/Aura2/Content/Assets/Characters/Aura/Materials/Character_low_Tunic_Normal.uasset" 4555
"../../../../../UnrealProjects/Aura2/Content/Assets/Characters/Aura/Materials/Character_low_Tunic_OcclusionRoughnessMetallic.uasset" 4556
"../../../../../UnrealProjects/Aura2/Content/Assets/Characters/Aura/Staff/Materials/Staff_low_Floaty_BaseColor.uasset" 4557
"../../../../../UnrealProjects/Aura2/Content/Assets/Characters/Aura/Staff/Materials/Staff_low_Floaty_Emissive.uasset" 4558
"../../../../../UnrealProjects/Aura2/Content/Assets/Characters/Aura/Staff/Materials/Staff_low_Floaty_Normal.uasset" 4559
"../../../../../UnrealProjects/Aura2/Content/Assets/Characters/Aura/Staff/Materials/Staff_low_Floaty_OcclusionRoughnessMetallic.uasset" 4560
"../../../../../UnrealProjects/Aura2/Content/Assets/Characters/Aura/Staff/Materials/Staff_low_Top_BaseColor.uasset" 4561
"../../../../../UnrealProjects/Aura2/Content/Assets/Characters/Aura/Staff/Materials/Staff_low_Top_Emissive.uasset" 4562
"../../../../../UnrealProjects/Aura2/Content/Assets/Characters/Aura/Staff/Materials/Staff_low_Top_Normal.uasset" 4563
"../../../../../UnrealProjects/Aura2/Content/Assets/Characters/Aura/Staff/Materials/Staff_low_Top_OcclusionRoughnessMetallic.uasset" 4564
"../../../../../UnrealProjects/Aura2/Content/Assets/Sounds/FootSteps/sfx_Footsteps.uasset" 4565
"D:/UnrealProjects/Aura2/Content/Blueprints/AbilitySystem/Enemy/Abilities/GA_SummonAbility.uasset" 4566
"D:/UnrealProjects/Aura2/Content/Blueprints/AbilitySystem/Enemy/Effects/CurveTables/CT_PrimaryAttributes_Elementalist.uasset" 4567
"D:/UnrealProjects/Aura2/Content/Blueprints/Character/Demon/BP_Demon_Ranger.uasset" 4568
"D:/UnrealProjects/Aura2/Content/Blueprints/AbilitySystem/Enemy/Effects/CurveTables/CT_PrimaryAttributes_Ranger.uasset" 4569
"D:/UnrealProjects/Aura2/Content/Blueprints/AbilitySystem/Data/DA_CharacterClassInfo.uasset" 4570
"D:/UnrealProjects/Aura2/Content/Blueprints/AbilitySystem/Enemy/Effects/GE_PrimaryAttributes_Shroom.uasset" 4571
"D:/UnrealProjects/Aura2/Content/Blueprints/AbilitySystem/Enemy/Effects/GE_PrimaryAttributes_Elemetalist.uasset" 4572
"D:/UnrealProjects/Aura2/Content/Blueprints/AbilitySystem/Enemy/Effects/GE_PrimaryAttributes_Ghoul.uasset" 4573
"D:/UnrealProjects/Aura2/Content/Blueprints/AbilitySystem/Enemy/Effects/GE_PrimaryAttributes_Ranger.uasset" 4574
"D:/UnrealProjects/Aura2/Content/Blueprints/Game/BP_LoadScreenSaveGame.uasset" 4575
"D:/UnrealProjects/Aura2/Content/Assets/Effects/LevelUp/Materials/M_PanningNoise1.uasset" 4576
"D:/UnrealProjects/Aura2/Content/Assets/Effects/NS_CardGlow.uasset" 4577
"D:/UnrealProjects/Aura2/Content/Assets/Effects/Shared/M_DefaultSprite_UI_Trans.uasset" 4578
"D:/UnrealProjects/Aura2/Content/Blueprints/UI/CardSelection/WBP_CardSelection_Base.uasset" 4579
"D:/UnrealProjects/Aura2/Content/Assets/Effects/Shared/M_DefaultSprite_UI.uasset" 4580
"D:/UnrealProjects/Aura2/Content/Assets/Effects/Shared/MI_DefaultSprite_UI.uasset" 4581
"D:/UnrealProjects/Aura2/Content/Blueprints/UI/CardSelection/WBP_CardSelection.uasset" 4582
"D:/UnrealProjects/Aura2/Content/Blueprints/UI/CardSelection/WBP_UpgradeCard.uasset" 4583
"D:/UnrealProjects/Aura2/Content/Assets/UI/SaveIcon/SaveICON_Border.uasset" 4584
"D:/UnrealProjects/Aura2/Content/Blueprints/UI/Overlay/Subwidget/WBP_SaveProgress.uasset" 4585
"D:/UnrealProjects/Aura2/Content/Assets/UI/Globes/MI_GhostManaGlobe.uasset" 4586
"D:/UnrealProjects/Aura2/Content/Blueprints/UI/SpellGlobes/WBP_SpellGlobe.uasset" 4587
"D:/UnrealProjects/Aura2/Content/Blueprints/UI/Overlay/Subwidget/WBP_HealthManaSpells.uasset" 4588
"D:/UnrealProjects/Aura2/Content/Blueprints/UI/ProgressBar/WBP_HealthGlobe.uasset" 4589
"D:/UnrealProjects/Aura2/Content/Assets/Sounds/LevelUp/sfx_LevelUpSound.uasset" 4590
"D:/UnrealProjects/Aura2/Content/Blueprints/UI/ProgressBar/WBP_GlobeProgressBar.uasset" 4591
"D:/UnrealProjects/Aura2/Content/Assets/Sounds/LevelUp/SFX_LevelUp.uasset" 4592
"/Game/Assets/UI/SaveIcon/SaveICON_Border" 4593
"D:/UnrealProjects/Aura2/Content/Blueprints/UI/ProgressBar/WBP_ManaGlobe.uasset" 4594
"D:/UnrealProjects/Aura2/Content/Blueprints/UI/InventoryMenu/WBP_EquipSlot.uasset" 4595
"D:/UnrealProjects/Aura2/Content/Blueprints/UI/Overlay/Subwidget/WBP_LevelUpMessage.uasset" 4596
"D:/UnrealProjects/Aura2/Content/Assets/UI/Inventory/Armor.uasset" 4597
"D:/UnrealProjects/Aura2/Content/Assets/UI/Inventory/Boots.uasset" 4598
"/Game/Blueprints/UI/CardSelection/WBP_CardSelection" 4599
"../../../../../UnrealProjects/Aura2/Content/Blueprints/UI/ViewModel/BP_CardSelectionViewModel.uasset" 4600
"../../../../../UnrealProjects/Aura2/Content/Blueprints/UI/ViewModel/BP_UpgradeCardViewModel.uasset" 4601
"../../../../../UnrealProjects/Aura2/Content/Blueprints/UI/HUD/BP_AuraHUD.uasset" 4602
"../../../../../UnrealProjects/Aura2/Content/Blueprints/UI/Data/DT_RichTextStyle.uasset" 4603
"../../../../../UnrealProjects/Aura2/Content/Assets/UI/Spells/FireBlast.uasset" 4604
"../../../../../UnrealProjects/Aura2/Content/Blueprints/UI/ViewModel/BP_DebugMenuViewModel.uasset" 4605
"../../../../../UnrealProjects/Aura2/Content/Blueprints/UI/ViewModel/BP_InventoryViewModel.uasset" 4606
"../../../../../UnrealProjects/Aura2/Content/Blueprints/UI/WidgetController/BP_AttributeMenuWidgetController.uasset" 4607
"../../../../../UnrealProjects/Aura2/Content/Blueprints/UI/WidgetController/BP_GameOverWidgetController.uasset" 4608
"../../../../../UnrealProjects/Aura2/Content/Blueprints/UI/WidgetController/BP_ItemToolTipWidgetController.uasset" 4609
"../../../../../UnrealProjects/Aura2/Content/Blueprints/UI/WidgetController/BP_OverlayWidgetController.uasset" 4610
"../../../../../UnrealProjects/Aura2/Content/Blueprints/UI/WidgetController/BP_SaveProgressWidgetController.uasset" 4611
"../../../../../UnrealProjects/Aura2/Content/Blueprints/UI/WidgetController/BP_SpellMenuWidgetController.uasset" 4612
"../../../../../UnrealProjects/Aura2/Content/Blueprints/UI/WidgetController/BP_SpellUpgradesWidgetController.uasset" 4613
"../../../../../UnrealProjects/Aura2/Content/Blueprints/UI/Overlay/WBP_Overlay.uasset" 4614
"../../../../../UnrealProjects/Aura2/Content/Blueprints/UI/Font/MaruBuri-Light_Font.uasset" 4615
"../../../../../UnrealProjects/Aura2/Content/Blueprints/UI/InventoryMenu/WBP_ItemToolTip.uasset" 4616
"../../../../../UnrealProjects/Aura2/Content/Blueprints/AbilitySystem/Data/DA_AttributeInfo.uasset" 4617
"../../../../../UnrealProjects/Aura2/Content/Blueprints/UI/GameOver/WBP_GameOver.uasset" 4618
"../../../../../UnrealProjects/Aura2/Content/Blueprints/AbilitySystem/Data/DA_AbilityInfo.uasset" 4619
"../../../../../UnrealProjects/Aura2/Content/Blueprints/UI/InventoryMenu/WBP_ToolTipStatRow.uasset" 4620
"../../../../../UnrealProjects/Aura2/Content/Blueprints/UI/Data/DT_MessageWidgetData.uasset" 4621
"../../../../../UnrealProjects/Aura2/Content/Blueprints/AbilitySystem/Data/DA_AbilityUpgradeInfo.uasset" 4622
"../../../../../UnrealProjects/Aura2/Content/Blueprints/AbilitySystem/Aura/Effects/GE_BlockInput_Infinite.uasset" 4623
"../../../../../UnrealProjects/Aura2/Content/Blueprints/UI/AttributeMenu/WBP_AttributeMenu.uasset" 4624
"../../../../../UnrealProjects/Aura2/Content/Blueprints/UI/DebugMenu/WBP_DebugMenu.uasset" 4625
"../../../../../UnrealProjects/Aura2/Content/Blueprints/UI/ESCMenu/WBP_ESCMenu.uasset" 4626
"../../../../../UnrealProjects/Aura2/Content/Blueprints/UI/InventoryMenu/WBP_InventoryMenu.uasset" 4627
"../../../../../UnrealProjects/Aura2/Content/Blueprints/UI/MiniMap/WBP_MiniMap.uasset" 4628
"../../../../../UnrealProjects/Aura2/Content/Blueprints/UI/Overlay/Subwidget/WBP_EffectMessage.uasset" 4629
"../../../../../UnrealProjects/Aura2/Content/Blueprints/UI/Overlay/Subwidget/WBP_HealthManaSpells.uasset" 4630
"../../../../../UnrealProjects/Aura2/Content/Blueprints/UI/Overlay/Subwidget/WBP_LevelUpMessage.uasset" 4631
"../../../../../UnrealProjects/Aura2/Content/Blueprints/UI/Overlay/Subwidget/WBP_Message.uasset" 4632
"../../../../../UnrealProjects/Aura2/Content/Blueprints/UI/Overlay/Subwidget/WBP_MessageBox.uasset" 4633
"../../../../../UnrealProjects/Aura2/Content/Blueprints/UI/Overlay/Subwidget/WBP_PictureFrame.uasset" 4634
"../../../../../UnrealProjects/Aura2/Content/Blueprints/UI/ProgressBar/WBP_XPBar.uasset" 4635
"../../../../../UnrealProjects/Aura2/Content/Blueprints/UI/SpellGlobes/WBP_ValueGlobe.uasset" 4636
"../../../../../UnrealProjects/Aura2/Content/Blueprints/UI/SpellMenu/WBP_SpellMenu.uasset" 4637
"../../../../../UnrealProjects/Aura2/Content/Blueprints/UI/WBP_FadeIn.uasset" 4638
"../../../../../UnrealProjects/Aura2/Content/Blueprints/UI/Font/MaruBuri-Light.uasset" 4639
"../../../../../UnrealProjects/Aura2/Content/Blueprints/AbilitySystem/Aura/Abilities/Arcane/ArcaneArea/GA_ArcaneArea.uasset" 4640
"../../../../../UnrealProjects/Aura2/Content/Blueprints/AbilitySystem/Aura/Abilities/Arcane/ArcaneOrbit/GA_ArcaneOrbit.uasset" 4641
"../../../../../UnrealProjects/Aura2/Content/Blueprints/AbilitySystem/Aura/Abilities/Arcane/ArcaneShards/GA_ArcaneShards.uasset" 4642
"../../../../../UnrealProjects/Aura2/Content/Blueprints/AbilitySystem/Aura/Abilities/Fire/FireBlast/GA_FireBlast.uasset" 4643
"../../../../../UnrealProjects/Aura2/Content/Blueprints/AbilitySystem/Aura/Abilities/Fire/FireNado/GA_FireNado.uasset" 4644
"../../../../../UnrealProjects/Aura2/Content/Blueprints/AbilitySystem/Aura/Abilities/Lightning/Electrocute/GA_Electrocute.uasset" 4645
"../../../../../UnrealProjects/Aura2/Content/Blueprints/AbilitySystem/Aura/Abilities/Lightning/ElectroSphere/GA_SpawnElectroSphere.uasset" 4646
"../../../../../UnrealProjects/Aura2/Content/Blueprints/AbilitySystem/Aura/Abilities/Lightning/Teleport/GA_Teleport.uasset" 4647
"../../../../../UnrealProjects/Aura2/Content/Blueprints/AbilitySystem/Aura/Abilities/PassiveSpells/GA_HaloOfProtection.uasset" 4648
"../../../../../UnrealProjects/Aura2/Content/Blueprints/AbilitySystem/Aura/Abilities/PassiveSpells/GA_LifeSiphon.uasset" 4649
"../../../../../UnrealProjects/Aura2/Content/Blueprints/AbilitySystem/Aura/Abilities/PassiveSpells/GA_ManaSiphon.uasset" 4650
"../../../../../UnrealProjects/Aura2/Content/Assets/UI/Globes/MI_ArcaneSkillBG.uasset" 4651
"../../../../../UnrealProjects/Aura2/Content/Assets/UI/Globes/MI_FireSkillBG.uasset" 4652
"../../../../../UnrealProjects/Aura2/Content/Assets/UI/Globes/MI_HaloSkillBG.uasset" 4653
"../../../../../UnrealProjects/Aura2/Content/Assets/UI/Globes/MI_LifeSiphonSkillBG1.uasset" 4654
"../../../../../UnrealProjects/Aura2/Content/Assets/UI/Globes/MI_ManaSiphonSkillBG.uasset" 4655
"../../../../../UnrealProjects/Aura2/Content/Assets/UI/Globes/MI_ShockSkillBG.uasset" 4656
"../../../../../UnrealProjects/Aura2/Content/Assets/UI/Spells/ArcaneBlast.uasset" 4657
"../../../../../UnrealProjects/Aura2/Content/Assets/UI/Spells/ArcaneShards2.uasset" 4658
"../../../../../UnrealProjects/Aura2/Content/Assets/UI/Spells/area.uasset" 4659
"../../../../../UnrealProjects/Aura2/Content/Assets/UI/Spells/BallLightning.uasset" 4660
"../../../../../UnrealProjects/Aura2/Content/Assets/UI/Spells/FireBolt.uasset" 4661
"../../../../../UnrealProjects/Aura2/Content/Assets/UI/Spells/FireNado.uasset" 4662
"../../../../../UnrealProjects/Aura2/Content/Assets/UI/Spells/Halo.uasset" 4663
"../../../../../UnrealProjects/Aura2/Content/Assets/UI/Spells/LifeSiphon.uasset" 4664
"../../../../../UnrealProjects/Aura2/Content/Assets/UI/Spells/Shock.uasset" 4665
"../../../../../UnrealProjects/Aura2/Content/Assets/UI/Spells/teleport.uasset" 4666
"../../../../../UnrealProjects/Aura2/Content/Assets/UI/Pickups/T_HealthCrystal.uasset" 4667
"../../../../../UnrealProjects/Aura2/Content/Assets/UI/Pickups/T_ManaCrystal.uasset" 4668
"../../../../../UnrealProjects/Aura2/Content/Assets/UI/Pickups/T_Potion_Blue.uasset" 4669
"../../../../../UnrealProjects/Aura2/Content/Assets/UI/Pickups/T_Potion_Red.uasset" 4670
"../../../../../UnrealProjects/Aura2/Content/Assets/UI/Borders/Border_1/Border_1.uasset" 4671
"../../../../../UnrealProjects/Aura2/Content/Blueprints/UI/AttributeMenu/WBP_AttributePointsRow.uasset" 4672
"../../../../../UnrealProjects/Aura2/Content/Blueprints/UI/AttributeMenu/WBP_TextValueButtonRow.uasset" 4673
"../../../../../UnrealProjects/Aura2/Content/Blueprints/UI/AttributeMenu/WBP_TextValueRow.uasset" 4674
"../../../../../UnrealProjects/Aura2/Content/Blueprints/UI/DebugMenu/WBP_DebugRow.uasset" 4675
"../../../../../UnrealProjects/Aura2/Content/Blueprints/UI/InventoryMenu/WBP_InventorySlot.uasset" 4676
"../../../../../UnrealProjects/Aura2/Content/Assets/UI/Inventory/Armor.uasset" 4677
"../../../../../UnrealProjects/Aura2/Content/Assets/UI/Inventory/Boots.uasset" 4678
"../../../../../UnrealProjects/Aura2/Content/Assets/UI/Inventory/helmet.uasset" 4679
"../../../../../UnrealProjects/Aura2/Content/Assets/UI/Inventory/Weapon.uasset" 4680
"../../../../../UnrealProjects/Aura2/Content/Blueprints/UI/InventoryMenu/WBP_EquipSlot.uasset" 4681
"../../../../../UnrealProjects/Aura2/Content/Assets/UI/MiniMap/Map_Arrow.uasset" 4682
"../../../../../UnrealProjects/Aura2/Content/Assets/UI/Rings/GlobeRing/GlobeRing.uasset" 4683
"../../../../../UnrealProjects/Aura2/Content/Assets/UI/Globes/MI_ManaGlobe.uasset" 4684
"../../../../../UnrealProjects/Aura2/Content/Blueprints/UI/ProgressBar/WBP_HealthGlobe.uasset" 4685
"../../../../../UnrealProjects/Aura2/Content/Blueprints/UI/ProgressBar/WBP_ManaGlobe.uasset" 4686
"../../../../../UnrealProjects/Aura2/Content/Blueprints/UI/SpellGlobes/WBP_SpellGlobe.uasset" 4687
"../../../../../UnrealProjects/Aura2/Content/Assets/Sounds/LevelUp/sfx_LevelUpSound.uasset" 4688
"../../../../../UnrealProjects/Aura2/Content/Assets/UI/Borders/BorderLarge_BG/Border_Large_BG.uasset" 4689
"../../../../../UnrealProjects/Aura2/Content/Assets/UI/Globes/M_EmptyGlobe.uasset" 4690
"../../../../../UnrealProjects/Aura2/Content/Assets/UI/Globes/MI_GhostHealthGlobe.uasset" 4691
"../../../../../UnrealProjects/Aura2/Content/Assets/UI/Globes/MI_HealthGlobe.uasset" 4692
"../../../../../UnrealProjects/Aura2/Content/Assets/UI/HealthMana/AuraRender.uasset" 4693
"../../../../../UnrealProjects/Aura2/Content/Assets/UI/Rings/GlobeRing/GlobeRing1.uasset" 4694
"../../../../../UnrealProjects/Aura2/Content/Assets/UI/XPBar/xp_bar.uasset" 4695
"../../../../../UnrealProjects/Aura2/Content/Assets/UI/XPBar/xp_frame.uasset" 4696
"../../../../../UnrealProjects/Aura2/Content/Assets/UI/Globes/MI_EmptyGlobe.uasset" 4697
"../../../../../UnrealProjects/Aura2/Content/Assets/UI/Globes/MI_LevelBG.uasset" 4698
"../../../../../UnrealProjects/Aura2/Content/Assets/UI/Rings/SkillRing/SkillRing_1.uasset" 4699
"../../../../../UnrealProjects/Aura2/Content/Blueprints/UI/SpellMenu/WBP_OffensiveSpellTree.uasset" 4700
"../../../../../UnrealProjects/Aura2/Content/Blueprints/UI/SpellMenu/WBP_PassiveSpellTree.uasset" 4701
"../../../../../UnrealProjects/Aura2/Content/Blueprints/UI/AttributeMenu/WBP_FramedValue.uasset" 4702
"../../../../../UnrealProjects/Aura2/Content/Blueprints/UI/SpellMenu/BP_UpgradeText.uasset" 4703
"../../../../../UnrealProjects/Aura2/Content/Blueprints/UI/SpellMenu/WBP_EquippedSpellRow.uasset" 4704
"../../../../../UnrealProjects/Aura2/Content/Blueprints/UI/SpellMenu/WBP_UpgradeMenu.uasset" 4705
"../../../../../UnrealProjects/Aura2/Content/Assets/Characters/Aura/Animations/Abilities/AM_Cast_ArcaneArea.uasset" 4706
"../../../../../UnrealProjects/Aura2/Content/Blueprints/AbilitySystem/Aura/Abilities/Arcane/ArcaneArea/BP_ArcaneArea.uasset" 4707
"../../../../../UnrealProjects/Aura2/Content/Blueprints/AbilitySystem/Aura/Abilities/Arcane/ArcaneArea/GE_Cooldown_ArcaneArea.uasset" 4708
"../../../../../UnrealProjects/Aura2/Content/Blueprints/AbilitySystem/Aura/Abilities/Arcane/ArcaneArea/GE_Cost_ArcaneArea.uasset" 4709
"../../../../../UnrealProjects/Aura2/Content/Blueprints/AbilitySystem/Aura/Effects/GE_SlowDecay.uasset" 4710
"../../../../../UnrealProjects/Aura2/Content/Blueprints/AbilitySystem/Aura/Effects/GE_SlowDown.uasset" 4711
"../../../../../UnrealProjects/Aura2/Content/Blueprints/AbilitySystem/Aura/Abilities/Arcane/ArcaneOrbit/BP_ArcaneMissile.uasset" 4712
"../../../../../UnrealProjects/Aura2/Content/Blueprints/AbilitySystem/Aura/Abilities/Arcane/ArcaneOrbit/GE_Cooldown_ArcaneOrbit.uasset" 4713
"../../../../../UnrealProjects/Aura2/Content/Blueprints/AbilitySystem/Aura/Abilities/Arcane/ArcaneOrbit/GE_Cost_ArcaneOrbit.uasset" 4714
"../../../../../UnrealProjects/Aura2/Content/Assets/Characters/Aura/Animations/Abilities/AM_Cast_ArcaneShards_Short.uasset" 4715
"../../../../../UnrealProjects/Aura2/Content/Blueprints/AbilitySystem/Aura/Abilities/Arcane/ArcaneShards/GE_Cooldown_ArcaneShards.uasset" 4716
"../../../../../UnrealProjects/Aura2/Content/Blueprints/AbilitySystem/Aura/Abilities/Arcane/ArcaneShards/GE_Cost_ArcaneShards.uasset" 4717
"../../../../../UnrealProjects/Aura2/Content/Blueprints/AbilitySystem/Aura/Abilities/Fire/FireBlast/GE_Cooldown_FireBlast.uasset" 4718
"../../../../../UnrealProjects/Aura2/Content/Blueprints/AbilitySystem/Aura/Abilities/Fire/FireBlast/GE_Cost_FireBlast.uasset" 4719
"../../../../../UnrealProjects/Aura2/Content/Assets/Characters/Aura/Animations/Abilities/AM_Cast_FireNado.uasset" 4720
"../../../../../UnrealProjects/Aura2/Content/Blueprints/AbilitySystem/Aura/Abilities/Fire/FireNado/GE_Cooldown_FireNado.uasset" 4721
"../../../../../UnrealProjects/Aura2/Content/Blueprints/AbilitySystem/Aura/Abilities/Fire/FireNado/GE_Cost_FireNado.uasset" 4722
"../../../../../UnrealProjects/Aura2/Content/Assets/Characters/Aura/Animations/Abilities/AM_Cast_Electrocute.uasset" 4723
"../../../../../UnrealProjects/Aura2/Content/Blueprints/AbilitySystem/Aura/Abilities/Lightning/Electrocute/GE_CoolDown_Electrocute.uasset" 4724
"../../../../../UnrealProjects/Aura2/Content/Blueprints/AbilitySystem/Aura/Abilities/Lightning/Electrocute/GE_Cost_Electrocute.uasset" 4725
"../../../../../UnrealProjects/Aura2/Content/Assets/Characters/Aura/Animations/Abilities/AM_Cast_SpawnElectroSphere.uasset" 4726
"../../../../../UnrealProjects/Aura2/Content/Blueprints/AbilitySystem/Aura/Abilities/Lightning/ElectroSphere/BP_ElectroSphere.uasset" 4727
"../../../../../UnrealProjects/Aura2/Content/Blueprints/AbilitySystem/Aura/Abilities/Lightning/ElectroSphere/GE_Cooldown_SpawnElectroSphere.uasset" 4728
"../../../../../UnrealProjects/Aura2/Content/Blueprints/AbilitySystem/Aura/Abilities/Lightning/ElectroSphere/GE_Cost_SpawnElectroSphere.uasset" 4729
"../../../../../UnrealProjects/Aura2/Content/Assets/Characters/Aura/Animations/Abilities/AM_Cast_Teleport.uasset" 4730
"../../../../../UnrealProjects/Aura2/Content/Blueprints/AbilitySystem/Aura/Abilities/Lightning/Teleport/GE_Cooldown_Teleport.uasset" 4731
"../../../../../UnrealProjects/Aura2/Content/Blueprints/AbilitySystem/Aura/Abilities/Lightning/Teleport/GE_Cost_Teleport.uasset" 4732
"../../../../../UnrealProjects/Aura2/Content/Blueprints/Actor/BP_GhostEffectActor.uasset" 4733
"../../../../../UnrealProjects/Aura2/Content/Kobo_Dungeon/Materials/M-FX/M-Embers.uasset" 4734
"../../../../../UnrealProjects/Aura2/Content/Assets/Effects/Teleport/NS_TeleportGhost.uasset" 4735
"../../../../../UnrealProjects/Aura2/Content/Assets/Sounds/UI/ButtonClick/SFX_UI_ButtonClick_03.uasset" 4736
"../../../../../UnrealProjects/Aura2/Content/Blueprints/UI/InventoryMenu/WBP_DragItemIcon.uasset" 4737
"../../../../../UnrealProjects/Aura2/Content/Assets/UI/Globes/M_FlowingGlobe.uasset" 4738
"../../../../../UnrealProjects/Aura2/Content/Blueprints/UI/ProgressBar/WBP_GlobeProgressBar.uasset" 4739
"../../../../../UnrealProjects/Aura2/Content/Assets/Sounds/LevelUp/SFX_LevelUp.uasset" 4740
"../../../../../UnrealProjects/Aura2/Content/Assets/UI/Globes/M_GlobeReversed.uasset" 4741
"../../../../../UnrealProjects/Aura2/Content/Blueprints/UI/SpellGlobes/WBP_SpellGlobe_Button.uasset" 4742
"../../../../../UnrealProjects/Aura2/Content/Assets/UI/SpellTree/Line.uasset" 4743
"../../../../../UnrealProjects/Aura2/Content/Assets/UI/Borders/Border_1/Border_1_png.uasset" 4744
"../../../../../UnrealProjects/Aura2/Content/Assets/UI/SpellTree/OffensiveSelectionBox.uasset" 4745
"../../../../../UnrealProjects/Aura2/Content/Assets/UI/SpellTree/PassiveSelectionBox.uasset" 4746
"../../../../../UnrealProjects/Aura2/Content/Blueprints/UI/SpellGlobes/WBP_EquippedRow_Button.uasset" 4747
"../../../../../UnrealProjects/Aura2/Content/Assets/Characters/Aura/Animations/Abilities/Cast_ArcaneArea.uasset" 4748
"../../../../../UnrealProjects/Aura2/Content/Assets/VFX/NS_Trail_07.uasset" 4749
"../../../Engine/Content/EditorResources/FieldNodes/_Resources/M_FieldRadiusPreview.uasset" 4750
"../../../../../UnrealProjects/Aura2/Content/Blueprints/AbilitySystem/Aura/Abilities/Arcane/ArcaneArea/SM_ArcaneArea.uasset" 4751
"../../../../../UnrealProjects/Aura2/Content/Blueprints/AbilitySystem/Aura/Effects/GE_GiveStunTag.uasset" 4752
"../../../../../UnrealProjects/Aura2/Content/Assets/Effects/Combat/NS_CombatImpact.uasset" 4753
"../../../../../UnrealProjects/Aura2/Content/Assets/VFX/NS_Trail_13_2.uasset" 4754
"../../../../../UnrealProjects/Aura2/Content/Kobo_Dungeon/FX/FX-PotionWhisps-02.uasset" 4755
"../../../../../UnrealProjects/Aura2/Content/Assets/Spells/Shards/SM_Shard_Missile.uasset" 4756
"../../../../../UnrealProjects/Aura2/Content/Assets/Characters/Aura/Animations/Abilities/Cast_ArcaneShards_Short.uasset" 4757
"../../../../../UnrealProjects/Aura2/Content/Assets/VFX/NS_Trail_13.uasset" 4758
"../../../../../UnrealProjects/Aura2/Content/Assets/Characters/Aura/Animations/Abilities/Cast_FireNado.uasset" 4759
"../../../../../UnrealProjects/Aura2/Content/Assets/Characters/Aura/Animations/Abilities/Cast_Shock.uasset" 4760
"../../../../../UnrealProjects/Aura2/Content/Assets/VFX/NS_Trail_08.uasset" 4761
"../../../../../UnrealProjects/Aura2/Content/Assets/Characters/Aura/Animations/Abilities/Cast_ArcaneShards.uasset" 4762
"../../../../../UnrealProjects/Aura2/Content/Assets/Effects/ManaDrain/NS_Electro.uasset" 4763
"../../../../../UnrealProjects/Aura2/Content/Assets/Effects/Shared/Sphere_Trans.uasset" 4764
"../../../../../UnrealProjects/Aura2/Content/Assets/Characters/Aura/Animations/Abilities/Cast_Teleport.uasset" 4765
"../../../../../UnrealProjects/Aura2/Content/Blueprints/AbilitySystem/Aura/Abilities/Lightning/Teleport/GE_Cost_Teleport_SetByCaller1.uasset" 4766
"../../Plugins/FX/Niagara/Content/Modules/Spawn/Location/V2/SkeletalMeshLocation.uasset" 4767
"../../Plugins/FX/Niagara/Content/Enums/ENiagaraBoneSamplingMode.uasset" 4768
"../../Plugins/FX/Niagara/Content/Enums/ENiagaraBoneSocketSamplingMode.uasset" 4769
"../../Plugins/FX/Niagara/Content/Enums/ENiagaraSkelMeshPositionSamplingMode.uasset" 4770
"../../Plugins/FX/Niagara/Content/Enums/ENiagaraSkelMeshTransforms.uasset" 4771
"../../Plugins/FX/Niagara/Content/Enums/ENiagaraSkelSamplingModeFull.uasset" 4772
"../../Plugins/FX/Niagara/Content/Enums/ENiagaraSocketSamplingMode.uasset" 4773
"../../Plugins/FX/Niagara/Content/Enums/ENiagaraTriangleSamplingMode.uasset" 4774
"../../Plugins/FX/Niagara/Content/Enums/ENiagaraVertexSamplingMode.uasset" 4775
"../../../Engine/Content/Functions/Engine_MaterialFunctions03/Procedurals/GeneratedBand.uasset" 4776
"../../../../../UnrealProjects/Aura2/Content/Assets/UI/Globes/MI_LockedBG.uasset" 4777
"../../../../../UnrealProjects/Aura2/Content/Assets/Sounds/Enemies/Goblin/UI/Unlock_Skills/SFX_UI_Unlock_SelectSkill.uasset" 4778
"../../../../../UnrealProjects/Aura2/Content/Assets/Sounds/UI/ButtonClick/SFX_UI_ButtonClick_04.uasset" 4779
"../../../../../UnrealProjects/Aura2/Content/Assets/Sounds/UI/Cancel/SFX_UI_Cancel_01.uasset" 4780
"../../../../../UnrealProjects/Aura2/Content/Assets/UI/Rings/SkillRingGlow/SkillRing_1_Glow.uasset" 4781
"../../../../../UnrealProjects/Aura2/Content/Assets/UI/Spells/Locked.uasset" 4782
"../../../../../UnrealProjects/Aura2/Content/Assets/UI/Spells/Locked_sm.uasset" 4783
"../../../../../UnrealProjects/Aura2/Content/Assets/UI/Spells/SelectionCircle.uasset" 4784
"../../../../../UnrealProjects/Aura2/Content/Assets/Materials/M_Trail_Refraction.uasset" 4785
"../../../../../UnrealProjects/Aura2/Content/Assets/Materials/Trails_MI/MI_Trail_Color_05.uasset" 4786
"../../../../../UnrealProjects/Aura2/Content/Blueprints/AbilitySystem/Aura/Abilities/Arcane/ArcaneArea/M_AreaTrans.uasset" 4787
"../../../../../UnrealProjects/Aura2/Content/Assets/Materials/M_DefaultSprite.uasset" 4788
"../../../../../UnrealProjects/Aura2/Content/Assets/Materials/Trails_MI/MI_Trail_Color_12.uasset" 4789
"../../../../../UnrealProjects/Aura2/Content/Kobo_Dungeon/Materials/M-FX/M-PotionFlare.uasset" 4790
"../../Plugins/FX/Niagara/Content/DynamicInputs/Angles/Cosine.uasset" 4791
"../../Plugins/FX/Niagara/Content/DynamicInputs/Multiply/Multiply_Float.uasset" 4792
"../../Plugins/FX/Niagara/Content/DynamicInputs/TypeConversions/MakeVector.uasset" 4793
"../../../../../UnrealProjects/Aura2/Content/Assets/Materials/Trails_MI/MI_Trail_Color_06.uasset" 4794
"../../../../../UnrealProjects/Aura2/Content/Assets/Pickups/Potions/Bottle/MI_Sphere.uasset" 4795
"../../../../../UnrealProjects/Aura2/Content/Assets/Textures/Mask/T_TrailMask_11.uasset" 4796
"../../Plugins/Enterprise/DatasmithContent/Content/Materials/FBXImporter/DeltaGenBase.uasset" 4797
"../../Plugins/Enterprise/DatasmithContent/Content/Materials/FBXImporter/DeltaGenUVEdit.uasset" 4798
"../../../Engine/Content/Functions/Engine_MaterialFunctions01/Texturing/FlattenNormal.uasset" 4799
"../../../Engine/Content/Functions/Engine_MaterialFunctions02/Texturing/CustomRotator.uasset" 4800
"../../../../../UnrealProjects/Aura2/Content/Assets/Textures/Mask/T_TrailMask_16.uasset" 4801
"../../../../../UnrealProjects/Aura2/Content/Kobo_Dungeon/Textures/T-FX/A-Flare-01.uasset" 4802
"../../../../../UnrealProjects/Aura2/Content/Assets/Textures/Mask/T_TrailMask_15.uasset" 4803
"/Game/Blueprints/Game/BP_LoadScreenSaveGame" 4804
"/Game/Blueprints/AbilitySystem/Data/DA_CharacterClassInfo" 4805
"D:/UnrealProjects/Aura2/Content/Blueprints/Game/BP_AuraGameMode.uasset" 4806
"D:/UnrealProjects/Aura2/Content/Blueprints/Player/BP_AuraPlayerState.uasset" 4807
"../../../Engine/Content/Functions/Engine_MaterialFunctions01/Units/Km-to-Cm.uasset" 4808
"../../../Engine/Content/EngineSky/VolumetricClouds/m_SimpleVolumetricCloud.uasset" 4809
"D:/UnrealProjects/Aura2/Content/Blueprints/AbilitySystem/Data/DA_LevelUpInfo.uasset" 4810
"../../../Engine/Content/Functions/Engine_MaterialFunctions02/Utility/BreakOutFloat4Components.uasset" 4811
"../../../Engine/Content/EngineSky/VolumetricClouds/VT_Lightning.uasset" 4812
"../../../Engine/Content/Functions/Engine_MaterialFunctions02/Utility/MakeFloat4.uasset" 4813
"../../../Engine/Content/EngineSky/VolumetricClouds/T_CloudMask.uasset" 4814
"D:/UnrealProjects/Aura2/Content/Blueprints/Game/BP_LoadScreenGameMode.uasset" 4815
"../../../Engine/Content/EngineSky/VolumetricClouds/T_CloudPattern.uasset" 4816
"../../../Engine/Content/EngineSky/VolumetricClouds/T_Profile_08.uasset" 4817
"../../../Engine/Content/EngineSky/VolumetricClouds/VT_PerlinWorley_Balanced.uasset" 4818
"../../../Engine/Content/EngineSky/M_SimpleSkyDome.uasset" 4819
"../../../Engine/Content/EngineSky/T_Sky_Blue.uasset" 4820
"../../../Engine/Content/EngineSky/VolumetricClouds/m_SimpleVolumetricCloud_Inst.uasset" 4821
"../../../Engine/Content/EngineSky/T_Sky_Clouds_M.uasset" 4822
"../../../Engine/Content/EngineSky/T_Sky_Stars.uasset" 4823
"../../../Engine/Content/EngineSky/SM_SkySphere.uasset" 4824
"D:/UnrealProjects/Aura2/Content/Maps/LoadMenu.umap" 4825
"../../../Engine/Content/EngineSky/M_Sky_Panning_Clouds2.uasset" 4826
"/Game/Blueprints/AbilitySystem/Data/DA_LevelUpInfo" 4827
"/Game/Blueprints/Player/BP_AuraPlayerState" 4828
"/Game/Blueprints/Game/BP_AuraGameMode" 4829
"/Game/Blueprints/Game/BP_LoadScreenGameMode" 4830
"/Engine/Functions/Engine_MaterialFunctions01/Units/Km-to-Cm" 4831
"/Engine/EngineSky/VolumetricClouds/VT_Lightning" 4832
"/Engine/Functions/Engine_MaterialFunctions02/Utility/MakeFloat4" 4833
"/Engine/Functions/Engine_MaterialFunctions02/Utility/BreakOutFloat4Components" 4834
"/Engine/EngineSky/VolumetricClouds/m_SimpleVolumetricCloud" 4835
"/Engine/EngineSky/VolumetricClouds/T_CloudMask" 4836
"/Engine/EngineSky/VolumetricClouds/T_CloudPattern" 4837
"/Engine/EngineSky/VolumetricClouds/T_Profile_08" 4838
"/Engine/EngineSky/VolumetricClouds/VT_PerlinWorley_Balanced" 4839
"/Engine/EngineSky/VolumetricClouds/m_SimpleVolumetricCloud_Inst" 4840
"/Engine/EngineSky/M_SimpleSkyDome" 4841
"/Engine/EngineSky/T_Sky_Blue" 4842
"/Engine/EngineSky/T_Sky_Clouds_M" 4843
"/Engine/EngineSky/T_Sky_Stars" 4844
"/Engine/EngineSky/M_Sky_Panning_Clouds2" 4845
"/Engine/EngineSky/SM_SkySphere" 4846
"D:/UnrealProjects/Aura2/Content/Kobo_Dungeon/Materials/M-Instance/MI-Log-02.uasset" 4847
"D:/UnrealProjects/Aura2/Content/Assets/Dungeon/Materials/CornerSmall/M_CornerSmall_F_Inst.uasset" 4848
"D:/UnrealProjects/Aura2/Content/Assets/Dungeon/Materials/CornerSmall/M_CornerSmall_F.uasset" 4849
"D:/UnrealProjects/Aura2/Content/Blueprints/Actor/FadeActor/FA_USquare_Stair.uasset" 4850
"D:/UnrealProjects/Aura2/Content/Assets/Dungeon/SM_BonFire.uasset" 4851
"D:/UnrealProjects/Aura2/Content/Kobo_Dungeon/Textures/T-Albedo/A-Log-02.uasset" 4852
"D:/UnrealProjects/Aura2/Content/Kobo_Dungeon/Textures/T-Normal/N-Log-02.uasset" 4853
"D:/UnrealProjects/Aura2/Content/Assets/Dungeon/SM_USquare_Stair.uasset" 4854
"D:/UnrealProjects/Aura2/Content/Blueprints/Actor/Area/BP_BonFire.uasset" 4855
"D:/UnrealProjects/Aura2/Content/Assets/Effects/Fire/NS_FireArea.uasset" 4856
"D:/UnrealProjects/Aura2/Content/Maps/Dungeon_BuiltData.uasset" 4857
"D:/UnrealProjects/Aura2/Content/Kobo_Dungeon/Textures/T-Albedo/A-Coin-01.uasset" 4858
"D:/UnrealProjects/Aura2/Content/Kobo_Dungeon/Textures/T-Normal/N-Coin-01.uasset" 4859
"D:/UnrealProjects/Aura2/Content/Kobo_Dungeon/Textures/T-Albedo/A-Gemstone-01.uasset" 4860
"D:/UnrealProjects/Aura2/Content/Blueprints/Actor/Area/GE_FireArea.uasset" 4861
"D:/UnrealProjects/Aura2/Content/Kobo_Dungeon/Materials/M-Instance/MI-Coin-01.uasset" 4862
"D:/UnrealProjects/Aura2/Content/Kobo_Dungeon/Textures/T-Normal/N-Gemstone-01.uasset" 4863
"D:/UnrealProjects/Aura2/Content/Blueprints/Actor/Area/BP_FireArea.uasset" 4864
"D:/UnrealProjects/Aura2/Content/Kobo_Dungeon/Materials/M-Instance/MI-Gemstone-01.uasset" 4865
"D:/UnrealProjects/Aura2/Content/Kobo_Dungeon/Textures/T-Albedo/A-Gemstone-03.uasset" 4866
"D:/UnrealProjects/Aura2/Content/Kobo_Dungeon/Textures/T-Normal/N-Gemstone-03.uasset" 4867
"D:/UnrealProjects/Aura2/Content/Kobo_Dungeon/Textures/T-Albedo/A-Gemstone-04.uasset" 4868
"D:/UnrealProjects/Aura2/Content/Kobo_Dungeon/Textures/T-Normal/N-Gemstone-04.uasset" 4869
"D:/UnrealProjects/Aura2/Content/Kobo_Dungeon/Materials/M-Instance/MI-Gemstone-03.uasset" 4870
"D:/UnrealProjects/Aura2/Content/Kobo_Dungeon/Materials/M-Instance/MI-Gemstone-04.uasset" 4871
"D:/UnrealProjects/Aura2/Content/Kobo_Dungeon/Textures/T-Albedo/A-Gemstone-05.uasset" 4872
"D:/UnrealProjects/Aura2/Content/Kobo_Dungeon/Textures/T-Normal/N-Gemstone-05.uasset" 4873
"D:/UnrealProjects/Aura2/Content/Kobo_Dungeon/Materials/M-Instance/MI-Gemstone-05.uasset" 4874
"D:/UnrealProjects/Aura2/Content/Kobo_Dungeon/Textures/T-Normal/N-Potion-01-02.uasset" 4875
"D:/UnrealProjects/Aura2/Content/Kobo_Dungeon/Textures/T-Albedo/A-Potion-01-02.uasset" 4876
"D:/UnrealProjects/Aura2/Content/Kobo_Dungeon/Materials/M-Instance/MI-Potion-01-02.uasset" 4877
"/Game/Maps/LoadMenu" 4878
"../../../../../UnrealProjects/Aura2/Content/Maps/LoadMenu.umap" 4879
"../../../Engine/Plugins/Interchange/Assets/Shaders/ThinFilmFunctions.usf" 4880
"D:/UnrealProjects/Aura2/Content/Kobo_Dungeon/Textures/T-Albedo/A-Potion-01-01.uasset" 4881
"/Game/Kobo_Dungeon/Materials/M-Instance/MI-Potion-01-02" 4882
"../../../../../UnrealProjects/Aura2/Content/Kobo_Dungeon/Materials/M-Master/M-Master.uasset" 4883
"../../../Engine/Content/Functions/Engine_MaterialFunctions01/ImageAdjustment/CheapContrast_RGB.uasset" 4884
"../../../Engine/Content/Functions/Engine_MaterialFunctions03/Math/RemapValueRange.uasset" 4885
"../../../Engine/Content/EngineDebugMaterials/HeatmapGradient.uasset" 4886
"../../../../../UnrealProjects/Aura2/Content/Kobo_Dungeon/Textures/N-Blank-01.uasset" 4887
"/Game/Kobo_Dungeon/Materials/M-Instance/MI-Gemstone-05" 4888
"/Game/Kobo_Dungeon/Materials/M-Instance/MI-Gemstone-04" 4889
"/Game/Kobo_Dungeon/Materials/M-Instance/MI-Gemstone-03" 4890
"/Game/Kobo_Dungeon/Materials/M-Instance/MI-Gemstone-01" 4891
"/Game/Kobo_Dungeon/Materials/M-Instance/MI-Coin-01" 4892
"/Game/Blueprints/Actor/Area/BP_FireArea" 4893
"/Game/Maps/Dungeon_BuiltData" 4894
"/Game/Blueprints/Actor/Area/BP_BonFire" 4895
"/Game/Blueprints/Actor/FadeActor/FA_USquare_Stair" 4896
"../../../../../UnrealProjects/Aura2/Content/Assets/Dungeon/Materials/CornerSmall/M_CornerSmall.uasset" 4897
"../../../../../UnrealProjects/Aura2/Content/Assets/Dungeon/Materials/CornerSmall/T_SmallCorner_Base.uasset" 4898
"../../../../../UnrealProjects/Aura2/Content/Assets/Dungeon/Materials/CornerSmall/T_SmallCorner_Norm.uasset" 4899
"../../../../../UnrealProjects/Aura2/Content/Assets/Dungeon/Materials/CornerSmall/T_SmallCorner_OcclusionRoughnessMetallic.uasset" 4900
"D:/UnrealProjects/Aura2/Content/Assets/Dungeon/SM-Chest-Bottom.uasset" 4901
"D:/UnrealProjects/Aura2/Content/Kobo_Dungeon/Textures/T-Albedo/A-Chest-01-02.uasset" 4902
"D:/UnrealProjects/Aura2/Content/Kobo_Dungeon/Materials/M-Instance/MI-Potion-01-01.uasset" 4903
"D:/UnrealProjects/Aura2/Content/Kobo_Dungeon/Materials/M-Instance/MI-Chest-01-02.uasset" 4904
"D:/UnrealProjects/Aura2/Content/Assets/Dungeon/SM-Chest-Top.uasset" 4905
"/Game/Kobo_Dungeon/Textures/T-Albedo/A-Potion-01-01" 4906
"D:/UnrealProjects/Aura2/Content/Kobo_Dungeon/Textures/T-Normal/N-Potion-01-01.uasset" 4907
"D:/UnrealProjects/Aura2/Content/Kobo_Dungeon/Textures/T-Albedo/A-Chest-01-01.uasset" 4908
"D:/UnrealProjects/Aura2/Content/Kobo_Dungeon/Textures/T-Normal/N-Chest-01-02.uasset" 4909
"D:/UnrealProjects/Aura2/Content/Kobo_Dungeon/FX/FX-BrazierEmbers-03.uasset" 4910
"D:/UnrealProjects/Aura2/Content/Kobo_Dungeon/Materials/M-Instance/MI-Chest-01-01.uasset" 4911
"D:/UnrealProjects/Aura2/Content/Kobo_Dungeon/Textures/T-Normal/N-Chest-01-01.uasset" 4912
"D:/UnrealProjects/Aura2/Content/Kobo_Dungeon/Meshes/SM-Chest-01.uasset" 4913
"D:/UnrealProjects/Aura2/Content/Blueprints/Actor/CheckPoint/BP_AbilityUpgradeChest.uasset" 4914
"D:/UnrealProjects/Aura2/Content/Assets/Enemies/Goblin/Animations/Slingshot/Attack_Slingshot.uasset" 4915
"D:/UnrealProjects/Aura2/Content/Assets/Sounds/Slingshot/wav/SFX_BowDraw_FastShot_Full_01.uasset" 4916
"D:/UnrealProjects/Aura2/Content/Assets/Sounds/Slingshot/wav/SFX_BowDraw_FastShot_Full_02.uasset" 4917
"D:/UnrealProjects/Aura2/Content/Assets/Sounds/Slingshot/sfx_Slingshot_Fire.uasset" 4918
"D:/UnrealProjects/Aura2/Content/Assets/Enemies/Goblin/Animations/Slingshot/AM_Attack_Goblin_Slingshot.uasset" 4919
"D:/UnrealProjects/Aura2/Content/Assets/Sounds/Slingshot/wav/SFX_BowDraw_FastShot_Full_03.uasset" 4920
"D:/UnrealProjects/Aura2/Content/Assets/Enemies/Goblin/Slingshot/Materials/Red/M_Slingshot_Red_Dissolve.uasset" 4921
"D:/UnrealProjects/Aura2/Content/Assets/Enemies/Goblin/Animations/Slingshot/AM_HitReact_Slingshot_Montage.uasset" 4922
"D:/UnrealProjects/Aura2/Content/Assets/Enemies/Goblin/Animations/Slingshot/HitReact_Slingshot.uasset" 4923
"D:/UnrealProjects/Aura2/Content/Assets/Enemies/Goblin/Slingshot/Centered/Slingshot_Attack.uasset" 4924
"D:/UnrealProjects/Aura2/Content/Assets/Enemies/Goblin/Slingshot/Materials/Red/MI_Slingshot_Red_Dissolve.uasset" 4925
"/Game/Assets/Sounds/Slingshot/wav/SFX_BowDraw_FastShot_Full_02" 4926
"D:/UnrealProjects/Aura2/Content/Assets/Enemies/Goblin/Animations/Slingshot/Slingshot_Stun_Loop.uasset" 4927
"D:/UnrealProjects/Aura2/Content/Assets/Enemies/Goblin/Slingshot/Centered/AM_Slingshot_Attack.uasset" 4928
"D:/UnrealProjects/Aura2/Content/Assets/Enemies/Goblin/Slingshot/Centered/Slingshot_Idle.uasset" 4929
"D:/UnrealProjects/Aura2/Content/Blueprints/Character/Goblin_Slingshot/ABP_Goblin_Slingshot.uasset" 4930
"D:/UnrealProjects/Aura2/Content/Blueprints/Character/Goblin_Slingshot/ABP_Slingshot.uasset" 4931
"D:/UnrealProjects/Aura2/Content/Assets/Enemies/Goblin/Animations/Slingshot/Idle_Slingshot.uasset" 4932
"D:/UnrealProjects/Aura2/Content/Assets/Enemies/Goblin/Animations/Slingshot/BS_Goblin_Slingshot_IdleRun.uasset" 4933
"D:/UnrealProjects/Aura2/Content/Assets/Enemies/Goblin/Animations/Slingshot/Running_Slingshot.uasset" 4934
"/Game/Assets/Sounds/Slingshot/wav/SFX_BowDraw_FastShot_Full_01" 4935
"/Game/Assets/Enemies/Goblin/Animations/Slingshot/Attack_Slingshot" 4936
"/Game/Blueprints/Actor/CheckPoint/BP_AbilityUpgradeChest" 4937
"D:/UnrealProjects/Aura2/Content/Assets/Enemies/Goblin/Slingshot/Centered/PA_Slingshot.uasset" 4938
"D:/UnrealProjects/Aura2/Content/Assets/Enemies/Goblin/Slingshot/Centered/SKM_Slingshot.uasset" 4939
"D:/UnrealProjects/Aura2/Content/Assets/Enemies/Goblin/Slingshot/Materials/Red/Slingshot_low_M_Slingshot_OcclusionRoughnessMetallic.uasset" 4940
"D:/UnrealProjects/Aura2/Content/Assets/Enemies/Goblin/Slingshot/Materials/Red/M_Slingshot_Red.uasset" 4941
"D:/UnrealProjects/Aura2/Content/Assets/Enemies/Goblin/Slingshot/Materials/Red/Slingshot_low_M_Slingshot_BaseColor.uasset" 4942
"D:/UnrealProjects/Aura2/Content/Assets/Enemies/Goblin/Slingshot/Materials/Red/Slingshot_low_M_Slingshot_Normal.uasset" 4943
"D:/UnrealProjects/Aura2/Content/Blueprints/Character/Goblin_Slingshot/BP_Goblin_Slingshot.uasset" 4944
"D:/UnrealProjects/Aura2/Content/Assets/Enemies/Goblin/Slingshot/Centered/SK_Slingshot.uasset" 4945
"D:/UnrealProjects/Aura2/Content/Blueprints/Character/Shroom/BP_Shroom.uasset" 4946
"D:/UnrealProjects/Aura2/Content/Assets/Enemies/Shroom/Materials/M_Shroom_Dissolve.uasset" 4947
"D:/UnrealProjects/Aura2/Content/Assets/Enemies/Shroom/Materials/MI_Shroom_Dissolve.uasset" 4948
"D:/UnrealProjects/Aura2/Content/Assets/Enemies/Shroom/Materials/M_Shroom_Green_Dissolve.uasset" 4949
"D:/UnrealProjects/Aura2/Content/Assets/Enemies/Shroom/Materials/M_Shroom_Orange.uasset" 4950
"D:/UnrealProjects/Aura2/Content/Assets/Enemies/Shroom/Materials/MI_Shroom_Green_Dissolve.uasset" 4951
"D:/UnrealProjects/Aura2/Content/Assets/Enemies/Shroom/Animations/AttackIdle.uasset" 4952
"D:/UnrealProjects/Aura2/Content/Assets/Enemies/Shroom/Animations/AM_Shroom_Attack_2.uasset" 4953
"/Game/Assets/Enemies/Goblin/Slingshot/Centered/Slingshot_Idle" 4954
"/Game/Blueprints/Character/Goblin_Slingshot/ABP_Goblin_Slingshot" 4955
"../../../../../UnrealProjects/Aura2/Content/Assets/Enemies/Goblin/Animations/Spear/ShockLoop.uasset" 4956
"../../../../../UnrealProjects/Aura2/Content/Assets/Enemies/Goblin/Materials/MI_GoblinDissolve.uasset" 4957
"../../../../../UnrealProjects/Aura2/Content/Assets/Sounds/Enemies/Goblin/Death/sfx_GoblinDeath.uasset" 4958
"../../../../../UnrealProjects/Aura2/Content/Assets/Enemies/Goblin/SKM_Goblin.uasset" 4959
"../../../../../UnrealProjects/Aura2/Content/Assets/Sounds/Enemies/Goblin/Hurt/sfx_GoblinHurt.uasset" 4960
"../../../../../UnrealProjects/Aura2/Content/Assets/Enemies/Goblin/Materials/M_GoblinDissolve.uasset" 4961
"../../../../../UnrealProjects/Aura2/Content/Assets/Sounds/Enemies/Goblin/Death/SFX_Goblin_Death_01.uasset" 4962
"../../../../../UnrealProjects/Aura2/Content/Assets/Sounds/Enemies/Goblin/Death/SFX_Goblin_Death_02.uasset" 4963
"../../../../../UnrealProjects/Aura2/Content/Assets/Sounds/Enemies/Goblin/Death/SFX_Goblin_Death_03.uasset" 4964
"../../../../../UnrealProjects/Aura2/Content/Assets/Enemies/Goblin/Materials/M_Goblin.uasset" 4965
"../../../../../UnrealProjects/Aura2/Content/Assets/Enemies/Goblin/PA_Goblin.uasset" 4966
"../../../../../UnrealProjects/Aura2/Content/Assets/Sounds/Enemies/Goblin/Hurt/SFX_Goblin_Hurt_01.uasset" 4967
"../../../../../UnrealProjects/Aura2/Content/Assets/Sounds/Enemies/Goblin/Hurt/SFX_Goblin_Hurt_02.uasset" 4968
"../../../../../UnrealProjects/Aura2/Content/Assets/Sounds/Enemies/Goblin/Hurt/SFX_Goblin_Hurt_03.uasset" 4969
"../../../../../UnrealProjects/Aura2/Content/Assets/Enemies/Goblin/Materials/Goblin_low_M_Goblin_BaseColor.uasset" 4970
"../../../../../UnrealProjects/Aura2/Content/Assets/Enemies/Goblin/Materials/Goblin_low_M_Goblin_Normal.uasset" 4971
"../../../../../UnrealProjects/Aura2/Content/Assets/Enemies/Goblin/Materials/Goblin_low_M_Goblin_OcclusionRoughnessMetallic.uasset" 4972
"../../../../../UnrealProjects/Aura2/Content/Assets/Enemies/Goblin/Slingshot/Centered/SKM_Slingshot.uasset" 4973
"/Engine/EditorResources/EmptyActor" 4974
"../../../Engine/Content/EditorResources/EmptyActor.uasset" 4975
"/Engine/EditorResources/LightIcons/S_LightError" 4976
"../../../Engine/Content/EditorResources/LightIcons/S_LightError.uasset" 4977
"/Game/Assets/Enemies/Shroom/Animations/AttackIdle" 4978
"../../../../../UnrealProjects/Aura2/Content/Assets/Enemies/Shroom/Mesh/SK_Shroom.uasset" 4979
"/Game/Assets/Enemies/Shroom/Materials/M_Shroom_Orange" 4980
"../../../../../UnrealProjects/Aura2/Content/Assets/Enemies/Shroom/Materials/Shroom_low_M_Shroom_BaseColor.uasset" 4981
"../../../../../UnrealProjects/Aura2/Content/Assets/Enemies/Shroom/Materials/Shroom_low_M_Shroom_Emissive.uasset" 4982
"../../../../../UnrealProjects/Aura2/Content/Assets/Enemies/Shroom/Materials/Shroom_low_M_Shroom_Normal.uasset" 4983
"../../../../../UnrealProjects/Aura2/Content/Assets/Enemies/Shroom/Materials/Shroom_low_M_Shroom_OcclusionRoughnessMetallic.uasset" 4984
"/Game/Assets/Enemies/Shroom/Materials/MI_Shroom_Green_Dissolve" 4985
"/Game/Assets/Enemies/Shroom/Materials/MI_Shroom_Dissolve" 4986
"D:/UnrealProjects/Aura2/Content/Blueprints/Character/Shroom/ABP_Shroom.uasset" 4987
"D:/UnrealProjects/Aura2/Content/Assets/Enemies/Shroom/Materials/M_Shroom.uasset" 4988
"D:/UnrealProjects/Aura2/Content/Assets/Enemies/Shroom/Mesh/PA_Shroom.uasset" 4989
"D:/UnrealProjects/Aura2/Content/Assets/Enemies/Shroom/Mesh/SKM_Shroom.uasset" 4990
"D:/UnrealProjects/Aura2/Content/Assets/Enemies/Shroom/Animations/HitReact.uasset" 4991
"D:/UnrealProjects/Aura2/Content/Assets/Enemies/Shroom/Animations/AM_HitReact_Shroom.uasset" 4992
"/Game/Assets/Enemies/Shroom/Animations/AM_Shroom_Attack_2" 4993
"D:/UnrealProjects/Aura2/Content/Assets/Enemies/Shroom/Animations/Shock.uasset" 4994
"D:/UnrealProjects/Aura2/Content/Assets/Enemies/Shroom/Animations/BS_Shroom.uasset" 4995
"D:/UnrealProjects/Aura2/Content/Assets/Enemies/Shroom/Animations/Idle.uasset" 4996
"D:/UnrealProjects/Aura2/Content/Blueprints/Character/Shroom/BP_Shroom_Green.uasset" 4997
"D:/UnrealProjects/Aura2/Content/Assets/Enemies/Shroom/Animations/Bounce.uasset" 4998
"D:/UnrealProjects/Aura2/Content/Blueprints/Actor/CheckPoint/BP_Beacon.uasset" 4999
"D:/UnrealProjects/Aura2/Content/Assets/Dungeon/SM_TilesetEdge_nobase_3.uasset" 5000
"D:/UnrealProjects/Aura2/Content/Assets/Dungeon/SM_TilesetEdge_nobase_2.uasset" 5001
"D:/UnrealProjects/Aura2/Content/Assets/Dungeon/SM_TilesetEdge_nobase_noblock.uasset" 5002
"D:/UnrealProjects/Aura2/Content/Assets/Dungeon/SM_Tile_2x4.uasset" 5003
"D:/UnrealProjects/Aura2/Content/Assets/Dungeon/Checkpoint/SM_Checkpoint.uasset" 5004
"D:/UnrealProjects/Aura2/Content/Blueprints/AbilitySystem/CheckPoint/GE_HealAllHPMP.uasset" 5005
"D:/UnrealProjects/Aura2/Content/Assets/MagicCircles/MI_MagicCircle_Blue.uasset" 5006
"D:/UnrealProjects/Aura2/Content/Blueprints/Actor/CheckPoint/BP_Checkpoint.uasset" 5007
"D:/UnrealProjects/Aura2/Content/Assets/Dungeon/Checkpoint/Material/Checkpoint_low_DefaultMaterial_BaseColor.uasset" 5008
"D:/UnrealProjects/Aura2/Content/Assets/Dungeon/Checkpoint/Material/Checkpoint_low_DefaultMaterial_Emissive.uasset" 5009
"D:/UnrealProjects/Aura2/Content/Assets/Dungeon/Checkpoint/Material/Checkpoint_low_DefaultMaterial_Normal.uasset" 5010
"D:/UnrealProjects/Aura2/Content/Assets/Dungeon/Checkpoint/Material/Checkpoint_low_DefaultMaterial_OcclusionRoughnessMetallic.uasset" 5011
"D:/UnrealProjects/Aura2/Content/Assets/Dungeon/Checkpoint/Material/MI_Checkpoint.uasset" 5012
"D:/UnrealProjects/Aura2/Content/Assets/Dungeon/SM_DungeonEntranceStair_.uasset" 5013
"D:/UnrealProjects/Aura2/Content/Assets/Dungeon/Checkpoint/Material/M_Checkpoint.uasset" 5014
"D:/UnrealProjects/Aura2/Content/Blueprints/Actor/CheckPoint/BP_MapEntrance.uasset" 5015
"D:/UnrealProjects/Aura2/Content/Assets/Enemies/Goblin/Animations/Spear/HitReact_Spear_cut.uasset" 5016
"D:/UnrealProjects/Aura2/Content/Assets/Enemies/Goblin/Animations/Spear/AM_HitReact_Spear_Montage.uasset" 5017
"/Game/Assets/Enemies/Goblin/Animations/Spear/AM_HitReact_Spear_Montage" 5018
"D:/UnrealProjects/Aura2/Content/Assets/Enemies/Goblin/Spear/Materials/M_SpearDissolve.uasset" 5019
"/Game/Blueprints/Actor/CheckPoint/BP_MapEntrance" 5020
"/Game/Assets/Dungeon/Checkpoint/Material/M_Checkpoint" 5021
"/Game/Blueprints/Actor/CheckPoint/BP_Beacon" 5022
"/Game/Assets/Dungeon/SM_Tile_2x4" 5023
"/Game/Assets/Dungeon/SM_TilesetEdge_nobase_noblock" 5024
"/Game/Assets/Dungeon/SM_TilesetEdge_nobase_2" 5025
"/Game/Assets/Dungeon/SM_TilesetEdge_nobase_3" 5026
"/Game/Blueprints/Character/Shroom/BP_Shroom_Green" 5027
"../../../../../UnrealProjects/Aura2/Content/Assets/Enemies/Shroom/Mesh/SKM_Shroom.uasset" 5028
"/Game/Blueprints/Character/Shroom/BP_Shroom" 5029
"/Game/Blueprints/Actor/CheckPoint/BP_Checkpoint" 5030
"D:/UnrealProjects/Aura2/Content/Assets/Enemies/Goblin/Spear/Materials/MI_Spear_Dissolve.uasset" 5031
"D:/UnrealProjects/Aura2/Content/Assets/Enemies/Goblin/Spear/Materials/Spear_low_M_Spear_BaseColor.uasset" 5032
"D:/UnrealProjects/Aura2/Content/Assets/Enemies/Goblin/Animations/Spear/Run_Spear_fix.uasset" 5033
"D:/UnrealProjects/Aura2/Content/Assets/Enemies/Goblin/Animations/Spear/Idle_Spear2.uasset" 5034
"D:/UnrealProjects/Aura2/Content/Assets/Enemies/Goblin/Spear/Materials/Spear_low_M_Spear_Normal.uasset" 5035
"D:/UnrealProjects/Aura2/Content/Assets/Enemies/Goblin/Spear/PA_GoblinSpear.uasset" 5036
"D:/UnrealProjects/Aura2/Content/Assets/Enemies/Goblin/Spear/SKM_Spear_Skeleton.uasset" 5037
"D:/UnrealProjects/Aura2/Content/Assets/Enemies/Goblin/Animations/Spear/Stun_Loop.uasset" 5038
"D:/UnrealProjects/Aura2/Content/Assets/Enemies/Goblin/Animations/Spear/BS_GoblinSpear_IdleRun.uasset" 5039
"D:/UnrealProjects/Aura2/Content/Assets/Enemies/Goblin/Spear/Materials/Spear_low_M_Spear_OcclusionRoughnessMetallic.uasset" 5040
"D:/UnrealProjects/Aura2/Content/Assets/Enemies/Goblin/Spear/Materials/M_Spear.uasset" 5041
"D:/UnrealProjects/Aura2/Content/Blueprints/Character/Goblin_Spear/ABP_Goblin_Spear.uasset" 5042
"D:/UnrealProjects/Aura2/Content/Blueprints/SpawnVolumes/BP_SpawnPoint.uasset" 5043
"D:/UnrealProjects/Aura2/Content/Assets/Effects/Cursor/M_Cursor_Yellow.uasset" 5044
"D:/UnrealProjects/Aura2/Content/Assets/Enemies/Goblin/Spear/SKM_Spear.uasset" 5045
"D:/UnrealProjects/Aura2/Content/Assets/Dungeon/SM_Block2x2x1.uasset" 5046
"D:/UnrealProjects/Aura2/Content/Blueprints/SpawnVolumes/BP_SpawnVolume.uasset" 5047
"D:/UnrealProjects/Aura2/Content/Maps/Dungeon.umap" 5048
"D:/UnrealProjects/Aura2/Content/Blueprints/Character/Goblin_Spear/BP_Goblin_Spear.uasset" 5049
"D:/UnrealProjects/Aura2/Content/Assets/Effects/Cursor/FX_Cursor_Tutorial.uasset" 5050
"D:/UnrealProjects/Aura2/Content/Assets/Dungeon/SM_Block2x3x1.uasset" 5051
"D:/UnrealProjects/Aura2/Content/Kobo_Dungeon/Meshes/SM-Gate-01-02.uasset" 5052
"D:/UnrealProjects/Aura2/Content/Kobo_Dungeon/Meshes/SM-Gate-01-01.uasset" 5053
"D:/UnrealProjects/Aura2/Content/Blueprints/Actor/FadeActor/FA_Block_3x1x2.uasset" 5054
"D:/UnrealProjects/Aura2/Content/Blueprints/Actor/FadeActor/FA_Gate_Frame.uasset" 5055
"D:/UnrealProjects/Aura2/Content/Blueprints/Actor/FadeActor/FA_Gate_Door.uasset" 5056
"D:/UnrealProjects/Aura2/Content/Blueprints/Game/BP_TutorialGameMode1.uasset" 5057
"D:/UnrealProjects/Aura2/Content/Blueprints/Character/Aura/BP_AuraCharacter_Tutorial.uasset" 5058
"D:/UnrealProjects/Aura2/Content/Blueprints/Actor/FadeActor/FA_Block_2x1x1.uasset" 5059
"D:/UnrealProjects/Aura2/Content/Kobo_Dungeon/Textures/T-Albedo/A-Gate-01-01.uasset" 5060
"/Game/Assets/Dungeon/SM_Block2x3x1" 5061
"/Game/Kobo_Dungeon/Textures/T-Albedo/A-Gate-01-01" 5062
"/Game/Blueprints/Game/BP_TutorialGameMode1" 5063
"/Game/Blueprints/Actor/FadeActor/FA_Block_2x1x1" 5064
"/Game/Maps/Dungeon" 5065
"../../../../../UnrealProjects/Aura2/Content/Assets/Enemies/Goblin/Spear/SKM_Spear.uasset" 5066
"../../../../../UnrealProjects/Aura2/Content/Maps/Dungeon.umap" 5067
"/Game/Blueprints/Actor/FadeActor/FA_Gate_Frame" 5068
"../../../../../UnrealProjects/Aura2/Content/Kobo_Dungeon/Materials/M-Instance/MI-Gate-01-01.uasset" 5069
"../../../../../UnrealProjects/Aura2/Content/Kobo_Dungeon/Textures/T-Normal/N-Gate-01-01.uasset" 5070
"/Game/Blueprints/Actor/FadeActor/FA_Gate_Door" 5071
"../../../../../UnrealProjects/Aura2/Content/Kobo_Dungeon/Materials/M-Instance/MI-Gate-01-02.uasset" 5072
"../../../../../UnrealProjects/Aura2/Content/Kobo_Dungeon/Textures/T-Albedo/A-Gate-01-02.uasset" 5073
"../../../../../UnrealProjects/Aura2/Content/Kobo_Dungeon/Textures/T-Normal/N-Gate-01-02.uasset" 5074
"/Game/Blueprints/Actor/FadeActor/FA_Block_3x1x2" 5075
"D:/UnrealProjects/Aura2/Content/Maps/Tutorial.umap" 5076
"D:/UnrealProjects/Aura2/Content/Assets/Sounds/Enemies/Ghoul/Death/sfx_GhoulDeath.uasset" 5077
"D:/UnrealProjects/Aura2/Content/Blueprints/AI/BehaviorTree/BT_Ghoul.uasset" 5078
"D:/UnrealProjects/Aura2/Content/Assets/Enemies/Ghoul/Materials/MI_Ghoul_Dissolve.uasset" 5079
"D:/UnrealProjects/Aura2/Content/Assets/Enemies/Ghoul/Animations/HitReact.uasset" 5080
"D:/UnrealProjects/Aura2/Content/Assets/Sounds/Enemies/Ghoul/Growl/SFX_Enemies_Ghoul_Attack_Vocal_01.uasset" 5081
"D:/UnrealProjects/Aura2/Content/Assets/Sounds/Enemies/Ghoul/Growl/SFX_Enemies_Ghoul_Attack_Vocal_02.uasset" 5082
"D:/UnrealProjects/Aura2/Content/Assets/Sounds/Enemies/Ghoul/Growl/SFX_Enemies_Ghoul_Attack_Vocal_04.uasset" 5083
"D:/UnrealProjects/Aura2/Content/Assets/Sounds/Enemies/Ghoul/Growl/SFX_Enemies_Ghoul_Attack_Vocal_03.uasset" 5084
"D:/UnrealProjects/Aura2/Content/Assets/Sounds/Enemies/Ghoul/Growl/sfx_GhoulGrowl.uasset" 5085
"D:/UnrealProjects/Aura2/Content/Assets/Enemies/Ghoul/Animations/AM_HitReact_Ghoul.uasset" 5086
"D:/UnrealProjects/Aura2/Content/Assets/Enemies/Ghoul/Animations/Attack_R.uasset" 5087
"D:/UnrealProjects/Aura2/Content/Assets/Enemies/Ghoul/Animations/AM_Ghoul_Attack_R.uasset" 5088
"D:/UnrealProjects/Aura2/Content/Assets/Effects/Shared/water_n.uasset" 5089
"D:/UnrealProjects/Aura2/Content/Assets/Effects/Combat/Trail/Materials/M_Refraction.uasset" 5090
"D:/UnrealProjects/Aura2/Content/Assets/Effects/Combat/Trail/Materials/MI_Refraction.uasset" 5091
"D:/UnrealProjects/Aura2/Content/Assets/Effects/Combat/Trail/NE_Refract.uasset" 5092
"../../../Engine/Plugins/FX/Niagara/Content/Modules/Ribbons/ScaleRibbonWidth.uasset" 5093
"D:/UnrealProjects/Aura2/Content/Assets/Effects/Combat/Trail/NS_CombatTrail.uasset" 5094
"D:/UnrealProjects/Aura2/Content/Assets/Enemies/Ghoul/Animations/Attack_L.uasset" 5095
"D:/UnrealProjects/Aura2/Content/Assets/Enemies/Ghoul/Animations/AM_Ghoul_Attack_L.uasset" 5096
"D:/UnrealProjects/Aura2/Content/Assets/Enemies/Ghoul/Materials/Ghoul_low_M_Ghoul_BaseColor.uasset" 5097
"D:/UnrealProjects/Aura2/Content/Assets/Enemies/Ghoul/Materials/Ghoul_low_M_Ghoul_Normal.uasset" 5098
"D:/UnrealProjects/Aura2/Content/Assets/Enemies/Ghoul/PA_Ghoul.uasset" 5099
"D:/UnrealProjects/Aura2/Content/Assets/Enemies/Ghoul/Materials/Ghoul_low_M_Ghoul_OcclusionRoughnessMetallic.uasset" 5100
"D:/UnrealProjects/Aura2/Content/Assets/Enemies/Ghoul/Materials/M_Ghoul.uasset" 5101
"D:/UnrealProjects/Aura2/Content/Assets/Enemies/Ghoul/SKM_Ghoul.uasset" 5102
"D:/UnrealProjects/Aura2/Content/Assets/Enemies/Ghoul/Animations/Stun.uasset" 5103
"D:/UnrealProjects/Aura2/Content/Assets/Enemies/Ghoul/Animations/ShockLoop.uasset" 5104
"D:/UnrealProjects/Aura2/Content/Assets/Enemies/Ghoul/Animations/Idle.uasset" 5105
"D:/UnrealProjects/Aura2/Content/Assets/Sounds/FootSteps/sfx_Footsteps_Deep.uasset" 5106
"D:/UnrealProjects/Aura2/Content/Assets/Enemies/Ghoul/Animations/Walk.uasset" 5107
"/Game/Assets/Enemies/Ghoul/SKM_Ghoul" 5108
"../../../../../UnrealProjects/Aura2/Content/Assets/Enemies/Ghoul/SK_Ghoul.uasset" 5109
"../../../../../UnrealProjects/Aura2/Content/Assets/Enemies/Ghoul/SKM_Ghoul.uasset" 5110
"/Game/Assets/Enemies/Ghoul/Animations/AM_Ghoul_Attack_L" 5111
"/Game/Assets/Enemies/Ghoul/Animations/AM_Ghoul_Attack_R" 5112
"/Game/Assets/Enemies/Ghoul/Animations/AM_HitReact_Ghoul" 5113
"/Game/Assets/Enemies/Ghoul/Materials/MI_Ghoul_Dissolve" 5114
"/Game/Assets/Sounds/Enemies/Ghoul/Death/sfx_GhoulDeath" 5115
"/Game/Blueprints/AI/BehaviorTree/BT_Ghoul" 5116
"/Game/Maps/Tutorial" 5117
"../../../../../UnrealProjects/Aura2/Content/Maps/Tutorial.umap" 5118
"/Game/Assets/Enemies/Ghoul/Animations/Walk" 5119
"/Game/Assets/Enemies/Ghoul/Animations/Idle" 5120
"/Game/Assets/Enemies/Ghoul/Animations/ShockLoop" 5121
"/Game/Assets/Enemies/Ghoul/Animations/Stun" 5122
"D:/UnrealProjects/Aura2/Content/Blueprints/Character/Ghoul/ABP_Ghoul.uasset" 5123
"D:/UnrealProjects/Aura2/Content/Blueprints/Character/Ghoul/BP_Ghoul.uasset" 5124
"D:/UnrealProjects/Aura2/Content/Maps/_GENERATED/Crat/Combined_3B99643E.uasset" 5125
"D:/UnrealProjects/Aura2/Content/Assets/Enemies/Ghoul/Animations/BS_IdleWalk.uasset" 5126
"D:/UnrealProjects/Aura2/Content/Assets/Dungeon/SM_Stair.uasset" 5127
"D:/UnrealProjects/Aura2/Content/Assets/Dungeon/SM_Tile_2x2.uasset" 5128
"D:/UnrealProjects/Aura2/Content/Assets/Dungeon/SM_TilesetEdge.uasset" 5129
"D:/UnrealProjects/Aura2/Content/Assets/Dungeon/SM_Tile_1x4_a.uasset" 5130
"D:/UnrealProjects/Aura2/Content/Assets/Dungeon/SM_Tile_4x4_c.uasset" 5131
"D:/UnrealProjects/Aura2/Content/Assets/Dungeon/SM_Tile_6x3.uasset" 5132
"D:/UnrealProjects/Aura2/Content/Kobo_Dungeon/FX/FX-BrazierEmbers-01.uasset" 5133
"D:/UnrealProjects/Aura2/Content/Blueprints/Actor/CheckPoint/BP_DungeonStair.uasset" 5134
"D:/UnrealProjects/Aura2/Content/Kobo_Dungeon/Materials/M-LightFunction/M-LightFlicker.uasset" 5135
"D:/UnrealProjects/Aura2/Content/Kobo_Dungeon/Materials/M-LightFunction/MI-LightFlicker-04.uasset" 5136
"D:/UnrealProjects/Aura2/Content/Kobo_Dungeon/Textures/T-Albedo/A-Brazier-01-01.uasset" 5137
"D:/UnrealProjects/Aura2/Content/Kobo_Dungeon/Textures/T-Normal/N-Brazier-01-01.uasset" 5138
"D:/UnrealProjects/Aura2/Content/Kobo_Dungeon/Materials/M-Instance/MI-Brazier-01-01.uasset" 5139
"D:/UnrealProjects/Aura2/Content/Kobo_Dungeon/Textures/T-Albedo/A-Brazier-01-02.uasset" 5140
"D:/UnrealProjects/Aura2/Content/Kobo_Dungeon/Meshes/SM-Brazier-01-01.uasset" 5141
"D:/UnrealProjects/Aura2/Content/Kobo_Dungeon/Textures/T-Normal/N-Brazier-01-02.uasset" 5142
"D:/UnrealProjects/Aura2/Content/Kobo_Dungeon/Materials/M-Instance/MI-Brazier-01-02.uasset" 5143
"D:/UnrealProjects/Aura2/Content/Kobo_Dungeon/Meshes/SM-Brazier-01-02.uasset" 5144
"D:/UnrealProjects/Aura2/Content/Kobo_Dungeon/Textures/T-Albedo/A-Log-01.uasset" 5145
"D:/UnrealProjects/Aura2/Content/Kobo_Dungeon/Blueprints/BP-Brazier-01.uasset" 5146
"D:/UnrealProjects/Aura2/Content/Kobo_Dungeon/Textures/T-Normal/N-Log-01.uasset" 5147
"D:/UnrealProjects/Aura2/Content/Kobo_Dungeon/Materials/M-Instance/MI-Log-01.uasset" 5148
"D:/UnrealProjects/Aura2/Content/Kobo_Dungeon/Meshes/SM-Log-01.uasset" 5149
"D:/UnrealProjects/Aura2/Content/Kobo_Dungeon/Textures/T-Albedo/A-Pillar-01.uasset" 5150
"D:/UnrealProjects/Aura2/Content/Kobo_Dungeon/Textures/T-Normal/N-Pillar-01.uasset" 5151
"D:/UnrealProjects/Aura2/Content/Kobo_Dungeon/Materials/M-Instance/MI-Pillar-01.uasset" 5152
"D:/UnrealProjects/Aura2/Content/Kobo_Dungeon/Meshes/SM-Pillar-01.uasset" 5153
"D:/UnrealProjects/Aura2/Content/Maps/Dungeon_3.umap" 5154
"/Game/Kobo_Dungeon/Blueprints/BP-Brazier-01" 5155
"/Game/Blueprints/Actor/CheckPoint/BP_DungeonStair" 5156
"/Game/Assets/Dungeon/SM_Tile_6x3" 5157
"/Game/Assets/Dungeon/SM_Tile_4x4_c" 5158
"/Game/Assets/Dungeon/SM_Tile_2x2" 5159
"/Game/Assets/Dungeon/SM_Tile_1x4_a" 5160
"/Game/Assets/Dungeon/SM_TilesetEdge" 5161
"/Game/Assets/Dungeon/SM_Stair" 5162
"/Game/Maps/_GENERATED/Crat/Combined_3B99643E" 5163
"/Game/Blueprints/Character/Ghoul/BP_Ghoul" 5164
"D:/UnrealProjects/Aura2/Content/Blueprints/AbilitySystem/Enemy/Effects/GE_PrimaryAttributes_Boss_Shaman.uasset" 5165
"D:/UnrealProjects/Aura2/Content/Assets/UI/HealthMana/Shaman_Render.uasset" 5166
"D:/UnrealProjects/Aura2/Content/Blueprints/AI/BehaviorTree/BB_Boss_Shaman_Blackboard.uasset" 5167
"D:/UnrealProjects/Aura2/Content/Blueprints/AbilitySystem/Enemy/Effects/GE_SecondaryAttributes_Boss_Shaman.uasset" 5168
"D:/UnrealProjects/Aura2/Content/Assets/Enemies/Shaman/Animations/AM_Shaman_Roar.uasset" 5169
"D:/UnrealProjects/Aura2/Content/Assets/Sounds/Enemies/Goblin/Hurt/sfx_Goblin_Roar.uasset" 5170
"D:/UnrealProjects/Aura2/Content/Assets/Sounds/Enemies/Goblin/Roar/Goblin_Roar.uasset" 5171
"D:/UnrealProjects/Aura2/Content/Assets/Enemies/Shaman/Animations/Shaman_Roar.uasset" 5172
"D:/UnrealProjects/Aura2/Content/Assets/UI/HealthMana/Shaman__1_.uasset" 5173
"/Game/Kobo_Dungeon/Meshes/SM-Pillar-01" 5174
"D:/UnrealProjects/Aura2/Content/Assets/Enemies/Shaman/Materials/M_Shaman_Rage.uasset" 5175
"D:/UnrealProjects/Aura2/Content/Assets/UI/HealthBar/Player/HealthBarFill_2.uasset" 5176
"D:/UnrealProjects/Aura2/Content/Assets/UI/HealthBar/Player/HealthBarFill.uasset" 5177
"D:/UnrealProjects/Aura2/Content/Assets/UI/HealthBar/Player/HealthBarBG_2.uasset" 5178
"D:/UnrealProjects/Aura2/Content/Assets/UI/HealthBar/Player/HealthBarBG.uasset" 5179
"D:/UnrealProjects/Aura2/Content/Blueprints/UI/ProgressBar/WBP_EnemyBoss_ProgressBar.uasset" 5180
"D:/UnrealProjects/Aura2/Content/Blueprints/UI/ProgressBar/WBP_EnemyBoss_HealthBar.uasset" 5181
"D:/UnrealProjects/Aura2/Content/Blueprints/AI/Services/BTS_UpdateBossHealthBar.uasset" 5182
"D:/UnrealProjects/Aura2/Content/Blueprints/AI/Tasks/BTT_Boss_ActiveAbility.uasset" 5183
"D:/UnrealProjects/Aura2/Content/Blueprints/AI/Tasks/BTT_Boss_Summon.uasset" 5184
"D:/UnrealProjects/Aura2/Content/Blueprints/AI/BehaviorTree/BT_Boss_Shaman.uasset" 5185
"D:/UnrealProjects/Aura2/Content/Assets/Enemies/Shaman/Animations/Shaman_Stun.uasset" 5186
"D:/UnrealProjects/Aura2/Content/Assets/Enemies/Shaman/Animations/Shaman_Idle.uasset" 5187
"D:/UnrealProjects/Aura2/Content/Assets/Enemies/Shaman/Animations/Shaman_ShockLoop.uasset" 5188
"/Game/Kobo_Dungeon/Meshes/SM-Log-01" 5189
"/Game/Maps/Dungeon_3" 5190
"../../../../../UnrealProjects/Aura2/Content/Maps/Dungeon_3.umap" 5191
"/Game/Assets/Enemies/Shaman/Animations/Shaman_Idle" 5192
"D:/UnrealProjects/Aura2/Content/Assets/Enemies/Shaman/PA_Shaman.uasset" 5193
"D:/UnrealProjects/Aura2/Content/Assets/Enemies/Shaman/Animations/BS_IdleWalk.uasset" 5194
"D:/UnrealProjects/Aura2/Content/Blueprints/Character/Goblin_Shaman/ABP_Shaman.uasset" 5195
"D:/UnrealProjects/Aura2/Content/Assets/Enemies/Shaman/Animations/Shaman_Walk.uasset" 5196
"D:/UnrealProjects/Aura2/Content/Assets/Enemies/Shaman/ShamanStaff/Materials/Staff_low_M_Staff_BaseColor.uasset" 5197
"D:/UnrealProjects/Aura2/Content/Assets/Enemies/Shaman/ShamanStaff/SM_ShamanStaff.uasset" 5198
"D:/UnrealProjects/Aura2/Content/Assets/Enemies/Shaman/SKM_Shaman.uasset" 5199
"D:/UnrealProjects/Aura2/Content/Assets/Enemies/Shaman/ShamanStaff/SKM_ShamanStaff.uasset" 5200
"D:/UnrealProjects/Aura2/Content/Assets/Enemies/Shaman/ShamanStaff/PA_ShamanStaff.uasset" 5201
"/Game/Assets/Enemies/Shaman/Animations/Shaman_ShockLoop" 5202
"/Game/Assets/Enemies/Shaman/Animations/Shaman_Stun" 5203
"/Game/Blueprints/AI/BehaviorTree/BT_Boss_Shaman" 5204
"../../../../../UnrealProjects/Aura2/Content/Blueprints/Character/Boss/BP_BossMonsterBase.uasset" 5205
"../../../../../UnrealProjects/Aura2/Content/Blueprints/AbilitySystem/Enemy/Effects/GE_KillInstant.uasset" 5206
"/Game/Assets/UI/HealthMana/Shaman__1_" 5207
"/Game/Assets/UI/HealthMana/Shaman_Render" 5208
"/Game/Blueprints/AbilitySystem/Enemy/Effects/GE_SecondaryAttributes_Boss_Shaman" 5209
"/Game/Blueprints/AbilitySystem/Enemy/Effects/GE_PrimaryAttributes_Boss_Shaman" 5210
"/Game/Assets/Enemies/Shaman/Animations/AM_Shaman_Roar" 5211
"/Game/Assets/Enemies/Shaman/Materials/M_Shaman_Rage" 5212
"../../../../../UnrealProjects/Aura2/Content/Assets/Enemies/Shaman/Materials/Shaman_low_M_Shaman_Body_BaseColor.uasset" 5213
"../../../../../UnrealProjects/Aura2/Content/Assets/Enemies/Shaman/Materials/Shaman_low_M_Shaman_Body_Normal.uasset" 5214
"../../../../../UnrealProjects/Aura2/Content/Assets/Enemies/Shaman/Materials/Shaman_low_M_Shaman_Body_OcclusionRoughnessMetallic.uasset" 5215
"../../../Engine/Content/EngineSounds/Submixes/MasterReverbEffectPreset.uasset" 5216
"D:/UnrealProjects/Aura2/Content/Assets/Enemies/Shaman/Materials/MI_Shaman_Dissolve.uasset" 5217
"D:/UnrealProjects/Aura2/Content/Assets/Dungeon/SM_Tile1x1_A.uasset" 5218
"/Game/Assets/Enemies/Shaman/ShamanStaff/Materials/Staff_low_M_Staff_BaseColor" 5219
"D:/UnrealProjects/Aura2/Content/Blueprints/Character/Boss/BP_Boss_Shaman.uasset" 5220
"D:/UnrealProjects/Aura2/Content/Assets/Enemies/Shaman/ShamanStaff/Materials/Staff_low_M_Staff_OcclusionRoughnessMetallic.uasset" 5221
"D:/UnrealProjects/Aura2/Content/Assets/Enemies/Shaman/ShamanStaff/Materials/MI_ShamanStaff_Dissolve.uasset" 5222
"D:/UnrealProjects/Aura2/Content/Assets/Enemies/Shaman/ShamanStaff/Materials/Staff_low_M_Staff_Normal.uasset" 5223
"D:/UnrealProjects/Aura2/Content/Assets/Enemies/Shaman/Materials/M_Shaman.uasset" 5224
"D:/UnrealProjects/Aura2/Content/Assets/Enemies/Shaman/ShamanStaff/Materials/M_Staff.uasset" 5225
"../../../Engine/Content/EngineSounds/Submixes/MasterEQEffectPreset.uasset" 5226
"D:/UnrealProjects/Aura2/Content/Maps/Dungeon_2.umap" 5227
"../../../Engine/Content/EngineSounds/Submixes/MasterEQSubmixDefault.uasset" 5228
"../../../Engine/Content/EngineSounds/Submixes/MasterSubmixDefault.uasset" 5229
"../../../Engine/Content/EngineSounds/Submixes/MasterReverbSubmixDefault.uasset" 5230
"../../../Engine/Content/Functions/Engine_MaterialFunctions03/Blends/Blend_Difference.uasset" 5231
"D:/UnrealProjects/Aura2/Content/Assets/Characters/Aura/Staff/Materials/M_Staff_Blue.uasset" 5232
"../../../Engine/Content/EngineMaterials/BlendFunc_DefBase.uasset" 5233
"../../../Engine/Content/EngineMaterials/BlendFunc_DefBlend.uasset" 5234
"/Game/Assets/Enemies/Shaman/ShamanStaff/SM_ShamanStaff" 5235
"D:/UnrealProjects/Aura2/Content/Assets/Characters/Aura/Staff/Staff_Icon2.uasset" 5236
"D:/UnrealProjects/Aura2/Content/Assets/Items/Boots/botines_mamen/StaticMeshes/Boots_001_Left.uasset" 5237
"D:/UnrealProjects/Aura2/Content/Assets/Items/Armors/Armor_001_Tex.uasset" 5238
"D:/UnrealProjects/Aura2/Content/Assets/Items/Boots/Boots_001_Texture.uasset" 5239
"D:/UnrealProjects/Aura2/Content/Assets/Items/Helmets/stylized_wizard_hat/Textures/stylized_wizard_hat_texture_3.uasset" 5240
"/Game/Assets/Enemies/Shaman/ShamanStaff/PA_ShamanStaff" 5241
"/Game/Assets/Enemies/Shaman/PA_Shaman" 5242
"/Game/Blueprints/Character/Goblin_Shaman/ABP_Shaman" 5243
"/Game/Assets/Enemies/Shaman/ShamanStaff/SKM_ShamanStaff" 5244
"D:/UnrealProjects/Aura2/Content/Assets/Items/Helmets/stylized_wizard_hat/Textures/stylized_wizard_hat_texture_2.uasset" 5245
"D:/UnrealProjects/Aura2/Content/Assets/Items/Helmets/Helmet_001.uasset" 5246
"D:/UnrealProjects/Aura2/Content/Assets/Items/Helmets/Helmet_001_Texture.uasset" 5247
"D:/UnrealProjects/Aura2/Content/Assets/Items/Helmets/stylized_wizard_hat/Materials/initialShadingGroup.uasset" 5248
"D:/UnrealProjects/Aura2/Content/Assets/Items/Helmets/stylized_wizard_hat/Textures/stylized_wizard_hat_texture_1.uasset" 5249
"../../../Engine/Plugins/Interchange/Assets/Content/gltf/MaterialFunctions/MF_Clearcoat.uasset" 5250
"D:/UnrealProjects/Aura2/Content/Assets/Items/Helmets/stylized_wizard_hat/Textures/stylized_wizard_hat_texture_0.uasset" 5251
"../../../../../UnrealProjects/Aura2/Content/Assets/Enemies/Shaman/ShamanStaff/SKM_ShamanStaff.uasset" 5252
"/Game/Assets/Enemies/Shaman/SKM_Shaman" 5253
"../../../../../UnrealProjects/Aura2/Content/Assets/Enemies/Shaman/SKM_Shaman.uasset" 5254
"/Game/Assets/Characters/Aura/Staff/Materials/M_Staff_Blue" 5255
"/Engine/EngineSounds/Submixes/MasterReverbSubmixDefault" 5256
"/Game/Maps/Dungeon_2" 5257
"../../../../../UnrealProjects/Aura2/Content/Maps/Dungeon_2.umap" 5258
"/Game/Assets/Items/Helmets/stylized_wizard_hat/Textures/stylized_wizard_hat_texture_3" 5259
"/Game/Assets/Items/Boots/Boots_001_Texture" 5260
"/Game/Assets/Items/Armors/Armor_001_Tex" 5261
"/Game/Assets/Items/Boots/botines_mamen/StaticMeshes/Boots_001_Left" 5262
"../../../../../UnrealProjects/Aura2/Content/Assets/Items/Boots/botines_mamen/Materials/textured_0.uasset" 5263
"../../../../../UnrealProjects/Aura2/Content/Assets/Items/Boots/botines_mamen/Textures/botines_mamen_texture_0.uasset" 5264
"../../../../../UnrealProjects/Aura2/Content/Assets/Items/Boots/botines_mamen/Textures/botines_mamen_texture_1.uasset" 5265
"../../../../../UnrealProjects/Aura2/Content/Assets/Items/Boots/botines_mamen/Textures/botines_mamen_texture_2.uasset" 5266
"../../../../../UnrealProjects/Aura2/Content/Assets/Items/Boots/botines_mamen/Textures/botines_mamen_texture_3.uasset" 5267
"/Game/Assets/Characters/Aura/Staff/Staff_Icon2" 5268
"../../../Engine/Plugins/Interchange/Assets/Content/Utilities/New_LUT.uasset" 5269
"../../../Engine/Plugins/Interchange/Assets/Content/gltf/M_ClearCoat.uasset" 5270
"D:/UnrealProjects/Aura2/Content/Assets/Items/Helmets/Helmet_002_A7B01E8A.uasset" 5271
"D:/UnrealProjects/Aura2/Content/Assets/Items/Helmets/phoenix_rising_linker_helmet/Materials/ValkyrieSpear.uasset" 5272
"../../../Engine/Plugins/Interchange/Assets/Content/gltf/MaterialBodies/MF_ClearCoat_Body.uasset" 5273
"/InterchangeAssets/gltf/MaterialFunctions/MF_Clearcoat" 5274
"D:/UnrealProjects/Aura2/Content/Assets/Items/Helmets/Helmet_002_Texture.uasset" 5275
"../../../Engine/Plugins/Interchange/Assets/Content/gltf/MaterialInstances/MI_ClearCoat_Opaque_DS.uasset" 5276
"D:/UnrealProjects/Aura2/Content/Blueprints/AbilitySystem/SharedGameplayEffects/GE_GiveStatForItem_Boots1.uasset" 5277
"D:/UnrealProjects/Aura2/Content/Assets/Items/Roots/Goblin_Teeth.uasset" 5278
"../../../Engine/Plugins/Interchange/Assets/Content/Functions/MF_Iridescence.uasset" 5279
"D:/UnrealProjects/Aura2/Content/Maps/_GENERATED/Crat/Boots_001_D8893E2F.uasset" 5280
"D:/UnrealProjects/Aura2/Content/Assets/Items/Boots/botines_mamen/StaticMeshes/Boots_001_Right.uasset" 5281
"D:/UnrealProjects/Aura2/Content/Assets/Items/Armors/gold_armor/Textures/gold_armor_texture_1.uasset" 5282
"D:/UnrealProjects/Aura2/Content/Blueprints/AbilitySystem/SharedGameplayEffects/GE_GiveStatForItem_Charm.uasset" 5283
"D:/UnrealProjects/Aura2/Content/Assets/Items/Armors/gold_armor/Textures/gold_armor_texture_0.uasset" 5284
"D:/UnrealProjects/Aura2/Content/Blueprints/AbilitySystem/SharedGameplayEffects/GE_GiveStatForItem_Helmet1.uasset" 5285
"D:/UnrealProjects/Aura2/Content/Assets/Items/Armors/gold_armor/Materials/wire_143224087.uasset" 5286
"D:/UnrealProjects/Aura2/Content/Assets/Items/Armors/gold_armor/StaticMeshes/gold_armor.uasset" 5287
"D:/UnrealProjects/Aura2/Content/Assets/Characters/Aura/Staff/SM_Staff.uasset" 5288
"D:/UnrealProjects/Aura2/Content/Assets/Items/2x2.uasset" 5289
"D:/UnrealProjects/Aura2/Content/Blueprints/AbilitySystem/Data/DT_ItemData.uasset" 5290
"D:/UnrealProjects/Aura2/Content/Blueprints/AbilitySystem/Data/DA_ItemInfo.uasset" 5291
"D:/UnrealProjects/Aura2/Content/Blueprints/Game/BP_AuraGameInstance.uasset" 5292
"D:/UnrealProjects/Aura2/Content/Blueprints/UI/HUD/BP_MainMenuHUD.uasset" 5293
"D:/UnrealProjects/Aura2/Content/Blueprints/AbilitySystem/SharedGameplayEffects/GE_GiveStatForItem_Weapon1.uasset" 5294
"/Game/Assets/Items/Helmets/Helmet_001_Texture" 5295
"/Game/Assets/Items/Helmets/Helmet_001" 5296
"D:/UnrealProjects/Aura2/Content/Blueprints/Game/BP_MainMenuGameMode.uasset" 5297
"D:/UnrealProjects/Aura2/Content/Blueprints/UI/MainMenu/WBP_MainMenu.uasset" 5298
"D:/UnrealProjects/Aura2/Content/Assets/Characters/Aura/Animations/AuraPose.uasset" 5299
"D:/UnrealProjects/Aura2/Content/Assets/MagicCircles/M_MagicCircle_MainMenu.uasset" 5300
"D:/UnrealProjects/Aura2/Content/Assets/Effects/Projectiles/FireBolt/NS_Fire_4.uasset" 5301
"D:/UnrealProjects/Aura2/Content/Assets/Sounds/Music/Music_MainMenu.uasset" 5302
"D:/UnrealProjects/Aura2/Content/Blueprints/MainMenu/WBP_Title.uasset" 5303
"/Game/Assets/Characters/Aura/Staff/SM_Staff" 5304
"/Game/Blueprints/Game/BP_AuraGameInstance" 5305
"/Game/Blueprints/UI/MainMenu/WBP_MainMenu" 5306
"/Game/Blueprints/Game/BP_MainMenuGameMode" 5307
"D:/UnrealProjects/Aura2/Content/Blueprints/MainMenu/BP_Aura_MainMenu.uasset" 5308
"/Game/Blueprints/MainMenu/WBP_Title" 5309
"D:/UnrealProjects/Aura2/Content/Maps/MainMenu.umap" 5310
"../../../Engine/Plugins/Interchange/Assets/Content/gltf/MaterialInstances/MI_ClearCoat_Opaque.uasset" 5311
"../../../Engine/Plugins/Interchange/Assets/Content/gltf/MaterialInstances/MI_ClearCoat_Mask.uasset" 5312
"../../../Engine/Plugins/Interchange/Assets/Content/gltf/MaterialInstances/MI_ClearCoat_Blend_DS.uasset" 5313
"../../../Engine/Plugins/Interchange/Assets/Content/gltf/MaterialInstances/MI_Default_Opaque.uasset" 5314
"../../../Engine/Plugins/Interchange/Assets/Content/gltf/MaterialInstances/MI_ClearCoat_Mask_DS.uasset" 5315
"../../../Engine/Plugins/Interchange/Assets/Content/gltf/MaterialInstances/MI_ClearCoat_Blend.uasset" 5316
"../../../Engine/Plugins/Interchange/Assets/Content/gltf/MaterialInstances/MI_Default_Blend.uasset" 5317
"../../../Engine/Plugins/Interchange/Assets/Content/gltf/MaterialInstances/MI_Default_Mask.uasset" 5318
"../../../Engine/Plugins/Interchange/Assets/Content/gltf/MaterialInstances/MI_Default_Mask_DS.uasset" 5319
"../../../Engine/Plugins/Interchange/Assets/Content/gltf/MaterialInstances/MI_Default_Blend_DS.uasset" 5320
"../../../Engine/Plugins/Interchange/Assets/Content/gltf/MaterialFunctions/MF_Sheen.uasset" 5321
"../../../Engine/Plugins/Interchange/Assets/Content/gltf/MaterialBodies/MF_Sheen_Body.uasset" 5322
"../../../Engine/Plugins/Interchange/Assets/Content/gltf/M_Sheen.uasset" 5323
"../../../Engine/Plugins/Interchange/Assets/Content/gltf/MaterialFunctions/MF_Transmission.uasset" 5324
"../../../Engine/Plugins/Interchange/Assets/Content/gltf/MaterialInstances/MI_Sheen_Mask.uasset" 5325
"../../../Engine/Plugins/Interchange/Assets/Content/gltf/MaterialFunctions/MF_Temporal_Blur.uasset" 5326
"../../../Engine/Plugins/Interchange/Assets/Content/gltf/MaterialInstances/MI_Sheen_Opaque.uasset" 5327
"../../../Engine/Plugins/Interchange/Assets/Content/gltf/MaterialInstances/MI_Sheen_Blend.uasset" 5328
"../../../Engine/Plugins/Interchange/Assets/Content/gltf/MaterialInstances/MI_Sheen_Opaque_DS.uasset" 5329
"../../../Engine/Plugins/Interchange/Assets/Content/gltf/MaterialInstances/MI_Sheen_Blend_DS.uasset" 5330
"../../../Engine/Plugins/Interchange/Assets/Content/gltf/MaterialInstances/MI_Sheen_Mask_DS.uasset" 5331
"../../../Engine/Plugins/Interchange/Assets/Content/gltf/MaterialFunctions/MF_Fresnel_DS.uasset" 5332
"../../../Engine/Plugins/Interchange/Assets/Content/gltf/MaterialBodies/MF_Transmission_Body.uasset" 5333
"../../../Engine/Plugins/Interchange/Assets/Content/gltf/M_Transmission.uasset" 5334
"/Game/Assets/MagicCircles/M_MagicCircle_MainMenu" 5335
"/Game/Assets/Characters/Aura/Animations/AuraPose" 5336
"/Game/Assets/Effects/Projectiles/FireBolt/NS_Fire_4" 5337
"/Game/Assets/Sounds/Music/Music_MainMenu" 5338
"/InterchangeAssets/gltf/M_Transmission" 5339
"../../../Engine/Plugins/Interchange/Assets/Content/gltf/MaterialFunctions/MF_SpecGlossToMetalRoughness.uasset" 5340
"../../../Engine/Plugins/Interchange/Assets/Content/gltf/MaterialFunctions/MF_DiffuseSpecGloss.uasset" 5341
"../../../Engine/Plugins/Interchange/Assets/Content/gltf/MaterialFunctions/MF_PerceivedBrightness.uasset" 5342
"../../../Engine/Plugins/Interchange/Assets/Content/gltf/MaterialInstances/MI_Transmission.uasset" 5343
"../../../Engine/Plugins/Interchange/Assets/Content/gltf/MaterialFunctions/MF_MaxComponentValue.uasset" 5344
"../../../Engine/Plugins/Interchange/Assets/Content/gltf/MaterialInstances/MI_Transmission_DS.uasset" 5345
"/InterchangeAssets/gltf/MaterialInstances/MI_Sheen_Blend_DS" 5346
"/InterchangeAssets/gltf/MaterialInstances/MI_Sheen_Mask_DS" 5347
"/InterchangeAssets/gltf/MaterialInstances/MI_Sheen_Opaque_DS" 5348
"/InterchangeAssets/gltf/MaterialInstances/MI_Sheen_Blend" 5349
"/InterchangeAssets/gltf/MaterialInstances/MI_Sheen_Mask" 5350
"/InterchangeAssets/gltf/MaterialInstances/MI_Sheen_Opaque" 5351
"/InterchangeAssets/gltf/MaterialInstances/MI_Default_Blend_DS" 5352
"/InterchangeAssets/gltf/MaterialInstances/MI_Default_Mask_DS" 5353
"/InterchangeAssets/gltf/MaterialInstances/MI_Default_Blend" 5354
"/InterchangeAssets/gltf/MaterialInstances/MI_Default_Mask" 5355
"/InterchangeAssets/gltf/MaterialInstances/MI_Default_Opaque" 5356
"/InterchangeAssets/gltf/MaterialInstances/MI_ClearCoat_Blend_DS" 5357
"/InterchangeAssets/gltf/MaterialInstances/MI_ClearCoat_Mask_DS" 5358
"/InterchangeAssets/gltf/MaterialInstances/MI_ClearCoat_Blend" 5359
"/InterchangeAssets/gltf/MaterialInstances/MI_ClearCoat_Mask" 5360
"/InterchangeAssets/gltf/MaterialInstances/MI_ClearCoat_Opaque" 5361
"/Game/Maps/MainMenu" 5362
"../../../../../UnrealProjects/Aura2/Content/Maps/MainMenu.umap" 5363
"../../../Engine/Content/Functions/Engine_MaterialFunctions02/Math/AddComponents.uasset" 5364
"../../../Engine/Plugins/Interchange/Assets/Content/gltf/MaterialBodies/MF_SpecularGlossiness_Body.uasset" 5365
"../../../Engine/Plugins/Interchange/Assets/Content/gltf/M_SpecularGlossiness.uasset" 5366
"../../../Engine/Plugins/Interchange/Assets/Content/gltf/MaterialInstances/MI_SpecularGlossiness_Opaque.uasset" 5367
"../../../Engine/Plugins/Interchange/Assets/Content/gltf/MaterialInstances/MI_SpecularGlossiness_Blend.uasset" 5368
"../../../Engine/Plugins/Interchange/Assets/Content/gltf/MaterialInstances/MI_SpecularGlossiness_Mask_DS.uasset" 5369
"../../../Engine/Plugins/Interchange/Assets/Content/gltf/MaterialInstances/MI_SpecularGlossiness_Opaque_DS.uasset" 5370
"../../../Engine/Plugins/Interchange/Assets/Content/gltf/MaterialInstances/MI_SpecularGlossiness_Mask.uasset" 5371
"../../../Engine/Plugins/Interchange/Assets/Content/gltf/MaterialInstances/MI_SpecularGlossiness_Blend_DS.uasset" 5372
"/InterchangeAssets/gltf/MaterialFunctions/MF_DiffuseSpecGloss" 5373
"/InterchangeAssets/gltf/MaterialFunctions/MF_MaxComponentValue" 5374
"/InterchangeAssets/gltf/MaterialInstances/MI_Transmission_DS" 5375
"/InterchangeAssets/gltf/MaterialInstances/MI_Transmission" 5376
"/InterchangeAssets/gltf/MaterialFunctions/MF_SpecGlossToMetalRoughness" 5377
"/InterchangeAssets/gltf/MaterialInstances/MI_SpecularGlossiness_Blend_DS" 5378
"/InterchangeAssets/gltf/MaterialInstances/MI_SpecularGlossiness_Mask_DS" 5379
"/InterchangeAssets/gltf/MaterialInstances/MI_SpecularGlossiness_Opaque_DS" 5380
"/InterchangeAssets/gltf/MaterialInstances/MI_SpecularGlossiness_Blend" 5381
"/InterchangeAssets/gltf/MaterialInstances/MI_SpecularGlossiness_Mask" 5382
"/InterchangeAssets/gltf/MaterialInstances/MI_SpecularGlossiness_Opaque" 5383
"../../../Engine/Content/Functions/Substrate/MF_SchlickInternal.uasset" 5384
"../../../Engine/Plugins/Interchange/Assets/Content/gltf/MaterialBodies/MF_Unlit_Body.uasset" 5385
"../../../Engine/Plugins/Interchange/Assets/Content/gltf/MaterialInstances/MI_Unlit_Opaque.uasset" 5386
"../../../Engine/Plugins/Interchange/Assets/Content/gltf/M_Unlit.uasset" 5387
"../../../Engine/Plugins/Interchange/Assets/Content/Functions/MF_OrenNayerView.uasset" 5388
"../../../Engine/Content/Functions/Engine_MaterialFunctions01/Volumetrics/BeersLaw.uasset" 5389
"../../../Engine/Plugins/Interchange/Assets/Content/Functions/MX_TransmissionSurface.uasset" 5390
"../../../Engine/Plugins/Interchange/Assets/Content/Functions/MX_Transmission.uasset" 5391
"../../../Engine/Plugins/Interchange/Assets/Content/Functions/MX_StandardSurface.uasset" 5392
"../../../Engine/Plugins/Interchange/Assets/Content/Functions/MX_OpenPBR_Translucent.uasset" 5393
"../../../Engine/Plugins/Interchange/Assets/Content/gltf/MaterialInstances/MI_Unlit_Mask.uasset" 5394
"../../../Engine/Plugins/Interchange/Assets/Content/gltf/MaterialInstances/MI_Unlit_Blend.uasset" 5395
"../../../Engine/Plugins/Interchange/Assets/Content/gltf/MaterialInstances/MI_Unlit_Opaque_DS.uasset" 5396
"../../../Engine/Plugins/Interchange/Assets/Content/gltf/MaterialInstances/MI_Unlit_Mask_DS.uasset" 5397
"../../../Engine/Plugins/Interchange/Assets/Content/gltf/MaterialInstances/MI_Unlit_Blend_DS.uasset" 5398
"/InterchangeAssets/gltf/MaterialInstances/MI_Unlit_Blend_DS" 5399
"/InterchangeAssets/gltf/MaterialInstances/MI_Unlit_Mask_DS" 5400
"/InterchangeAssets/gltf/MaterialInstances/MI_Unlit_Mask" 5401
"/InterchangeAssets/gltf/MaterialInstances/MI_Unlit_Opaque" 5402
"/InterchangeAssets/gltf/MaterialInstances/MI_Unlit_Opaque_DS" 5403
"/InterchangeAssets/gltf/MaterialInstances/MI_Unlit_Blend" 5404
"/InterchangeAssets/Functions/MX_OpenPBR_Translucent" 5405
"../../../Engine/Plugins/Interchange/Assets/Content/Functions/MX_OpenPBR_Opaque.uasset" 5406
"/InterchangeAssets/Functions/MX_OpenPBR_Opaque" 5407
"../../../Engine/Plugins/Animation/ControlRig/Content/Controls/ControlRig_Arrow2_3mm.uasset" 5408
"../../../Engine/Plugins/Animation/ControlRig/Content/Controls/ControlRig_Arrow2_solid.uasset" 5409
"../../../Engine/Plugins/Animation/ControlRig/Content/Controls/ControlRig_Sphere_solid.uasset" 5410
"../../../Engine/Plugins/Animation/ControlRig/Content/Controls/ControlRig_Arrow2_1mm.uasset" 5411
"../../../Engine/Plugins/Animation/ControlRig/Content/Controls/ControlRig_Arrow4_3mm.uasset" 5412
"../../../Engine/Plugins/Animation/ControlRig/Content/Controls/ControlRig_Arrow4_1mm.uasset" 5413
"../../../Engine/Plugins/Animation/ControlRig/Content/Controls/ControlRig_Arrow_3mm.uasset" 5414
"../../../Engine/Plugins/Animation/ControlRig/Content/Controls/ControlRig_Arrow_1mm.uasset" 5415
"../../../Engine/Plugins/Animation/ControlRig/Content/Controls/ControlRig_Arrow4_solid.uasset" 5416
"../../../Engine/Plugins/Animation/ControlRig/Content/Controls/ControlRig_Arrow_solid.uasset" 5417
"../../../Engine/Plugins/Animation/ControlRig/Content/Controls/ControlRig_Box_3mm.uasset" 5418
"../../../Engine/Plugins/Animation/ControlRig/Content/Controls/ControlRig_Box_1mm.uasset" 5419
"../../../Engine/Plugins/Animation/ControlRig/Content/Controls/ControlRig_Box_solid.uasset" 5420
"../../../Engine/Plugins/Animation/ControlRig/Content/Controls/ControlRig_Circle_1mm.uasset" 5421
"../../../Engine/Plugins/Animation/ControlRig/Content/Controls/ControlRig_Circle_3mm.uasset" 5422
"../../../Engine/Plugins/Animation/ControlRig/Content/Controls/ControlRig_Circle_solid.uasset" 5423
"../../../Engine/Plugins/Animation/ControlRig/Content/Controls/ControlRig_Diamond_1mm.uasset" 5424
"../../../Engine/Plugins/Animation/ControlRig/Content/Controls/ControlRig_Diamond_3mm.uasset" 5425
"../../../Engine/Plugins/Animation/ControlRig/Content/Controls/ControlRig_Diamond_solid.uasset" 5426
"../../../Engine/Plugins/Animation/ControlRig/Content/Controls/ControlRig_HalfCircle_1mm.uasset" 5427
"../../../Engine/Plugins/Animation/ControlRig/Content/Controls/ControlRig_HalfCircle_3mm.uasset" 5428
"../../../Engine/Plugins/Animation/ControlRig/Content/Controls/ControlRig_Hexagon_1mm.uasset" 5429
"../../../Engine/Plugins/Animation/ControlRig/Content/Controls/ControlRig_HalfCircle_solid.uasset" 5430
"../../../Engine/Plugins/Animation/ControlRig/Content/Controls/ControlRig_Hexagon_3mm.uasset" 5431
"/ControlRig/Controls/ControlRig_Circle_1mm" 5432
"/ControlRig/Controls/ControlRig_Hexagon_3mm" 5433
"/ControlRig/Controls/ControlRig_Hexagon_1mm" 5434
"/ControlRig/Controls/ControlRig_HalfCircle_solid" 5435
"/ControlRig/Controls/ControlRig_Box_solid" 5436
"/ControlRig/Controls/ControlRig_HalfCircle_3mm" 5437
"/ControlRig/Controls/ControlRig_HalfCircle_1mm" 5438
"/ControlRig/Controls/ControlRig_Box_3mm" 5439
"/ControlRig/Controls/ControlRig_Box_1mm" 5440
"/ControlRig/Controls/ControlRig_Diamond_solid" 5441
"/ControlRig/Controls/ControlRig_Diamond_3mm" 5442
"/ControlRig/Controls/ControlRig_Diamond_1mm" 5443
"/ControlRig/Controls/ControlRig_Arrow_solid" 5444
"/ControlRig/Controls/ControlRig_Arrow_3mm" 5445
"/ControlRig/Controls/ControlRig_Circle_solid" 5446
"/ControlRig/Controls/ControlRig_Circle_3mm" 5447
"/ControlRig/Controls/ControlRig_Arrow_1mm" 5448
"/ControlRig/Controls/ControlRig_Arrow4_solid" 5449
"/ControlRig/Controls/ControlRig_Arrow4_3mm" 5450
"/ControlRig/Controls/ControlRig_Arrow4_1mm" 5451
"/ControlRig/Controls/ControlRig_Arrow2_solid" 5452
"/ControlRig/Controls/ControlRig_Arrow2_3mm" 5453
"/ControlRig/Controls/ControlRig_Arrow2_1mm" 5454
"/ControlRig/Controls/ControlRig_Sphere_solid" 5455
"../../../Engine/Plugins/Animation/ControlRig/Content/Controls/ControlRig_Pyramid_1mm.uasset" 5456
"../../../Engine/Plugins/Animation/ControlRig/Content/Controls/ControlRig_Octagon_3mm.uasset" 5457
"../../../Engine/Plugins/Animation/ControlRig/Content/Controls/ControlRig_Octagon_1mm.uasset" 5458
"../../../Engine/Plugins/Animation/ControlRig/Content/Controls/ControlRig_Octagon_solid.uasset" 5459
"../../../Engine/Plugins/Animation/ControlRig/Content/Controls/ControlRig_QuarterCircle_3mm.uasset" 5460
"../../../Engine/Plugins/Animation/ControlRig/Content/Controls/ControlRig_Hexagon_solid.uasset" 5461
"../../../Engine/Plugins/Animation/ControlRig/Content/Controls/ControlRig_Pyramid_3mm.uasset" 5462
"../../../Engine/Plugins/Animation/ControlRig/Content/Controls/ControlRig_QuarterCircle_1mm.uasset" 5463
"../../../Engine/Plugins/Animation/ControlRig/Content/Controls/ControlRig_Pyramid_solid.uasset" 5464
"../../../Engine/Plugins/Animation/ControlRig/Content/Controls/ControlRig_QuarterCircle_solid.uasset" 5465
"../../../Engine/Plugins/Animation/ControlRig/Content/Controls/ControlRig_RoundedSquare_1mm.uasset" 5466
"../../../Engine/Plugins/Animation/ControlRig/Content/Controls/ControlRig_RoundedSquare_3mm.uasset" 5467
"../../../Engine/Plugins/Animation/ControlRig/Content/Controls/ControlRig_RoundedTriangle_1mm.uasset" 5468
"../../../Engine/Plugins/Animation/ControlRig/Content/Controls/ControlRig_RoundedSquare_solid.uasset" 5469
"../../../Engine/Plugins/Animation/ControlRig/Content/Controls/ControlRig_RoundedTriangle_3mm.uasset" 5470
"../../../Engine/Plugins/Animation/ControlRig/Content/Controls/ControlRig_RoundedTriangle_solid.uasset" 5471
"../../../Engine/Plugins/Animation/ControlRig/Content/Controls/ControlRig_Sphere_1mm.uasset" 5472
"../../../Engine/Plugins/Animation/ControlRig/Content/Controls/ControlRig_Sphere_3mm.uasset" 5473
"../../../Engine/Plugins/Animation/ControlRig/Content/Controls/ControlRig_Square_1mm.uasset" 5474
"../../../Engine/Plugins/Animation/ControlRig/Content/Controls/ControlRig_Square_solid.uasset" 5475
"../../../Engine/Plugins/Animation/ControlRig/Content/Controls/ControlRig_Square_3mm.uasset" 5476
"../../../Engine/Plugins/Animation/ControlRig/Content/Controls/ControlRig_Star4_1mm.uasset" 5477
"../../../Engine/Plugins/Animation/ControlRig/Content/Controls/ControlRig_Star4_solid.uasset" 5478
"../../../Engine/Plugins/Animation/ControlRig/Content/Controls/ControlRig_Triangle_1mm.uasset" 5479
"../../../Engine/Plugins/Animation/ControlRig/Content/Controls/ControlRig_Star4_3mm.uasset" 5480
"../../../Engine/Plugins/Animation/ControlRig/Content/Controls/ControlRig_Triangle_3mm.uasset" 5481
"../../../Engine/Plugins/Animation/ControlRig/Content/Controls/ControlRig_Triangle_solid.uasset" 5482
"../../../Engine/Plugins/Animation/ControlRig/Content/Controls/ControlRig_Wedge_3mm.uasset" 5483
"../../../Engine/Plugins/Animation/ControlRig/Content/Controls/ControlRig_Wedge_1mm.uasset" 5484
"../../../Engine/Plugins/Animation/ControlRig/Content/Controls/ControlRig_Wedge_solid.uasset" 5485
"../../../Engine/Content/Maps/Entry_BuiltData.uasset" 5486
"../../../Engine/Content/Maps/Entry.umap" 5487
"/ControlRig/Controls/ControlRig_Star4_solid" 5488
"/Engine/Maps/Entry" 5489
"/ControlRig/Controls/ControlRig_Wedge_solid" 5490
"/ControlRig/Controls/ControlRig_Wedge_3mm" 5491
"/ControlRig/Controls/ControlRig_Wedge_1mm" 5492
"/ControlRig/Controls/ControlRig_Triangle_solid" 5493
"/ControlRig/Controls/ControlRig_Triangle_3mm" 5494
"/ControlRig/Controls/ControlRig_Star4_3mm" 5495
"/ControlRig/Controls/ControlRig_Star4_1mm" 5496
"/ControlRig/Controls/ControlRig_Square_solid" 5497
"/ControlRig/Controls/ControlRig_Square_3mm" 5498
"/ControlRig/Controls/ControlRig_Square_1mm" 5499
"/ControlRig/Controls/ControlRig_Sphere_3mm" 5500
"/ControlRig/Controls/ControlRig_Sphere_1mm" 5501
"/ControlRig/Controls/ControlRig_RoundedTriangle_solid" 5502
"/ControlRig/Controls/ControlRig_RoundedTriangle_3mm" 5503
"/ControlRig/Controls/ControlRig_RoundedTriangle_1mm" 5504
"/ControlRig/Controls/ControlRig_RoundedSquare_solid" 5505
"/ControlRig/Controls/ControlRig_RoundedSquare_3mm" 5506
"/ControlRig/Controls/ControlRig_RoundedSquare_1mm" 5507
"/ControlRig/Controls/ControlRig_QuarterCircle_solid" 5508
"/ControlRig/Controls/ControlRig_QuarterCircle_3mm" 5509
"/ControlRig/Controls/ControlRig_QuarterCircle_1mm" 5510
"/ControlRig/Controls/ControlRig_Pyramid_solid" 5511
"/ControlRig/Controls/ControlRig_Pyramid_3mm" 5512
"/ControlRig/Controls/ControlRig_Pyramid_1mm" 5513
"/ControlRig/Controls/ControlRig_Octagon_solid" 5514
"/ControlRig/Controls/ControlRig_Octagon_3mm" 5515
"/ControlRig/Controls/ControlRig_Octagon_1mm" 5516
"/ControlRig/Controls/ControlRig_Hexagon_solid" 5517
"/ControlRig/Controls/ControlRig_Triangle_1mm" 5518
"../../../Engine/Content/EditorMaterials/PreviewShadowIndicatorMaterial.uasset" 5519
"../../../Engine/Content/EditorMaterials/PreviewShadowIndicator.uasset" 5520
"../../../Engine/Content/EngineMaterials/Substrate/GLints/dict_16_192_64_0p5_0p02_0000_0001.uasset" 5521
"../../../Engine/Content/EngineMaterials/Substrate/GLints/dict_16_192_64_0p5_0p02_0000_0000.uasset" 5522
"../../../Engine/Content/EngineMaterials/Substrate/GLints/dict_16_192_64_0p5_0p02_0000_0002.uasset" 5523
"../../../Engine/Content/EngineMaterials/Substrate/GLints/dict_16_192_64_0p5_0p02_0000_0003.uasset" 5524
"../../../Engine/Content/EngineMaterials/Substrate/GLints/dict_16_192_64_0p5_0p02_0000_0004.uasset" 5525
"../../../Engine/Content/EngineMaterials/Substrate/GLints/dict_16_192_64_0p5_0p02_0000_0007.uasset" 5526
"../../../Engine/Content/EngineMaterials/Substrate/GLints/dict_16_192_64_0p5_0p02_0000_0005.uasset" 5527
"../../../Engine/Content/EngineMaterials/Substrate/GLints/dict_16_192_64_0p5_0p02_0000_0008.uasset" 5528
"../../../Engine/Content/EngineMaterials/Substrate/GLints/dict_16_192_64_0p5_0p02_0000_0009.uasset" 5529
"../../../Engine/Content/EngineMaterials/Substrate/GLints/dict_16_192_64_0p5_0p02_0000_0006.uasset" 5530
"../../../Engine/Content/EngineMaterials/Substrate/GLints/dict_16_192_64_0p5_0p02_0000_0010.uasset" 5531
"../../../Engine/Content/EngineMaterials/Substrate/GLints/dict_16_192_64_0p5_0p02_0000_0011.uasset" 5532
"../../../Engine/Content/EngineMaterials/Substrate/GLints/dict_16_192_64_0p5_0p02_0000_0012.uasset" 5533
"../../../Engine/Content/EngineMaterials/Substrate/GLints/dict_16_192_64_0p5_0p02_0000_0013.uasset" 5534
"../../../Engine/Content/EngineMaterials/Substrate/GLints/dict_16_192_64_0p5_0p02_0000_0014.uasset" 5535
"../../../Engine/Content/EngineMaterials/Substrate/GLints/dict_16_192_64_0p5_0p02_0000_0015.uasset" 5536
"../../../Engine/Content/EngineMaterials/Substrate/GLints/dict_16_192_64_0p5_0p02_0001_0000.uasset" 5537
"../../../Engine/Content/EngineMaterials/Substrate/GLints/dict_16_192_64_0p5_0p02_0001_0005.uasset" 5538
"../../../Engine/Content/EngineMaterials/Substrate/GLints/dict_16_192_64_0p5_0p02_0001_0004.uasset" 5539
"../../../Engine/Content/EngineMaterials/Substrate/GLints/dict_16_192_64_0p5_0p02_0001_0002.uasset" 5540
"../../../Engine/Content/EngineMaterials/Substrate/GLints/dict_16_192_64_0p5_0p02_0001_0003.uasset" 5541
"../../../Engine/Content/EngineMaterials/Substrate/GLints/dict_16_192_64_0p5_0p02_0001_0001.uasset" 5542
"../../../Engine/Content/EngineMaterials/Substrate/GLints/dict_16_192_64_0p5_0p02_0001_0006.uasset" 5543
"../../../Engine/Content/EngineMaterials/Substrate/GLints/dict_16_192_64_0p5_0p02_0001_0007.uasset" 5544
"../../../Engine/Content/EngineMaterials/Substrate/GLints/dict_16_192_64_0p5_0p02_0001_0009.uasset" 5545
"../../../Engine/Content/EngineMaterials/Substrate/GLints/dict_16_192_64_0p5_0p02_0001_0008.uasset" 5546
"../../../Engine/Content/EngineMaterials/Substrate/GLints/dict_16_192_64_0p5_0p02_0001_0010.uasset" 5547
"../../../Engine/Content/EngineMaterials/Substrate/GLints/dict_16_192_64_0p5_0p02_0001_0011.uasset" 5548
"../../../Engine/Content/EngineMaterials/Substrate/GLints/dict_16_192_64_0p5_0p02_0001_0012.uasset" 5549
"../../../Engine/Content/EngineMaterials/Substrate/GLints/dict_16_192_64_0p5_0p02_0001_0013.uasset" 5550
"/Engine/EngineMaterials/Substrate/GLints/dict_16_192_64_0p5_0p02_0001_0013" 5551
"/Engine/EngineMaterials/Substrate/GLints/dict_16_192_64_0p5_0p02_0001_0012" 5552
"/Engine/EngineMaterials/Substrate/GLints/dict_16_192_64_0p5_0p02_0001_0011" 5553
"/Engine/EngineMaterials/Substrate/GLints/dict_16_192_64_0p5_0p02_0001_0010" 5554
"/Engine/EngineMaterials/Substrate/GLints/dict_16_192_64_0p5_0p02_0001_0009" 5555
"/Engine/EngineMaterials/Substrate/GLints/dict_16_192_64_0p5_0p02_0001_0008" 5556
"/Engine/EngineMaterials/Substrate/GLints/dict_16_192_64_0p5_0p02_0001_0007" 5557
"/Engine/EngineMaterials/Substrate/GLints/dict_16_192_64_0p5_0p02_0001_0006" 5558
"/Engine/EngineMaterials/Substrate/GLints/dict_16_192_64_0p5_0p02_0001_0005" 5559
"/Engine/EngineMaterials/Substrate/GLints/dict_16_192_64_0p5_0p02_0001_0004" 5560
"/Engine/EngineMaterials/Substrate/GLints/dict_16_192_64_0p5_0p02_0001_0003" 5561
"/Engine/EngineMaterials/Substrate/GLints/dict_16_192_64_0p5_0p02_0001_0002" 5562
"/Engine/EngineMaterials/Substrate/GLints/dict_16_192_64_0p5_0p02_0001_0001" 5563
"/Engine/EngineMaterials/Substrate/GLints/dict_16_192_64_0p5_0p02_0001_0000" 5564
"/Engine/EngineMaterials/Substrate/GLints/dict_16_192_64_0p5_0p02_0000_0015" 5565
"/Engine/EngineMaterials/Substrate/GLints/dict_16_192_64_0p5_0p02_0000_0014" 5566
"/Engine/EngineMaterials/Substrate/GLints/dict_16_192_64_0p5_0p02_0000_0013" 5567
"/Engine/EngineMaterials/Substrate/GLints/dict_16_192_64_0p5_0p02_0000_0012" 5568
"/Engine/EngineMaterials/Substrate/GLints/dict_16_192_64_0p5_0p02_0000_0011" 5569
"/Engine/EngineMaterials/Substrate/GLints/dict_16_192_64_0p5_0p02_0000_0010" 5570
"/Engine/EngineMaterials/Substrate/GLints/dict_16_192_64_0p5_0p02_0000_0009" 5571
"/Engine/EngineMaterials/Substrate/GLints/dict_16_192_64_0p5_0p02_0000_0008" 5572
"/Engine/EngineMaterials/Substrate/GLints/dict_16_192_64_0p5_0p02_0000_0007" 5573
"/Engine/EngineMaterials/Substrate/GLints/dict_16_192_64_0p5_0p02_0000_0006" 5574
"/Engine/EngineMaterials/Substrate/GLints/dict_16_192_64_0p5_0p02_0000_0005" 5575
"/Engine/EngineMaterials/Substrate/GLints/dict_16_192_64_0p5_0p02_0000_0004" 5576
"/Engine/EngineMaterials/Substrate/GLints/dict_16_192_64_0p5_0p02_0000_0003" 5577
"/Engine/EngineMaterials/Substrate/GLints/dict_16_192_64_0p5_0p02_0000_0002" 5578
"/Engine/EngineMaterials/Substrate/GLints/dict_16_192_64_0p5_0p02_0000_0001" 5579
"/Engine/EngineMaterials/Substrate/GLints/dict_16_192_64_0p5_0p02_0000_0000" 5580
"/Engine/EditorMaterials/PreviewShadowIndicatorMaterial" 5581
"../../../Engine/Content/EngineMaterials/Substrate/GLints/dict_16_192_64_0p5_0p02_0001_0014.uasset" 5582
"../../../Engine/Content/EngineMaterials/Substrate/GLints/dict_16_192_64_0p5_0p02_0001_0015.uasset" 5583
"../../../Engine/Content/EngineMaterials/Substrate/GLints/dict_16_192_64_0p5_0p02_0002_0000.uasset" 5584
"../../../Engine/Content/EngineMaterials/Substrate/GLints/dict_16_192_64_0p5_0p02_0002_0002.uasset" 5585
"../../../Engine/Content/EngineMaterials/Substrate/GLints/dict_16_192_64_0p5_0p02_0002_0001.uasset" 5586
"../../../Engine/Content/EngineMaterials/Substrate/GLints/dict_16_192_64_0p5_0p02_0002_0006.uasset" 5587
"../../../Engine/Content/EngineMaterials/Substrate/GLints/dict_16_192_64_0p5_0p02_0002_0005.uasset" 5588
"../../../Engine/Content/EngineMaterials/Substrate/GLints/dict_16_192_64_0p5_0p02_0002_0007.uasset" 5589
"../../../Engine/Content/EngineMaterials/Substrate/GLints/dict_16_192_64_0p5_0p02_0002_0003.uasset" 5590
"../../../Engine/Content/EngineMaterials/Substrate/GLints/dict_16_192_64_0p5_0p02_0002_0004.uasset" 5591
"../../../Engine/Content/EngineMaterials/Substrate/GLints/dict_16_192_64_0p5_0p02_0002_0008.uasset" 5592
"../../../Engine/Content/EngineMaterials/Substrate/GLints/dict_16_192_64_0p5_0p02_0002_0009.uasset" 5593
"../../../Engine/Content/EngineMaterials/Substrate/GLints/dict_16_192_64_0p5_0p02_0002_0010.uasset" 5594
"../../../Engine/Content/EngineMaterials/Substrate/GLints/dict_16_192_64_0p5_0p02_0002_0011.uasset" 5595
"../../../Engine/Content/EngineMaterials/Substrate/GLints/dict_16_192_64_0p5_0p02_0002_0012.uasset" 5596
"../../../Engine/Content/EngineMaterials/Substrate/GLints/dict_16_192_64_0p5_0p02_0002_0013.uasset" 5597
"../../../Engine/Content/EngineMaterials/Substrate/GLints/dict_16_192_64_0p5_0p02_0002_0014.uasset" 5598
"../../../Engine/Content/EngineMaterials/Substrate/GLints/dict_16_192_64_0p5_0p02_0002_0015.uasset" 5599
"../../../Engine/Content/EngineMaterials/Substrate/GLints/dict_16_192_64_0p5_0p02_0003_0000.uasset" 5600
"../../../Engine/Content/EngineMaterials/Substrate/GLints/dict_16_192_64_0p5_0p02_0003_0001.uasset" 5601
"../../../Engine/Content/EngineMaterials/Substrate/GLints/dict_16_192_64_0p5_0p02_0003_0002.uasset" 5602
"../../../Engine/Content/EngineMaterials/Substrate/GLints/dict_16_192_64_0p5_0p02_0003_0004.uasset" 5603
"../../../Engine/Content/EngineMaterials/Substrate/GLints/dict_16_192_64_0p5_0p02_0003_0006.uasset" 5604
"../../../Engine/Content/EngineMaterials/Substrate/GLints/dict_16_192_64_0p5_0p02_0003_0005.uasset" 5605
"../../../Engine/Content/EngineMaterials/Substrate/GLints/dict_16_192_64_0p5_0p02_0003_0003.uasset" 5606
"../../../Engine/Content/EngineMaterials/Substrate/GLints/dict_16_192_64_0p5_0p02_0003_0008.uasset" 5607
"../../../Engine/Content/EngineMaterials/Substrate/GLints/dict_16_192_64_0p5_0p02_0003_0010.uasset" 5608
"../../../Engine/Content/EngineMaterials/Substrate/GLints/dict_16_192_64_0p5_0p02_0003_0009.uasset" 5609
"../../../Engine/Content/EngineMaterials/Substrate/GLints/dict_16_192_64_0p5_0p02_0003_0011.uasset" 5610
"../../../Engine/Content/EngineMaterials/Substrate/GLints/dict_16_192_64_0p5_0p02_0003_0007.uasset" 5611
"../../../Engine/Content/EngineMaterials/Substrate/GLints/dict_16_192_64_0p5_0p02_0003_0012.uasset" 5612
"../../../Engine/Content/EngineMaterials/Substrate/GLints/dict_16_192_64_0p5_0p02_0003_0013.uasset" 5613
"/Engine/EngineMaterials/Substrate/GLints/dict_16_192_64_0p5_0p02_0003_0013" 5614
"/Engine/EngineMaterials/Substrate/GLints/dict_16_192_64_0p5_0p02_0003_0012" 5615
"/Engine/EngineMaterials/Substrate/GLints/dict_16_192_64_0p5_0p02_0003_0011" 5616
"/Engine/EngineMaterials/Substrate/GLints/dict_16_192_64_0p5_0p02_0003_0010" 5617
"/Engine/EngineMaterials/Substrate/GLints/dict_16_192_64_0p5_0p02_0003_0009" 5618
"/Engine/EngineMaterials/Substrate/GLints/dict_16_192_64_0p5_0p02_0003_0008" 5619
"/Engine/EngineMaterials/Substrate/GLints/dict_16_192_64_0p5_0p02_0003_0007" 5620
"/Engine/EngineMaterials/Substrate/GLints/dict_16_192_64_0p5_0p02_0003_0006" 5621
"/Engine/EngineMaterials/Substrate/GLints/dict_16_192_64_0p5_0p02_0003_0005" 5622
"/Engine/EngineMaterials/Substrate/GLints/dict_16_192_64_0p5_0p02_0003_0004" 5623
"/Engine/EngineMaterials/Substrate/GLints/dict_16_192_64_0p5_0p02_0003_0003" 5624
"/Engine/EngineMaterials/Substrate/GLints/dict_16_192_64_0p5_0p02_0003_0002" 5625
"/Engine/EngineMaterials/Substrate/GLints/dict_16_192_64_0p5_0p02_0003_0001" 5626
"/Engine/EngineMaterials/Substrate/GLints/dict_16_192_64_0p5_0p02_0003_0000" 5627
"/Engine/EngineMaterials/Substrate/GLints/dict_16_192_64_0p5_0p02_0002_0015" 5628
"/Engine/EngineMaterials/Substrate/GLints/dict_16_192_64_0p5_0p02_0002_0014" 5629
"/Engine/EngineMaterials/Substrate/GLints/dict_16_192_64_0p5_0p02_0002_0013" 5630
"/Engine/EngineMaterials/Substrate/GLints/dict_16_192_64_0p5_0p02_0002_0012" 5631
"/Engine/EngineMaterials/Substrate/GLints/dict_16_192_64_0p5_0p02_0002_0011" 5632
"/Engine/EngineMaterials/Substrate/GLints/dict_16_192_64_0p5_0p02_0002_0010" 5633
"/Engine/EngineMaterials/Substrate/GLints/dict_16_192_64_0p5_0p02_0002_0009" 5634
"/Engine/EngineMaterials/Substrate/GLints/dict_16_192_64_0p5_0p02_0002_0008" 5635
"/Engine/EngineMaterials/Substrate/GLints/dict_16_192_64_0p5_0p02_0002_0007" 5636
"/Engine/EngineMaterials/Substrate/GLints/dict_16_192_64_0p5_0p02_0002_0006" 5637
"/Engine/EngineMaterials/Substrate/GLints/dict_16_192_64_0p5_0p02_0002_0005" 5638
"/Engine/EngineMaterials/Substrate/GLints/dict_16_192_64_0p5_0p02_0002_0004" 5639
"/Engine/EngineMaterials/Substrate/GLints/dict_16_192_64_0p5_0p02_0002_0003" 5640
"/Engine/EngineMaterials/Substrate/GLints/dict_16_192_64_0p5_0p02_0002_0002" 5641
"/Engine/EngineMaterials/Substrate/GLints/dict_16_192_64_0p5_0p02_0002_0001" 5642
"/Engine/EngineMaterials/Substrate/GLints/dict_16_192_64_0p5_0p02_0002_0000" 5643
"/Engine/EngineMaterials/Substrate/GLints/dict_16_192_64_0p5_0p02_0001_0015" 5644
"/Engine/EngineMaterials/Substrate/GLints/dict_16_192_64_0p5_0p02_0001_0014" 5645
"../../../Engine/Content/EngineMaterials/Substrate/GLints/dict_16_192_64_0p5_0p02_0003_0014.uasset" 5646
"../../../Engine/Content/EngineMaterials/Substrate/GLints/dict_16_192_64_0p5_0p02_0004_0000.uasset" 5647
"../../../Engine/Content/EngineMaterials/Substrate/GLints/dict_16_192_64_0p5_0p02_0003_0015.uasset" 5648
"../../../Engine/Content/EngineMaterials/Substrate/GLints/dict_16_192_64_0p5_0p02_0004_0004.uasset" 5649
"../../../Engine/Content/EngineMaterials/Substrate/GLints/dict_16_192_64_0p5_0p02_0004_0005.uasset" 5650
"../../../Engine/Content/EngineMaterials/Substrate/GLints/dict_16_192_64_0p5_0p02_0004_0001.uasset" 5651
"../../../Engine/Content/EngineMaterials/Substrate/GLints/dict_16_192_64_0p5_0p02_0004_0006.uasset" 5652
"../../../Engine/Content/EngineMaterials/Substrate/GLints/dict_16_192_64_0p5_0p02_0004_0009.uasset" 5653
"../../../Engine/Content/EngineMaterials/Substrate/GLints/dict_16_192_64_0p5_0p02_0004_0007.uasset" 5654
"../../../Engine/Content/EngineMaterials/Substrate/GLints/dict_16_192_64_0p5_0p02_0004_0003.uasset" 5655
"../../../Engine/Content/EngineMaterials/Substrate/GLints/dict_16_192_64_0p5_0p02_0004_0002.uasset" 5656
"../../../Engine/Content/EngineMaterials/Substrate/GLints/dict_16_192_64_0p5_0p02_0004_0008.uasset" 5657
"../../../Engine/Content/EngineMaterials/Substrate/GLints/dict_16_192_64_0p5_0p02_0004_0010.uasset" 5658
"../../../Engine/Content/EngineMaterials/Substrate/GLints/dict_16_192_64_0p5_0p02_0004_0011.uasset" 5659
"../../../Engine/Content/EngineMaterials/Substrate/GLints/dict_16_192_64_0p5_0p02_0004_0012.uasset" 5660
"../../../Engine/Content/EngineMaterials/Substrate/GLints/dict_16_192_64_0p5_0p02_0004_0013.uasset" 5661
"../../../Engine/Content/EngineMaterials/Substrate/GLints/dict_16_192_64_0p5_0p02_0004_0015.uasset" 5662
"../../../Engine/Content/EngineMaterials/Substrate/GLints/dict_16_192_64_0p5_0p02_0004_0014.uasset" 5663
"../../../Engine/Content/EngineMaterials/Substrate/GLints/dict_16_192_64_0p5_0p02_0005_0000.uasset" 5664
"../../../Engine/Content/EngineMaterials/Substrate/GLints/dict_16_192_64_0p5_0p02_0005_0001.uasset" 5665
"../../../Engine/Content/EngineMaterials/Substrate/GLints/dict_16_192_64_0p5_0p02_0005_0003.uasset" 5666
"../../../Engine/Content/EngineMaterials/Substrate/GLints/dict_16_192_64_0p5_0p02_0005_0004.uasset" 5667
"../../../Engine/Content/EngineMaterials/Substrate/GLints/dict_16_192_64_0p5_0p02_0005_0002.uasset" 5668
"../../../Engine/Content/EngineMaterials/Substrate/GLints/dict_16_192_64_0p5_0p02_0005_0005.uasset" 5669
"../../../Engine/Content/EngineMaterials/Substrate/GLints/dict_16_192_64_0p5_0p02_0005_0006.uasset" 5670
"../../../Engine/Content/EngineMaterials/Substrate/GLints/dict_16_192_64_0p5_0p02_0005_0007.uasset" 5671
"../../../Engine/Content/EngineMaterials/Substrate/GLints/dict_16_192_64_0p5_0p02_0005_0008.uasset" 5672
"../../../Engine/Content/EngineMaterials/Substrate/GLints/dict_16_192_64_0p5_0p02_0005_0010.uasset" 5673
"../../../Engine/Content/EngineMaterials/Substrate/GLints/dict_16_192_64_0p5_0p02_0005_0011.uasset" 5674
"../../../Engine/Content/EngineMaterials/Substrate/GLints/dict_16_192_64_0p5_0p02_0005_0009.uasset" 5675
"../../../Engine/Content/EngineMaterials/Substrate/GLints/dict_16_192_64_0p5_0p02_0005_0013.uasset" 5676
"../../../Engine/Content/EngineMaterials/Substrate/GLints/dict_16_192_64_0p5_0p02_0005_0012.uasset" 5677
"/Engine/EngineMaterials/Substrate/GLints/dict_16_192_64_0p5_0p02_0005_0013" 5678
"/Engine/EngineMaterials/Substrate/GLints/dict_16_192_64_0p5_0p02_0005_0012" 5679
"/Engine/EngineMaterials/Substrate/GLints/dict_16_192_64_0p5_0p02_0005_0011" 5680
"/Engine/EngineMaterials/Substrate/GLints/dict_16_192_64_0p5_0p02_0005_0010" 5681
"/Engine/EngineMaterials/Substrate/GLints/dict_16_192_64_0p5_0p02_0005_0009" 5682
"/Engine/EngineMaterials/Substrate/GLints/dict_16_192_64_0p5_0p02_0005_0008" 5683
"/Engine/EngineMaterials/Substrate/GLints/dict_16_192_64_0p5_0p02_0005_0007" 5684
"/Engine/EngineMaterials/Substrate/GLints/dict_16_192_64_0p5_0p02_0005_0006" 5685
"/Engine/EngineMaterials/Substrate/GLints/dict_16_192_64_0p5_0p02_0005_0005" 5686
"/Engine/EngineMaterials/Substrate/GLints/dict_16_192_64_0p5_0p02_0005_0004" 5687
"/Engine/EngineMaterials/Substrate/GLints/dict_16_192_64_0p5_0p02_0005_0003" 5688
"/Engine/EngineMaterials/Substrate/GLints/dict_16_192_64_0p5_0p02_0005_0002" 5689
"/Engine/EngineMaterials/Substrate/GLints/dict_16_192_64_0p5_0p02_0005_0001" 5690
"/Engine/EngineMaterials/Substrate/GLints/dict_16_192_64_0p5_0p02_0005_0000" 5691
"/Engine/EngineMaterials/Substrate/GLints/dict_16_192_64_0p5_0p02_0004_0015" 5692
"/Engine/EngineMaterials/Substrate/GLints/dict_16_192_64_0p5_0p02_0004_0014" 5693
"/Engine/EngineMaterials/Substrate/GLints/dict_16_192_64_0p5_0p02_0004_0013" 5694
"/Engine/EngineMaterials/Substrate/GLints/dict_16_192_64_0p5_0p02_0004_0012" 5695
"/Engine/EngineMaterials/Substrate/GLints/dict_16_192_64_0p5_0p02_0004_0011" 5696
"/Engine/EngineMaterials/Substrate/GLints/dict_16_192_64_0p5_0p02_0004_0010" 5697
"/Engine/EngineMaterials/Substrate/GLints/dict_16_192_64_0p5_0p02_0004_0009" 5698
"/Engine/EngineMaterials/Substrate/GLints/dict_16_192_64_0p5_0p02_0004_0008" 5699
"/Engine/EngineMaterials/Substrate/GLints/dict_16_192_64_0p5_0p02_0004_0007" 5700
"/Engine/EngineMaterials/Substrate/GLints/dict_16_192_64_0p5_0p02_0004_0006" 5701
"/Engine/EngineMaterials/Substrate/GLints/dict_16_192_64_0p5_0p02_0004_0005" 5702
"/Engine/EngineMaterials/Substrate/GLints/dict_16_192_64_0p5_0p02_0004_0004" 5703
"/Engine/EngineMaterials/Substrate/GLints/dict_16_192_64_0p5_0p02_0004_0003" 5704
"/Engine/EngineMaterials/Substrate/GLints/dict_16_192_64_0p5_0p02_0004_0002" 5705
"/Engine/EngineMaterials/Substrate/GLints/dict_16_192_64_0p5_0p02_0004_0001" 5706
"/Engine/EngineMaterials/Substrate/GLints/dict_16_192_64_0p5_0p02_0004_0000" 5707
"/Engine/EngineMaterials/Substrate/GLints/dict_16_192_64_0p5_0p02_0003_0015" 5708
"/Engine/EngineMaterials/Substrate/GLints/dict_16_192_64_0p5_0p02_0003_0014" 5709
"../../../Engine/Content/EngineMaterials/Substrate/GLints/dict_16_192_64_0p5_0p02_0006_0000.uasset" 5710
"../../../Engine/Content/EngineMaterials/Substrate/GLints/dict_16_192_64_0p5_0p02_0005_0014.uasset" 5711
"../../../Engine/Content/EngineMaterials/Substrate/GLints/dict_16_192_64_0p5_0p02_0006_0004.uasset" 5712
"../../../Engine/Content/EngineMaterials/Substrate/GLints/dict_16_192_64_0p5_0p02_0005_0015.uasset" 5713
"../../../Engine/Content/EngineMaterials/Substrate/GLints/dict_16_192_64_0p5_0p02_0006_0006.uasset" 5714
"../../../Engine/Content/EngineMaterials/Substrate/GLints/dict_16_192_64_0p5_0p02_0006_0001.uasset" 5715
"../../../Engine/Content/EngineMaterials/Substrate/GLints/dict_16_192_64_0p5_0p02_0006_0005.uasset" 5716
"../../../Engine/Content/EngineMaterials/Substrate/GLints/dict_16_192_64_0p5_0p02_0006_0007.uasset" 5717
"../../../Engine/Content/EngineMaterials/Substrate/GLints/dict_16_192_64_0p5_0p02_0006_0003.uasset" 5718
"../../../Engine/Content/EngineMaterials/Substrate/GLints/dict_16_192_64_0p5_0p02_0006_0002.uasset" 5719
"../../../Engine/Content/EngineMaterials/Substrate/GLints/dict_16_192_64_0p5_0p02_0006_0009.uasset" 5720
"../../../Engine/Content/EngineMaterials/Substrate/GLints/dict_16_192_64_0p5_0p02_0006_0008.uasset" 5721
"../../../Engine/Content/EngineMaterials/Substrate/GLints/dict_16_192_64_0p5_0p02_0006_0010.uasset" 5722
"../../../Engine/Content/EngineMaterials/Substrate/GLints/dict_16_192_64_0p5_0p02_0006_0014.uasset" 5723
"../../../Engine/Content/EngineMaterials/Substrate/GLints/dict_16_192_64_0p5_0p02_0006_0015.uasset" 5724
"../../../Engine/Content/EngineMaterials/Substrate/GLints/dict_16_192_64_0p5_0p02_0006_0012.uasset" 5725
"../../../Engine/Content/EngineMaterials/Substrate/GLints/dict_16_192_64_0p5_0p02_0006_0013.uasset" 5726
"../../../Engine/Content/EngineMaterials/Substrate/GLints/dict_16_192_64_0p5_0p02_0006_0011.uasset" 5727
"../../../Engine/Content/EngineMaterials/Substrate/GLints/dict_16_192_64_0p5_0p02_0007_0001.uasset" 5728
"../../../Engine/Content/EngineMaterials/Substrate/GLints/dict_16_192_64_0p5_0p02_0007_0000.uasset" 5729
"../../../Engine/Content/EngineMaterials/Substrate/GLints/dict_16_192_64_0p5_0p02_0007_0002.uasset" 5730
"../../../Engine/Content/EngineMaterials/Substrate/GLints/dict_16_192_64_0p5_0p02_0007_0003.uasset" 5731
"../../../Engine/Content/EngineMaterials/Substrate/GLints/dict_16_192_64_0p5_0p02_0007_0004.uasset" 5732
"../../../Engine/Content/EngineMaterials/Substrate/GLints/dict_16_192_64_0p5_0p02_0007_0005.uasset" 5733
"../../../Engine/Content/EngineMaterials/Substrate/GLints/dict_16_192_64_0p5_0p02_0007_0006.uasset" 5734
"../../../Engine/Content/EngineMaterials/Substrate/GLints/dict_16_192_64_0p5_0p02_0007_0007.uasset" 5735
"../../../Engine/Content/EngineMaterials/Substrate/GLints/dict_16_192_64_0p5_0p02_0007_0008.uasset" 5736
"../../../Engine/Content/EngineMaterials/Substrate/GLints/dict_16_192_64_0p5_0p02_0007_0009.uasset" 5737
"../../../Engine/Content/EngineMaterials/Substrate/GLints/dict_16_192_64_0p5_0p02_0007_0011.uasset" 5738
"../../../Engine/Content/EngineMaterials/Substrate/GLints/dict_16_192_64_0p5_0p02_0007_0010.uasset" 5739
"../../../Engine/Content/EngineMaterials/Substrate/GLints/dict_16_192_64_0p5_0p02_0007_0013.uasset" 5740
"../../../Engine/Content/EngineMaterials/Substrate/GLints/dict_16_192_64_0p5_0p02_0007_0012.uasset" 5741
"../../../Engine/Plugins/Animation/DeformerGraph/Shaders/Private/DataInterfaceCustomComputeKernel.ush" 5742
"../../../Engine/Plugins/Animation/DeformerGraph/Shaders/Private/DataInterfaceCloth.ush" 5743
"../../../Engine/Plugins/Animation/DeformerGraph/Shaders/Private/DataInterfaceSkinnedMeshRead.ush" 5744
"../../../Engine/Plugins/Animation/DeformerGraph/Shaders/Private/DataInterfaceSkeleton.ush" 5745
"../../../Engine/Plugins/Animation/DeformerGraph/Shaders/Private/DataInterfaceSkeletonCommon.ush" 5746
"../../../Engine/Plugins/Animation/DeformerGraph/Shaders/Private/DataInterfaceMorphTarget.ush" 5747
"../../../Engine/Plugins/Animation/DeformerGraph/Shaders/Private/DataInterfaceSkinnedMeshWrite.ush" 5748
"../../../Engine/Plugins/Animation/DeformerGraph/Shaders/Private/DataInterfaceRawBuffer.ush" 5749
"../../../Engine/Plugins/Runtime/ComputeFramework/Shaders/Private/BufferAlias.ush" 5750
"../../../Engine/Plugins/Animation/DeformerGraph/Shaders/Private/DataInterfaceSkinnedMesh.ush" 5751
"../../../Engine/Plugins/Animation/DeformerGraph/Shaders/Private/DataInterfaceHalfEdge.ush" 5752
"/Engine/EngineMaterials/Substrate/GLints/dict_16_192_64_0p5_0p02_0007_0013" 5753
"/Engine/EngineMaterials/Substrate/GLints/dict_16_192_64_0p5_0p02_0007_0012" 5754
"/Engine/EngineMaterials/Substrate/GLints/dict_16_192_64_0p5_0p02_0007_0011" 5755
"/Engine/EngineMaterials/Substrate/GLints/dict_16_192_64_0p5_0p02_0007_0010" 5756
"/Engine/EngineMaterials/Substrate/GLints/dict_16_192_64_0p5_0p02_0007_0009" 5757
"/Engine/EngineMaterials/Substrate/GLints/dict_16_192_64_0p5_0p02_0007_0008" 5758
"/Engine/EngineMaterials/Substrate/GLints/dict_16_192_64_0p5_0p02_0007_0007" 5759
"/Engine/EngineMaterials/Substrate/GLints/dict_16_192_64_0p5_0p02_0007_0006" 5760
"/Engine/EngineMaterials/Substrate/GLints/dict_16_192_64_0p5_0p02_0007_0005" 5761
"/Engine/EngineMaterials/Substrate/GLints/dict_16_192_64_0p5_0p02_0007_0004" 5762
"/Engine/EngineMaterials/Substrate/GLints/dict_16_192_64_0p5_0p02_0007_0003" 5763
"/Engine/EngineMaterials/Substrate/GLints/dict_16_192_64_0p5_0p02_0007_0002" 5764
"/Engine/EngineMaterials/Substrate/GLints/dict_16_192_64_0p5_0p02_0007_0001" 5765
"/Engine/EngineMaterials/Substrate/GLints/dict_16_192_64_0p5_0p02_0007_0000" 5766
"/Engine/EngineMaterials/Substrate/GLints/dict_16_192_64_0p5_0p02_0006_0015" 5767
"/Engine/EngineMaterials/Substrate/GLints/dict_16_192_64_0p5_0p02_0006_0014" 5768
"/Engine/EngineMaterials/Substrate/GLints/dict_16_192_64_0p5_0p02_0006_0013" 5769
"/Engine/EngineMaterials/Substrate/GLints/dict_16_192_64_0p5_0p02_0006_0012" 5770
"/Engine/EngineMaterials/Substrate/GLints/dict_16_192_64_0p5_0p02_0006_0011" 5771
"/Engine/EngineMaterials/Substrate/GLints/dict_16_192_64_0p5_0p02_0006_0010" 5772
"/Engine/EngineMaterials/Substrate/GLints/dict_16_192_64_0p5_0p02_0006_0009" 5773
"/Engine/EngineMaterials/Substrate/GLints/dict_16_192_64_0p5_0p02_0006_0008" 5774
"/Engine/EngineMaterials/Substrate/GLints/dict_16_192_64_0p5_0p02_0006_0007" 5775
"/Engine/EngineMaterials/Substrate/GLints/dict_16_192_64_0p5_0p02_0006_0006" 5776
"/Engine/EngineMaterials/Substrate/GLints/dict_16_192_64_0p5_0p02_0006_0005" 5777
"/Engine/EngineMaterials/Substrate/GLints/dict_16_192_64_0p5_0p02_0006_0004" 5778
"/Engine/EngineMaterials/Substrate/GLints/dict_16_192_64_0p5_0p02_0006_0003" 5779
"/Engine/EngineMaterials/Substrate/GLints/dict_16_192_64_0p5_0p02_0006_0002" 5780
"/Engine/EngineMaterials/Substrate/GLints/dict_16_192_64_0p5_0p02_0006_0001" 5781
"/Engine/EngineMaterials/Substrate/GLints/dict_16_192_64_0p5_0p02_0006_0000" 5782
"/Engine/EngineMaterials/Substrate/GLints/dict_16_192_64_0p5_0p02_0005_0015" 5783
"/Engine/EngineMaterials/Substrate/GLints/dict_16_192_64_0p5_0p02_0005_0014" 5784
"../../../Engine/Content/EngineMaterials/Substrate/GLints/dict_16_192_64_0p5_0p02_0008_0001.uasset" 5785
"../../../Engine/Content/EngineMaterials/Substrate/GLints/dict_16_192_64_0p5_0p02_0008_0003.uasset" 5786
"../../../Engine/Content/EngineMaterials/Substrate/GLints/dict_16_192_64_0p5_0p02_0007_0015.uasset" 5787
"../../../Engine/Content/EngineMaterials/Substrate/GLints/dict_16_192_64_0p5_0p02_0008_0002.uasset" 5788
"../../../Engine/Content/EngineMaterials/Substrate/GLints/dict_16_192_64_0p5_0p02_0008_0005.uasset" 5789
"../../../Engine/Content/EngineMaterials/Substrate/GLints/dict_16_192_64_0p5_0p02_0008_0007.uasset" 5790
"../../../Engine/Content/EngineMaterials/Substrate/GLints/dict_16_192_64_0p5_0p02_0007_0014.uasset" 5791
"../../../Engine/Content/EngineMaterials/Substrate/GLints/dict_16_192_64_0p5_0p02_0008_0000.uasset" 5792
"../../../Engine/Content/EngineMaterials/Substrate/GLints/dict_16_192_64_0p5_0p02_0008_0004.uasset" 5793
"../../../Engine/Content/EngineMaterials/Substrate/GLints/dict_16_192_64_0p5_0p02_0008_0006.uasset" 5794
"../../../Engine/Content/EngineMaterials/Substrate/GLints/dict_16_192_64_0p5_0p02_0008_0008.uasset" 5795
"../../../Engine/Content/EngineMaterials/Substrate/GLints/dict_16_192_64_0p5_0p02_0008_0009.uasset" 5796
"../../../Engine/Content/EngineMaterials/Substrate/GLints/dict_16_192_64_0p5_0p02_0008_0010.uasset" 5797
"../../../Engine/Content/EngineMaterials/Substrate/GLints/dict_16_192_64_0p5_0p02_0008_0012.uasset" 5798
"../../../Engine/Content/EngineMaterials/Substrate/GLints/dict_16_192_64_0p5_0p02_0008_0013.uasset" 5799
"../../../Engine/Content/EngineMaterials/Substrate/GLints/dict_16_192_64_0p5_0p02_0008_0014.uasset" 5800
"../../../Engine/Content/EngineMaterials/Substrate/GLints/dict_16_192_64_0p5_0p02_0008_0015.uasset" 5801
"../../../Engine/Content/EngineMaterials/Substrate/GLints/dict_16_192_64_0p5_0p02_0008_0011.uasset" 5802
"../../../Engine/Content/EngineMaterials/Substrate/GLints/dict_16_192_64_0p5_0p02_0009_0000.uasset" 5803
"../../../Engine/Content/EngineMaterials/Substrate/GLints/dict_16_192_64_0p5_0p02_0009_0001.uasset" 5804
"../../../Engine/Content/EngineMaterials/Substrate/GLints/dict_16_192_64_0p5_0p02_0009_0002.uasset" 5805
"../../../Engine/Content/EngineMaterials/Substrate/GLints/dict_16_192_64_0p5_0p02_0009_0003.uasset" 5806
"../../../Engine/Content/EngineMaterials/Substrate/GLints/dict_16_192_64_0p5_0p02_0009_0004.uasset" 5807
"../../../Engine/Content/EngineMaterials/Substrate/GLints/dict_16_192_64_0p5_0p02_0009_0005.uasset" 5808
"../../../Engine/Content/EngineMaterials/Substrate/GLints/dict_16_192_64_0p5_0p02_0009_0007.uasset" 5809
"../../../Engine/Content/EngineMaterials/Substrate/GLints/dict_16_192_64_0p5_0p02_0009_0008.uasset" 5810
"../../../Engine/Content/EngineMaterials/Substrate/GLints/dict_16_192_64_0p5_0p02_0009_0006.uasset" 5811
"../../../Engine/Content/EngineMaterials/Substrate/GLints/dict_16_192_64_0p5_0p02_0009_0010.uasset" 5812
"../../../Engine/Content/EngineMaterials/Substrate/GLints/dict_16_192_64_0p5_0p02_0009_0011.uasset" 5813
"../../../Engine/Content/EngineMaterials/Substrate/GLints/dict_16_192_64_0p5_0p02_0009_0009.uasset" 5814
"../../../Engine/Content/EngineMaterials/Substrate/GLints/dict_16_192_64_0p5_0p02_0009_0013.uasset" 5815
"../../../Engine/Content/EngineMaterials/Substrate/GLints/dict_16_192_64_0p5_0p02_0009_0012.uasset" 5816
"/Engine/EngineMaterials/Substrate/GLints/dict_16_192_64_0p5_0p02_0009_0013" 5817
"/Engine/EngineMaterials/Substrate/GLints/dict_16_192_64_0p5_0p02_0009_0012" 5818
"/Engine/EngineMaterials/Substrate/GLints/dict_16_192_64_0p5_0p02_0009_0011" 5819
"/Engine/EngineMaterials/Substrate/GLints/dict_16_192_64_0p5_0p02_0009_0010" 5820
"/Engine/EngineMaterials/Substrate/GLints/dict_16_192_64_0p5_0p02_0009_0009" 5821
"/Engine/EngineMaterials/Substrate/GLints/dict_16_192_64_0p5_0p02_0009_0008" 5822
"/Engine/EngineMaterials/Substrate/GLints/dict_16_192_64_0p5_0p02_0009_0007" 5823
"/Engine/EngineMaterials/Substrate/GLints/dict_16_192_64_0p5_0p02_0009_0006" 5824
"/Engine/EngineMaterials/Substrate/GLints/dict_16_192_64_0p5_0p02_0009_0005" 5825
"/Engine/EngineMaterials/Substrate/GLints/dict_16_192_64_0p5_0p02_0009_0004" 5826
"/Engine/EngineMaterials/Substrate/GLints/dict_16_192_64_0p5_0p02_0009_0003" 5827
"/Engine/EngineMaterials/Substrate/GLints/dict_16_192_64_0p5_0p02_0009_0002" 5828
"/Engine/EngineMaterials/Substrate/GLints/dict_16_192_64_0p5_0p02_0009_0001" 5829
"/Engine/EngineMaterials/Substrate/GLints/dict_16_192_64_0p5_0p02_0009_0000" 5830
"/Engine/EngineMaterials/Substrate/GLints/dict_16_192_64_0p5_0p02_0008_0015" 5831
"/Engine/EngineMaterials/Substrate/GLints/dict_16_192_64_0p5_0p02_0008_0014" 5832
"/Engine/EngineMaterials/Substrate/GLints/dict_16_192_64_0p5_0p02_0008_0013" 5833
"/Engine/EngineMaterials/Substrate/GLints/dict_16_192_64_0p5_0p02_0008_0012" 5834
"/Engine/EngineMaterials/Substrate/GLints/dict_16_192_64_0p5_0p02_0008_0011" 5835
"/Engine/EngineMaterials/Substrate/GLints/dict_16_192_64_0p5_0p02_0008_0010" 5836
"/Engine/EngineMaterials/Substrate/GLints/dict_16_192_64_0p5_0p02_0008_0009" 5837
"/Engine/EngineMaterials/Substrate/GLints/dict_16_192_64_0p5_0p02_0008_0008" 5838
"/Engine/EngineMaterials/Substrate/GLints/dict_16_192_64_0p5_0p02_0008_0007" 5839
"/Engine/EngineMaterials/Substrate/GLints/dict_16_192_64_0p5_0p02_0008_0006" 5840
"/Engine/EngineMaterials/Substrate/GLints/dict_16_192_64_0p5_0p02_0008_0005" 5841
"/Engine/EngineMaterials/Substrate/GLints/dict_16_192_64_0p5_0p02_0008_0004" 5842
"/Engine/EngineMaterials/Substrate/GLints/dict_16_192_64_0p5_0p02_0008_0003" 5843
"/Engine/EngineMaterials/Substrate/GLints/dict_16_192_64_0p5_0p02_0008_0002" 5844
"/Engine/EngineMaterials/Substrate/GLints/dict_16_192_64_0p5_0p02_0008_0001" 5845
"/Engine/EngineMaterials/Substrate/GLints/dict_16_192_64_0p5_0p02_0008_0000" 5846
"/Engine/EngineMaterials/Substrate/GLints/dict_16_192_64_0p5_0p02_0007_0015" 5847
"/Engine/EngineMaterials/Substrate/GLints/dict_16_192_64_0p5_0p02_0007_0014" 5848
"../../../Engine/Content/EngineMaterials/Substrate/GLints/dict_16_192_64_0p5_0p02_0010_0002.uasset" 5849
"../../../Engine/Content/EngineMaterials/Substrate/GLints/dict_16_192_64_0p5_0p02_0009_0014.uasset" 5850
"../../../Engine/Content/EngineMaterials/Substrate/GLints/dict_16_192_64_0p5_0p02_0010_0001.uasset" 5851
"../../../Engine/Content/EngineMaterials/Substrate/GLints/dict_16_192_64_0p5_0p02_0010_0007.uasset" 5852
"../../../Engine/Content/EngineMaterials/Substrate/GLints/dict_16_192_64_0p5_0p02_0010_0006.uasset" 5853
"../../../Engine/Content/EngineMaterials/Substrate/GLints/dict_16_192_64_0p5_0p02_0010_0000.uasset" 5854
"../../../Engine/Content/EngineMaterials/Substrate/GLints/dict_16_192_64_0p5_0p02_0010_0003.uasset" 5855
"../../../Engine/Content/EngineMaterials/Substrate/GLints/dict_16_192_64_0p5_0p02_0010_0004.uasset" 5856
"../../../Engine/Content/EngineMaterials/Substrate/GLints/dict_16_192_64_0p5_0p02_0010_0005.uasset" 5857
"../../../Engine/Content/EngineMaterials/Substrate/GLints/dict_16_192_64_0p5_0p02_0009_0015.uasset" 5858
"../../../Engine/Content/EngineMaterials/Substrate/GLints/dict_16_192_64_0p5_0p02_0010_0009.uasset" 5859
"../../../Engine/Content/EngineMaterials/Substrate/GLints/dict_16_192_64_0p5_0p02_0010_0012.uasset" 5860
"../../../Engine/Content/EngineMaterials/Substrate/GLints/dict_16_192_64_0p5_0p02_0010_0008.uasset" 5861
"../../../Engine/Content/EngineMaterials/Substrate/GLints/dict_16_192_64_0p5_0p02_0010_0011.uasset" 5862
"../../../Engine/Content/EngineMaterials/Substrate/GLints/dict_16_192_64_0p5_0p02_0010_0014.uasset" 5863
"../../../Engine/Content/EngineMaterials/Substrate/GLints/dict_16_192_64_0p5_0p02_0010_0010.uasset" 5864
"../../../Engine/Content/EngineMaterials/Substrate/GLints/dict_16_192_64_0p5_0p02_0010_0013.uasset" 5865
"../../../Engine/Content/EngineMaterials/Substrate/GLints/dict_16_192_64_0p5_0p02_0011_0000.uasset" 5866
"../../../Engine/Content/EngineMaterials/Substrate/GLints/dict_16_192_64_0p5_0p02_0010_0015.uasset" 5867
"../../../Engine/Content/EngineMaterials/Substrate/GLints/dict_16_192_64_0p5_0p02_0011_0001.uasset" 5868
"../../../Engine/Content/EngineMaterials/Substrate/GLints/dict_16_192_64_0p5_0p02_0011_0002.uasset" 5869
"../../../Engine/Content/EngineMaterials/Substrate/GLints/dict_16_192_64_0p5_0p02_0011_0004.uasset" 5870
"../../../Engine/Content/EngineMaterials/Substrate/GLints/dict_16_192_64_0p5_0p02_0011_0003.uasset" 5871
"../../../Engine/Content/EngineMaterials/Substrate/GLints/dict_16_192_64_0p5_0p02_0011_0005.uasset" 5872
"../../../Engine/Content/EngineMaterials/Substrate/GLints/dict_16_192_64_0p5_0p02_0011_0007.uasset" 5873
"../../../Engine/Content/EngineMaterials/Substrate/GLints/dict_16_192_64_0p5_0p02_0011_0006.uasset" 5874
"../../../Engine/Content/EngineMaterials/Substrate/GLints/dict_16_192_64_0p5_0p02_0011_0008.uasset" 5875
"../../../Engine/Content/EngineMaterials/Substrate/GLints/dict_16_192_64_0p5_0p02_0011_0009.uasset" 5876
"../../../Engine/Content/EngineMaterials/Substrate/GLints/dict_16_192_64_0p5_0p02_0011_0013.uasset" 5877
"../../../Engine/Content/EngineMaterials/Substrate/GLints/dict_16_192_64_0p5_0p02_0011_0010.uasset" 5878
"../../../Engine/Content/EngineMaterials/Substrate/GLints/dict_16_192_64_0p5_0p02_0011_0012.uasset" 5879
"../../../Engine/Content/EngineMaterials/Substrate/GLints/dict_16_192_64_0p5_0p02_0011_0011.uasset" 5880
"/Engine/EngineMaterials/Substrate/GLints/dict_16_192_64_0p5_0p02_0011_0013" 5881
"/Engine/EngineMaterials/Substrate/GLints/dict_16_192_64_0p5_0p02_0011_0012" 5882
"/Engine/EngineMaterials/Substrate/GLints/dict_16_192_64_0p5_0p02_0011_0011" 5883
"/Engine/EngineMaterials/Substrate/GLints/dict_16_192_64_0p5_0p02_0011_0010" 5884
"/Engine/EngineMaterials/Substrate/GLints/dict_16_192_64_0p5_0p02_0011_0009" 5885
"/Engine/EngineMaterials/Substrate/GLints/dict_16_192_64_0p5_0p02_0011_0008" 5886
"/Engine/EngineMaterials/Substrate/GLints/dict_16_192_64_0p5_0p02_0011_0007" 5887
"/Engine/EngineMaterials/Substrate/GLints/dict_16_192_64_0p5_0p02_0011_0006" 5888
"/Engine/EngineMaterials/Substrate/GLints/dict_16_192_64_0p5_0p02_0011_0005" 5889
"/Engine/EngineMaterials/Substrate/GLints/dict_16_192_64_0p5_0p02_0011_0004" 5890
"/Engine/EngineMaterials/Substrate/GLints/dict_16_192_64_0p5_0p02_0011_0003" 5891
"/Engine/EngineMaterials/Substrate/GLints/dict_16_192_64_0p5_0p02_0011_0002" 5892
"/Engine/EngineMaterials/Substrate/GLints/dict_16_192_64_0p5_0p02_0011_0001" 5893
"/Engine/EngineMaterials/Substrate/GLints/dict_16_192_64_0p5_0p02_0011_0000" 5894
"/Engine/EngineMaterials/Substrate/GLints/dict_16_192_64_0p5_0p02_0010_0015" 5895
"/Engine/EngineMaterials/Substrate/GLints/dict_16_192_64_0p5_0p02_0010_0014" 5896
"/Engine/EngineMaterials/Substrate/GLints/dict_16_192_64_0p5_0p02_0010_0013" 5897
"/Engine/EngineMaterials/Substrate/GLints/dict_16_192_64_0p5_0p02_0010_0012" 5898
"/Engine/EngineMaterials/Substrate/GLints/dict_16_192_64_0p5_0p02_0010_0011" 5899
"/Engine/EngineMaterials/Substrate/GLints/dict_16_192_64_0p5_0p02_0010_0010" 5900
"/Engine/EngineMaterials/Substrate/GLints/dict_16_192_64_0p5_0p02_0010_0009" 5901
"/Engine/EngineMaterials/Substrate/GLints/dict_16_192_64_0p5_0p02_0010_0008" 5902
"/Engine/EngineMaterials/Substrate/GLints/dict_16_192_64_0p5_0p02_0010_0007" 5903
"/Engine/EngineMaterials/Substrate/GLints/dict_16_192_64_0p5_0p02_0010_0006" 5904
"/Engine/EngineMaterials/Substrate/GLints/dict_16_192_64_0p5_0p02_0010_0005" 5905
"/Engine/EngineMaterials/Substrate/GLints/dict_16_192_64_0p5_0p02_0010_0004" 5906
"/Engine/EngineMaterials/Substrate/GLints/dict_16_192_64_0p5_0p02_0010_0003" 5907
"/Engine/EngineMaterials/Substrate/GLints/dict_16_192_64_0p5_0p02_0010_0002" 5908
"/Engine/EngineMaterials/Substrate/GLints/dict_16_192_64_0p5_0p02_0010_0001" 5909
"/Engine/EngineMaterials/Substrate/GLints/dict_16_192_64_0p5_0p02_0010_0000" 5910
"/Engine/EngineMaterials/Substrate/GLints/dict_16_192_64_0p5_0p02_0009_0015" 5911
"/Engine/EngineMaterials/Substrate/GLints/dict_16_192_64_0p5_0p02_0009_0014" 5912
"../../../Engine/Content/EngineMaterials/Substrate/GLints/dict_16_192_64_0p5_0p02_0011_0014.uasset" 5913
"../../../Engine/Content/EngineMaterials/Substrate/GLints/dict_16_192_64_0p5_0p02_0012_0004.uasset" 5914
"../../../Engine/Content/EngineMaterials/Substrate/GLints/dict_16_192_64_0p5_0p02_0012_0000.uasset" 5915
"../../../Engine/Content/EngineMaterials/Substrate/GLints/dict_16_192_64_0p5_0p02_0012_0001.uasset" 5916
"../../../Engine/Content/EngineMaterials/Substrate/GLints/dict_16_192_64_0p5_0p02_0012_0007.uasset" 5917
"../../../Engine/Content/EngineMaterials/Substrate/GLints/dict_16_192_64_0p5_0p02_0012_0005.uasset" 5918
"../../../Engine/Content/EngineMaterials/Substrate/GLints/dict_16_192_64_0p5_0p02_0011_0015.uasset" 5919
"../../../Engine/Content/EngineMaterials/Substrate/GLints/dict_16_192_64_0p5_0p02_0012_0003.uasset" 5920
"../../../Engine/Content/EngineMaterials/Substrate/GLints/dict_16_192_64_0p5_0p02_0012_0006.uasset" 5921
"../../../Engine/Content/EngineMaterials/Substrate/GLints/dict_16_192_64_0p5_0p02_0012_0002.uasset" 5922
"../../../Engine/Content/EngineMaterials/Substrate/GLints/dict_16_192_64_0p5_0p02_0012_0008.uasset" 5923
"../../../Engine/Content/EngineMaterials/Substrate/GLints/dict_16_192_64_0p5_0p02_0012_0009.uasset" 5924
"../../../Engine/Content/EngineMaterials/Substrate/GLints/dict_16_192_64_0p5_0p02_0012_0010.uasset" 5925
"../../../Engine/Content/EngineMaterials/Substrate/GLints/dict_16_192_64_0p5_0p02_0012_0011.uasset" 5926
"../../../Engine/Content/EngineMaterials/Substrate/GLints/dict_16_192_64_0p5_0p02_0012_0012.uasset" 5927
"../../../Engine/Content/EngineMaterials/Substrate/GLints/dict_16_192_64_0p5_0p02_0012_0013.uasset" 5928
"../../../Engine/Content/EngineMaterials/Substrate/GLints/dict_16_192_64_0p5_0p02_0012_0015.uasset" 5929
"../../../Engine/Content/EngineMaterials/Substrate/GLints/dict_16_192_64_0p5_0p02_0012_0014.uasset" 5930
"../../../Engine/Content/EngineMaterials/Substrate/GLints/dict_16_192_64_0p5_0p02_0013_0001.uasset" 5931
"../../../Engine/Content/EngineMaterials/Substrate/GLints/dict_16_192_64_0p5_0p02_0013_0000.uasset" 5932
"../../../Engine/Content/EngineMaterials/Substrate/GLints/dict_16_192_64_0p5_0p02_0013_0002.uasset" 5933
"../../../Engine/Content/EngineMaterials/Substrate/GLints/dict_16_192_64_0p5_0p02_0013_0003.uasset" 5934
"../../../Engine/Content/EngineMaterials/Substrate/GLints/dict_16_192_64_0p5_0p02_0013_0004.uasset" 5935
"../../../Engine/Content/EngineMaterials/Substrate/GLints/dict_16_192_64_0p5_0p02_0013_0005.uasset" 5936
"../../../Engine/Content/EngineMaterials/Substrate/GLints/dict_16_192_64_0p5_0p02_0013_0006.uasset" 5937
"../../../Engine/Content/EngineMaterials/Substrate/GLints/dict_16_192_64_0p5_0p02_0013_0007.uasset" 5938
"../../../Engine/Content/EngineMaterials/Substrate/GLints/dict_16_192_64_0p5_0p02_0013_0008.uasset" 5939
"../../../Engine/Content/EngineMaterials/Substrate/GLints/dict_16_192_64_0p5_0p02_0013_0010.uasset" 5940
"../../../Engine/Content/EngineMaterials/Substrate/GLints/dict_16_192_64_0p5_0p02_0013_0011.uasset" 5941
"../../../Engine/Content/EngineMaterials/Substrate/GLints/dict_16_192_64_0p5_0p02_0013_0009.uasset" 5942
"../../../Engine/Content/EngineMaterials/Substrate/GLints/dict_16_192_64_0p5_0p02_0013_0012.uasset" 5943
"../../../Engine/Content/EngineMaterials/Substrate/GLints/dict_16_192_64_0p5_0p02_0013_0013.uasset" 5944
"/Engine/EngineMaterials/Substrate/GLints/dict_16_192_64_0p5_0p02_0013_0013" 5945
"/Engine/EngineMaterials/Substrate/GLints/dict_16_192_64_0p5_0p02_0013_0012" 5946
"/Engine/EngineMaterials/Substrate/GLints/dict_16_192_64_0p5_0p02_0013_0011" 5947
"/Engine/EngineMaterials/Substrate/GLints/dict_16_192_64_0p5_0p02_0013_0010" 5948
"/Engine/EngineMaterials/Substrate/GLints/dict_16_192_64_0p5_0p02_0013_0009" 5949
"/Engine/EngineMaterials/Substrate/GLints/dict_16_192_64_0p5_0p02_0013_0008" 5950
"/Engine/EngineMaterials/Substrate/GLints/dict_16_192_64_0p5_0p02_0013_0007" 5951
"/Engine/EngineMaterials/Substrate/GLints/dict_16_192_64_0p5_0p02_0013_0006" 5952
"/Engine/EngineMaterials/Substrate/GLints/dict_16_192_64_0p5_0p02_0013_0005" 5953
"/Engine/EngineMaterials/Substrate/GLints/dict_16_192_64_0p5_0p02_0013_0004" 5954
"/Engine/EngineMaterials/Substrate/GLints/dict_16_192_64_0p5_0p02_0013_0003" 5955
"/Engine/EngineMaterials/Substrate/GLints/dict_16_192_64_0p5_0p02_0013_0002" 5956
"/Engine/EngineMaterials/Substrate/GLints/dict_16_192_64_0p5_0p02_0013_0001" 5957
"/Engine/EngineMaterials/Substrate/GLints/dict_16_192_64_0p5_0p02_0013_0000" 5958
"/Engine/EngineMaterials/Substrate/GLints/dict_16_192_64_0p5_0p02_0012_0015" 5959
"/Engine/EngineMaterials/Substrate/GLints/dict_16_192_64_0p5_0p02_0012_0014" 5960
"/Engine/EngineMaterials/Substrate/GLints/dict_16_192_64_0p5_0p02_0012_0013" 5961
"/Engine/EngineMaterials/Substrate/GLints/dict_16_192_64_0p5_0p02_0012_0012" 5962
"/Engine/EngineMaterials/Substrate/GLints/dict_16_192_64_0p5_0p02_0012_0011" 5963
"/Engine/EngineMaterials/Substrate/GLints/dict_16_192_64_0p5_0p02_0012_0010" 5964
"/Engine/EngineMaterials/Substrate/GLints/dict_16_192_64_0p5_0p02_0012_0009" 5965
"/Engine/EngineMaterials/Substrate/GLints/dict_16_192_64_0p5_0p02_0012_0008" 5966
"/Engine/EngineMaterials/Substrate/GLints/dict_16_192_64_0p5_0p02_0012_0007" 5967
"/Engine/EngineMaterials/Substrate/GLints/dict_16_192_64_0p5_0p02_0012_0006" 5968
"/Engine/EngineMaterials/Substrate/GLints/dict_16_192_64_0p5_0p02_0012_0005" 5969
"/Engine/EngineMaterials/Substrate/GLints/dict_16_192_64_0p5_0p02_0012_0004" 5970
"/Engine/EngineMaterials/Substrate/GLints/dict_16_192_64_0p5_0p02_0012_0003" 5971
"/Engine/EngineMaterials/Substrate/GLints/dict_16_192_64_0p5_0p02_0012_0002" 5972
"/Engine/EngineMaterials/Substrate/GLints/dict_16_192_64_0p5_0p02_0012_0001" 5973
"/Engine/EngineMaterials/Substrate/GLints/dict_16_192_64_0p5_0p02_0012_0000" 5974
"/Engine/EngineMaterials/Substrate/GLints/dict_16_192_64_0p5_0p02_0011_0015" 5975
"/Engine/EngineMaterials/Substrate/GLints/dict_16_192_64_0p5_0p02_0011_0014" 5976
"../../../Engine/Content/EngineMaterials/Substrate/GLints/dict_16_192_64_0p5_0p02_0014_0000.uasset" 5977
"../../../Engine/Content/EngineMaterials/Substrate/GLints/dict_16_192_64_0p5_0p02_0014_0001.uasset" 5978
"../../../Engine/Content/EngineMaterials/Substrate/GLints/dict_16_192_64_0p5_0p02_0013_0014.uasset" 5979
"../../../Engine/Content/EngineMaterials/Substrate/GLints/dict_16_192_64_0p5_0p02_0013_0015.uasset" 5980
"../../../Engine/Content/EngineMaterials/Substrate/GLints/dict_16_192_64_0p5_0p02_0014_0002.uasset" 5981
"../../../Engine/Content/EngineMaterials/Substrate/GLints/dict_16_192_64_0p5_0p02_0014_0003.uasset" 5982
"../../../Engine/Content/EngineMaterials/Substrate/GLints/dict_16_192_64_0p5_0p02_0014_0004.uasset" 5983
"../../../Engine/Content/EngineMaterials/Substrate/GLints/dict_16_192_64_0p5_0p02_0014_0007.uasset" 5984
"../../../Engine/Content/EngineMaterials/Substrate/GLints/dict_16_192_64_0p5_0p02_0014_0006.uasset" 5985
"../../../Engine/Content/EngineMaterials/Substrate/GLints/dict_16_192_64_0p5_0p02_0014_0005.uasset" 5986
"../../../Engine/Content/EngineMaterials/Substrate/GLints/dict_16_192_64_0p5_0p02_0014_0008.uasset" 5987
"../../../Engine/Content/EngineMaterials/Substrate/GLints/dict_16_192_64_0p5_0p02_0014_0009.uasset" 5988
"../../../Engine/Content/EngineMaterials/Substrate/GLints/dict_16_192_64_0p5_0p02_0014_0010.uasset" 5989
"../../../Engine/Content/EngineMaterials/Substrate/GLints/dict_16_192_64_0p5_0p02_0014_0011.uasset" 5990
"../../../Engine/Content/EngineMaterials/Substrate/GLints/dict_16_192_64_0p5_0p02_0014_0013.uasset" 5991
"../../../Engine/Content/EngineMaterials/Substrate/GLints/dict_16_192_64_0p5_0p02_0015_0000.uasset" 5992
"../../../Engine/Content/EngineMaterials/Substrate/GLints/dict_16_192_64_0p5_0p02_0015_0001.uasset" 5993
"../../../Engine/Content/EngineMaterials/Substrate/GLints/dict_16_192_64_0p5_0p02_0014_0014.uasset" 5994
"../../../Engine/Content/EngineMaterials/Substrate/GLints/dict_16_192_64_0p5_0p02_0014_0015.uasset" 5995
"../../../Engine/Content/EngineMaterials/Substrate/GLints/dict_16_192_64_0p5_0p02_0015_0002.uasset" 5996
"../../../Engine/Content/EngineMaterials/Substrate/GLints/dict_16_192_64_0p5_0p02_0015_0003.uasset" 5997
"../../../Engine/Content/EngineMaterials/Substrate/GLints/dict_16_192_64_0p5_0p02_0015_0004.uasset" 5998
"../../../Engine/Content/EngineMaterials/Substrate/GLints/dict_16_192_64_0p5_0p02_0014_0012.uasset" 5999
"../../../Engine/Content/EngineMaterials/Substrate/GLints/dict_16_192_64_0p5_0p02_0015_0006.uasset" 6000
"../../../Engine/Content/EngineMaterials/Substrate/GLints/dict_16_192_64_0p5_0p02_0015_0005.uasset" 6001
"../../../Engine/Content/EngineMaterials/Substrate/GLints/dict_16_192_64_0p5_0p02_0015_0007.uasset" 6002
"../../../Engine/Content/EngineMaterials/Substrate/GLints/dict_16_192_64_0p5_0p02_0015_0008.uasset" 6003
"../../../Engine/Content/EngineMaterials/Substrate/GLints/dict_16_192_64_0p5_0p02_0015_0009.uasset" 6004
"../../../Engine/Content/EngineMaterials/Substrate/GLints/dict_16_192_64_0p5_0p02_0015_0011.uasset" 6005
"../../../Engine/Content/EngineMaterials/Substrate/GLints/dict_16_192_64_0p5_0p02_0015_0013.uasset" 6006
"../../../Engine/Content/EngineMaterials/Substrate/GLints/dict_16_192_64_0p5_0p02_0015_0010.uasset" 6007
"../../../Engine/Content/EngineMaterials/Substrate/GLints/dict_16_192_64_0p5_0p02_0015_0012.uasset" 6008
"/Engine/EngineMaterials/Substrate/GLints/dict_16_192_64_0p5_0p02_0015_0013" 6009
"/Engine/EngineMaterials/Substrate/GLints/dict_16_192_64_0p5_0p02_0015_0012" 6010
"/Engine/EngineMaterials/Substrate/GLints/dict_16_192_64_0p5_0p02_0015_0011" 6011
"/Engine/EngineMaterials/Substrate/GLints/dict_16_192_64_0p5_0p02_0015_0010" 6012
"/Engine/EngineMaterials/Substrate/GLints/dict_16_192_64_0p5_0p02_0015_0009" 6013
"/Engine/EngineMaterials/Substrate/GLints/dict_16_192_64_0p5_0p02_0015_0008" 6014
"/Engine/EngineMaterials/Substrate/GLints/dict_16_192_64_0p5_0p02_0015_0007" 6015
"/Engine/EngineMaterials/Substrate/GLints/dict_16_192_64_0p5_0p02_0015_0006" 6016
"/Engine/EngineMaterials/Substrate/GLints/dict_16_192_64_0p5_0p02_0015_0005" 6017
"/Engine/EngineMaterials/Substrate/GLints/dict_16_192_64_0p5_0p02_0015_0004" 6018
"/Engine/EngineMaterials/Substrate/GLints/dict_16_192_64_0p5_0p02_0015_0003" 6019
"/Engine/EngineMaterials/Substrate/GLints/dict_16_192_64_0p5_0p02_0015_0002" 6020
"/Engine/EngineMaterials/Substrate/GLints/dict_16_192_64_0p5_0p02_0015_0001" 6021
"/Engine/EngineMaterials/Substrate/GLints/dict_16_192_64_0p5_0p02_0015_0000" 6022
"/Engine/EngineMaterials/Substrate/GLints/dict_16_192_64_0p5_0p02_0014_0015" 6023
"/Engine/EngineMaterials/Substrate/GLints/dict_16_192_64_0p5_0p02_0014_0014" 6024
"/Engine/EngineMaterials/Substrate/GLints/dict_16_192_64_0p5_0p02_0014_0013" 6025
"/Engine/EngineMaterials/Substrate/GLints/dict_16_192_64_0p5_0p02_0014_0012" 6026
"/Engine/EngineMaterials/Substrate/GLints/dict_16_192_64_0p5_0p02_0014_0011" 6027
"/Engine/EngineMaterials/Substrate/GLints/dict_16_192_64_0p5_0p02_0014_0010" 6028
"/Engine/EngineMaterials/Substrate/GLints/dict_16_192_64_0p5_0p02_0014_0009" 6029
"/Engine/EngineMaterials/Substrate/GLints/dict_16_192_64_0p5_0p02_0014_0008" 6030
"/Engine/EngineMaterials/Substrate/GLints/dict_16_192_64_0p5_0p02_0014_0007" 6031
"/Engine/EngineMaterials/Substrate/GLints/dict_16_192_64_0p5_0p02_0014_0006" 6032
"/Engine/EngineMaterials/Substrate/GLints/dict_16_192_64_0p5_0p02_0014_0005" 6033
"/Engine/EngineMaterials/Substrate/GLints/dict_16_192_64_0p5_0p02_0014_0004" 6034
"/Engine/EngineMaterials/Substrate/GLints/dict_16_192_64_0p5_0p02_0014_0003" 6035
"/Engine/EngineMaterials/Substrate/GLints/dict_16_192_64_0p5_0p02_0014_0002" 6036
"/Engine/EngineMaterials/Substrate/GLints/dict_16_192_64_0p5_0p02_0014_0001" 6037
"/Engine/EngineMaterials/Substrate/GLints/dict_16_192_64_0p5_0p02_0014_0000" 6038
"/Engine/EngineMaterials/Substrate/GLints/dict_16_192_64_0p5_0p02_0013_0015" 6039
"/Engine/EngineMaterials/Substrate/GLints/dict_16_192_64_0p5_0p02_0013_0014" 6040
"../../../Engine/Content/EngineMaterials/Substrate/GLints/dict_16_192_64_0p5_0p02_0015_0014.uasset" 6041
"../../../Engine/Content/EngineMaterials/Substrate/GLints/dict_16_192_64_0p5_0p02_0016_0001.uasset" 6042
"../../../Engine/Content/EngineMaterials/Substrate/GLints/dict_16_192_64_0p5_0p02_0016_0003.uasset" 6043
"../../../Engine/Content/EngineMaterials/Substrate/GLints/dict_16_192_64_0p5_0p02_0016_0005.uasset" 6044
"../../../Engine/Content/EngineMaterials/Substrate/GLints/dict_16_192_64_0p5_0p02_0016_0006.uasset" 6045
"../../../Engine/Content/EngineMaterials/Substrate/GLints/dict_16_192_64_0p5_0p02_0015_0015.uasset" 6046
"../../../Engine/Content/EngineMaterials/Substrate/GLints/dict_16_192_64_0p5_0p02_0016_0000.uasset" 6047
"../../../Engine/Content/EngineMaterials/Substrate/GLints/dict_16_192_64_0p5_0p02_0016_0002.uasset" 6048
"../../../Engine/Content/EngineMaterials/Substrate/GLints/dict_16_192_64_0p5_0p02_0016_0004.uasset" 6049
"../../../Engine/Content/EngineMaterials/Substrate/GLints/dict_16_192_64_0p5_0p02_0016_0007.uasset" 6050
"../../../Engine/Content/EngineMaterials/Substrate/GLints/dict_16_192_64_0p5_0p02_0016_0008.uasset" 6051
"../../../Engine/Content/EngineMaterials/Substrate/GLints/dict_16_192_64_0p5_0p02_0016_0009.uasset" 6052
"../../../Engine/Content/EngineMaterials/Substrate/GLints/dict_16_192_64_0p5_0p02_0016_0010.uasset" 6053
"../../../Engine/Content/EngineMaterials/Substrate/GLints/dict_16_192_64_0p5_0p02_0016_0011.uasset" 6054
"../../../Engine/Content/EngineMaterials/Substrate/GLints/dict_16_192_64_0p5_0p02_0016_0012.uasset" 6055
"../../../Engine/Content/EngineMaterials/Substrate/GLints/dict_16_192_64_0p5_0p02_0016_0014.uasset" 6056
"../../../Engine/Content/EngineMaterials/Substrate/GLints/dict_16_192_64_0p5_0p02_0016_0015.uasset" 6057
"../../../Engine/Content/EngineMaterials/Substrate/GLints/dict_16_192_64_0p5_0p02_0017_0001.uasset" 6058
"../../../Engine/Content/EngineMaterials/Substrate/GLints/dict_16_192_64_0p5_0p02_0016_0013.uasset" 6059
"../../../Engine/Content/EngineMaterials/Substrate/GLints/dict_16_192_64_0p5_0p02_0017_0003.uasset" 6060
"../../../Engine/Content/EngineMaterials/Substrate/GLints/dict_16_192_64_0p5_0p02_0017_0000.uasset" 6061
"../../../Engine/Content/EngineMaterials/Substrate/GLints/dict_16_192_64_0p5_0p02_0017_0002.uasset" 6062
"../../../Engine/Content/EngineMaterials/Substrate/GLints/dict_16_192_64_0p5_0p02_0017_0004.uasset" 6063
"../../../Engine/Content/EngineMaterials/Substrate/GLints/dict_16_192_64_0p5_0p02_0017_0006.uasset" 6064
"../../../Engine/Content/EngineMaterials/Substrate/GLints/dict_16_192_64_0p5_0p02_0017_0009.uasset" 6065
"../../../Engine/Content/EngineMaterials/Substrate/GLints/dict_16_192_64_0p5_0p02_0017_0008.uasset" 6066
"../../../Engine/Content/EngineMaterials/Substrate/GLints/dict_16_192_64_0p5_0p02_0017_0007.uasset" 6067
"../../../Engine/Content/EngineMaterials/Substrate/GLints/dict_16_192_64_0p5_0p02_0017_0010.uasset" 6068
"../../../Engine/Content/EngineMaterials/Substrate/GLints/dict_16_192_64_0p5_0p02_0017_0011.uasset" 6069
"../../../Engine/Content/EngineMaterials/Substrate/GLints/dict_16_192_64_0p5_0p02_0017_0012.uasset" 6070
"../../../Engine/Content/EngineMaterials/Substrate/GLints/dict_16_192_64_0p5_0p02_0017_0013.uasset" 6071
"../../../Engine/Content/EngineMaterials/Substrate/GLints/dict_16_192_64_0p5_0p02_0017_0005.uasset" 6072
"/Engine/EngineMaterials/Substrate/GLints/dict_16_192_64_0p5_0p02_0017_0013" 6073
"/Engine/EngineMaterials/Substrate/GLints/dict_16_192_64_0p5_0p02_0017_0012" 6074
"/Engine/EngineMaterials/Substrate/GLints/dict_16_192_64_0p5_0p02_0017_0011" 6075
"/Engine/EngineMaterials/Substrate/GLints/dict_16_192_64_0p5_0p02_0017_0010" 6076
"/Engine/EngineMaterials/Substrate/GLints/dict_16_192_64_0p5_0p02_0017_0009" 6077
"/Engine/EngineMaterials/Substrate/GLints/dict_16_192_64_0p5_0p02_0017_0008" 6078
"/Engine/EngineMaterials/Substrate/GLints/dict_16_192_64_0p5_0p02_0017_0007" 6079
"/Engine/EngineMaterials/Substrate/GLints/dict_16_192_64_0p5_0p02_0017_0006" 6080
"/Engine/EngineMaterials/Substrate/GLints/dict_16_192_64_0p5_0p02_0017_0005" 6081
"/Engine/EngineMaterials/Substrate/GLints/dict_16_192_64_0p5_0p02_0017_0004" 6082
"/Engine/EngineMaterials/Substrate/GLints/dict_16_192_64_0p5_0p02_0017_0003" 6083
"/Engine/EngineMaterials/Substrate/GLints/dict_16_192_64_0p5_0p02_0017_0002" 6084
"/Engine/EngineMaterials/Substrate/GLints/dict_16_192_64_0p5_0p02_0017_0001" 6085
"/Engine/EngineMaterials/Substrate/GLints/dict_16_192_64_0p5_0p02_0017_0000" 6086
"/Engine/EngineMaterials/Substrate/GLints/dict_16_192_64_0p5_0p02_0016_0015" 6087
"/Engine/EngineMaterials/Substrate/GLints/dict_16_192_64_0p5_0p02_0016_0014" 6088
"/Engine/EngineMaterials/Substrate/GLints/dict_16_192_64_0p5_0p02_0016_0013" 6089
"/Engine/EngineMaterials/Substrate/GLints/dict_16_192_64_0p5_0p02_0016_0012" 6090
"/Engine/EngineMaterials/Substrate/GLints/dict_16_192_64_0p5_0p02_0016_0011" 6091
"/Engine/EngineMaterials/Substrate/GLints/dict_16_192_64_0p5_0p02_0016_0010" 6092
"/Engine/EngineMaterials/Substrate/GLints/dict_16_192_64_0p5_0p02_0016_0009" 6093
"/Engine/EngineMaterials/Substrate/GLints/dict_16_192_64_0p5_0p02_0016_0008" 6094
"/Engine/EngineMaterials/Substrate/GLints/dict_16_192_64_0p5_0p02_0016_0007" 6095
"/Engine/EngineMaterials/Substrate/GLints/dict_16_192_64_0p5_0p02_0016_0006" 6096
"/Engine/EngineMaterials/Substrate/GLints/dict_16_192_64_0p5_0p02_0016_0005" 6097
"/Engine/EngineMaterials/Substrate/GLints/dict_16_192_64_0p5_0p02_0016_0004" 6098
"/Engine/EngineMaterials/Substrate/GLints/dict_16_192_64_0p5_0p02_0016_0003" 6099
"/Engine/EngineMaterials/Substrate/GLints/dict_16_192_64_0p5_0p02_0016_0002" 6100
"/Engine/EngineMaterials/Substrate/GLints/dict_16_192_64_0p5_0p02_0016_0001" 6101
"/Engine/EngineMaterials/Substrate/GLints/dict_16_192_64_0p5_0p02_0016_0000" 6102
"/Engine/EngineMaterials/Substrate/GLints/dict_16_192_64_0p5_0p02_0015_0015" 6103
"/Engine/EngineMaterials/Substrate/GLints/dict_16_192_64_0p5_0p02_0015_0014" 6104
"../../../Engine/Content/EngineMaterials/Substrate/GLints/dict_16_192_64_0p5_0p02_0018_0004.uasset" 6105
"../../../Engine/Content/EngineMaterials/Substrate/GLints/dict_16_192_64_0p5_0p02_0017_0014.uasset" 6106
"../../../Engine/Content/EngineMaterials/Substrate/GLints/dict_16_192_64_0p5_0p02_0018_0002.uasset" 6107
"../../../Engine/Content/EngineMaterials/Substrate/GLints/dict_16_192_64_0p5_0p02_0017_0015.uasset" 6108
"../../../Engine/Content/EngineMaterials/Substrate/GLints/dict_16_192_64_0p5_0p02_0018_0000.uasset" 6109
"../../../Engine/Content/EngineMaterials/Substrate/GLints/dict_16_192_64_0p5_0p02_0018_0006.uasset" 6110
"../../../Engine/Content/EngineMaterials/Substrate/GLints/dict_16_192_64_0p5_0p02_0018_0003.uasset" 6111
"../../../Engine/Content/EngineMaterials/Substrate/GLints/dict_16_192_64_0p5_0p02_0018_0001.uasset" 6112
"../../../Engine/Content/EngineMaterials/Substrate/GLints/dict_16_192_64_0p5_0p02_0018_0005.uasset" 6113
"../../../Engine/Content/EngineMaterials/Substrate/GLints/dict_16_192_64_0p5_0p02_0018_0009.uasset" 6114
"../../../Engine/Content/EngineMaterials/Substrate/GLints/dict_16_192_64_0p5_0p02_0018_0007.uasset" 6115
"../../../Engine/Content/EngineMaterials/Substrate/GLints/dict_16_192_64_0p5_0p02_0018_0010.uasset" 6116
"../../../Engine/Content/EngineMaterials/Substrate/GLints/dict_16_192_64_0p5_0p02_0018_0011.uasset" 6117
"../../../Engine/Content/EngineMaterials/Substrate/GLints/dict_16_192_64_0p5_0p02_0018_0012.uasset" 6118
"../../../Engine/Content/EngineMaterials/Substrate/GLints/dict_16_192_64_0p5_0p02_0018_0008.uasset" 6119
"../../../Engine/Content/EngineMaterials/Substrate/GLints/dict_16_192_64_0p5_0p02_0018_0013.uasset" 6120
"../../../Engine/Content/EngineMaterials/Substrate/GLints/dict_16_192_64_0p5_0p02_0018_0014.uasset" 6121
"../../../Engine/Content/EngineMaterials/Substrate/GLints/dict_16_192_64_0p5_0p02_0018_0015.uasset" 6122
"../../../Engine/Content/EngineMaterials/Substrate/GLints/dict_16_192_64_0p5_0p02_0019_0000.uasset" 6123
"../../../Engine/Content/EngineMaterials/Substrate/GLints/dict_16_192_64_0p5_0p02_0019_0002.uasset" 6124
"../../../Engine/Content/EngineMaterials/Substrate/GLints/dict_16_192_64_0p5_0p02_0019_0001.uasset" 6125
"../../../Engine/Content/EngineMaterials/Substrate/GLints/dict_16_192_64_0p5_0p02_0019_0003.uasset" 6126
"../../../Engine/Content/EngineMaterials/Substrate/GLints/dict_16_192_64_0p5_0p02_0019_0004.uasset" 6127
"../../../Engine/Content/EngineMaterials/Substrate/GLints/dict_16_192_64_0p5_0p02_0019_0006.uasset" 6128
"../../../Engine/Content/EngineMaterials/Substrate/GLints/dict_16_192_64_0p5_0p02_0019_0005.uasset" 6129
"../../../Engine/Content/EngineMaterials/Substrate/GLints/dict_16_192_64_0p5_0p02_0019_0007.uasset" 6130
"../../../Engine/Content/EngineMaterials/Substrate/GLints/dict_16_192_64_0p5_0p02_0019_0008.uasset" 6131
"../../../Engine/Content/EngineMaterials/Substrate/GLints/dict_16_192_64_0p5_0p02_0019_0009.uasset" 6132
"../../../Engine/Content/EngineMaterials/Substrate/GLints/dict_16_192_64_0p5_0p02_0019_0012.uasset" 6133
"../../../Engine/Content/EngineMaterials/Substrate/GLints/dict_16_192_64_0p5_0p02_0019_0011.uasset" 6134
"../../../Engine/Content/EngineMaterials/Substrate/GLints/dict_16_192_64_0p5_0p02_0019_0010.uasset" 6135
"../../../Engine/Content/EngineMaterials/Substrate/GLints/dict_16_192_64_0p5_0p02_0019_0013.uasset" 6136
"/Engine/EngineMaterials/Substrate/GLints/dict_16_192_64_0p5_0p02_0019_0008" 6137
"/Engine/EngineMaterials/Substrate/GLints/dict_16_192_64_0p5_0p02_0019_0007" 6138
"/Engine/EngineMaterials/Substrate/GLints/dict_16_192_64_0p5_0p02_0019_0006" 6139
"/Engine/EngineMaterials/Substrate/GLints/dict_16_192_64_0p5_0p02_0019_0005" 6140
"/Engine/EngineMaterials/Substrate/GLints/dict_16_192_64_0p5_0p02_0019_0004" 6141
"/Engine/EngineMaterials/Substrate/GLints/dict_16_192_64_0p5_0p02_0019_0003" 6142
"/Engine/EngineMaterials/Substrate/GLints/dict_16_192_64_0p5_0p02_0019_0002" 6143
"/Engine/EngineMaterials/Substrate/GLints/dict_16_192_64_0p5_0p02_0019_0001" 6144
"/Engine/EngineMaterials/Substrate/GLints/dict_16_192_64_0p5_0p02_0019_0000" 6145
"/Engine/EngineMaterials/Substrate/GLints/dict_16_192_64_0p5_0p02_0018_0015" 6146
"/Engine/EngineMaterials/Substrate/GLints/dict_16_192_64_0p5_0p02_0018_0014" 6147
"/Engine/EngineMaterials/Substrate/GLints/dict_16_192_64_0p5_0p02_0018_0013" 6148
"/Engine/EngineMaterials/Substrate/GLints/dict_16_192_64_0p5_0p02_0018_0012" 6149
"/Engine/EngineMaterials/Substrate/GLints/dict_16_192_64_0p5_0p02_0018_0011" 6150
"/Engine/EngineMaterials/Substrate/GLints/dict_16_192_64_0p5_0p02_0018_0010" 6151
"/Engine/EngineMaterials/Substrate/GLints/dict_16_192_64_0p5_0p02_0018_0009" 6152
"/Engine/EngineMaterials/Substrate/GLints/dict_16_192_64_0p5_0p02_0018_0008" 6153
"/Engine/EngineMaterials/Substrate/GLints/dict_16_192_64_0p5_0p02_0018_0007" 6154
"/Engine/EngineMaterials/Substrate/GLints/dict_16_192_64_0p5_0p02_0018_0006" 6155
"/Engine/EngineMaterials/Substrate/GLints/dict_16_192_64_0p5_0p02_0018_0005" 6156
"/Engine/EngineMaterials/Substrate/GLints/dict_16_192_64_0p5_0p02_0018_0004" 6157
"/Engine/EngineMaterials/Substrate/GLints/dict_16_192_64_0p5_0p02_0018_0003" 6158
"/Engine/EngineMaterials/Substrate/GLints/dict_16_192_64_0p5_0p02_0018_0002" 6159
"/Engine/EngineMaterials/Substrate/GLints/dict_16_192_64_0p5_0p02_0018_0001" 6160
"/Engine/EngineMaterials/Substrate/GLints/dict_16_192_64_0p5_0p02_0018_0000" 6161
"/Engine/EngineMaterials/Substrate/GLints/dict_16_192_64_0p5_0p02_0017_0015" 6162
"/Engine/EngineMaterials/Substrate/GLints/dict_16_192_64_0p5_0p02_0017_0014" 6163
"/Engine/EngineMaterials/Substrate/GLints/dict_16_192_64_0p5_0p02_0019_0013" 6164
"../../../Engine/Content/EngineMaterials/Substrate/GLints/dict_16_192_64_0p5_0p02_0019_0014.uasset" 6165
"../../../Engine/Content/EngineMaterials/Substrate/GLints/dict_16_192_64_0p5_0p02_0019_0015.uasset" 6166
"/Engine/EngineMaterials/Substrate/GLints/dict_16_192_64_0p5_0p02_0019_0012" 6167
"../../../Engine/Content/EngineMaterials/Substrate/GLints/dict_16_192_64_0p5_0p02_0020_0000.uasset" 6168
"/Engine/EngineMaterials/Substrate/GLints/dict_16_192_64_0p5_0p02_0019_0011" 6169
"../../../Engine/Content/EngineMaterials/Substrate/GLints/dict_16_192_64_0p5_0p02_0020_0001.uasset" 6170
"../../../Engine/Content/EngineMaterials/Substrate/GLints/dict_16_192_64_0p5_0p02_0020_0005.uasset" 6171
"../../../Engine/Content/EngineMaterials/Substrate/GLints/dict_16_192_64_0p5_0p02_0020_0006.uasset" 6172
"../../../Engine/Content/EngineMaterials/Substrate/GLints/dict_16_192_64_0p5_0p02_0020_0008.uasset" 6173
"/Engine/EngineMaterials/Substrate/GLints/dict_16_192_64_0p5_0p02_0019_0010" 6174
"../../../Engine/Content/EngineMaterials/Substrate/GLints/dict_16_192_64_0p5_0p02_0020_0002.uasset" 6175
"../../../Engine/Content/EngineMaterials/Substrate/GLints/dict_16_192_64_0p5_0p02_0020_0004.uasset" 6176
"../../../Engine/Content/EngineMaterials/Substrate/GLints/dict_16_192_64_0p5_0p02_0020_0003.uasset" 6177
"../../../Engine/Content/EngineMaterials/Substrate/GLints/dict_16_192_64_0p5_0p02_0020_0010.uasset" 6178
"../../../Engine/Content/EngineMaterials/Substrate/GLints/dict_16_192_64_0p5_0p02_0020_0009.uasset" 6179
"/Engine/EngineMaterials/Substrate/GLints/dict_16_192_64_0p5_0p02_0019_0009" 6180
"../../../Engine/Content/EngineMaterials/Substrate/GLints/dict_16_192_64_0p5_0p02_0020_0007.uasset" 6181
"../../../Engine/Content/EngineMaterials/Substrate/GLints/dict_16_192_64_0p5_0p02_0020_0013.uasset" 6182
"../../../Engine/Content/EngineMaterials/Substrate/GLints/dict_16_192_64_0p5_0p02_0020_0014.uasset" 6183
"../../../Engine/Content/EngineMaterials/Substrate/GLints/dict_16_192_64_0p5_0p02_0021_0000.uasset" 6184
"../../../Engine/Content/EngineMaterials/Substrate/GLints/dict_16_192_64_0p5_0p02_0020_0011.uasset" 6185
"../../../Engine/Content/EngineMaterials/Substrate/GLints/dict_16_192_64_0p5_0p02_0020_0012.uasset" 6186
"../../../Engine/Content/EngineMaterials/Substrate/GLints/dict_16_192_64_0p5_0p02_0020_0015.uasset" 6187
"../../../Engine/Content/EngineMaterials/Substrate/GLints/dict_16_192_64_0p5_0p02_0021_0001.uasset" 6188
"../../../Engine/Content/EngineMaterials/Substrate/GLints/dict_16_192_64_0p5_0p02_0021_0002.uasset" 6189
"/Engine/EngineMaterials/Substrate/GLints/dict_16_192_64_0p5_0p02_0020_0014" 6190
"../../../Engine/Content/EngineMaterials/Substrate/GLints/dict_16_192_64_0p5_0p02_0021_0003.uasset" 6191
"../../../Engine/Content/EngineMaterials/Substrate/GLints/dict_16_192_64_0p5_0p02_0021_0004.uasset" 6192
"../../../Engine/Content/EngineMaterials/Substrate/GLints/dict_16_192_64_0p5_0p02_0021_0005.uasset" 6193
"../../../Engine/Content/EngineMaterials/Substrate/GLints/dict_16_192_64_0p5_0p02_0021_0006.uasset" 6194
"/Engine/EngineMaterials/Substrate/GLints/dict_16_192_64_0p5_0p02_0020_0013" 6195
"../../../Engine/Content/EngineMaterials/Substrate/GLints/dict_16_192_64_0p5_0p02_0021_0009.uasset" 6196
"../../../Engine/Content/EngineMaterials/Substrate/GLints/dict_16_192_64_0p5_0p02_0021_0007.uasset" 6197
"/Engine/EngineMaterials/Substrate/GLints/dict_16_192_64_0p5_0p02_0020_0011" 6198
"../../../Engine/Content/EngineMaterials/Substrate/GLints/dict_16_192_64_0p5_0p02_0021_0008.uasset" 6199
"../../../Engine/Content/EngineMaterials/Substrate/GLints/dict_16_192_64_0p5_0p02_0021_0011.uasset" 6200
"../../../Engine/Content/EngineMaterials/Substrate/GLints/dict_16_192_64_0p5_0p02_0021_0010.uasset" 6201
"../../../Engine/Content/EngineMaterials/Substrate/GLints/dict_16_192_64_0p5_0p02_0021_0012.uasset" 6202
"../../../Engine/Content/EngineMaterials/Substrate/GLints/dict_16_192_64_0p5_0p02_0021_0013.uasset" 6203
"/Engine/EngineMaterials/Substrate/GLints/dict_16_192_64_0p5_0p02_0020_0010" 6204
"/Engine/EngineMaterials/Substrate/GLints/dict_16_192_64_0p5_0p02_0020_0009" 6205
"/Engine/EngineMaterials/Substrate/GLints/dict_16_192_64_0p5_0p02_0020_0008" 6206
"/Engine/EngineMaterials/Substrate/GLints/dict_16_192_64_0p5_0p02_0020_0007" 6207
"/Engine/EngineMaterials/Substrate/GLints/dict_16_192_64_0p5_0p02_0020_0006" 6208
"/Engine/EngineMaterials/Substrate/GLints/dict_16_192_64_0p5_0p02_0020_0005" 6209
"/Engine/EngineMaterials/Substrate/GLints/dict_16_192_64_0p5_0p02_0020_0004" 6210
"/Engine/EngineMaterials/Substrate/GLints/dict_16_192_64_0p5_0p02_0020_0003" 6211
"/Engine/EngineMaterials/Substrate/GLints/dict_16_192_64_0p5_0p02_0020_0002" 6212
"/Engine/EngineMaterials/Substrate/GLints/dict_16_192_64_0p5_0p02_0020_0001" 6213
"/Engine/EngineMaterials/Substrate/GLints/dict_16_192_64_0p5_0p02_0020_0000" 6214
"/Engine/EngineMaterials/Substrate/GLints/dict_16_192_64_0p5_0p02_0019_0015" 6215
"/Engine/EngineMaterials/Substrate/GLints/dict_16_192_64_0p5_0p02_0019_0014" 6216
"../../../Engine/Content/EngineMaterials/Substrate/GLints/dict_16_192_64_0p5_0p02_0021_0015.uasset" 6217
"../../../Engine/Content/EngineMaterials/Substrate/GLints/dict_16_192_64_0p5_0p02_0022_0001.uasset" 6218
"../../../Engine/Content/EngineMaterials/Substrate/GLints/dict_16_192_64_0p5_0p02_0022_0002.uasset" 6219
"/Engine/EngineMaterials/Substrate/GLints/dict_16_192_64_0p5_0p02_0021_0013" 6220
"../../../Engine/Content/EngineMaterials/Substrate/GLints/dict_16_192_64_0p5_0p02_0022_0003.uasset" 6221
"../../../Engine/Content/EngineMaterials/Substrate/GLints/dict_16_192_64_0p5_0p02_0022_0004.uasset" 6222
"../../../Engine/Content/EngineMaterials/Substrate/GLints/dict_16_192_64_0p5_0p02_0022_0000.uasset" 6223
"../../../Engine/Content/EngineMaterials/Substrate/GLints/dict_16_192_64_0p5_0p02_0022_0005.uasset" 6224
"../../../Engine/Content/EngineMaterials/Substrate/GLints/dict_16_192_64_0p5_0p02_0022_0006.uasset" 6225
"../../../Engine/Content/EngineMaterials/Substrate/GLints/dict_16_192_64_0p5_0p02_0022_0007.uasset" 6226
"../../../Engine/Content/EngineMaterials/Substrate/GLints/dict_16_192_64_0p5_0p02_0021_0014.uasset" 6227
"../../../Engine/Content/EngineMaterials/Substrate/GLints/dict_16_192_64_0p5_0p02_0022_0009.uasset" 6228
"../../../Engine/Content/EngineMaterials/Substrate/GLints/dict_16_192_64_0p5_0p02_0022_0008.uasset" 6229
"../../../Engine/Content/EngineMaterials/Substrate/GLints/dict_16_192_64_0p5_0p02_0022_0010.uasset" 6230
"/Engine/EngineMaterials/Substrate/GLints/dict_16_192_64_0p5_0p02_0021_0012" 6231
"../../../Engine/Content/EngineMaterials/Substrate/GLints/dict_16_192_64_0p5_0p02_0022_0011.uasset" 6232
"../../../Engine/Content/EngineMaterials/Substrate/GLints/dict_16_192_64_0p5_0p02_0022_0013.uasset" 6233
"../../../Engine/Content/EngineMaterials/Substrate/GLints/dict_16_192_64_0p5_0p02_0022_0012.uasset" 6234
"/Engine/EngineMaterials/Substrate/GLints/dict_16_192_64_0p5_0p02_0021_0011" 6235
"/Engine/EngineMaterials/Substrate/GLints/dict_16_192_64_0p5_0p02_0021_0010" 6236
"/Engine/EngineMaterials/Substrate/GLints/dict_16_192_64_0p5_0p02_0021_0009" 6237
"/Engine/EngineMaterials/Substrate/GLints/dict_16_192_64_0p5_0p02_0021_0008" 6238
"/Engine/EngineMaterials/Substrate/GLints/dict_16_192_64_0p5_0p02_0021_0007" 6239
"/Engine/EngineMaterials/Substrate/GLints/dict_16_192_64_0p5_0p02_0021_0006" 6240
"/Engine/EngineMaterials/Substrate/GLints/dict_16_192_64_0p5_0p02_0021_0005" 6241
"/Engine/EngineMaterials/Substrate/GLints/dict_16_192_64_0p5_0p02_0021_0004" 6242
"/Engine/EngineMaterials/Substrate/GLints/dict_16_192_64_0p5_0p02_0021_0003" 6243
"/Engine/EngineMaterials/Substrate/GLints/dict_16_192_64_0p5_0p02_0021_0002" 6244
"/Engine/EngineMaterials/Substrate/GLints/dict_16_192_64_0p5_0p02_0021_0001" 6245
"/Engine/EngineMaterials/Substrate/GLints/dict_16_192_64_0p5_0p02_0021_0000" 6246
"/Engine/EngineMaterials/Substrate/GLints/dict_16_192_64_0p5_0p02_0020_0015" 6247
"/Engine/EngineMaterials/Substrate/GLints/dict_16_192_64_0p5_0p02_0020_0012" 6248
"/Engine/EngineMaterials/Substrate/GLints/dict_16_192_64_0p5_0p02_0022_0013" 6249
"../../../Engine/Content/EngineMaterials/Substrate/GLints/dict_16_192_64_0p5_0p02_0022_0014.uasset" 6250
"../../../Engine/Content/EngineMaterials/Substrate/GLints/dict_16_192_64_0p5_0p02_0022_0015.uasset" 6251
"../../../Engine/Content/EngineMaterials/Substrate/GLints/dict_16_192_64_0p5_0p02_0023_0002.uasset" 6252
"/Engine/EngineMaterials/Substrate/GLints/dict_16_192_64_0p5_0p02_0022_0012" 6253
"../../../Engine/Content/EngineMaterials/Substrate/GLints/dict_16_192_64_0p5_0p02_0023_0000.uasset" 6254
"../../../Engine/Content/EngineMaterials/Substrate/GLints/dict_16_192_64_0p5_0p02_0023_0003.uasset" 6255
"../../../Engine/Content/EngineMaterials/Substrate/GLints/dict_16_192_64_0p5_0p02_0023_0001.uasset" 6256
"../../../Engine/Content/EngineMaterials/Substrate/GLints/dict_16_192_64_0p5_0p02_0023_0005.uasset" 6257
"/Engine/EngineMaterials/Substrate/GLints/dict_16_192_64_0p5_0p02_0022_0011" 6258
"/Engine/EngineMaterials/Substrate/GLints/dict_16_192_64_0p5_0p02_0022_0010" 6259
"../../../Engine/Content/EngineMaterials/Substrate/GLints/dict_16_192_64_0p5_0p02_0023_0006.uasset" 6260
"../../../Engine/Content/EngineMaterials/Substrate/GLints/dict_16_192_64_0p5_0p02_0023_0007.uasset" 6261
"../../../Engine/Content/EngineMaterials/Substrate/GLints/dict_16_192_64_0p5_0p02_0023_0011.uasset" 6262
"/Engine/EngineMaterials/Substrate/GLints/dict_16_192_64_0p5_0p02_0022_0009" 6263
"../../../Engine/Content/EngineMaterials/Substrate/GLints/dict_16_192_64_0p5_0p02_0023_0004.uasset" 6264
"../../../Engine/Content/EngineMaterials/Substrate/GLints/dict_16_192_64_0p5_0p02_0023_0009.uasset" 6265
"../../../Engine/Content/EngineMaterials/Substrate/GLints/dict_16_192_64_0p5_0p02_0023_0008.uasset" 6266
"../../../Engine/Content/EngineMaterials/Substrate/GLints/dict_16_192_64_0p5_0p02_0023_0012.uasset" 6267
"/Engine/EngineMaterials/Substrate/GLints/dict_16_192_64_0p5_0p02_0022_0008" 6268
"../../../Engine/Content/EngineMaterials/Substrate/GLints/dict_16_192_64_0p5_0p02_0023_0013.uasset" 6269
"../../../Engine/Content/EngineMaterials/Substrate/GLints/dict_16_192_64_0p5_0p02_0023_0010.uasset" 6270
"/Engine/EngineMaterials/Substrate/GLints/dict_16_192_64_0p5_0p02_0022_0007" 6271
"/Engine/EngineMaterials/Substrate/GLints/dict_16_192_64_0p5_0p02_0022_0006" 6272
"/Engine/EngineMaterials/Substrate/GLints/dict_16_192_64_0p5_0p02_0022_0005" 6273
"/Engine/EngineMaterials/Substrate/GLints/dict_16_192_64_0p5_0p02_0022_0004" 6274
"/Engine/EngineMaterials/Substrate/GLints/dict_16_192_64_0p5_0p02_0022_0003" 6275
"/Engine/EngineMaterials/Substrate/GLints/dict_16_192_64_0p5_0p02_0022_0002" 6276
"/Engine/EngineMaterials/Substrate/GLints/dict_16_192_64_0p5_0p02_0022_0001" 6277
"/Engine/EngineMaterials/Substrate/GLints/dict_16_192_64_0p5_0p02_0022_0000" 6278
"/Engine/EngineMaterials/Substrate/GLints/dict_16_192_64_0p5_0p02_0021_0015" 6279
"/Engine/EngineMaterials/Substrate/GLints/dict_16_192_64_0p5_0p02_0021_0014" 6280
"/Engine/EngineMaterials/Substrate/GLints/dict_16_192_64_0p5_0p02_0023_0013" 6281
"../../../Engine/Content/EngineMaterials/Substrate/GLints/dict_16_192_64_0p5_0p02_0024_0002.uasset" 6282
"../../../Engine/Content/EngineMaterials/Substrate/GLints/dict_16_192_64_0p5_0p02_0023_0015.uasset" 6283
"../../../Engine/Content/EngineMaterials/Substrate/GLints/dict_16_192_64_0p5_0p02_0024_0001.uasset" 6284
"../../../Engine/Content/EngineMaterials/Substrate/GLints/dict_16_192_64_0p5_0p02_0024_0000.uasset" 6285
"/Engine/EngineMaterials/Substrate/GLints/dict_16_192_64_0p5_0p02_0023_0012" 6286
"../../../Engine/Content/EngineMaterials/Substrate/GLints/dict_16_192_64_0p5_0p02_0024_0003.uasset" 6287
"../../../Engine/Content/EngineMaterials/Substrate/GLints/dict_16_192_64_0p5_0p02_0023_0014.uasset" 6288
"../../../Engine/Content/EngineMaterials/Substrate/GLints/dict_16_192_64_0p5_0p02_0024_0004.uasset" 6289
"../../../Engine/Content/EngineMaterials/Substrate/GLints/dict_16_192_64_0p5_0p02_0024_0005.uasset" 6290
"../../../Engine/Content/EngineMaterials/Substrate/GLints/dict_16_192_64_0p5_0p02_0024_0007.uasset" 6291
"../../../Engine/Content/EngineMaterials/Substrate/GLints/dict_16_192_64_0p5_0p02_0024_0006.uasset" 6292
"../../../Engine/Content/EngineMaterials/Substrate/GLints/dict_16_192_64_0p5_0p02_0024_0008.uasset" 6293
"/Engine/EngineMaterials/Substrate/GLints/dict_16_192_64_0p5_0p02_0023_0011" 6294
"../../../Engine/Content/EngineMaterials/Substrate/GLints/dict_16_192_64_0p5_0p02_0024_0009.uasset" 6295
"../../../Engine/Content/EngineMaterials/Substrate/GLints/dict_16_192_64_0p5_0p02_0024_0010.uasset" 6296
"../../../Engine/Content/EngineMaterials/Substrate/GLints/dict_16_192_64_0p5_0p02_0024_0011.uasset" 6297
"../../../Engine/Content/EngineMaterials/Substrate/GLints/dict_16_192_64_0p5_0p02_0024_0013.uasset" 6298
"/Engine/EngineMaterials/Substrate/GLints/dict_16_192_64_0p5_0p02_0023_0010" 6299
"../../../Engine/Content/EngineMaterials/Substrate/GLints/dict_16_192_64_0p5_0p02_0024_0012.uasset" 6300
"/Engine/EngineMaterials/Substrate/GLints/dict_16_192_64_0p5_0p02_0023_0009" 6301
"/Engine/EngineMaterials/Substrate/GLints/dict_16_192_64_0p5_0p02_0023_0008" 6302
"/Engine/EngineMaterials/Substrate/GLints/dict_16_192_64_0p5_0p02_0023_0007" 6303
"/Engine/EngineMaterials/Substrate/GLints/dict_16_192_64_0p5_0p02_0023_0006" 6304
"/Engine/EngineMaterials/Substrate/GLints/dict_16_192_64_0p5_0p02_0023_0005" 6305
"/Engine/EngineMaterials/Substrate/GLints/dict_16_192_64_0p5_0p02_0023_0004" 6306
"/Engine/EngineMaterials/Substrate/GLints/dict_16_192_64_0p5_0p02_0023_0003" 6307
"/Engine/EngineMaterials/Substrate/GLints/dict_16_192_64_0p5_0p02_0023_0002" 6308
"/Engine/EngineMaterials/Substrate/GLints/dict_16_192_64_0p5_0p02_0023_0001" 6309
"/Engine/EngineMaterials/Substrate/GLints/dict_16_192_64_0p5_0p02_0023_0000" 6310
"/Engine/EngineMaterials/Substrate/GLints/dict_16_192_64_0p5_0p02_0022_0015" 6311
"/Engine/EngineMaterials/Substrate/GLints/dict_16_192_64_0p5_0p02_0022_0014" 6312
"/Engine/EngineMaterials/Substrate/GLints/dict_16_192_64_0p5_0p02_0024_0013" 6313
"../../../Engine/Content/EngineMaterials/Substrate/GLints/dict_16_192_64_0p5_0p02_0025_0000.uasset" 6314
"../../../Engine/Content/EngineMaterials/Substrate/GLints/dict_16_192_64_0p5_0p02_0025_0002.uasset" 6315
"../../../Engine/Content/EngineMaterials/Substrate/GLints/dict_16_192_64_0p5_0p02_0025_0001.uasset" 6316
"../../../Engine/Content/EngineMaterials/Substrate/GLints/dict_16_192_64_0p5_0p02_0025_0003.uasset" 6317
"/Engine/EngineMaterials/Substrate/GLints/dict_16_192_64_0p5_0p02_0024_0012" 6318
"../../../Engine/Content/EngineMaterials/Substrate/GLints/dict_16_192_64_0p5_0p02_0025_0004.uasset" 6319
"../../../Engine/Content/EngineMaterials/Substrate/GLints/dict_16_192_64_0p5_0p02_0024_0015.uasset" 6320
"../../../Engine/Content/EngineMaterials/Substrate/GLints/dict_16_192_64_0p5_0p02_0024_0014.uasset" 6321
"../../../Engine/Content/EngineMaterials/Substrate/GLints/dict_16_192_64_0p5_0p02_0025_0005.uasset" 6322
"/Engine/EngineMaterials/Substrate/GLints/dict_16_192_64_0p5_0p02_0024_0011" 6323
"../../../Engine/Content/EngineMaterials/Substrate/GLints/dict_16_192_64_0p5_0p02_0025_0006.uasset" 6324
"../../../Engine/Content/EngineMaterials/Substrate/GLints/dict_16_192_64_0p5_0p02_0025_0007.uasset" 6325
"../../../Engine/Content/EngineMaterials/Substrate/GLints/dict_16_192_64_0p5_0p02_0025_0013.uasset" 6326
"../../../Engine/Content/EngineMaterials/Substrate/GLints/dict_16_192_64_0p5_0p02_0025_0012.uasset" 6327
"/Engine/EngineMaterials/Substrate/GLints/dict_16_192_64_0p5_0p02_0024_0010" 6328
"../../../Engine/Content/EngineMaterials/Substrate/GLints/dict_16_192_64_0p5_0p02_0025_0011.uasset" 6329
"../../../Engine/Content/EngineMaterials/Substrate/GLints/dict_16_192_64_0p5_0p02_0025_0009.uasset" 6330
"../../../Engine/Content/EngineMaterials/Substrate/GLints/dict_16_192_64_0p5_0p02_0025_0008.uasset" 6331
"/Engine/EngineMaterials/Substrate/GLints/dict_16_192_64_0p5_0p02_0024_0009" 6332
"../../../Engine/Content/EngineMaterials/Substrate/GLints/dict_16_192_64_0p5_0p02_0025_0010.uasset" 6333
"/Engine/EngineMaterials/Substrate/GLints/dict_16_192_64_0p5_0p02_0024_0008" 6334
"/Engine/EngineMaterials/Substrate/GLints/dict_16_192_64_0p5_0p02_0024_0007" 6335
"/Engine/EngineMaterials/Substrate/GLints/dict_16_192_64_0p5_0p02_0024_0006" 6336
"/Engine/EngineMaterials/Substrate/GLints/dict_16_192_64_0p5_0p02_0024_0005" 6337
"/Engine/EngineMaterials/Substrate/GLints/dict_16_192_64_0p5_0p02_0024_0004" 6338
"/Engine/EngineMaterials/Substrate/GLints/dict_16_192_64_0p5_0p02_0024_0003" 6339
"/Engine/EngineMaterials/Substrate/GLints/dict_16_192_64_0p5_0p02_0024_0002" 6340
"/Engine/EngineMaterials/Substrate/GLints/dict_16_192_64_0p5_0p02_0024_0001" 6341
"/Engine/EngineMaterials/Substrate/GLints/dict_16_192_64_0p5_0p02_0024_0000" 6342
"/Engine/EngineMaterials/Substrate/GLints/dict_16_192_64_0p5_0p02_0023_0015" 6343
"/Engine/EngineMaterials/Substrate/GLints/dict_16_192_64_0p5_0p02_0023_0014" 6344
"/Engine/EngineMaterials/Substrate/GLints/dict_16_192_64_0p5_0p02_0025_0013" 6345
"../../../Engine/Content/EngineMaterials/Substrate/GLints/dict_16_192_64_0p5_0p02_0026_0002.uasset" 6346
"../../../Engine/Content/EngineMaterials/Substrate/GLints/dict_16_192_64_0p5_0p02_0025_0014.uasset" 6347
"../../../Engine/Content/EngineMaterials/Substrate/GLints/dict_16_192_64_0p5_0p02_0026_0001.uasset" 6348
"../../../Engine/Content/EngineMaterials/Substrate/GLints/dict_16_192_64_0p5_0p02_0026_0003.uasset" 6349
"/Engine/EngineMaterials/Substrate/GLints/dict_16_192_64_0p5_0p02_0025_0012" 6350
"../../../Engine/Content/EngineMaterials/Substrate/GLints/dict_16_192_64_0p5_0p02_0026_0000.uasset" 6351
"../../../Engine/Content/EngineMaterials/Substrate/GLints/dict_16_192_64_0p5_0p02_0025_0015.uasset" 6352
"../../../Engine/Content/EngineMaterials/Substrate/GLints/dict_16_192_64_0p5_0p02_0026_0005.uasset" 6353
"/Engine/EngineMaterials/Substrate/GLints/dict_16_192_64_0p5_0p02_0025_0011" 6354
"../../../Engine/Content/EngineMaterials/Substrate/GLints/dict_16_192_64_0p5_0p02_0026_0004.uasset" 6355
"../../../Engine/Content/EngineMaterials/Substrate/GLints/dict_16_192_64_0p5_0p02_0026_0007.uasset" 6356
"../../../Engine/Content/EngineMaterials/Substrate/GLints/dict_16_192_64_0p5_0p02_0026_0006.uasset" 6357
"/Engine/EngineMaterials/Substrate/GLints/dict_16_192_64_0p5_0p02_0025_0010" 6358
"../../../Engine/Content/EngineMaterials/Substrate/GLints/dict_16_192_64_0p5_0p02_0026_0009.uasset" 6359
"../../../Engine/Content/EngineMaterials/Substrate/GLints/dict_16_192_64_0p5_0p02_0026_0008.uasset" 6360
"../../../Engine/Content/EngineMaterials/Substrate/GLints/dict_16_192_64_0p5_0p02_0026_0010.uasset" 6361
"../../../Engine/Content/EngineMaterials/Substrate/GLints/dict_16_192_64_0p5_0p02_0026_0011.uasset" 6362
"../../../Engine/Content/EngineMaterials/Substrate/GLints/dict_16_192_64_0p5_0p02_0026_0012.uasset" 6363
"/Engine/EngineMaterials/Substrate/GLints/dict_16_192_64_0p5_0p02_0025_0009" 6364
"../../../Engine/Content/EngineMaterials/Substrate/GLints/dict_16_192_64_0p5_0p02_0026_0013.uasset" 6365
"/Engine/EngineMaterials/Substrate/GLints/dict_16_192_64_0p5_0p02_0025_0008" 6366
"/Engine/EngineMaterials/Substrate/GLints/dict_16_192_64_0p5_0p02_0025_0007" 6367
"/Engine/EngineMaterials/Substrate/GLints/dict_16_192_64_0p5_0p02_0025_0006" 6368
"/Engine/EngineMaterials/Substrate/GLints/dict_16_192_64_0p5_0p02_0025_0005" 6369
"/Engine/EngineMaterials/Substrate/GLints/dict_16_192_64_0p5_0p02_0025_0004" 6370
"/Engine/EngineMaterials/Substrate/GLints/dict_16_192_64_0p5_0p02_0025_0003" 6371
"/Engine/EngineMaterials/Substrate/GLints/dict_16_192_64_0p5_0p02_0025_0002" 6372
"/Engine/EngineMaterials/Substrate/GLints/dict_16_192_64_0p5_0p02_0025_0001" 6373
"/Engine/EngineMaterials/Substrate/GLints/dict_16_192_64_0p5_0p02_0025_0000" 6374
"/Engine/EngineMaterials/Substrate/GLints/dict_16_192_64_0p5_0p02_0024_0015" 6375
"/Engine/EngineMaterials/Substrate/GLints/dict_16_192_64_0p5_0p02_0024_0014" 6376
"/Engine/EngineMaterials/Substrate/GLints/dict_16_192_64_0p5_0p02_0026_0013" 6377
"../../../Engine/Content/EngineMaterials/Substrate/GLints/dict_16_192_64_0p5_0p02_0026_0014.uasset" 6378
"../../../Engine/Content/EngineMaterials/Substrate/GLints/dict_16_192_64_0p5_0p02_0027_0000.uasset" 6379
"../../../Engine/Content/EngineMaterials/Substrate/GLints/dict_16_192_64_0p5_0p02_0027_0003.uasset" 6380
"../../../Engine/Content/EngineMaterials/Substrate/GLints/dict_16_192_64_0p5_0p02_0026_0015.uasset" 6381
"/Engine/EngineMaterials/Substrate/GLints/dict_16_192_64_0p5_0p02_0026_0012" 6382
"../../../Engine/Content/EngineMaterials/Substrate/GLints/dict_16_192_64_0p5_0p02_0027_0002.uasset" 6383
"../../../Engine/Content/EngineMaterials/Substrate/GLints/dict_16_192_64_0p5_0p02_0027_0001.uasset" 6384
"../../../Engine/Content/EngineMaterials/Substrate/GLints/dict_16_192_64_0p5_0p02_0027_0005.uasset" 6385
"../../../Engine/Content/EngineMaterials/Substrate/GLints/dict_16_192_64_0p5_0p02_0027_0006.uasset" 6386
"../../../Engine/Content/EngineMaterials/Substrate/GLints/dict_16_192_64_0p5_0p02_0027_0007.uasset" 6387
"/Engine/EngineMaterials/Substrate/GLints/dict_16_192_64_0p5_0p02_0026_0011" 6388
"../../../Engine/Content/EngineMaterials/Substrate/GLints/dict_16_192_64_0p5_0p02_0027_0008.uasset" 6389
"../../../Engine/Content/EngineMaterials/Substrate/GLints/dict_16_192_64_0p5_0p02_0027_0009.uasset" 6390
"../../../Engine/Content/EngineMaterials/Substrate/GLints/dict_16_192_64_0p5_0p02_0027_0011.uasset" 6391
"../../../Engine/Content/EngineMaterials/Substrate/GLints/dict_16_192_64_0p5_0p02_0027_0004.uasset" 6392
"../../../Engine/Content/EngineMaterials/Substrate/GLints/dict_16_192_64_0p5_0p02_0027_0010.uasset" 6393
"/Engine/EngineMaterials/Substrate/GLints/dict_16_192_64_0p5_0p02_0026_0010" 6394
"../../../Engine/Content/EngineMaterials/Substrate/GLints/dict_16_192_64_0p5_0p02_0027_0012.uasset" 6395
"../../../Engine/Content/EngineMaterials/Substrate/GLints/dict_16_192_64_0p5_0p02_0027_0013.uasset" 6396
"/Engine/EngineMaterials/Substrate/GLints/dict_16_192_64_0p5_0p02_0026_0009" 6397
"/Engine/EngineMaterials/Substrate/GLints/dict_16_192_64_0p5_0p02_0026_0008" 6398
"/Engine/EngineMaterials/Substrate/GLints/dict_16_192_64_0p5_0p02_0026_0007" 6399
"/Engine/EngineMaterials/Substrate/GLints/dict_16_192_64_0p5_0p02_0026_0006" 6400
"/Engine/EngineMaterials/Substrate/GLints/dict_16_192_64_0p5_0p02_0026_0005" 6401
"/Engine/EngineMaterials/Substrate/GLints/dict_16_192_64_0p5_0p02_0026_0004" 6402
"/Engine/EngineMaterials/Substrate/GLints/dict_16_192_64_0p5_0p02_0026_0003" 6403
"/Engine/EngineMaterials/Substrate/GLints/dict_16_192_64_0p5_0p02_0026_0002" 6404
"/Engine/EngineMaterials/Substrate/GLints/dict_16_192_64_0p5_0p02_0026_0001" 6405
"/Engine/EngineMaterials/Substrate/GLints/dict_16_192_64_0p5_0p02_0026_0000" 6406
"/Engine/EngineMaterials/Substrate/GLints/dict_16_192_64_0p5_0p02_0025_0015" 6407
"/Engine/EngineMaterials/Substrate/GLints/dict_16_192_64_0p5_0p02_0025_0014" 6408
"/Engine/EngineMaterials/Substrate/GLints/dict_16_192_64_0p5_0p02_0027_0013" 6409
"/Engine/EngineMaterials/Substrate/GLints/dict_16_192_64_0p5_0p02_0027_0012" 6410
"../../../Engine/Content/EngineMaterials/Substrate/GLints/dict_16_192_64_0p5_0p02_0027_0014.uasset" 6411
"../../../Engine/Content/EngineMaterials/Substrate/GLints/dict_16_192_64_0p5_0p02_0028_0002.uasset" 6412
"../../../Engine/Content/EngineMaterials/Substrate/GLints/dict_16_192_64_0p5_0p02_0028_0004.uasset" 6413
"../../../Engine/Content/EngineMaterials/Substrate/GLints/dict_16_192_64_0p5_0p02_0028_0007.uasset" 6414
"../../../Engine/Content/EngineMaterials/Substrate/GLints/dict_16_192_64_0p5_0p02_0028_0005.uasset" 6415
"../../../Engine/Content/EngineMaterials/Substrate/GLints/dict_16_192_64_0p5_0p02_0028_0000.uasset" 6416
"../../../Engine/Content/EngineMaterials/Substrate/GLints/dict_16_192_64_0p5_0p02_0027_0015.uasset" 6417
"/Engine/EngineMaterials/Substrate/GLints/dict_16_192_64_0p5_0p02_0027_0011" 6418
"/Engine/EngineMaterials/Substrate/GLints/dict_16_192_64_0p5_0p02_0027_0010" 6419
"../../../Engine/Content/EngineMaterials/Substrate/GLints/dict_16_192_64_0p5_0p02_0028_0001.uasset" 6420
"../../../Engine/Content/EngineMaterials/Substrate/GLints/dict_16_192_64_0p5_0p02_0028_0003.uasset" 6421
"../../../Engine/Content/EngineMaterials/Substrate/GLints/dict_16_192_64_0p5_0p02_0028_0006.uasset" 6422
"/Engine/EngineMaterials/Substrate/GLints/dict_16_192_64_0p5_0p02_0027_0009" 6423
"../../../Engine/Content/EngineMaterials/Substrate/GLints/dict_16_192_64_0p5_0p02_0028_0008.uasset" 6424
"../../../Engine/Content/EngineMaterials/Substrate/GLints/dict_16_192_64_0p5_0p02_0028_0010.uasset" 6425
"../../../Engine/Content/EngineMaterials/Substrate/GLints/dict_16_192_64_0p5_0p02_0028_0009.uasset" 6426
"../../../Engine/Content/EngineMaterials/Substrate/GLints/dict_16_192_64_0p5_0p02_0028_0011.uasset" 6427
"../../../Engine/Content/EngineMaterials/Substrate/GLints/dict_16_192_64_0p5_0p02_0028_0013.uasset" 6428
"../../../Engine/Content/EngineMaterials/Substrate/GLints/dict_16_192_64_0p5_0p02_0028_0012.uasset" 6429
"/Engine/EngineMaterials/Substrate/GLints/dict_16_192_64_0p5_0p02_0027_0008" 6430
"/Engine/EngineMaterials/Substrate/GLints/dict_16_192_64_0p5_0p02_0027_0007" 6431
"/Engine/EngineMaterials/Substrate/GLints/dict_16_192_64_0p5_0p02_0027_0006" 6432
"/Engine/EngineMaterials/Substrate/GLints/dict_16_192_64_0p5_0p02_0027_0005" 6433
"/Engine/EngineMaterials/Substrate/GLints/dict_16_192_64_0p5_0p02_0027_0004" 6434
"/Engine/EngineMaterials/Substrate/GLints/dict_16_192_64_0p5_0p02_0027_0003" 6435
"/Engine/EngineMaterials/Substrate/GLints/dict_16_192_64_0p5_0p02_0027_0002" 6436
"/Engine/EngineMaterials/Substrate/GLints/dict_16_192_64_0p5_0p02_0027_0001" 6437
"/Engine/EngineMaterials/Substrate/GLints/dict_16_192_64_0p5_0p02_0027_0000" 6438
"/Engine/EngineMaterials/Substrate/GLints/dict_16_192_64_0p5_0p02_0026_0015" 6439
"/Engine/EngineMaterials/Substrate/GLints/dict_16_192_64_0p5_0p02_0026_0014" 6440
"/Engine/EngineMaterials/Substrate/GLints/dict_16_192_64_0p5_0p02_0028_0013" 6441
"../../../Engine/Content/EngineMaterials/Substrate/GLints/dict_16_192_64_0p5_0p02_0029_0002.uasset" 6442
"../../../Engine/Content/EngineMaterials/Substrate/GLints/dict_16_192_64_0p5_0p02_0028_0014.uasset" 6443
"/Engine/EngineMaterials/Substrate/GLints/dict_16_192_64_0p5_0p02_0028_0012" 6444
"../../../Engine/Content/EngineMaterials/Substrate/GLints/dict_16_192_64_0p5_0p02_0029_0000.uasset" 6445
"../../../Engine/Content/EngineMaterials/Substrate/GLints/dict_16_192_64_0p5_0p02_0028_0015.uasset" 6446
"../../../Engine/Content/EngineMaterials/Substrate/GLints/dict_16_192_64_0p5_0p02_0029_0001.uasset" 6447
"../../../Engine/Content/EngineMaterials/Substrate/GLints/dict_16_192_64_0p5_0p02_0029_0006.uasset" 6448
"../../../Engine/Content/EngineMaterials/Substrate/GLints/dict_16_192_64_0p5_0p02_0029_0005.uasset" 6449
"../../../Engine/Content/EngineMaterials/Substrate/GLints/dict_16_192_64_0p5_0p02_0029_0007.uasset" 6450
"../../../Engine/Content/EngineMaterials/Substrate/GLints/dict_16_192_64_0p5_0p02_0029_0004.uasset" 6451
"../../../Engine/Content/EngineMaterials/Substrate/GLints/dict_16_192_64_0p5_0p02_0029_0003.uasset" 6452
"/Engine/EngineMaterials/Substrate/GLints/dict_16_192_64_0p5_0p02_0028_0011" 6453
"../../../Engine/Content/EngineMaterials/Substrate/GLints/dict_16_192_64_0p5_0p02_0029_0008.uasset" 6454
"/Engine/EngineMaterials/Substrate/GLints/dict_16_192_64_0p5_0p02_0028_0010" 6455
"../../../Engine/Content/EngineMaterials/Substrate/GLints/dict_16_192_64_0p5_0p02_0029_0011.uasset" 6456
"../../../Engine/Content/EngineMaterials/Substrate/GLints/dict_16_192_64_0p5_0p02_0029_0009.uasset" 6457
"../../../Engine/Content/EngineMaterials/Substrate/GLints/dict_16_192_64_0p5_0p02_0029_0010.uasset" 6458
"../../../Engine/Content/EngineMaterials/Substrate/GLints/dict_16_192_64_0p5_0p02_0029_0013.uasset" 6459
"../../../Engine/Content/EngineMaterials/Substrate/GLints/dict_16_192_64_0p5_0p02_0029_0012.uasset" 6460
"/Engine/EngineMaterials/Substrate/GLints/dict_16_192_64_0p5_0p02_0028_0009" 6461
"/Engine/EngineMaterials/Substrate/GLints/dict_16_192_64_0p5_0p02_0028_0008" 6462
"/Engine/EngineMaterials/Substrate/GLints/dict_16_192_64_0p5_0p02_0028_0007" 6463
"/Engine/EngineMaterials/Substrate/GLints/dict_16_192_64_0p5_0p02_0028_0006" 6464
"/Engine/EngineMaterials/Substrate/GLints/dict_16_192_64_0p5_0p02_0028_0005" 6465
"/Engine/EngineMaterials/Substrate/GLints/dict_16_192_64_0p5_0p02_0028_0004" 6466
"/Engine/EngineMaterials/Substrate/GLints/dict_16_192_64_0p5_0p02_0028_0003" 6467
"/Engine/EngineMaterials/Substrate/GLints/dict_16_192_64_0p5_0p02_0028_0002" 6468
"/Engine/EngineMaterials/Substrate/GLints/dict_16_192_64_0p5_0p02_0028_0001" 6469
"/Engine/EngineMaterials/Substrate/GLints/dict_16_192_64_0p5_0p02_0028_0000" 6470
"/Engine/EngineMaterials/Substrate/GLints/dict_16_192_64_0p5_0p02_0027_0015" 6471
"/Engine/EngineMaterials/Substrate/GLints/dict_16_192_64_0p5_0p02_0027_0014" 6472
"/Engine/EngineMaterials/Substrate/GLints/dict_16_192_64_0p5_0p02_0029_0013" 6473
"../../../Engine/Content/EngineMaterials/Substrate/GLints/dict_16_192_64_0p5_0p02_0030_0000.uasset" 6474
"../../../Engine/Content/EngineMaterials/Substrate/GLints/dict_16_192_64_0p5_0p02_0029_0015.uasset" 6475
"../../../Engine/Content/EngineMaterials/Substrate/GLints/dict_16_192_64_0p5_0p02_0030_0003.uasset" 6476
"../../../Engine/Content/EngineMaterials/Substrate/GLints/dict_16_192_64_0p5_0p02_0030_0004.uasset" 6477
"../../../Engine/Content/EngineMaterials/Substrate/GLints/dict_16_192_64_0p5_0p02_0030_0007.uasset" 6478
"../../../Engine/Content/EngineMaterials/Substrate/GLints/dict_16_192_64_0p5_0p02_0030_0002.uasset" 6479
"../../../Engine/Content/EngineMaterials/Substrate/GLints/dict_16_192_64_0p5_0p02_0030_0006.uasset" 6480
"/Engine/EngineMaterials/Substrate/GLints/dict_16_192_64_0p5_0p02_0029_0012" 6481
"../../../Engine/Content/EngineMaterials/Substrate/GLints/dict_16_192_64_0p5_0p02_0030_0001.uasset" 6482
"../../../Engine/Content/EngineMaterials/Substrate/GLints/dict_16_192_64_0p5_0p02_0029_0014.uasset" 6483
"../../../Engine/Content/EngineMaterials/Substrate/GLints/dict_16_192_64_0p5_0p02_0030_0005.uasset" 6484
"/Engine/EngineMaterials/Substrate/GLints/dict_16_192_64_0p5_0p02_0029_0011" 6485
"../../../Engine/Content/EngineMaterials/Substrate/GLints/dict_16_192_64_0p5_0p02_0030_0008.uasset" 6486
"../../../Engine/Content/EngineMaterials/Substrate/GLints/dict_16_192_64_0p5_0p02_0030_0009.uasset" 6487
"../../../Engine/Content/EngineMaterials/Substrate/GLints/dict_16_192_64_0p5_0p02_0030_0010.uasset" 6488
"../../../Engine/Content/EngineMaterials/Substrate/GLints/dict_16_192_64_0p5_0p02_0030_0011.uasset" 6489
"../../../Engine/Content/EngineMaterials/Substrate/GLints/dict_16_192_64_0p5_0p02_0030_0012.uasset" 6490
"../../../Engine/Content/EngineMaterials/Substrate/GLints/dict_16_192_64_0p5_0p02_0030_0013.uasset" 6491
"/Engine/EngineMaterials/Substrate/GLints/dict_16_192_64_0p5_0p02_0029_0010" 6492
"/Engine/EngineMaterials/Substrate/GLints/dict_16_192_64_0p5_0p02_0029_0009" 6493
"/Engine/EngineMaterials/Substrate/GLints/dict_16_192_64_0p5_0p02_0029_0008" 6494
"/Engine/EngineMaterials/Substrate/GLints/dict_16_192_64_0p5_0p02_0029_0007" 6495
"/Engine/EngineMaterials/Substrate/GLints/dict_16_192_64_0p5_0p02_0029_0006" 6496
"/Engine/EngineMaterials/Substrate/GLints/dict_16_192_64_0p5_0p02_0029_0005" 6497
"/Engine/EngineMaterials/Substrate/GLints/dict_16_192_64_0p5_0p02_0029_0004" 6498
"/Engine/EngineMaterials/Substrate/GLints/dict_16_192_64_0p5_0p02_0029_0003" 6499
"/Engine/EngineMaterials/Substrate/GLints/dict_16_192_64_0p5_0p02_0029_0002" 6500
"/Engine/EngineMaterials/Substrate/GLints/dict_16_192_64_0p5_0p02_0029_0001" 6501
"/Engine/EngineMaterials/Substrate/GLints/dict_16_192_64_0p5_0p02_0029_0000" 6502
"/Engine/EngineMaterials/Substrate/GLints/dict_16_192_64_0p5_0p02_0028_0015" 6503
"/Engine/EngineMaterials/Substrate/GLints/dict_16_192_64_0p5_0p02_0028_0014" 6504
"/Engine/EngineMaterials/Substrate/GLints/dict_16_192_64_0p5_0p02_0030_0013" 6505
"../../../Engine/Content/EngineMaterials/Substrate/GLints/dict_16_192_64_0p5_0p02_0030_0014.uasset" 6506
"../../../Engine/Content/EngineMaterials/Substrate/GLints/dict_16_192_64_0p5_0p02_0031_0001.uasset" 6507
"../../../Engine/Content/EngineMaterials/Substrate/GLints/dict_16_192_64_0p5_0p02_0031_0003.uasset" 6508
"../../../Engine/Content/EngineMaterials/Substrate/GLints/dict_16_192_64_0p5_0p02_0031_0002.uasset" 6509
"/Engine/EngineMaterials/Substrate/GLints/dict_16_192_64_0p5_0p02_0030_0012" 6510
"../../../Engine/Content/EngineMaterials/Substrate/GLints/dict_16_192_64_0p5_0p02_0031_0006.uasset" 6511
"../../../Engine/Content/EngineMaterials/Substrate/GLints/dict_16_192_64_0p5_0p02_0030_0015.uasset" 6512
"../../../Engine/Content/EngineMaterials/Substrate/GLints/dict_16_192_64_0p5_0p02_0031_0004.uasset" 6513
"../../../Engine/Content/EngineMaterials/Substrate/GLints/dict_16_192_64_0p5_0p02_0031_0000.uasset" 6514
"../../../Engine/Content/EngineMaterials/Substrate/GLints/dict_16_192_64_0p5_0p02_0031_0005.uasset" 6515
"../../../Engine/Content/EngineMaterials/Substrate/GLints/dict_16_192_64_0p5_0p02_0031_0007.uasset" 6516
"/Engine/EngineMaterials/Substrate/GLints/dict_16_192_64_0p5_0p02_0030_0011" 6517
"../../../Engine/Content/EngineMaterials/Substrate/GLints/dict_16_192_64_0p5_0p02_0031_0010.uasset" 6518
"../../../Engine/Content/EngineMaterials/Substrate/GLints/dict_16_192_64_0p5_0p02_0031_0008.uasset" 6519
"../../../Engine/Content/EngineMaterials/Substrate/GLints/dict_16_192_64_0p5_0p02_0031_0009.uasset" 6520
"../../../Engine/Content/EngineMaterials/Substrate/GLints/dict_16_192_64_0p5_0p02_0031_0011.uasset" 6521
"../../../Engine/Content/EngineMaterials/Substrate/GLints/dict_16_192_64_0p5_0p02_0031_0012.uasset" 6522
"../../../Engine/Content/EngineMaterials/Substrate/GLints/dict_16_192_64_0p5_0p02_0031_0013.uasset" 6523
"/Engine/EngineMaterials/Substrate/GLints/dict_16_192_64_0p5_0p02_0030_0010" 6524
"/Engine/EngineMaterials/Substrate/GLints/dict_16_192_64_0p5_0p02_0030_0009" 6525
"/Engine/EngineMaterials/Substrate/GLints/dict_16_192_64_0p5_0p02_0030_0008" 6526
"/Engine/EngineMaterials/Substrate/GLints/dict_16_192_64_0p5_0p02_0030_0007" 6527
"/Engine/EngineMaterials/Substrate/GLints/dict_16_192_64_0p5_0p02_0030_0006" 6528
"/Engine/EngineMaterials/Substrate/GLints/dict_16_192_64_0p5_0p02_0030_0005" 6529
"/Engine/EngineMaterials/Substrate/GLints/dict_16_192_64_0p5_0p02_0030_0004" 6530
"/Engine/EngineMaterials/Substrate/GLints/dict_16_192_64_0p5_0p02_0030_0003" 6531
"/Engine/EngineMaterials/Substrate/GLints/dict_16_192_64_0p5_0p02_0030_0002" 6532
"/Engine/EngineMaterials/Substrate/GLints/dict_16_192_64_0p5_0p02_0030_0001" 6533
"/Engine/EngineMaterials/Substrate/GLints/dict_16_192_64_0p5_0p02_0030_0000" 6534
"/Engine/EngineMaterials/Substrate/GLints/dict_16_192_64_0p5_0p02_0029_0015" 6535
"/Engine/EngineMaterials/Substrate/GLints/dict_16_192_64_0p5_0p02_0029_0014" 6536
"/Engine/EngineMaterials/Substrate/GLints/dict_16_192_64_0p5_0p02_0031_0013" 6537
"../../../Engine/Content/EngineMaterials/Substrate/GLints/dict_16_192_64_0p5_0p02_0032_0000.uasset" 6538
"../../../Engine/Content/EngineMaterials/Substrate/GLints/dict_16_192_64_0p5_0p02_0031_0014.uasset" 6539
"../../../Engine/Content/EngineMaterials/Substrate/GLints/dict_16_192_64_0p5_0p02_0031_0015.uasset" 6540
"/Engine/EngineMaterials/Substrate/GLints/dict_16_192_64_0p5_0p02_0031_0012" 6541
"../../../Engine/Content/EngineMaterials/Substrate/GLints/dict_16_192_64_0p5_0p02_0032_0002.uasset" 6542
"../../../Engine/Content/EngineMaterials/Substrate/GLints/dict_16_192_64_0p5_0p02_0032_0003.uasset" 6543
"../../../Engine/Content/EngineMaterials/Substrate/GLints/dict_16_192_64_0p5_0p02_0032_0006.uasset" 6544
"../../../Engine/Content/EngineMaterials/Substrate/GLints/dict_16_192_64_0p5_0p02_0032_0005.uasset" 6545
"../../../Engine/Content/EngineMaterials/Substrate/GLints/dict_16_192_64_0p5_0p02_0032_0007.uasset" 6546
"../../../Engine/Content/EngineMaterials/Substrate/GLints/dict_16_192_64_0p5_0p02_0032_0004.uasset" 6547
"../../../Engine/Content/EngineMaterials/Substrate/GLints/dict_16_192_64_0p5_0p02_0032_0001.uasset" 6548
"/Engine/EngineMaterials/Substrate/GLints/dict_16_192_64_0p5_0p02_0031_0011" 6549
"../../../Engine/Content/EngineMaterials/Substrate/GLints/dict_16_192_64_0p5_0p02_0032_0008.uasset" 6550
"/Engine/EngineMaterials/Substrate/GLints/dict_16_192_64_0p5_0p02_0031_0010" 6551
"../../../Engine/Content/EngineMaterials/Substrate/GLints/dict_16_192_64_0p5_0p02_0032_0009.uasset" 6552
"../../../Engine/Content/EngineMaterials/Substrate/GLints/dict_16_192_64_0p5_0p02_0032_0010.uasset" 6553
"../../../Engine/Content/EngineMaterials/Substrate/GLints/dict_16_192_64_0p5_0p02_0032_0012.uasset" 6554
"../../../Engine/Content/EngineMaterials/Substrate/GLints/dict_16_192_64_0p5_0p02_0032_0013.uasset" 6555
"../../../Engine/Content/EngineMaterials/Substrate/GLints/dict_16_192_64_0p5_0p02_0032_0011.uasset" 6556
"/Engine/EngineMaterials/Substrate/GLints/dict_16_192_64_0p5_0p02_0031_0009" 6557
"/Engine/EngineMaterials/Substrate/GLints/dict_16_192_64_0p5_0p02_0031_0008" 6558
"/Engine/EngineMaterials/Substrate/GLints/dict_16_192_64_0p5_0p02_0031_0007" 6559
"/Engine/EngineMaterials/Substrate/GLints/dict_16_192_64_0p5_0p02_0031_0006" 6560
"/Engine/EngineMaterials/Substrate/GLints/dict_16_192_64_0p5_0p02_0031_0005" 6561
"/Engine/EngineMaterials/Substrate/GLints/dict_16_192_64_0p5_0p02_0031_0004" 6562
"/Engine/EngineMaterials/Substrate/GLints/dict_16_192_64_0p5_0p02_0031_0003" 6563
"/Engine/EngineMaterials/Substrate/GLints/dict_16_192_64_0p5_0p02_0031_0002" 6564
"/Engine/EngineMaterials/Substrate/GLints/dict_16_192_64_0p5_0p02_0031_0001" 6565
"/Engine/EngineMaterials/Substrate/GLints/dict_16_192_64_0p5_0p02_0031_0000" 6566
"/Engine/EngineMaterials/Substrate/GLints/dict_16_192_64_0p5_0p02_0030_0015" 6567
"/Engine/EngineMaterials/Substrate/GLints/dict_16_192_64_0p5_0p02_0030_0014" 6568
"/Engine/EngineMaterials/Substrate/GLints/dict_16_192_64_0p5_0p02_0032_0013" 6569
"/Engine/EngineMaterials/Substrate/GLints/dict_16_192_64_0p5_0p02_0032_0012" 6570
"../../../Engine/Content/EngineMaterials/Substrate/GLints/dict_16_192_64_0p5_0p02_0032_0015.uasset" 6571
"../../../Engine/Content/EngineMaterials/Substrate/GLints/dict_16_192_64_0p5_0p02_0032_0014.uasset" 6572
"../../../Engine/Content/EngineMaterials/Substrate/GLints/dict_16_192_64_0p5_0p02_0033_0000.uasset" 6573
"../../../Engine/Content/EngineMaterials/Substrate/GLints/dict_16_192_64_0p5_0p02_0033_0003.uasset" 6574
"../../../Engine/Content/EngineMaterials/Substrate/GLints/dict_16_192_64_0p5_0p02_0033_0001.uasset" 6575
"../../../Engine/Content/EngineMaterials/Substrate/GLints/dict_16_192_64_0p5_0p02_0033_0005.uasset" 6576
"/Engine/EngineMaterials/Substrate/GLints/dict_16_192_64_0p5_0p02_0032_0011" 6577
"../../../Engine/Content/EngineMaterials/Substrate/GLints/dict_16_192_64_0p5_0p02_0033_0004.uasset" 6578
"../../../Engine/Content/EngineMaterials/Substrate/GLints/dict_16_192_64_0p5_0p02_0033_0007.uasset" 6579
"../../../Engine/Content/EngineMaterials/Substrate/GLints/dict_16_192_64_0p5_0p02_0033_0002.uasset" 6580
"../../../Engine/Content/EngineMaterials/Substrate/GLints/dict_16_192_64_0p5_0p02_0033_0006.uasset" 6581
"/Engine/EngineMaterials/Substrate/GLints/dict_16_192_64_0p5_0p02_0032_0010" 6582
"../../../Engine/Content/EngineMaterials/Substrate/GLints/dict_16_192_64_0p5_0p02_0033_0009.uasset" 6583
"/Engine/EngineMaterials/Substrate/GLints/dict_16_192_64_0p5_0p02_0032_0009" 6584
"../../../Engine/Content/EngineMaterials/Substrate/GLints/dict_16_192_64_0p5_0p02_0033_0010.uasset" 6585
"../../../Engine/Content/EngineMaterials/Substrate/GLints/dict_16_192_64_0p5_0p02_0033_0008.uasset" 6586
"/Engine/EngineMaterials/Substrate/GLints/dict_16_192_64_0p5_0p02_0032_0008" 6587
"../../../Engine/Content/EngineMaterials/Substrate/GLints/dict_16_192_64_0p5_0p02_0033_0013.uasset" 6588
"../../../Engine/Content/EngineMaterials/Substrate/GLints/dict_16_192_64_0p5_0p02_0033_0012.uasset" 6589
"../../../Engine/Content/EngineMaterials/Substrate/GLints/dict_16_192_64_0p5_0p02_0033_0011.uasset" 6590
"/Engine/EngineMaterials/Substrate/GLints/dict_16_192_64_0p5_0p02_0032_0007" 6591
"/Engine/EngineMaterials/Substrate/GLints/dict_16_192_64_0p5_0p02_0032_0006" 6592
"/Engine/EngineMaterials/Substrate/GLints/dict_16_192_64_0p5_0p02_0032_0005" 6593
"/Engine/EngineMaterials/Substrate/GLints/dict_16_192_64_0p5_0p02_0032_0004" 6594
"/Engine/EngineMaterials/Substrate/GLints/dict_16_192_64_0p5_0p02_0032_0003" 6595
"/Engine/EngineMaterials/Substrate/GLints/dict_16_192_64_0p5_0p02_0032_0002" 6596
"/Engine/EngineMaterials/Substrate/GLints/dict_16_192_64_0p5_0p02_0032_0001" 6597
"/Engine/EngineMaterials/Substrate/GLints/dict_16_192_64_0p5_0p02_0032_0000" 6598
"/Engine/EngineMaterials/Substrate/GLints/dict_16_192_64_0p5_0p02_0031_0015" 6599
"/Engine/EngineMaterials/Substrate/GLints/dict_16_192_64_0p5_0p02_0031_0014" 6600
"/Engine/EngineMaterials/Substrate/GLints/dict_16_192_64_0p5_0p02_0033_0013" 6601
"../../../Engine/Content/EngineMaterials/Substrate/GLints/dict_16_192_64_0p5_0p02_0034_0001.uasset" 6602
"/Engine/EngineMaterials/Substrate/GLints/dict_16_192_64_0p5_0p02_0033_0012" 6603
"../../../Engine/Content/EngineMaterials/Substrate/GLints/dict_16_192_64_0p5_0p02_0033_0014.uasset" 6604
"../../../Engine/Content/EngineMaterials/Substrate/GLints/dict_16_192_64_0p5_0p02_0034_0002.uasset" 6605
"../../../Engine/Content/EngineMaterials/Substrate/GLints/dict_16_192_64_0p5_0p02_0034_0000.uasset" 6606
"../../../Engine/Content/EngineMaterials/Substrate/GLints/dict_16_192_64_0p5_0p02_0033_0015.uasset" 6607
"../../../Engine/Content/EngineMaterials/Substrate/GLints/dict_16_192_64_0p5_0p02_0034_0003.uasset" 6608
"../../../Engine/Content/EngineMaterials/Substrate/GLints/dict_16_192_64_0p5_0p02_0034_0007.uasset" 6609
"../../../Engine/Content/EngineMaterials/Substrate/GLints/dict_16_192_64_0p5_0p02_0034_0005.uasset" 6610
"../../../Engine/Content/EngineMaterials/Substrate/GLints/dict_16_192_64_0p5_0p02_0034_0006.uasset" 6611
"../../../Engine/Content/EngineMaterials/Substrate/GLints/dict_16_192_64_0p5_0p02_0034_0004.uasset" 6612
"/Engine/EngineMaterials/Substrate/GLints/dict_16_192_64_0p5_0p02_0033_0011" 6613
"/Engine/EngineMaterials/Substrate/GLints/dict_16_192_64_0p5_0p02_0033_0010" 6614
"../../../Engine/Content/EngineMaterials/Substrate/GLints/dict_16_192_64_0p5_0p02_0034_0009.uasset" 6615
"../../../Engine/Content/EngineMaterials/Substrate/GLints/dict_16_192_64_0p5_0p02_0034_0008.uasset" 6616
"../../../Engine/Content/EngineMaterials/Substrate/GLints/dict_16_192_64_0p5_0p02_0034_0010.uasset" 6617
"../../../Engine/Content/EngineMaterials/Substrate/GLints/dict_16_192_64_0p5_0p02_0034_0012.uasset" 6618
"../../../Engine/Content/EngineMaterials/Substrate/GLints/dict_16_192_64_0p5_0p02_0034_0013.uasset" 6619
"../../../Engine/Content/EngineMaterials/Substrate/GLints/dict_16_192_64_0p5_0p02_0034_0011.uasset" 6620
"/Engine/EngineMaterials/Substrate/GLints/dict_16_192_64_0p5_0p02_0033_0009" 6621
"/Engine/EngineMaterials/Substrate/GLints/dict_16_192_64_0p5_0p02_0033_0008" 6622
"/Engine/EngineMaterials/Substrate/GLints/dict_16_192_64_0p5_0p02_0033_0007" 6623
"/Engine/EngineMaterials/Substrate/GLints/dict_16_192_64_0p5_0p02_0033_0006" 6624
"/Engine/EngineMaterials/Substrate/GLints/dict_16_192_64_0p5_0p02_0033_0005" 6625
"/Engine/EngineMaterials/Substrate/GLints/dict_16_192_64_0p5_0p02_0033_0004" 6626
"/Engine/EngineMaterials/Substrate/GLints/dict_16_192_64_0p5_0p02_0033_0003" 6627
"/Engine/EngineMaterials/Substrate/GLints/dict_16_192_64_0p5_0p02_0033_0002" 6628
"/Engine/EngineMaterials/Substrate/GLints/dict_16_192_64_0p5_0p02_0033_0001" 6629
"/Engine/EngineMaterials/Substrate/GLints/dict_16_192_64_0p5_0p02_0033_0000" 6630
"/Engine/EngineMaterials/Substrate/GLints/dict_16_192_64_0p5_0p02_0032_0015" 6631
"/Engine/EngineMaterials/Substrate/GLints/dict_16_192_64_0p5_0p02_0032_0014" 6632
"/Engine/EngineMaterials/Substrate/GLints/dict_16_192_64_0p5_0p02_0034_0013" 6633
"../../../Engine/Content/EngineMaterials/Substrate/GLints/dict_16_192_64_0p5_0p02_0035_0001.uasset" 6634
"/Engine/EngineMaterials/Substrate/GLints/dict_16_192_64_0p5_0p02_0034_0012" 6635
"../../../Engine/Content/EngineMaterials/Substrate/GLints/dict_16_192_64_0p5_0p02_0035_0003.uasset" 6636
"../../../Engine/Content/EngineMaterials/Substrate/GLints/dict_16_192_64_0p5_0p02_0034_0014.uasset" 6637
"../../../Engine/Content/EngineMaterials/Substrate/GLints/dict_16_192_64_0p5_0p02_0034_0015.uasset" 6638
"../../../Engine/Content/EngineMaterials/Substrate/GLints/dict_16_192_64_0p5_0p02_0035_0002.uasset" 6639
"../../../Engine/Content/EngineMaterials/Substrate/GLints/dict_16_192_64_0p5_0p02_0035_0004.uasset" 6640
"../../../Engine/Content/EngineMaterials/Substrate/GLints/dict_16_192_64_0p5_0p02_0035_0000.uasset" 6641
"/Engine/EngineMaterials/Substrate/GLints/dict_16_192_64_0p5_0p02_0034_0011" 6642
"../../../Engine/Content/EngineMaterials/Substrate/GLints/dict_16_192_64_0p5_0p02_0035_0005.uasset" 6643
"../../../Engine/Content/EngineMaterials/Substrate/GLints/dict_16_192_64_0p5_0p02_0035_0007.uasset" 6644
"../../../Engine/Content/EngineMaterials/Substrate/GLints/dict_16_192_64_0p5_0p02_0035_0006.uasset" 6645
"../../../Engine/Content/EngineMaterials/Substrate/GLints/dict_16_192_64_0p5_0p02_0035_0008.uasset" 6646
"/Engine/EngineMaterials/Substrate/GLints/dict_16_192_64_0p5_0p02_0034_0010" 6647
"../../../Engine/Content/EngineMaterials/Substrate/GLints/dict_16_192_64_0p5_0p02_0035_0009.uasset" 6648
"../../../Engine/Content/EngineMaterials/Substrate/GLints/dict_16_192_64_0p5_0p02_0035_0011.uasset" 6649
"../../../Engine/Content/EngineMaterials/Substrate/GLints/dict_16_192_64_0p5_0p02_0035_0010.uasset" 6650
"../../../Engine/Content/EngineMaterials/Substrate/GLints/dict_16_192_64_0p5_0p02_0035_0013.uasset" 6651
"../../../Engine/Content/EngineMaterials/Substrate/GLints/dict_16_192_64_0p5_0p02_0035_0012.uasset" 6652
"/Engine/EngineMaterials/Substrate/GLints/dict_16_192_64_0p5_0p02_0034_0009" 6653
"/Engine/EngineMaterials/Substrate/GLints/dict_16_192_64_0p5_0p02_0034_0008" 6654
"/Engine/EngineMaterials/Substrate/GLints/dict_16_192_64_0p5_0p02_0034_0007" 6655
"/Engine/EngineMaterials/Substrate/GLints/dict_16_192_64_0p5_0p02_0034_0006" 6656
"/Engine/EngineMaterials/Substrate/GLints/dict_16_192_64_0p5_0p02_0034_0005" 6657
"/Engine/EngineMaterials/Substrate/GLints/dict_16_192_64_0p5_0p02_0034_0004" 6658
"/Engine/EngineMaterials/Substrate/GLints/dict_16_192_64_0p5_0p02_0034_0003" 6659
"/Engine/EngineMaterials/Substrate/GLints/dict_16_192_64_0p5_0p02_0034_0002" 6660
"/Engine/EngineMaterials/Substrate/GLints/dict_16_192_64_0p5_0p02_0034_0001" 6661
"/Engine/EngineMaterials/Substrate/GLints/dict_16_192_64_0p5_0p02_0034_0000" 6662
"/Engine/EngineMaterials/Substrate/GLints/dict_16_192_64_0p5_0p02_0033_0015" 6663
"/Engine/EngineMaterials/Substrate/GLints/dict_16_192_64_0p5_0p02_0033_0014" 6664
"/Engine/EngineMaterials/Substrate/GLints/dict_16_192_64_0p5_0p02_0035_0013" 6665
"../../../Engine/Content/EngineMaterials/Substrate/GLints/dict_16_192_64_0p5_0p02_0035_0014.uasset" 6666
"../../../Engine/Content/EngineMaterials/Substrate/GLints/dict_16_192_64_0p5_0p02_0035_0015.uasset" 6667
"../../../Engine/Content/EngineMaterials/Substrate/GLints/dict_16_192_64_0p5_0p02_0036_0002.uasset" 6668
"../../../Engine/Content/EngineMaterials/Substrate/GLints/dict_16_192_64_0p5_0p02_0036_0004.uasset" 6669
"../../../Engine/Content/EngineMaterials/Substrate/GLints/dict_16_192_64_0p5_0p02_0036_0007.uasset" 6670
"../../../Engine/Content/EngineMaterials/Substrate/GLints/dict_16_192_64_0p5_0p02_0036_0003.uasset" 6671
"/Engine/EngineMaterials/Substrate/GLints/dict_16_192_64_0p5_0p02_0035_0012" 6672
"../../../Engine/Content/EngineMaterials/Substrate/GLints/dict_16_192_64_0p5_0p02_0036_0001.uasset" 6673
"../../../Engine/Content/EngineMaterials/Substrate/GLints/dict_16_192_64_0p5_0p02_0036_0005.uasset" 6674
"../../../Engine/Content/EngineMaterials/Substrate/GLints/dict_16_192_64_0p5_0p02_0036_0006.uasset" 6675
"../../../Engine/Content/EngineMaterials/Substrate/GLints/dict_16_192_64_0p5_0p02_0036_0000.uasset" 6676
"/Engine/EngineMaterials/Substrate/GLints/dict_16_192_64_0p5_0p02_0035_0011" 6677
"../../../Engine/Content/EngineMaterials/Substrate/GLints/dict_16_192_64_0p5_0p02_0036_0008.uasset" 6678
"../../../Engine/Content/EngineMaterials/Substrate/GLints/dict_16_192_64_0p5_0p02_0036_0009.uasset" 6679
"../../../Engine/Content/EngineMaterials/Substrate/GLints/dict_16_192_64_0p5_0p02_0036_0010.uasset" 6680
"../../../Engine/Content/EngineMaterials/Substrate/GLints/dict_16_192_64_0p5_0p02_0036_0011.uasset" 6681
"../../../Engine/Content/EngineMaterials/Substrate/GLints/dict_16_192_64_0p5_0p02_0036_0012.uasset" 6682
"/Engine/EngineMaterials/Substrate/GLints/dict_16_192_64_0p5_0p02_0035_0010" 6683
"../../../Engine/Content/EngineMaterials/Substrate/GLints/dict_16_192_64_0p5_0p02_0036_0013.uasset" 6684
"/Engine/EngineMaterials/Substrate/GLints/dict_16_192_64_0p5_0p02_0035_0009" 6685
"/Engine/EngineMaterials/Substrate/GLints/dict_16_192_64_0p5_0p02_0035_0008" 6686
"/Engine/EngineMaterials/Substrate/GLints/dict_16_192_64_0p5_0p02_0035_0007" 6687
"/Engine/EngineMaterials/Substrate/GLints/dict_16_192_64_0p5_0p02_0035_0006" 6688
"/Engine/EngineMaterials/Substrate/GLints/dict_16_192_64_0p5_0p02_0035_0005" 6689
"/Engine/EngineMaterials/Substrate/GLints/dict_16_192_64_0p5_0p02_0035_0004" 6690
"/Engine/EngineMaterials/Substrate/GLints/dict_16_192_64_0p5_0p02_0035_0003" 6691
"/Engine/EngineMaterials/Substrate/GLints/dict_16_192_64_0p5_0p02_0035_0002" 6692
"/Engine/EngineMaterials/Substrate/GLints/dict_16_192_64_0p5_0p02_0035_0001" 6693
"/Engine/EngineMaterials/Substrate/GLints/dict_16_192_64_0p5_0p02_0035_0000" 6694
"/Engine/EngineMaterials/Substrate/GLints/dict_16_192_64_0p5_0p02_0034_0015" 6695
"/Engine/EngineMaterials/Substrate/GLints/dict_16_192_64_0p5_0p02_0034_0014" 6696
"/Engine/EngineMaterials/Substrate/GLints/dict_16_192_64_0p5_0p02_0036_0013" 6697
"../../../Engine/Content/EngineMaterials/Substrate/GLints/dict_16_192_64_0p5_0p02_0037_0000.uasset" 6698
"../../../Engine/Content/EngineMaterials/Substrate/GLints/dict_16_192_64_0p5_0p02_0036_0014.uasset" 6699
"../../../Engine/Content/EngineMaterials/Substrate/GLints/dict_16_192_64_0p5_0p02_0037_0003.uasset" 6700
"../../../Engine/Content/EngineMaterials/Substrate/GLints/dict_16_192_64_0p5_0p02_0036_0015.uasset" 6701
"../../../Engine/Content/EngineMaterials/Substrate/GLints/dict_16_192_64_0p5_0p02_0037_0005.uasset" 6702
"../../../Engine/Content/EngineMaterials/Substrate/GLints/dict_16_192_64_0p5_0p02_0037_0004.uasset" 6703
"../../../Engine/Content/EngineMaterials/Substrate/GLints/dict_16_192_64_0p5_0p02_0037_0002.uasset" 6704
"../../../Engine/Content/EngineMaterials/Substrate/GLints/dict_16_192_64_0p5_0p02_0037_0001.uasset" 6705
"../../../Engine/Content/EngineMaterials/Substrate/GLints/dict_16_192_64_0p5_0p02_0037_0007.uasset" 6706
"../../../Engine/Content/EngineMaterials/Substrate/GLints/dict_16_192_64_0p5_0p02_0037_0006.uasset" 6707
"/Engine/EngineMaterials/Substrate/GLints/dict_16_192_64_0p5_0p02_0036_0012" 6708
"../../../Engine/Content/EngineMaterials/Substrate/GLints/dict_16_192_64_0p5_0p02_0037_0008.uasset" 6709
"../../../Engine/Content/EngineMaterials/Substrate/GLints/dict_16_192_64_0p5_0p02_0037_0009.uasset" 6710
"../../../Engine/Content/EngineMaterials/Substrate/GLints/dict_16_192_64_0p5_0p02_0037_0010.uasset" 6711
"../../../Engine/Content/EngineMaterials/Substrate/GLints/dict_16_192_64_0p5_0p02_0037_0011.uasset" 6712
"../../../Engine/Content/EngineMaterials/Substrate/GLints/dict_16_192_64_0p5_0p02_0037_0012.uasset" 6713
"../../../Engine/Content/EngineMaterials/Substrate/GLints/dict_16_192_64_0p5_0p02_0037_0013.uasset" 6714
"/Engine/EngineMaterials/Substrate/GLints/dict_16_192_64_0p5_0p02_0036_0011" 6715
"/Engine/EngineMaterials/Substrate/GLints/dict_16_192_64_0p5_0p02_0036_0010" 6716
"/Engine/EngineMaterials/Substrate/GLints/dict_16_192_64_0p5_0p02_0036_0009" 6717
"/Engine/EngineMaterials/Substrate/GLints/dict_16_192_64_0p5_0p02_0036_0008" 6718
"/Engine/EngineMaterials/Substrate/GLints/dict_16_192_64_0p5_0p02_0036_0007" 6719
"/Engine/EngineMaterials/Substrate/GLints/dict_16_192_64_0p5_0p02_0036_0006" 6720
"/Engine/EngineMaterials/Substrate/GLints/dict_16_192_64_0p5_0p02_0036_0005" 6721
"/Engine/EngineMaterials/Substrate/GLints/dict_16_192_64_0p5_0p02_0036_0004" 6722
"/Engine/EngineMaterials/Substrate/GLints/dict_16_192_64_0p5_0p02_0036_0003" 6723
"/Engine/EngineMaterials/Substrate/GLints/dict_16_192_64_0p5_0p02_0036_0002" 6724
"/Engine/EngineMaterials/Substrate/GLints/dict_16_192_64_0p5_0p02_0036_0001" 6725
"/Engine/EngineMaterials/Substrate/GLints/dict_16_192_64_0p5_0p02_0036_0000" 6726
"/Engine/EngineMaterials/Substrate/GLints/dict_16_192_64_0p5_0p02_0035_0015" 6727
"/Engine/EngineMaterials/Substrate/GLints/dict_16_192_64_0p5_0p02_0035_0014" 6728
"/Engine/EngineMaterials/Substrate/GLints/dict_16_192_64_0p5_0p02_0037_0013" 6729
"../../../Engine/Content/EngineMaterials/Substrate/GLints/dict_16_192_64_0p5_0p02_0038_0003.uasset" 6730
"../../../Engine/Content/EngineMaterials/Substrate/GLints/dict_16_192_64_0p5_0p02_0038_0002.uasset" 6731
"../../../Engine/Content/EngineMaterials/Substrate/GLints/dict_16_192_64_0p5_0p02_0037_0014.uasset" 6732
"../../../Engine/Content/EngineMaterials/Substrate/GLints/dict_16_192_64_0p5_0p02_0038_0001.uasset" 6733
"../../../Engine/Content/EngineMaterials/Substrate/GLints/dict_16_192_64_0p5_0p02_0037_0015.uasset" 6734
"../../../Engine/Content/EngineMaterials/Substrate/GLints/dict_16_192_64_0p5_0p02_0038_0005.uasset" 6735
"/Engine/EngineMaterials/Substrate/GLints/dict_16_192_64_0p5_0p02_0037_0012" 6736
"../../../Engine/Content/EngineMaterials/Substrate/GLints/dict_16_192_64_0p5_0p02_0038_0000.uasset" 6737
"../../../Engine/Content/EngineMaterials/Substrate/GLints/dict_16_192_64_0p5_0p02_0038_0006.uasset" 6738
"../../../Engine/Content/EngineMaterials/Substrate/GLints/dict_16_192_64_0p5_0p02_0038_0004.uasset" 6739
"../../../Engine/Content/EngineMaterials/Substrate/GLints/dict_16_192_64_0p5_0p02_0038_0007.uasset" 6740
"/Engine/EngineMaterials/Substrate/GLints/dict_16_192_64_0p5_0p02_0037_0011" 6741
"../../../Engine/Content/EngineMaterials/Substrate/GLints/dict_16_192_64_0p5_0p02_0038_0008.uasset" 6742
"../../../Engine/Content/EngineMaterials/Substrate/GLints/dict_16_192_64_0p5_0p02_0038_0009.uasset" 6743
"../../../Engine/Content/EngineMaterials/Substrate/GLints/dict_16_192_64_0p5_0p02_0038_0010.uasset" 6744
"../../../Engine/Content/EngineMaterials/Substrate/GLints/dict_16_192_64_0p5_0p02_0038_0011.uasset" 6745
"../../../Engine/Content/EngineMaterials/Substrate/GLints/dict_16_192_64_0p5_0p02_0038_0013.uasset" 6746
"/Engine/EngineMaterials/Substrate/GLints/dict_16_192_64_0p5_0p02_0037_0010" 6747
"../../../Engine/Content/EngineMaterials/Substrate/GLints/dict_16_192_64_0p5_0p02_0038_0012.uasset" 6748
"/Engine/EngineMaterials/Substrate/GLints/dict_16_192_64_0p5_0p02_0037_0009" 6749
"/Engine/EngineMaterials/Substrate/GLints/dict_16_192_64_0p5_0p02_0037_0008" 6750
"/Engine/EngineMaterials/Substrate/GLints/dict_16_192_64_0p5_0p02_0037_0007" 6751
"/Engine/EngineMaterials/Substrate/GLints/dict_16_192_64_0p5_0p02_0037_0006" 6752
"/Engine/EngineMaterials/Substrate/GLints/dict_16_192_64_0p5_0p02_0037_0005" 6753
"/Engine/EngineMaterials/Substrate/GLints/dict_16_192_64_0p5_0p02_0037_0004" 6754
"/Engine/EngineMaterials/Substrate/GLints/dict_16_192_64_0p5_0p02_0037_0003" 6755
"/Engine/EngineMaterials/Substrate/GLints/dict_16_192_64_0p5_0p02_0037_0002" 6756
"/Engine/EngineMaterials/Substrate/GLints/dict_16_192_64_0p5_0p02_0037_0001" 6757
"/Engine/EngineMaterials/Substrate/GLints/dict_16_192_64_0p5_0p02_0037_0000" 6758
"/Engine/EngineMaterials/Substrate/GLints/dict_16_192_64_0p5_0p02_0036_0015" 6759
"/Engine/EngineMaterials/Substrate/GLints/dict_16_192_64_0p5_0p02_0036_0014" 6760
"/Engine/EngineMaterials/Substrate/GLints/dict_16_192_64_0p5_0p02_0038_0013" 6761
"../../../Engine/Content/EngineMaterials/Substrate/GLints/dict_16_192_64_0p5_0p02_0039_0001.uasset" 6762
"../../../Engine/Content/EngineMaterials/Substrate/GLints/dict_16_192_64_0p5_0p02_0038_0014.uasset" 6763
"/Engine/EngineMaterials/Substrate/GLints/dict_16_192_64_0p5_0p02_0038_0012" 6764
"../../../Engine/Content/EngineMaterials/Substrate/GLints/dict_16_192_64_0p5_0p02_0039_0000.uasset" 6765
"../../../Engine/Content/EngineMaterials/Substrate/GLints/dict_16_192_64_0p5_0p02_0039_0002.uasset" 6766
"../../../Engine/Content/EngineMaterials/Substrate/GLints/dict_16_192_64_0p5_0p02_0038_0015.uasset" 6767
"../../../Engine/Content/EngineMaterials/Substrate/GLints/dict_16_192_64_0p5_0p02_0039_0005.uasset" 6768
"../../../Engine/Content/EngineMaterials/Substrate/GLints/dict_16_192_64_0p5_0p02_0039_0003.uasset" 6769
"../../../Engine/Content/EngineMaterials/Substrate/GLints/dict_16_192_64_0p5_0p02_0039_0007.uasset" 6770
"../../../Engine/Content/EngineMaterials/Substrate/GLints/dict_16_192_64_0p5_0p02_0039_0004.uasset" 6771
"../../../Engine/Content/EngineMaterials/Substrate/GLints/dict_16_192_64_0p5_0p02_0039_0006.uasset" 6772
"../../../Engine/Content/EngineMaterials/Substrate/GLints/dict_16_192_64_0p5_0p02_0039_0008.uasset" 6773
"/Engine/EngineMaterials/Substrate/GLints/dict_16_192_64_0p5_0p02_0038_0011" 6774
"../../../Engine/Content/EngineMaterials/Substrate/GLints/dict_16_192_64_0p5_0p02_0039_0009.uasset" 6775
"../../../Engine/Content/EngineMaterials/Substrate/GLints/dict_16_192_64_0p5_0p02_0039_0010.uasset" 6776
"../../../Engine/Content/EngineMaterials/Substrate/GLints/dict_16_192_64_0p5_0p02_0039_0011.uasset" 6777
"../../../Engine/Content/EngineMaterials/Substrate/GLints/dict_16_192_64_0p5_0p02_0039_0012.uasset" 6778
"../../../Engine/Content/EngineMaterials/Substrate/GLints/dict_16_192_64_0p5_0p02_0039_0013.uasset" 6779
"/Engine/EngineMaterials/Substrate/GLints/dict_16_192_64_0p5_0p02_0038_0010" 6780
"/Engine/EngineMaterials/Substrate/GLints/dict_16_192_64_0p5_0p02_0038_0009" 6781
"/Engine/EngineMaterials/Substrate/GLints/dict_16_192_64_0p5_0p02_0038_0008" 6782
"/Engine/EngineMaterials/Substrate/GLints/dict_16_192_64_0p5_0p02_0038_0007" 6783
"/Engine/EngineMaterials/Substrate/GLints/dict_16_192_64_0p5_0p02_0038_0006" 6784
"/Engine/EngineMaterials/Substrate/GLints/dict_16_192_64_0p5_0p02_0038_0005" 6785
"/Engine/EngineMaterials/Substrate/GLints/dict_16_192_64_0p5_0p02_0038_0004" 6786
"/Engine/EngineMaterials/Substrate/GLints/dict_16_192_64_0p5_0p02_0038_0003" 6787
"/Engine/EngineMaterials/Substrate/GLints/dict_16_192_64_0p5_0p02_0038_0002" 6788
"/Engine/EngineMaterials/Substrate/GLints/dict_16_192_64_0p5_0p02_0038_0001" 6789
"/Engine/EngineMaterials/Substrate/GLints/dict_16_192_64_0p5_0p02_0038_0000" 6790
"/Engine/EngineMaterials/Substrate/GLints/dict_16_192_64_0p5_0p02_0037_0015" 6791
"/Engine/EngineMaterials/Substrate/GLints/dict_16_192_64_0p5_0p02_0037_0014" 6792
"/Engine/EngineMaterials/Substrate/GLints/dict_16_192_64_0p5_0p02_0039_0013" 6793
"../../../Engine/Content/EngineMaterials/Substrate/GLints/dict_16_192_64_0p5_0p02_0039_0014.uasset" 6794
"../../../Engine/Content/EngineMaterials/Substrate/GLints/dict_16_192_64_0p5_0p02_0039_0015.uasset" 6795
"/Engine/EngineMaterials/Substrate/GLints/dict_16_192_64_0p5_0p02_0039_0012" 6796
"../../../Engine/Content/EngineMaterials/Substrate/GLints/dict_16_192_64_0p5_0p02_0040_0000.uasset" 6797
"../../../Engine/Content/EngineMaterials/Substrate/GLints/dict_16_192_64_0p5_0p02_0040_0002.uasset" 6798
"../../../Engine/Content/EngineMaterials/Substrate/GLints/dict_16_192_64_0p5_0p02_0040_0003.uasset" 6799
"../../../Engine/Content/EngineMaterials/Substrate/GLints/dict_16_192_64_0p5_0p02_0040_0005.uasset" 6800
"../../../Engine/Content/EngineMaterials/Substrate/GLints/dict_16_192_64_0p5_0p02_0040_0004.uasset" 6801
"../../../Engine/Content/EngineMaterials/Substrate/GLints/dict_16_192_64_0p5_0p02_0040_0007.uasset" 6802
"../../../Engine/Content/EngineMaterials/Substrate/GLints/dict_16_192_64_0p5_0p02_0040_0001.uasset" 6803
"../../../Engine/Content/EngineMaterials/Substrate/GLints/dict_16_192_64_0p5_0p02_0040_0009.uasset" 6804
"../../../Engine/Content/EngineMaterials/Substrate/GLints/dict_16_192_64_0p5_0p02_0040_0006.uasset" 6805
"/Engine/EngineMaterials/Substrate/GLints/dict_16_192_64_0p5_0p02_0039_0011" 6806
"../../../Engine/Content/EngineMaterials/Substrate/GLints/dict_16_192_64_0p5_0p02_0040_0008.uasset" 6807
"../../../Engine/Content/EngineMaterials/Substrate/GLints/dict_16_192_64_0p5_0p02_0040_0011.uasset" 6808
"../../../Engine/Content/EngineMaterials/Substrate/GLints/dict_16_192_64_0p5_0p02_0040_0010.uasset" 6809
"../../../Engine/Content/EngineMaterials/Substrate/GLints/dict_16_192_64_0p5_0p02_0040_0012.uasset" 6810
"../../../Engine/Content/EngineMaterials/Substrate/GLints/dict_16_192_64_0p5_0p02_0040_0013.uasset" 6811
"/Engine/EngineMaterials/Substrate/GLints/dict_16_192_64_0p5_0p02_0039_0010" 6812
"/Engine/EngineMaterials/Substrate/GLints/dict_16_192_64_0p5_0p02_0039_0009" 6813
"/Engine/EngineMaterials/Substrate/GLints/dict_16_192_64_0p5_0p02_0039_0008" 6814
"/Engine/EngineMaterials/Substrate/GLints/dict_16_192_64_0p5_0p02_0039_0007" 6815
"/Engine/EngineMaterials/Substrate/GLints/dict_16_192_64_0p5_0p02_0039_0006" 6816
"/Engine/EngineMaterials/Substrate/GLints/dict_16_192_64_0p5_0p02_0039_0005" 6817
"/Engine/EngineMaterials/Substrate/GLints/dict_16_192_64_0p5_0p02_0039_0004" 6818
"/Engine/EngineMaterials/Substrate/GLints/dict_16_192_64_0p5_0p02_0039_0003" 6819
"/Engine/EngineMaterials/Substrate/GLints/dict_16_192_64_0p5_0p02_0039_0002" 6820
"/Engine/EngineMaterials/Substrate/GLints/dict_16_192_64_0p5_0p02_0039_0001" 6821
"/Engine/EngineMaterials/Substrate/GLints/dict_16_192_64_0p5_0p02_0039_0000" 6822
"/Engine/EngineMaterials/Substrate/GLints/dict_16_192_64_0p5_0p02_0038_0015" 6823
"/Engine/EngineMaterials/Substrate/GLints/dict_16_192_64_0p5_0p02_0038_0014" 6824
"/Engine/EngineMaterials/Substrate/GLints/dict_16_192_64_0p5_0p02_0040_0013" 6825
"/Engine/EngineMaterials/Substrate/GLints/dict_16_192_64_0p5_0p02_0040_0012" 6826
"../../../Engine/Content/EngineMaterials/Substrate/GLints/dict_16_192_64_0p5_0p02_0041_0001.uasset" 6827
"../../../Engine/Content/EngineMaterials/Substrate/GLints/dict_16_192_64_0p5_0p02_0041_0002.uasset" 6828
"../../../Engine/Content/EngineMaterials/Substrate/GLints/dict_16_192_64_0p5_0p02_0040_0015.uasset" 6829
"../../../Engine/Content/EngineMaterials/Substrate/GLints/dict_16_192_64_0p5_0p02_0041_0004.uasset" 6830
"../../../Engine/Content/EngineMaterials/Substrate/GLints/dict_16_192_64_0p5_0p02_0041_0007.uasset" 6831
"/Engine/EngineMaterials/Substrate/GLints/dict_16_192_64_0p5_0p02_0040_0011" 6832
"../../../Engine/Content/EngineMaterials/Substrate/GLints/dict_16_192_64_0p5_0p02_0040_0014.uasset" 6833
"../../../Engine/Content/EngineMaterials/Substrate/GLints/dict_16_192_64_0p5_0p02_0041_0003.uasset" 6834
"../../../Engine/Content/EngineMaterials/Substrate/GLints/dict_16_192_64_0p5_0p02_0041_0000.uasset" 6835
"../../../Engine/Content/EngineMaterials/Substrate/GLints/dict_16_192_64_0p5_0p02_0041_0006.uasset" 6836
"../../../Engine/Content/EngineMaterials/Substrate/GLints/dict_16_192_64_0p5_0p02_0041_0005.uasset" 6837
"/Engine/EngineMaterials/Substrate/GLints/dict_16_192_64_0p5_0p02_0040_0010" 6838
"../../../Engine/Content/EngineMaterials/Substrate/GLints/dict_16_192_64_0p5_0p02_0041_0009.uasset" 6839
"../../../Engine/Content/EngineMaterials/Substrate/GLints/dict_16_192_64_0p5_0p02_0041_0010.uasset" 6840
"../../../Engine/Content/EngineMaterials/Substrate/GLints/dict_16_192_64_0p5_0p02_0041_0012.uasset" 6841
"/Engine/EngineMaterials/Substrate/GLints/dict_16_192_64_0p5_0p02_0040_0009" 6842
"../../../Engine/Content/EngineMaterials/Substrate/GLints/dict_16_192_64_0p5_0p02_0041_0011.uasset" 6843
"../../../Engine/Content/EngineMaterials/Substrate/GLints/dict_16_192_64_0p5_0p02_0041_0013.uasset" 6844
"../../../Engine/Content/EngineMaterials/Substrate/GLints/dict_16_192_64_0p5_0p02_0041_0008.uasset" 6845
"/Engine/EngineMaterials/Substrate/GLints/dict_16_192_64_0p5_0p02_0040_0008" 6846
"/Engine/EngineMaterials/Substrate/GLints/dict_16_192_64_0p5_0p02_0040_0007" 6847
"/Engine/EngineMaterials/Substrate/GLints/dict_16_192_64_0p5_0p02_0040_0006" 6848
"/Engine/EngineMaterials/Substrate/GLints/dict_16_192_64_0p5_0p02_0040_0005" 6849
"/Engine/EngineMaterials/Substrate/GLints/dict_16_192_64_0p5_0p02_0040_0004" 6850
"/Engine/EngineMaterials/Substrate/GLints/dict_16_192_64_0p5_0p02_0040_0003" 6851
"/Engine/EngineMaterials/Substrate/GLints/dict_16_192_64_0p5_0p02_0040_0002" 6852
"/Engine/EngineMaterials/Substrate/GLints/dict_16_192_64_0p5_0p02_0040_0001" 6853
"/Engine/EngineMaterials/Substrate/GLints/dict_16_192_64_0p5_0p02_0040_0000" 6854
"/Engine/EngineMaterials/Substrate/GLints/dict_16_192_64_0p5_0p02_0039_0015" 6855
"/Engine/EngineMaterials/Substrate/GLints/dict_16_192_64_0p5_0p02_0039_0014" 6856
"/Engine/EngineMaterials/Substrate/GLints/dict_16_192_64_0p5_0p02_0041_0013" 6857
"../../../Engine/Content/EngineMaterials/Substrate/GLints/dict_16_192_64_0p5_0p02_0041_0015.uasset" 6858
"../../../Engine/Content/EngineMaterials/Substrate/GLints/dict_16_192_64_0p5_0p02_0042_0000.uasset" 6859
"../../../Engine/Content/EngineMaterials/Substrate/GLints/dict_16_192_64_0p5_0p02_0041_0014.uasset" 6860
"../../../Engine/Content/EngineMaterials/Substrate/GLints/dict_16_192_64_0p5_0p02_0042_0001.uasset" 6861
"../../../Engine/Content/EngineMaterials/Substrate/GLints/dict_16_192_64_0p5_0p02_0042_0006.uasset" 6862
"../../../Engine/Content/EngineMaterials/Substrate/GLints/dict_16_192_64_0p5_0p02_0042_0007.uasset" 6863
"/Engine/EngineMaterials/Substrate/GLints/dict_16_192_64_0p5_0p02_0041_0012" 6864
"../../../Engine/Content/EngineMaterials/Substrate/GLints/dict_16_192_64_0p5_0p02_0042_0005.uasset" 6865
"../../../Engine/Content/EngineMaterials/Substrate/GLints/dict_16_192_64_0p5_0p02_0042_0002.uasset" 6866
"../../../Engine/Content/EngineMaterials/Substrate/GLints/dict_16_192_64_0p5_0p02_0042_0008.uasset" 6867
"../../../Engine/Content/EngineMaterials/Substrate/GLints/dict_16_192_64_0p5_0p02_0042_0004.uasset" 6868
"../../../Engine/Content/EngineMaterials/Substrate/GLints/dict_16_192_64_0p5_0p02_0042_0003.uasset" 6869
"/Engine/EngineMaterials/Substrate/GLints/dict_16_192_64_0p5_0p02_0041_0011" 6870
"../../../Engine/Content/EngineMaterials/Substrate/GLints/dict_16_192_64_0p5_0p02_0042_0010.uasset" 6871
"../../../Engine/Content/EngineMaterials/Substrate/GLints/dict_16_192_64_0p5_0p02_0042_0009.uasset" 6872
"/Engine/EngineMaterials/Substrate/GLints/dict_16_192_64_0p5_0p02_0041_0010" 6873
"../../../Engine/Content/EngineMaterials/Substrate/GLints/dict_16_192_64_0p5_0p02_0042_0011.uasset" 6874
"../../../Engine/Content/EngineMaterials/Substrate/GLints/dict_16_192_64_0p5_0p02_0042_0012.uasset" 6875
"../../../Engine/Content/EngineMaterials/Substrate/GLints/dict_16_192_64_0p5_0p02_0042_0013.uasset" 6876
"/Engine/EngineMaterials/Substrate/GLints/dict_16_192_64_0p5_0p02_0041_0009" 6877
"/Engine/EngineMaterials/Substrate/GLints/dict_16_192_64_0p5_0p02_0041_0008" 6878
"/Engine/EngineMaterials/Substrate/GLints/dict_16_192_64_0p5_0p02_0041_0007" 6879
"/Engine/EngineMaterials/Substrate/GLints/dict_16_192_64_0p5_0p02_0041_0006" 6880
"/Engine/EngineMaterials/Substrate/GLints/dict_16_192_64_0p5_0p02_0041_0005" 6881
"/Engine/EngineMaterials/Substrate/GLints/dict_16_192_64_0p5_0p02_0041_0004" 6882
"/Engine/EngineMaterials/Substrate/GLints/dict_16_192_64_0p5_0p02_0041_0003" 6883
"/Engine/EngineMaterials/Substrate/GLints/dict_16_192_64_0p5_0p02_0041_0002" 6884
"/Engine/EngineMaterials/Substrate/GLints/dict_16_192_64_0p5_0p02_0041_0001" 6885
"/Engine/EngineMaterials/Substrate/GLints/dict_16_192_64_0p5_0p02_0041_0000" 6886
"/Engine/EngineMaterials/Substrate/GLints/dict_16_192_64_0p5_0p02_0040_0015" 6887
"/Engine/EngineMaterials/Substrate/GLints/dict_16_192_64_0p5_0p02_0040_0014" 6888
"/Engine/EngineMaterials/Substrate/GLints/dict_16_192_64_0p5_0p02_0042_0013" 6889
"../../../Engine/Content/EngineMaterials/Substrate/GLints/dict_16_192_64_0p5_0p02_0043_0001.uasset" 6890
"../../../Engine/Content/EngineMaterials/Substrate/GLints/dict_16_192_64_0p5_0p02_0043_0002.uasset" 6891
"../../../Engine/Content/EngineMaterials/Substrate/GLints/dict_16_192_64_0p5_0p02_0042_0015.uasset" 6892
"/Engine/EngineMaterials/Substrate/GLints/dict_16_192_64_0p5_0p02_0042_0012" 6893
"../../../Engine/Content/EngineMaterials/Substrate/GLints/dict_16_192_64_0p5_0p02_0043_0006.uasset" 6894
"../../../Engine/Content/EngineMaterials/Substrate/GLints/dict_16_192_64_0p5_0p02_0043_0004.uasset" 6895
"../../../Engine/Content/EngineMaterials/Substrate/GLints/dict_16_192_64_0p5_0p02_0043_0007.uasset" 6896
"../../../Engine/Content/EngineMaterials/Substrate/GLints/dict_16_192_64_0p5_0p02_0043_0003.uasset" 6897
"../../../Engine/Content/EngineMaterials/Substrate/GLints/dict_16_192_64_0p5_0p02_0043_0000.uasset" 6898
"../../../Engine/Content/EngineMaterials/Substrate/GLints/dict_16_192_64_0p5_0p02_0043_0005.uasset" 6899
"../../../Engine/Content/EngineMaterials/Substrate/GLints/dict_16_192_64_0p5_0p02_0042_0014.uasset" 6900
"../../../Engine/Content/EngineMaterials/Substrate/GLints/dict_16_192_64_0p5_0p02_0043_0008.uasset" 6901
"/Engine/EngineMaterials/Substrate/GLints/dict_16_192_64_0p5_0p02_0042_0011" 6902
"../../../Engine/Content/EngineMaterials/Substrate/GLints/dict_16_192_64_0p5_0p02_0043_0009.uasset" 6903
"../../../Engine/Content/EngineMaterials/Substrate/GLints/dict_16_192_64_0p5_0p02_0043_0012.uasset" 6904
"../../../Engine/Content/EngineMaterials/Substrate/GLints/dict_16_192_64_0p5_0p02_0043_0011.uasset" 6905
"../../../Engine/Content/EngineMaterials/Substrate/GLints/dict_16_192_64_0p5_0p02_0043_0010.uasset" 6906
"../../../Engine/Content/EngineMaterials/Substrate/GLints/dict_16_192_64_0p5_0p02_0043_0013.uasset" 6907
"/Engine/EngineMaterials/Substrate/GLints/dict_16_192_64_0p5_0p02_0042_0010" 6908
"/Engine/EngineMaterials/Substrate/GLints/dict_16_192_64_0p5_0p02_0042_0009" 6909
"/Engine/EngineMaterials/Substrate/GLints/dict_16_192_64_0p5_0p02_0042_0008" 6910
"/Engine/EngineMaterials/Substrate/GLints/dict_16_192_64_0p5_0p02_0042_0007" 6911
"/Engine/EngineMaterials/Substrate/GLints/dict_16_192_64_0p5_0p02_0042_0006" 6912
"/Engine/EngineMaterials/Substrate/GLints/dict_16_192_64_0p5_0p02_0042_0005" 6913
"/Engine/EngineMaterials/Substrate/GLints/dict_16_192_64_0p5_0p02_0042_0004" 6914
"/Engine/EngineMaterials/Substrate/GLints/dict_16_192_64_0p5_0p02_0042_0003" 6915
"/Engine/EngineMaterials/Substrate/GLints/dict_16_192_64_0p5_0p02_0042_0002" 6916
"/Engine/EngineMaterials/Substrate/GLints/dict_16_192_64_0p5_0p02_0042_0001" 6917
"/Engine/EngineMaterials/Substrate/GLints/dict_16_192_64_0p5_0p02_0042_0000" 6918
"/Engine/EngineMaterials/Substrate/GLints/dict_16_192_64_0p5_0p02_0041_0015" 6919
"/Engine/EngineMaterials/Substrate/GLints/dict_16_192_64_0p5_0p02_0041_0014" 6920
"/Engine/EngineMaterials/Substrate/GLints/dict_16_192_64_0p5_0p02_0043_0013" 6921
"/Engine/EngineMaterials/Substrate/GLints/dict_16_192_64_0p5_0p02_0043_0012" 6922
"../../../Engine/Content/EngineMaterials/Substrate/GLints/dict_16_192_64_0p5_0p02_0043_0014.uasset" 6923
"../../../Engine/Content/EngineMaterials/Substrate/GLints/dict_16_192_64_0p5_0p02_0044_0000.uasset" 6924
"../../../Engine/Content/EngineMaterials/Substrate/GLints/dict_16_192_64_0p5_0p02_0044_0002.uasset" 6925
"../../../Engine/Content/EngineMaterials/Substrate/GLints/dict_16_192_64_0p5_0p02_0044_0003.uasset" 6926
"/Engine/EngineMaterials/Substrate/GLints/dict_16_192_64_0p5_0p02_0043_0011" 6927
"/Engine/EngineMaterials/Substrate/GLints/dict_16_192_64_0p5_0p02_0043_0010" 6928
"/Engine/EngineMaterials/Substrate/GLints/dict_16_192_64_0p5_0p02_0043_0009" 6929
"../../../Engine/Content/EngineMaterials/Substrate/GLints/dict_16_192_64_0p5_0p02_0044_0006.uasset" 6930
"../../../Engine/Content/EngineMaterials/Substrate/GLints/dict_16_192_64_0p5_0p02_0044_0005.uasset" 6931
"/Engine/EngineMaterials/Substrate/GLints/dict_16_192_64_0p5_0p02_0043_0008" 6932
"../../../Engine/Content/EngineMaterials/Substrate/GLints/dict_16_192_64_0p5_0p02_0043_0015.uasset" 6933
"../../../Engine/Content/EngineMaterials/Substrate/GLints/dict_16_192_64_0p5_0p02_0044_0004.uasset" 6934
"../../../Engine/Content/EngineMaterials/Substrate/GLints/dict_16_192_64_0p5_0p02_0044_0008.uasset" 6935
"/Engine/EngineMaterials/Substrate/GLints/dict_16_192_64_0p5_0p02_0043_0007" 6936
"/Engine/EngineMaterials/Substrate/GLints/dict_16_192_64_0p5_0p02_0043_0006" 6937
"../../../Engine/Content/EngineMaterials/Substrate/GLints/dict_16_192_64_0p5_0p02_0044_0001.uasset" 6938
"../../../Engine/Content/EngineMaterials/Substrate/GLints/dict_16_192_64_0p5_0p02_0044_0007.uasset" 6939
"../../../Engine/Content/EngineMaterials/Substrate/GLints/dict_16_192_64_0p5_0p02_0044_0012.uasset" 6940
"../../../Engine/Content/EngineMaterials/Substrate/GLints/dict_16_192_64_0p5_0p02_0044_0009.uasset" 6941
"/Engine/EngineMaterials/Substrate/GLints/dict_16_192_64_0p5_0p02_0043_0005" 6942
"../../../Engine/Content/EngineMaterials/Substrate/GLints/dict_16_192_64_0p5_0p02_0044_0010.uasset" 6943
"../../../Engine/Content/EngineMaterials/Substrate/GLints/dict_16_192_64_0p5_0p02_0044_0011.uasset" 6944
"../../../Engine/Content/EngineMaterials/Substrate/GLints/dict_16_192_64_0p5_0p02_0044_0013.uasset" 6945
"/Engine/EngineMaterials/Substrate/GLints/dict_16_192_64_0p5_0p02_0043_0004" 6946
"/Engine/EngineMaterials/Substrate/GLints/dict_16_192_64_0p5_0p02_0043_0003" 6947
"/Engine/EngineMaterials/Substrate/GLints/dict_16_192_64_0p5_0p02_0043_0002" 6948
"/Engine/EngineMaterials/Substrate/GLints/dict_16_192_64_0p5_0p02_0043_0001" 6949
"/Engine/EngineMaterials/Substrate/GLints/dict_16_192_64_0p5_0p02_0043_0000" 6950
"/Engine/EngineMaterials/Substrate/GLints/dict_16_192_64_0p5_0p02_0042_0015" 6951
"/Engine/EngineMaterials/Substrate/GLints/dict_16_192_64_0p5_0p02_0042_0014" 6952
"/Engine/EngineMaterials/Substrate/GLints/dict_16_192_64_0p5_0p02_0044_0013" 6953
"../../../Engine/Content/EngineMaterials/Substrate/GLints/dict_16_192_64_0p5_0p02_0044_0014.uasset" 6954
"../../../Engine/Content/EngineMaterials/Substrate/GLints/dict_16_192_64_0p5_0p02_0045_0000.uasset" 6955
"../../../Engine/Content/EngineMaterials/Substrate/GLints/dict_16_192_64_0p5_0p02_0045_0003.uasset" 6956
"../../../Engine/Content/EngineMaterials/Substrate/GLints/dict_16_192_64_0p5_0p02_0045_0007.uasset" 6957
"../../../Engine/Content/EngineMaterials/Substrate/GLints/dict_16_192_64_0p5_0p02_0045_0006.uasset" 6958
"/Engine/EngineMaterials/Substrate/GLints/dict_16_192_64_0p5_0p02_0044_0012" 6959
"../../../Engine/Content/EngineMaterials/Substrate/GLints/dict_16_192_64_0p5_0p02_0044_0015.uasset" 6960
"../../../Engine/Content/EngineMaterials/Substrate/GLints/dict_16_192_64_0p5_0p02_0045_0005.uasset" 6961
"../../../Engine/Content/EngineMaterials/Substrate/GLints/dict_16_192_64_0p5_0p02_0045_0001.uasset" 6962
"../../../Engine/Content/EngineMaterials/Substrate/GLints/dict_16_192_64_0p5_0p02_0045_0002.uasset" 6963
"../../../Engine/Content/EngineMaterials/Substrate/GLints/dict_16_192_64_0p5_0p02_0045_0004.uasset" 6964
"/Engine/EngineMaterials/Substrate/GLints/dict_16_192_64_0p5_0p02_0044_0011" 6965
"../../../Engine/Content/EngineMaterials/Substrate/GLints/dict_16_192_64_0p5_0p02_0045_0008.uasset" 6966
"../../../Engine/Content/EngineMaterials/Substrate/GLints/dict_16_192_64_0p5_0p02_0045_0010.uasset" 6967
"../../../Engine/Content/EngineMaterials/Substrate/GLints/dict_16_192_64_0p5_0p02_0045_0009.uasset" 6968
"../../../Engine/Content/EngineMaterials/Substrate/GLints/dict_16_192_64_0p5_0p02_0045_0011.uasset" 6969
"../../../Engine/Content/EngineMaterials/Substrate/GLints/dict_16_192_64_0p5_0p02_0045_0012.uasset" 6970
"../../../Engine/Content/EngineMaterials/Substrate/GLints/dict_16_192_64_0p5_0p02_0045_0013.uasset" 6971
"/Engine/EngineMaterials/Substrate/GLints/dict_16_192_64_0p5_0p02_0044_0010" 6972
"/Engine/EngineMaterials/Substrate/GLints/dict_16_192_64_0p5_0p02_0044_0009" 6973
"/Engine/EngineMaterials/Substrate/GLints/dict_16_192_64_0p5_0p02_0044_0008" 6974
"/Engine/EngineMaterials/Substrate/GLints/dict_16_192_64_0p5_0p02_0044_0007" 6975
"/Engine/EngineMaterials/Substrate/GLints/dict_16_192_64_0p5_0p02_0044_0006" 6976
"/Engine/EngineMaterials/Substrate/GLints/dict_16_192_64_0p5_0p02_0044_0005" 6977
"/Engine/EngineMaterials/Substrate/GLints/dict_16_192_64_0p5_0p02_0044_0004" 6978
"/Engine/EngineMaterials/Substrate/GLints/dict_16_192_64_0p5_0p02_0044_0003" 6979
"/Engine/EngineMaterials/Substrate/GLints/dict_16_192_64_0p5_0p02_0044_0002" 6980
"/Engine/EngineMaterials/Substrate/GLints/dict_16_192_64_0p5_0p02_0044_0001" 6981
"/Engine/EngineMaterials/Substrate/GLints/dict_16_192_64_0p5_0p02_0044_0000" 6982
"/Engine/EngineMaterials/Substrate/GLints/dict_16_192_64_0p5_0p02_0043_0015" 6983
"/Engine/EngineMaterials/Substrate/GLints/dict_16_192_64_0p5_0p02_0043_0014" 6984
"/Engine/EngineMaterials/Substrate/GLints/dict_16_192_64_0p5_0p02_0045_0013" 6985
"../../../Engine/Content/EngineMaterials/Substrate/GLints/dict_16_192_64_0p5_0p02_0045_0014.uasset" 6986
"../../../Engine/Content/EngineMaterials/Substrate/GLints/dict_16_192_64_0p5_0p02_0046_0002.uasset" 6987
"../../../Engine/Content/EngineMaterials/Substrate/GLints/dict_16_192_64_0p5_0p02_0046_0001.uasset" 6988
"../../../Engine/Content/EngineMaterials/Substrate/GLints/dict_16_192_64_0p5_0p02_0046_0003.uasset" 6989
"../../../Engine/Content/EngineMaterials/Substrate/GLints/dict_16_192_64_0p5_0p02_0046_0000.uasset" 6990
"../../../Engine/Content/EngineMaterials/Substrate/GLints/dict_16_192_64_0p5_0p02_0046_0004.uasset" 6991
"../../../Engine/Content/EngineMaterials/Substrate/GLints/dict_16_192_64_0p5_0p02_0045_0015.uasset" 6992
"../../../Engine/Content/EngineMaterials/Substrate/GLints/dict_16_192_64_0p5_0p02_0046_0006.uasset" 6993
"../../../Engine/Content/EngineMaterials/Substrate/GLints/dict_16_192_64_0p5_0p02_0046_0005.uasset" 6994
"/Engine/EngineMaterials/Substrate/GLints/dict_16_192_64_0p5_0p02_0045_0012" 6995
"../../../Engine/Content/EngineMaterials/Substrate/GLints/dict_16_192_64_0p5_0p02_0046_0007.uasset" 6996
"../../../Engine/Content/EngineMaterials/Substrate/GLints/dict_16_192_64_0p5_0p02_0046_0008.uasset" 6997
"/Engine/EngineMaterials/Substrate/GLints/dict_16_192_64_0p5_0p02_0045_0011" 6998
"../../../Engine/Content/EngineMaterials/Substrate/GLints/dict_16_192_64_0p5_0p02_0046_0010.uasset" 6999
"../../../Engine/Content/EngineMaterials/Substrate/GLints/dict_16_192_64_0p5_0p02_0046_0009.uasset" 7000
"../../../Engine/Content/EngineMaterials/Substrate/GLints/dict_16_192_64_0p5_0p02_0046_0011.uasset" 7001
"../../../Engine/Content/EngineMaterials/Substrate/GLints/dict_16_192_64_0p5_0p02_0046_0012.uasset" 7002
"../../../Engine/Content/EngineMaterials/Substrate/GLints/dict_16_192_64_0p5_0p02_0046_0013.uasset" 7003
"/Engine/EngineMaterials/Substrate/GLints/dict_16_192_64_0p5_0p02_0045_0010" 7004
"/Engine/EngineMaterials/Substrate/GLints/dict_16_192_64_0p5_0p02_0045_0009" 7005
"/Engine/EngineMaterials/Substrate/GLints/dict_16_192_64_0p5_0p02_0045_0008" 7006
"/Engine/EngineMaterials/Substrate/GLints/dict_16_192_64_0p5_0p02_0045_0007" 7007
"/Engine/EngineMaterials/Substrate/GLints/dict_16_192_64_0p5_0p02_0045_0006" 7008
"/Engine/EngineMaterials/Substrate/GLints/dict_16_192_64_0p5_0p02_0045_0005" 7009
"/Engine/EngineMaterials/Substrate/GLints/dict_16_192_64_0p5_0p02_0045_0004" 7010
"/Engine/EngineMaterials/Substrate/GLints/dict_16_192_64_0p5_0p02_0045_0003" 7011
"/Engine/EngineMaterials/Substrate/GLints/dict_16_192_64_0p5_0p02_0045_0002" 7012
"/Engine/EngineMaterials/Substrate/GLints/dict_16_192_64_0p5_0p02_0045_0001" 7013
"/Engine/EngineMaterials/Substrate/GLints/dict_16_192_64_0p5_0p02_0045_0000" 7014
"/Engine/EngineMaterials/Substrate/GLints/dict_16_192_64_0p5_0p02_0044_0015" 7015
"/Engine/EngineMaterials/Substrate/GLints/dict_16_192_64_0p5_0p02_0044_0014" 7016
"/Engine/EngineMaterials/Substrate/GLints/dict_16_192_64_0p5_0p02_0046_0013" 7017
"/Engine/EngineMaterials/Substrate/GLints/dict_16_192_64_0p5_0p02_0046_0012" 7018
"../../../Engine/Content/EngineMaterials/Substrate/GLints/dict_16_192_64_0p5_0p02_0047_0002.uasset" 7019
"../../../Engine/Content/EngineMaterials/Substrate/GLints/dict_16_192_64_0p5_0p02_0046_0015.uasset" 7020
"../../../Engine/Content/EngineMaterials/Substrate/GLints/dict_16_192_64_0p5_0p02_0047_0005.uasset" 7021
"../../../Engine/Content/EngineMaterials/Substrate/GLints/dict_16_192_64_0p5_0p02_0047_0003.uasset" 7022
"/Engine/EngineMaterials/Substrate/GLints/dict_16_192_64_0p5_0p02_0046_0011" 7023
"../../../Engine/Content/EngineMaterials/Substrate/GLints/dict_16_192_64_0p5_0p02_0047_0001.uasset" 7024
"../../../Engine/Content/EngineMaterials/Substrate/GLints/dict_16_192_64_0p5_0p02_0047_0006.uasset" 7025
"../../../Engine/Content/EngineMaterials/Substrate/GLints/dict_16_192_64_0p5_0p02_0046_0014.uasset" 7026
"../../../Engine/Content/EngineMaterials/Substrate/GLints/dict_16_192_64_0p5_0p02_0047_0004.uasset" 7027
"../../../Engine/Content/EngineMaterials/Substrate/GLints/dict_16_192_64_0p5_0p02_0047_0000.uasset" 7028
"/Engine/EngineMaterials/Substrate/GLints/dict_16_192_64_0p5_0p02_0046_0010" 7029
"../../../Engine/Content/EngineMaterials/Substrate/GLints/dict_16_192_64_0p5_0p02_0047_0007.uasset" 7030
"/Engine/EngineMaterials/Substrate/GLints/dict_16_192_64_0p5_0p02_0046_0009" 7031
"../../../Engine/Content/EngineMaterials/Substrate/GLints/dict_16_192_64_0p5_0p02_0047_0011.uasset" 7032
"../../../Engine/Content/EngineMaterials/Substrate/GLints/dict_16_192_64_0p5_0p02_0047_0010.uasset" 7033
"../../../Engine/Content/EngineMaterials/Substrate/GLints/dict_16_192_64_0p5_0p02_0047_0009.uasset" 7034
"../../../Engine/Content/EngineMaterials/Substrate/GLints/dict_16_192_64_0p5_0p02_0047_0012.uasset" 7035
"../../../Engine/Content/EngineMaterials/Substrate/GLints/dict_16_192_64_0p5_0p02_0047_0008.uasset" 7036
"../../../Engine/Content/EngineMaterials/Substrate/GLints/dict_16_192_64_0p5_0p02_0047_0013.uasset" 7037
"/Engine/EngineMaterials/Substrate/GLints/dict_16_192_64_0p5_0p02_0046_0008" 7038
"/Engine/EngineMaterials/Substrate/GLints/dict_16_192_64_0p5_0p02_0046_0007" 7039
"/Engine/EngineMaterials/Substrate/GLints/dict_16_192_64_0p5_0p02_0046_0006" 7040
"/Engine/EngineMaterials/Substrate/GLints/dict_16_192_64_0p5_0p02_0046_0005" 7041
"/Engine/EngineMaterials/Substrate/GLints/dict_16_192_64_0p5_0p02_0046_0004" 7042
"/Engine/EngineMaterials/Substrate/GLints/dict_16_192_64_0p5_0p02_0046_0003" 7043
"/Engine/EngineMaterials/Substrate/GLints/dict_16_192_64_0p5_0p02_0046_0002" 7044
"/Engine/EngineMaterials/Substrate/GLints/dict_16_192_64_0p5_0p02_0046_0001" 7045
"/Engine/EngineMaterials/Substrate/GLints/dict_16_192_64_0p5_0p02_0046_0000" 7046
"/Engine/EngineMaterials/Substrate/GLints/dict_16_192_64_0p5_0p02_0045_0015" 7047
"/Engine/EngineMaterials/Substrate/GLints/dict_16_192_64_0p5_0p02_0045_0014" 7048
"/Engine/EngineMaterials/Substrate/GLints/dict_16_192_64_0p5_0p02_0047_0013" 7049
"/Engine/EngineMaterials/Substrate/GLints/dict_16_192_64_0p5_0p02_0047_0012" 7050
"../../../Engine/Content/EngineMaterials/Substrate/GLints/dict_16_192_64_0p5_0p02_0048_0005.uasset" 7051
"../../../Engine/Content/EngineMaterials/Substrate/GLints/dict_16_192_64_0p5_0p02_0047_0015.uasset" 7052
"../../../Engine/Content/EngineMaterials/Substrate/GLints/dict_16_192_64_0p5_0p02_0048_0006.uasset" 7053
"../../../Engine/Content/EngineMaterials/Substrate/GLints/dict_16_192_64_0p5_0p02_0048_0001.uasset" 7054
"../../../Engine/Content/EngineMaterials/Substrate/GLints/dict_16_192_64_0p5_0p02_0048_0002.uasset" 7055
"/Engine/EngineMaterials/Substrate/GLints/dict_16_192_64_0p5_0p02_0047_0011" 7056
"../../../Engine/Content/EngineMaterials/Substrate/GLints/dict_16_192_64_0p5_0p02_0048_0007.uasset" 7057
"../../../Engine/Content/EngineMaterials/Substrate/GLints/dict_16_192_64_0p5_0p02_0048_0000.uasset" 7058
"../../../Engine/Content/EngineMaterials/Substrate/GLints/dict_16_192_64_0p5_0p02_0047_0014.uasset" 7059
"../../../Engine/Content/EngineMaterials/Substrate/GLints/dict_16_192_64_0p5_0p02_0048_0003.uasset" 7060
"../../../Engine/Content/EngineMaterials/Substrate/GLints/dict_16_192_64_0p5_0p02_0048_0004.uasset" 7061
"/Engine/EngineMaterials/Substrate/GLints/dict_16_192_64_0p5_0p02_0047_0010" 7062
"../../../Engine/Content/EngineMaterials/Substrate/GLints/dict_16_192_64_0p5_0p02_0048_0008.uasset" 7063
"../../../Engine/Content/EngineMaterials/Substrate/GLints/dict_16_192_64_0p5_0p02_0048_0009.uasset" 7064
"../../../Engine/Content/EngineMaterials/Substrate/GLints/dict_16_192_64_0p5_0p02_0048_0010.uasset" 7065
"../../../Engine/Content/EngineMaterials/Substrate/GLints/dict_16_192_64_0p5_0p02_0048_0011.uasset" 7066
"../../../Engine/Content/EngineMaterials/Substrate/GLints/dict_16_192_64_0p5_0p02_0048_0013.uasset" 7067
"../../../Engine/Content/EngineMaterials/Substrate/GLints/dict_16_192_64_0p5_0p02_0048_0012.uasset" 7068
"/Engine/EngineMaterials/Substrate/GLints/dict_16_192_64_0p5_0p02_0047_0009" 7069
"/Engine/EngineMaterials/Substrate/GLints/dict_16_192_64_0p5_0p02_0047_0008" 7070
"/Engine/EngineMaterials/Substrate/GLints/dict_16_192_64_0p5_0p02_0047_0007" 7071
"/Engine/EngineMaterials/Substrate/GLints/dict_16_192_64_0p5_0p02_0047_0006" 7072
"/Engine/EngineMaterials/Substrate/GLints/dict_16_192_64_0p5_0p02_0047_0005" 7073
"/Engine/EngineMaterials/Substrate/GLints/dict_16_192_64_0p5_0p02_0047_0004" 7074
"/Engine/EngineMaterials/Substrate/GLints/dict_16_192_64_0p5_0p02_0047_0003" 7075
"/Engine/EngineMaterials/Substrate/GLints/dict_16_192_64_0p5_0p02_0047_0002" 7076
"/Engine/EngineMaterials/Substrate/GLints/dict_16_192_64_0p5_0p02_0047_0001" 7077
"/Engine/EngineMaterials/Substrate/GLints/dict_16_192_64_0p5_0p02_0047_0000" 7078
"/Engine/EngineMaterials/Substrate/GLints/dict_16_192_64_0p5_0p02_0046_0015" 7079
"/Engine/EngineMaterials/Substrate/GLints/dict_16_192_64_0p5_0p02_0046_0014" 7080
"../../../Engine/Content/EngineMaterials/Substrate/GLints/dict_16_192_64_0p5_0p02_0048_0014.uasset" 7081
"/Engine/EngineMaterials/Substrate/GLints/dict_16_192_64_0p5_0p02_0048_0013" 7082
"../../../Engine/Content/EngineMaterials/Substrate/GLints/dict_16_192_64_0p5_0p02_0048_0015.uasset" 7083
"/Engine/EngineMaterials/Substrate/GLints/dict_16_192_64_0p5_0p02_0048_0012" 7084
"../../../Engine/Content/EngineMaterials/Substrate/GLints/dict_16_192_64_0p5_0p02_0049_0000.uasset" 7085
"../../../Engine/Content/EngineMaterials/Substrate/GLints/dict_16_192_64_0p5_0p02_0049_0001.uasset" 7086
"../../../Engine/Content/EngineMaterials/Substrate/GLints/dict_16_192_64_0p5_0p02_0049_0002.uasset" 7087
"../../../Engine/Content/EngineMaterials/Substrate/GLints/dict_16_192_64_0p5_0p02_0049_0003.uasset" 7088
"../../../Engine/Content/EngineMaterials/Substrate/GLints/dict_16_192_64_0p5_0p02_0049_0005.uasset" 7089
"../../../Engine/Content/EngineMaterials/Substrate/GLints/dict_16_192_64_0p5_0p02_0049_0006.uasset" 7090
"/Engine/EngineMaterials/Substrate/GLints/dict_16_192_64_0p5_0p02_0048_0011" 7091
"../../../Engine/Content/EngineMaterials/Substrate/GLints/dict_16_192_64_0p5_0p02_0049_0009.uasset" 7092
"../../../Engine/Content/EngineMaterials/Substrate/GLints/dict_16_192_64_0p5_0p02_0049_0004.uasset" 7093
"../../../Engine/Content/EngineMaterials/Substrate/GLints/dict_16_192_64_0p5_0p02_0049_0007.uasset" 7094
"/Engine/EngineMaterials/Substrate/GLints/dict_16_192_64_0p5_0p02_0048_0010" 7095
"../../../Engine/Content/EngineMaterials/Substrate/GLints/dict_16_192_64_0p5_0p02_0049_0008.uasset" 7096
"../../../Engine/Content/EngineMaterials/Substrate/GLints/dict_16_192_64_0p5_0p02_0049_0010.uasset" 7097
"../../../Engine/Content/EngineMaterials/Substrate/GLints/dict_16_192_64_0p5_0p02_0049_0012.uasset" 7098
"../../../Engine/Content/EngineMaterials/Substrate/GLints/dict_16_192_64_0p5_0p02_0049_0013.uasset" 7099
"../../../Engine/Content/EngineMaterials/Substrate/GLints/dict_16_192_64_0p5_0p02_0049_0011.uasset" 7100
"/Engine/EngineMaterials/Substrate/GLints/dict_16_192_64_0p5_0p02_0048_0009" 7101
"/Engine/EngineMaterials/Substrate/GLints/dict_16_192_64_0p5_0p02_0048_0008" 7102
"/Engine/EngineMaterials/Substrate/GLints/dict_16_192_64_0p5_0p02_0048_0007" 7103
"/Engine/EngineMaterials/Substrate/GLints/dict_16_192_64_0p5_0p02_0048_0006" 7104
"/Engine/EngineMaterials/Substrate/GLints/dict_16_192_64_0p5_0p02_0048_0005" 7105
"/Engine/EngineMaterials/Substrate/GLints/dict_16_192_64_0p5_0p02_0048_0004" 7106
"/Engine/EngineMaterials/Substrate/GLints/dict_16_192_64_0p5_0p02_0048_0003" 7107
"/Engine/EngineMaterials/Substrate/GLints/dict_16_192_64_0p5_0p02_0048_0002" 7108
"/Engine/EngineMaterials/Substrate/GLints/dict_16_192_64_0p5_0p02_0048_0001" 7109
"/Engine/EngineMaterials/Substrate/GLints/dict_16_192_64_0p5_0p02_0048_0000" 7110
"/Engine/EngineMaterials/Substrate/GLints/dict_16_192_64_0p5_0p02_0047_0015" 7111
"/Engine/EngineMaterials/Substrate/GLints/dict_16_192_64_0p5_0p02_0047_0014" 7112
"/Engine/EngineMaterials/Substrate/GLints/dict_16_192_64_0p5_0p02_0049_0013" 7113
"../../../Engine/Content/EngineMaterials/Substrate/GLints/dict_16_192_64_0p5_0p02_0050_0000.uasset" 7114
"../../../Engine/Content/EngineMaterials/Substrate/GLints/dict_16_192_64_0p5_0p02_0049_0014.uasset" 7115
"/Engine/EngineMaterials/Substrate/GLints/dict_16_192_64_0p5_0p02_0049_0012" 7116
"../../../Engine/Content/EngineMaterials/Substrate/GLints/dict_16_192_64_0p5_0p02_0050_0001.uasset" 7117
"../../../Engine/Content/EngineMaterials/Substrate/GLints/dict_16_192_64_0p5_0p02_0050_0005.uasset" 7118
"../../../Engine/Content/EngineMaterials/Substrate/GLints/dict_16_192_64_0p5_0p02_0050_0002.uasset" 7119
"../../../Engine/Content/EngineMaterials/Substrate/GLints/dict_16_192_64_0p5_0p02_0049_0015.uasset" 7120
"../../../Engine/Content/EngineMaterials/Substrate/GLints/dict_16_192_64_0p5_0p02_0050_0004.uasset" 7121
"../../../Engine/Content/EngineMaterials/Substrate/GLints/dict_16_192_64_0p5_0p02_0050_0006.uasset" 7122
"../../../Engine/Content/EngineMaterials/Substrate/GLints/dict_16_192_64_0p5_0p02_0050_0003.uasset" 7123
"/Engine/EngineMaterials/Substrate/GLints/dict_16_192_64_0p5_0p02_0049_0011" 7124
"../../../Engine/Content/EngineMaterials/Substrate/GLints/dict_16_192_64_0p5_0p02_0050_0007.uasset" 7125
"../../../Engine/Content/EngineMaterials/Substrate/GLints/dict_16_192_64_0p5_0p02_0050_0008.uasset" 7126
"../../../Engine/Content/EngineMaterials/Substrate/GLints/dict_16_192_64_0p5_0p02_0050_0009.uasset" 7127
"../../../Engine/Content/EngineMaterials/Substrate/GLints/dict_16_192_64_0p5_0p02_0050_0010.uasset" 7128
"/Engine/EngineMaterials/Substrate/GLints/dict_16_192_64_0p5_0p02_0049_0010" 7129
"../../../Engine/Content/EngineMaterials/Substrate/GLints/dict_16_192_64_0p5_0p02_0050_0011.uasset" 7130
"../../../Engine/Content/EngineMaterials/Substrate/GLints/dict_16_192_64_0p5_0p02_0050_0012.uasset" 7131
"../../../Engine/Content/EngineMaterials/Substrate/GLints/dict_16_192_64_0p5_0p02_0050_0013.uasset" 7132
"/Engine/EngineMaterials/Substrate/GLints/dict_16_192_64_0p5_0p02_0049_0009" 7133
"/Engine/EngineMaterials/Substrate/GLints/dict_16_192_64_0p5_0p02_0049_0008" 7134
"/Engine/EngineMaterials/Substrate/GLints/dict_16_192_64_0p5_0p02_0049_0007" 7135
"/Engine/EngineMaterials/Substrate/GLints/dict_16_192_64_0p5_0p02_0049_0006" 7136
"/Engine/EngineMaterials/Substrate/GLints/dict_16_192_64_0p5_0p02_0049_0005" 7137
"/Engine/EngineMaterials/Substrate/GLints/dict_16_192_64_0p5_0p02_0049_0004" 7138
"/Engine/EngineMaterials/Substrate/GLints/dict_16_192_64_0p5_0p02_0049_0003" 7139
"/Engine/EngineMaterials/Substrate/GLints/dict_16_192_64_0p5_0p02_0049_0002" 7140
"/Engine/EngineMaterials/Substrate/GLints/dict_16_192_64_0p5_0p02_0049_0001" 7141
"/Engine/EngineMaterials/Substrate/GLints/dict_16_192_64_0p5_0p02_0049_0000" 7142
"/Engine/EngineMaterials/Substrate/GLints/dict_16_192_64_0p5_0p02_0048_0015" 7143
"/Engine/EngineMaterials/Substrate/GLints/dict_16_192_64_0p5_0p02_0048_0014" 7144
"/Engine/EngineMaterials/Substrate/GLints/dict_16_192_64_0p5_0p02_0050_0013" 7145
"../../../Engine/Content/EngineMaterials/Substrate/GLints/dict_16_192_64_0p5_0p02_0050_0014.uasset" 7146
"../../../Engine/Content/EngineMaterials/Substrate/GLints/dict_16_192_64_0p5_0p02_0051_0000.uasset" 7147
"../../../Engine/Content/EngineMaterials/Substrate/GLints/dict_16_192_64_0p5_0p02_0050_0015.uasset" 7148
"../../../Engine/Content/EngineMaterials/Substrate/GLints/dict_16_192_64_0p5_0p02_0051_0002.uasset" 7149
"../../../Engine/Content/EngineMaterials/Substrate/GLints/dict_16_192_64_0p5_0p02_0051_0005.uasset" 7150
"../../../Engine/Content/EngineMaterials/Substrate/GLints/dict_16_192_64_0p5_0p02_0051_0004.uasset" 7151
"/Engine/EngineMaterials/Substrate/GLints/dict_16_192_64_0p5_0p02_0050_0012" 7152
"../../../Engine/Content/EngineMaterials/Substrate/GLints/dict_16_192_64_0p5_0p02_0051_0001.uasset" 7153
"../../../Engine/Content/EngineMaterials/Substrate/GLints/dict_16_192_64_0p5_0p02_0051_0003.uasset" 7154
"../../../Engine/Content/EngineMaterials/Substrate/GLints/dict_16_192_64_0p5_0p02_0051_0007.uasset" 7155
"../../../Engine/Content/EngineMaterials/Substrate/GLints/dict_16_192_64_0p5_0p02_0051_0006.uasset" 7156
"../../../Engine/Content/EngineMaterials/Substrate/GLints/dict_16_192_64_0p5_0p02_0051_0008.uasset" 7157
"/Engine/EngineMaterials/Substrate/GLints/dict_16_192_64_0p5_0p02_0050_0011" 7158
"../../../Engine/Content/EngineMaterials/Substrate/GLints/dict_16_192_64_0p5_0p02_0051_0011.uasset" 7159
"../../../Engine/Content/EngineMaterials/Substrate/GLints/dict_16_192_64_0p5_0p02_0051_0009.uasset" 7160
"../../../Engine/Content/EngineMaterials/Substrate/GLints/dict_16_192_64_0p5_0p02_0051_0010.uasset" 7161
"../../../Engine/Content/EngineMaterials/Substrate/GLints/dict_16_192_64_0p5_0p02_0051_0012.uasset" 7162
"../../../Engine/Content/EngineMaterials/Substrate/GLints/dict_16_192_64_0p5_0p02_0051_0013.uasset" 7163
"/Engine/EngineMaterials/Substrate/GLints/dict_16_192_64_0p5_0p02_0050_0010" 7164
"/Engine/EngineMaterials/Substrate/GLints/dict_16_192_64_0p5_0p02_0050_0009" 7165
"/Engine/EngineMaterials/Substrate/GLints/dict_16_192_64_0p5_0p02_0050_0008" 7166
"/Engine/EngineMaterials/Substrate/GLints/dict_16_192_64_0p5_0p02_0050_0007" 7167
"/Engine/EngineMaterials/Substrate/GLints/dict_16_192_64_0p5_0p02_0050_0006" 7168
"/Engine/EngineMaterials/Substrate/GLints/dict_16_192_64_0p5_0p02_0050_0005" 7169
"/Engine/EngineMaterials/Substrate/GLints/dict_16_192_64_0p5_0p02_0050_0004" 7170
"/Engine/EngineMaterials/Substrate/GLints/dict_16_192_64_0p5_0p02_0050_0003" 7171
"/Engine/EngineMaterials/Substrate/GLints/dict_16_192_64_0p5_0p02_0050_0002" 7172
"/Engine/EngineMaterials/Substrate/GLints/dict_16_192_64_0p5_0p02_0050_0001" 7173
"/Engine/EngineMaterials/Substrate/GLints/dict_16_192_64_0p5_0p02_0050_0000" 7174
"/Engine/EngineMaterials/Substrate/GLints/dict_16_192_64_0p5_0p02_0049_0015" 7175
"/Engine/EngineMaterials/Substrate/GLints/dict_16_192_64_0p5_0p02_0049_0014" 7176
"/Engine/EngineMaterials/Substrate/GLints/dict_16_192_64_0p5_0p02_0051_0013" 7177
"../../../Engine/Content/EngineMaterials/Substrate/GLints/dict_16_192_64_0p5_0p02_0051_0014.uasset" 7178
"../../../Engine/Content/EngineMaterials/Substrate/GLints/dict_16_192_64_0p5_0p02_0052_0004.uasset" 7179
"../../../Engine/Content/EngineMaterials/Substrate/GLints/dict_16_192_64_0p5_0p02_0052_0003.uasset" 7180
"../../../Engine/Content/EngineMaterials/Substrate/GLints/dict_16_192_64_0p5_0p02_0052_0006.uasset" 7181
"../../../Engine/Content/EngineMaterials/Substrate/GLints/dict_16_192_64_0p5_0p02_0051_0015.uasset" 7182
"../../../Engine/Content/EngineMaterials/Substrate/GLints/dict_16_192_64_0p5_0p02_0052_0002.uasset" 7183
"/Engine/EngineMaterials/Substrate/GLints/dict_16_192_64_0p5_0p02_0051_0012" 7184
"../../../Engine/Content/EngineMaterials/Substrate/GLints/dict_16_192_64_0p5_0p02_0052_0001.uasset" 7185
"../../../Engine/Content/EngineMaterials/Substrate/GLints/dict_16_192_64_0p5_0p02_0052_0000.uasset" 7186
"../../../Engine/Content/EngineMaterials/Substrate/GLints/dict_16_192_64_0p5_0p02_0052_0007.uasset" 7187
"../../../Engine/Content/EngineMaterials/Substrate/GLints/dict_16_192_64_0p5_0p02_0052_0005.uasset" 7188
"/Engine/EngineMaterials/Substrate/GLints/dict_16_192_64_0p5_0p02_0051_0011" 7189
"../../../Engine/Content/EngineMaterials/Substrate/GLints/dict_16_192_64_0p5_0p02_0052_0008.uasset" 7190
"../../../Engine/Content/EngineMaterials/Substrate/GLints/dict_16_192_64_0p5_0p02_0052_0009.uasset" 7191
"../../../Engine/Content/EngineMaterials/Substrate/GLints/dict_16_192_64_0p5_0p02_0052_0010.uasset" 7192
"../../../Engine/Content/EngineMaterials/Substrate/GLints/dict_16_192_64_0p5_0p02_0052_0012.uasset" 7193
"../../../Engine/Content/EngineMaterials/Substrate/GLints/dict_16_192_64_0p5_0p02_0052_0011.uasset" 7194
"../../../Engine/Content/EngineMaterials/Substrate/GLints/dict_16_192_64_0p5_0p02_0052_0013.uasset" 7195
"/Engine/EngineMaterials/Substrate/GLints/dict_16_192_64_0p5_0p02_0051_0010" 7196
"/Engine/EngineMaterials/Substrate/GLints/dict_16_192_64_0p5_0p02_0051_0009" 7197
"/Engine/EngineMaterials/Substrate/GLints/dict_16_192_64_0p5_0p02_0051_0008" 7198
"/Engine/EngineMaterials/Substrate/GLints/dict_16_192_64_0p5_0p02_0051_0007" 7199
"/Engine/EngineMaterials/Substrate/GLints/dict_16_192_64_0p5_0p02_0051_0006" 7200
"/Engine/EngineMaterials/Substrate/GLints/dict_16_192_64_0p5_0p02_0051_0005" 7201
"/Engine/EngineMaterials/Substrate/GLints/dict_16_192_64_0p5_0p02_0051_0004" 7202
"/Engine/EngineMaterials/Substrate/GLints/dict_16_192_64_0p5_0p02_0051_0003" 7203
"/Engine/EngineMaterials/Substrate/GLints/dict_16_192_64_0p5_0p02_0051_0002" 7204
"/Engine/EngineMaterials/Substrate/GLints/dict_16_192_64_0p5_0p02_0051_0001" 7205
"/Engine/EngineMaterials/Substrate/GLints/dict_16_192_64_0p5_0p02_0051_0000" 7206
"/Engine/EngineMaterials/Substrate/GLints/dict_16_192_64_0p5_0p02_0050_0015" 7207
"/Engine/EngineMaterials/Substrate/GLints/dict_16_192_64_0p5_0p02_0050_0014" 7208
"../../../Engine/Content/EngineMaterials/Substrate/GLints/dict_16_192_64_0p5_0p02_0052_0015.uasset" 7209
"../../../Engine/Content/EngineMaterials/Substrate/GLints/dict_16_192_64_0p5_0p02_0053_0000.uasset" 7210
"../../../Engine/Content/EngineMaterials/Substrate/GLints/dict_16_192_64_0p5_0p02_0053_0001.uasset" 7211
"../../../Engine/Content/EngineMaterials/Substrate/GLints/dict_16_192_64_0p5_0p02_0052_0014.uasset" 7212
"/Engine/EngineMaterials/Substrate/GLints/dict_16_192_64_0p5_0p02_0052_0013" 7213
"/Engine/EngineMaterials/Substrate/GLints/dict_16_192_64_0p5_0p02_0052_0012" 7214
"../../../Engine/Content/EngineMaterials/Substrate/GLints/dict_16_192_64_0p5_0p02_0053_0003.uasset" 7215
"../../../Engine/Content/EngineMaterials/Substrate/GLints/dict_16_192_64_0p5_0p02_0053_0002.uasset" 7216
"../../../Engine/Content/EngineMaterials/Substrate/GLints/dict_16_192_64_0p5_0p02_0053_0004.uasset" 7217
"/Engine/EngineMaterials/Substrate/GLints/dict_16_192_64_0p5_0p02_0052_0011" 7218
"../../../Engine/Content/EngineMaterials/Substrate/GLints/dict_16_192_64_0p5_0p02_0053_0009.uasset" 7219
"../../../Engine/Content/EngineMaterials/Substrate/GLints/dict_16_192_64_0p5_0p02_0053_0005.uasset" 7220
"/Engine/EngineMaterials/Substrate/GLints/dict_16_192_64_0p5_0p02_0052_0010" 7221
"../../../Engine/Content/EngineMaterials/Substrate/GLints/dict_16_192_64_0p5_0p02_0053_0008.uasset" 7222
"../../../Engine/Content/EngineMaterials/Substrate/GLints/dict_16_192_64_0p5_0p02_0053_0007.uasset" 7223
"../../../Engine/Content/EngineMaterials/Substrate/GLints/dict_16_192_64_0p5_0p02_0053_0010.uasset" 7224
"../../../Engine/Content/EngineMaterials/Substrate/GLints/dict_16_192_64_0p5_0p02_0053_0011.uasset" 7225
"/Engine/EngineMaterials/Substrate/GLints/dict_16_192_64_0p5_0p02_0052_0009" 7226
"../../../Engine/Content/EngineMaterials/Substrate/GLints/dict_16_192_64_0p5_0p02_0053_0006.uasset" 7227
"../../../Engine/Content/EngineMaterials/Substrate/GLints/dict_16_192_64_0p5_0p02_0053_0012.uasset" 7228
"../../../Engine/Content/EngineMaterials/Substrate/GLints/dict_16_192_64_0p5_0p02_0053_0013.uasset" 7229
"/Engine/EngineMaterials/Substrate/GLints/dict_16_192_64_0p5_0p02_0052_0008" 7230
"/Engine/EngineMaterials/Substrate/GLints/dict_16_192_64_0p5_0p02_0052_0007" 7231
"/Engine/EngineMaterials/Substrate/GLints/dict_16_192_64_0p5_0p02_0052_0006" 7232
"/Engine/EngineMaterials/Substrate/GLints/dict_16_192_64_0p5_0p02_0052_0005" 7233
"/Engine/EngineMaterials/Substrate/GLints/dict_16_192_64_0p5_0p02_0052_0004" 7234
"/Engine/EngineMaterials/Substrate/GLints/dict_16_192_64_0p5_0p02_0052_0003" 7235
"/Engine/EngineMaterials/Substrate/GLints/dict_16_192_64_0p5_0p02_0052_0002" 7236
"/Engine/EngineMaterials/Substrate/GLints/dict_16_192_64_0p5_0p02_0052_0001" 7237
"/Engine/EngineMaterials/Substrate/GLints/dict_16_192_64_0p5_0p02_0052_0000" 7238
"/Engine/EngineMaterials/Substrate/GLints/dict_16_192_64_0p5_0p02_0051_0015" 7239
"/Engine/EngineMaterials/Substrate/GLints/dict_16_192_64_0p5_0p02_0051_0014" 7240
"/Engine/EngineMaterials/Substrate/GLints/dict_16_192_64_0p5_0p02_0053_0013" 7241
"../../../Engine/Content/EngineMaterials/Substrate/GLints/dict_16_192_64_0p5_0p02_0054_0001.uasset" 7242
"../../../Engine/Content/EngineMaterials/Substrate/GLints/dict_16_192_64_0p5_0p02_0053_0014.uasset" 7243
"/Engine/EngineMaterials/Substrate/GLints/dict_16_192_64_0p5_0p02_0053_0012" 7244
"../../../Engine/Content/EngineMaterials/Substrate/GLints/dict_16_192_64_0p5_0p02_0054_0000.uasset" 7245
"../../../Engine/Content/EngineMaterials/Substrate/GLints/dict_16_192_64_0p5_0p02_0054_0002.uasset" 7246
"../../../Engine/Content/EngineMaterials/Substrate/GLints/dict_16_192_64_0p5_0p02_0054_0006.uasset" 7247
"../../../Engine/Content/EngineMaterials/Substrate/GLints/dict_16_192_64_0p5_0p02_0054_0004.uasset" 7248
"../../../Engine/Content/EngineMaterials/Substrate/GLints/dict_16_192_64_0p5_0p02_0053_0015.uasset" 7249
"../../../Engine/Content/EngineMaterials/Substrate/GLints/dict_16_192_64_0p5_0p02_0054_0003.uasset" 7250
"../../../Engine/Content/EngineMaterials/Substrate/GLints/dict_16_192_64_0p5_0p02_0054_0007.uasset" 7251
"../../../Engine/Content/EngineMaterials/Substrate/GLints/dict_16_192_64_0p5_0p02_0054_0008.uasset" 7252
"../../../Engine/Content/EngineMaterials/Substrate/GLints/dict_16_192_64_0p5_0p02_0054_0009.uasset" 7253
"/Engine/EngineMaterials/Substrate/GLints/dict_16_192_64_0p5_0p02_0053_0011" 7254
"../../../Engine/Content/EngineMaterials/Substrate/GLints/dict_16_192_64_0p5_0p02_0054_0005.uasset" 7255
"../../../Engine/Content/EngineMaterials/Substrate/GLints/dict_16_192_64_0p5_0p02_0054_0010.uasset" 7256
"../../../Engine/Content/EngineMaterials/Substrate/GLints/dict_16_192_64_0p5_0p02_0054_0011.uasset" 7257
"../../../Engine/Content/EngineMaterials/Substrate/GLints/dict_16_192_64_0p5_0p02_0054_0013.uasset" 7258
"/Engine/EngineMaterials/Substrate/GLints/dict_16_192_64_0p5_0p02_0053_0010" 7259
"../../../Engine/Content/EngineMaterials/Substrate/GLints/dict_16_192_64_0p5_0p02_0054_0012.uasset" 7260
"/Engine/EngineMaterials/Substrate/GLints/dict_16_192_64_0p5_0p02_0053_0009" 7261
"/Engine/EngineMaterials/Substrate/GLints/dict_16_192_64_0p5_0p02_0053_0008" 7262
"/Engine/EngineMaterials/Substrate/GLints/dict_16_192_64_0p5_0p02_0053_0007" 7263
"/Engine/EngineMaterials/Substrate/GLints/dict_16_192_64_0p5_0p02_0053_0006" 7264
"/Engine/EngineMaterials/Substrate/GLints/dict_16_192_64_0p5_0p02_0053_0005" 7265
"/Engine/EngineMaterials/Substrate/GLints/dict_16_192_64_0p5_0p02_0053_0004" 7266
"/Engine/EngineMaterials/Substrate/GLints/dict_16_192_64_0p5_0p02_0053_0003" 7267
"/Engine/EngineMaterials/Substrate/GLints/dict_16_192_64_0p5_0p02_0053_0002" 7268
"/Engine/EngineMaterials/Substrate/GLints/dict_16_192_64_0p5_0p02_0053_0001" 7269
"/Engine/EngineMaterials/Substrate/GLints/dict_16_192_64_0p5_0p02_0053_0000" 7270
"/Engine/EngineMaterials/Substrate/GLints/dict_16_192_64_0p5_0p02_0052_0015" 7271
"/Engine/EngineMaterials/Substrate/GLints/dict_16_192_64_0p5_0p02_0052_0014" 7272
"/Engine/EngineMaterials/Substrate/GLints/dict_16_192_64_0p5_0p02_0054_0013" 7273
"/Engine/EngineMaterials/Substrate/GLints/dict_16_192_64_0p5_0p02_0054_0012" 7274
"../../../Engine/Content/EngineMaterials/Substrate/GLints/dict_16_192_64_0p5_0p02_0054_0015.uasset" 7275
"../../../Engine/Content/EngineMaterials/Substrate/GLints/dict_16_192_64_0p5_0p02_0055_0006.uasset" 7276
"../../../Engine/Content/EngineMaterials/Substrate/GLints/dict_16_192_64_0p5_0p02_0055_0007.uasset" 7277
"../../../Engine/Content/EngineMaterials/Substrate/GLints/dict_16_192_64_0p5_0p02_0055_0000.uasset" 7278
"../../../Engine/Content/EngineMaterials/Substrate/GLints/dict_16_192_64_0p5_0p02_0055_0004.uasset" 7279
"../../../Engine/Content/EngineMaterials/Substrate/GLints/dict_16_192_64_0p5_0p02_0055_0005.uasset" 7280
"../../../Engine/Content/EngineMaterials/Substrate/GLints/dict_16_192_64_0p5_0p02_0055_0003.uasset" 7281
"../../../Engine/Content/EngineMaterials/Substrate/GLints/dict_16_192_64_0p5_0p02_0054_0014.uasset" 7282
"../../../Engine/Content/EngineMaterials/Substrate/GLints/dict_16_192_64_0p5_0p02_0055_0001.uasset" 7283
"../../../Engine/Content/EngineMaterials/Substrate/GLints/dict_16_192_64_0p5_0p02_0055_0002.uasset" 7284
"/Engine/EngineMaterials/Substrate/GLints/dict_16_192_64_0p5_0p02_0054_0011" 7285
"../../../Engine/Content/EngineMaterials/Substrate/GLints/dict_16_192_64_0p5_0p02_0055_0010.uasset" 7286
"/Engine/EngineMaterials/Substrate/GLints/dict_16_192_64_0p5_0p02_0054_0010" 7287
"../../../Engine/Content/EngineMaterials/Substrate/GLints/dict_16_192_64_0p5_0p02_0055_0009.uasset" 7288
"../../../Engine/Content/EngineMaterials/Substrate/GLints/dict_16_192_64_0p5_0p02_0055_0008.uasset" 7289
"/Engine/EngineMaterials/Substrate/GLints/dict_16_192_64_0p5_0p02_0054_0009" 7290
"../../../Engine/Content/EngineMaterials/Substrate/GLints/dict_16_192_64_0p5_0p02_0055_0011.uasset" 7291
"../../../Engine/Content/EngineMaterials/Substrate/GLints/dict_16_192_64_0p5_0p02_0055_0012.uasset" 7292
"../../../Engine/Content/EngineMaterials/Substrate/GLints/dict_16_192_64_0p5_0p02_0055_0013.uasset" 7293
"/Engine/EngineMaterials/Substrate/GLints/dict_16_192_64_0p5_0p02_0054_0008" 7294
"/Engine/EngineMaterials/Substrate/GLints/dict_16_192_64_0p5_0p02_0054_0007" 7295
"/Engine/EngineMaterials/Substrate/GLints/dict_16_192_64_0p5_0p02_0054_0006" 7296
"/Engine/EngineMaterials/Substrate/GLints/dict_16_192_64_0p5_0p02_0054_0005" 7297
"/Engine/EngineMaterials/Substrate/GLints/dict_16_192_64_0p5_0p02_0054_0004" 7298
"/Engine/EngineMaterials/Substrate/GLints/dict_16_192_64_0p5_0p02_0054_0003" 7299
"/Engine/EngineMaterials/Substrate/GLints/dict_16_192_64_0p5_0p02_0054_0002" 7300
"/Engine/EngineMaterials/Substrate/GLints/dict_16_192_64_0p5_0p02_0054_0001" 7301
"/Engine/EngineMaterials/Substrate/GLints/dict_16_192_64_0p5_0p02_0054_0000" 7302
"/Engine/EngineMaterials/Substrate/GLints/dict_16_192_64_0p5_0p02_0053_0015" 7303
"/Engine/EngineMaterials/Substrate/GLints/dict_16_192_64_0p5_0p02_0053_0014" 7304
"/Engine/EngineMaterials/Substrate/GLints/dict_16_192_64_0p5_0p02_0055_0013" 7305
"../../../Engine/Content/EngineMaterials/Substrate/GLints/dict_16_192_64_0p5_0p02_0055_0015.uasset" 7306
"../../../Engine/Content/EngineMaterials/Substrate/GLints/dict_16_192_64_0p5_0p02_0056_0000.uasset" 7307
"../../../Engine/Content/EngineMaterials/Substrate/GLints/dict_16_192_64_0p5_0p02_0056_0002.uasset" 7308
"/Engine/EngineMaterials/Substrate/GLints/dict_16_192_64_0p5_0p02_0055_0012" 7309
"../../../Engine/Content/EngineMaterials/Substrate/GLints/dict_16_192_64_0p5_0p02_0056_0003.uasset" 7310
"../../../Engine/Content/EngineMaterials/Substrate/GLints/dict_16_192_64_0p5_0p02_0056_0004.uasset" 7311
"../../../Engine/Content/EngineMaterials/Substrate/GLints/dict_16_192_64_0p5_0p02_0056_0001.uasset" 7312
"../../../Engine/Content/EngineMaterials/Substrate/GLints/dict_16_192_64_0p5_0p02_0056_0005.uasset" 7313
"../../../Engine/Content/EngineMaterials/Substrate/GLints/dict_16_192_64_0p5_0p02_0055_0014.uasset" 7314
"../../../Engine/Content/EngineMaterials/Substrate/GLints/dict_16_192_64_0p5_0p02_0056_0007.uasset" 7315
"../../../Engine/Content/EngineMaterials/Substrate/GLints/dict_16_192_64_0p5_0p02_0056_0006.uasset" 7316
"/Engine/EngineMaterials/Substrate/GLints/dict_16_192_64_0p5_0p02_0055_0011" 7317
"../../../Engine/Content/EngineMaterials/Substrate/GLints/dict_16_192_64_0p5_0p02_0056_0008.uasset" 7318
"/Engine/EngineMaterials/Substrate/GLints/dict_16_192_64_0p5_0p02_0055_0010" 7319
"../../../Engine/Content/EngineMaterials/Substrate/GLints/dict_16_192_64_0p5_0p02_0056_0009.uasset" 7320
"../../../Engine/Content/EngineMaterials/Substrate/GLints/dict_16_192_64_0p5_0p02_0056_0011.uasset" 7321
"../../../Engine/Content/EngineMaterials/Substrate/GLints/dict_16_192_64_0p5_0p02_0056_0010.uasset" 7322
"/Engine/EngineMaterials/Substrate/GLints/dict_16_192_64_0p5_0p02_0055_0009" 7323
"../../../Engine/Content/EngineMaterials/Substrate/GLints/dict_16_192_64_0p5_0p02_0056_0012.uasset" 7324
"/Engine/EngineMaterials/Substrate/GLints/dict_16_192_64_0p5_0p02_0055_0008" 7325
"../../../Engine/Content/EngineMaterials/Substrate/GLints/dict_16_192_64_0p5_0p02_0056_0013.uasset" 7326
"/Engine/EngineMaterials/Substrate/GLints/dict_16_192_64_0p5_0p02_0055_0007" 7327
"/Engine/EngineMaterials/Substrate/GLints/dict_16_192_64_0p5_0p02_0055_0006" 7328
"/Engine/EngineMaterials/Substrate/GLints/dict_16_192_64_0p5_0p02_0055_0005" 7329
"/Engine/EngineMaterials/Substrate/GLints/dict_16_192_64_0p5_0p02_0055_0004" 7330
"/Engine/EngineMaterials/Substrate/GLints/dict_16_192_64_0p5_0p02_0055_0003" 7331
"/Engine/EngineMaterials/Substrate/GLints/dict_16_192_64_0p5_0p02_0055_0002" 7332
"/Engine/EngineMaterials/Substrate/GLints/dict_16_192_64_0p5_0p02_0055_0001" 7333
"/Engine/EngineMaterials/Substrate/GLints/dict_16_192_64_0p5_0p02_0055_0000" 7334
"/Engine/EngineMaterials/Substrate/GLints/dict_16_192_64_0p5_0p02_0054_0015" 7335
"/Engine/EngineMaterials/Substrate/GLints/dict_16_192_64_0p5_0p02_0054_0014" 7336
"/Engine/EngineMaterials/Substrate/GLints/dict_16_192_64_0p5_0p02_0056_0013" 7337
"../../../Engine/Content/EngineMaterials/Substrate/GLints/dict_16_192_64_0p5_0p02_0057_0000.uasset" 7338
"../../../Engine/Content/EngineMaterials/Substrate/GLints/dict_16_192_64_0p5_0p02_0056_0014.uasset" 7339
"/Engine/EngineMaterials/Substrate/GLints/dict_16_192_64_0p5_0p02_0056_0012" 7340
"../../../Engine/Content/EngineMaterials/Substrate/GLints/dict_16_192_64_0p5_0p02_0057_0002.uasset" 7341
"../../../Engine/Content/EngineMaterials/Substrate/GLints/dict_16_192_64_0p5_0p02_0057_0005.uasset" 7342
"../../../Engine/Content/EngineMaterials/Substrate/GLints/dict_16_192_64_0p5_0p02_0057_0006.uasset" 7343
"../../../Engine/Content/EngineMaterials/Substrate/GLints/dict_16_192_64_0p5_0p02_0057_0007.uasset" 7344
"../../../Engine/Content/EngineMaterials/Substrate/GLints/dict_16_192_64_0p5_0p02_0056_0015.uasset" 7345
"../../../Engine/Content/EngineMaterials/Substrate/GLints/dict_16_192_64_0p5_0p02_0057_0003.uasset" 7346
"../../../Engine/Content/EngineMaterials/Substrate/GLints/dict_16_192_64_0p5_0p02_0057_0004.uasset" 7347
"../../../Engine/Content/EngineMaterials/Substrate/GLints/dict_16_192_64_0p5_0p02_0057_0001.uasset" 7348
"/Engine/EngineMaterials/Substrate/GLints/dict_16_192_64_0p5_0p02_0056_0011" 7349
"/Engine/EngineMaterials/Substrate/GLints/dict_16_192_64_0p5_0p02_0056_0010" 7350
"../../../Engine/Content/EngineMaterials/Substrate/GLints/dict_16_192_64_0p5_0p02_0057_0008.uasset" 7351
"../../../Engine/Content/EngineMaterials/Substrate/GLints/dict_16_192_64_0p5_0p02_0057_0009.uasset" 7352
"../../../Engine/Content/EngineMaterials/Substrate/GLints/dict_16_192_64_0p5_0p02_0057_0013.uasset" 7353
"../../../Engine/Content/EngineMaterials/Substrate/GLints/dict_16_192_64_0p5_0p02_0057_0011.uasset" 7354
"../../../Engine/Content/EngineMaterials/Substrate/GLints/dict_16_192_64_0p5_0p02_0057_0010.uasset" 7355
"../../../Engine/Content/EngineMaterials/Substrate/GLints/dict_16_192_64_0p5_0p02_0057_0012.uasset" 7356
"/Engine/EngineMaterials/Substrate/GLints/dict_16_192_64_0p5_0p02_0056_0009" 7357
"/Engine/EngineMaterials/Substrate/GLints/dict_16_192_64_0p5_0p02_0056_0008" 7358
"/Engine/EngineMaterials/Substrate/GLints/dict_16_192_64_0p5_0p02_0056_0007" 7359
"/Engine/EngineMaterials/Substrate/GLints/dict_16_192_64_0p5_0p02_0056_0006" 7360
"/Engine/EngineMaterials/Substrate/GLints/dict_16_192_64_0p5_0p02_0056_0005" 7361
"/Engine/EngineMaterials/Substrate/GLints/dict_16_192_64_0p5_0p02_0056_0004" 7362
"/Engine/EngineMaterials/Substrate/GLints/dict_16_192_64_0p5_0p02_0056_0003" 7363
"/Engine/EngineMaterials/Substrate/GLints/dict_16_192_64_0p5_0p02_0056_0002" 7364
"/Engine/EngineMaterials/Substrate/GLints/dict_16_192_64_0p5_0p02_0056_0001" 7365
"/Engine/EngineMaterials/Substrate/GLints/dict_16_192_64_0p5_0p02_0056_0000" 7366
"/Engine/EngineMaterials/Substrate/GLints/dict_16_192_64_0p5_0p02_0055_0015" 7367
"/Engine/EngineMaterials/Substrate/GLints/dict_16_192_64_0p5_0p02_0055_0014" 7368
"/Engine/EngineMaterials/Substrate/GLints/dict_16_192_64_0p5_0p02_0057_0013" 7369
"../../../Engine/Content/EngineMaterials/Substrate/GLints/dict_16_192_64_0p5_0p02_0058_0000.uasset" 7370
"../../../Engine/Content/EngineMaterials/Substrate/GLints/dict_16_192_64_0p5_0p02_0058_0002.uasset" 7371
"/Engine/EngineMaterials/Substrate/GLints/dict_16_192_64_0p5_0p02_0057_0012" 7372
"../../../Engine/Content/EngineMaterials/Substrate/GLints/dict_16_192_64_0p5_0p02_0058_0001.uasset" 7373
"../../../Engine/Content/EngineMaterials/Substrate/GLints/dict_16_192_64_0p5_0p02_0057_0015.uasset" 7374
"../../../Engine/Content/EngineMaterials/Substrate/GLints/dict_16_192_64_0p5_0p02_0058_0004.uasset" 7375
"../../../Engine/Content/EngineMaterials/Substrate/GLints/dict_16_192_64_0p5_0p02_0058_0007.uasset" 7376
"../../../Engine/Content/EngineMaterials/Substrate/GLints/dict_16_192_64_0p5_0p02_0058_0006.uasset" 7377
"../../../Engine/Content/EngineMaterials/Substrate/GLints/dict_16_192_64_0p5_0p02_0057_0014.uasset" 7378
"../../../Engine/Content/EngineMaterials/Substrate/GLints/dict_16_192_64_0p5_0p02_0058_0005.uasset" 7379
"../../../Engine/Content/EngineMaterials/Substrate/GLints/dict_16_192_64_0p5_0p02_0058_0003.uasset" 7380
"/Engine/EngineMaterials/Substrate/GLints/dict_16_192_64_0p5_0p02_0057_0011" 7381
"../../../Engine/Content/EngineMaterials/Substrate/GLints/dict_16_192_64_0p5_0p02_0058_0009.uasset" 7382
"/Engine/EngineMaterials/Substrate/GLints/dict_16_192_64_0p5_0p02_0057_0010" 7383
"../../../Engine/Content/EngineMaterials/Substrate/GLints/dict_16_192_64_0p5_0p02_0058_0008.uasset" 7384
"../../../Engine/Content/EngineMaterials/Substrate/GLints/dict_16_192_64_0p5_0p02_0058_0010.uasset" 7385
"../../../Engine/Content/EngineMaterials/Substrate/GLints/dict_16_192_64_0p5_0p02_0058_0012.uasset" 7386
"../../../Engine/Content/EngineMaterials/Substrate/GLints/dict_16_192_64_0p5_0p02_0058_0011.uasset" 7387
"../../../Engine/Content/EngineMaterials/Substrate/GLints/dict_16_192_64_0p5_0p02_0058_0013.uasset" 7388
"/Engine/EngineMaterials/Substrate/GLints/dict_16_192_64_0p5_0p02_0057_0009" 7389
"/Engine/EngineMaterials/Substrate/GLints/dict_16_192_64_0p5_0p02_0057_0008" 7390
"/Engine/EngineMaterials/Substrate/GLints/dict_16_192_64_0p5_0p02_0057_0007" 7391
"/Engine/EngineMaterials/Substrate/GLints/dict_16_192_64_0p5_0p02_0057_0006" 7392
"/Engine/EngineMaterials/Substrate/GLints/dict_16_192_64_0p5_0p02_0057_0005" 7393
"/Engine/EngineMaterials/Substrate/GLints/dict_16_192_64_0p5_0p02_0057_0004" 7394
"/Engine/EngineMaterials/Substrate/GLints/dict_16_192_64_0p5_0p02_0057_0003" 7395
"/Engine/EngineMaterials/Substrate/GLints/dict_16_192_64_0p5_0p02_0057_0002" 7396
"/Engine/EngineMaterials/Substrate/GLints/dict_16_192_64_0p5_0p02_0057_0001" 7397
"/Engine/EngineMaterials/Substrate/GLints/dict_16_192_64_0p5_0p02_0057_0000" 7398
"/Engine/EngineMaterials/Substrate/GLints/dict_16_192_64_0p5_0p02_0056_0015" 7399
"/Engine/EngineMaterials/Substrate/GLints/dict_16_192_64_0p5_0p02_0056_0014" 7400
"/Engine/EngineMaterials/Substrate/GLints/dict_16_192_64_0p5_0p02_0058_0013" 7401
"/Engine/EngineMaterials/Substrate/GLints/dict_16_192_64_0p5_0p02_0058_0012" 7402
"/Engine/EngineMaterials/Substrate/GLints/dict_16_192_64_0p5_0p02_0058_0011" 7403
"../../../Engine/Content/EngineMaterials/Substrate/GLints/dict_16_192_64_0p5_0p02_0058_0014.uasset" 7404
"../../../Engine/Content/EngineMaterials/Substrate/GLints/dict_16_192_64_0p5_0p02_0058_0015.uasset" 7405
"../../../Engine/Content/EngineMaterials/Substrate/GLints/dict_16_192_64_0p5_0p02_0059_0000.uasset" 7406
"../../../Engine/Content/EngineMaterials/Substrate/GLints/dict_16_192_64_0p5_0p02_0059_0002.uasset" 7407
"../../../Engine/Content/EngineMaterials/Substrate/GLints/dict_16_192_64_0p5_0p02_0059_0003.uasset" 7408
"../../../Engine/Content/EngineMaterials/Substrate/GLints/dict_16_192_64_0p5_0p02_0059_0004.uasset" 7409
"../../../Engine/Content/EngineMaterials/Substrate/GLints/dict_16_192_64_0p5_0p02_0059_0007.uasset" 7410
"../../../Engine/Content/EngineMaterials/Substrate/GLints/dict_16_192_64_0p5_0p02_0059_0006.uasset" 7411
"../../../Engine/Content/EngineMaterials/Substrate/GLints/dict_16_192_64_0p5_0p02_0059_0001.uasset" 7412
"../../../Engine/Content/EngineMaterials/Substrate/GLints/dict_16_192_64_0p5_0p02_0059_0005.uasset" 7413
"/Engine/EngineMaterials/Substrate/GLints/dict_16_192_64_0p5_0p02_0058_0010" 7414
"../../../Engine/Content/EngineMaterials/Substrate/GLints/dict_16_192_64_0p5_0p02_0059_0008.uasset" 7415
"../../../Engine/Content/EngineMaterials/Substrate/GLints/dict_16_192_64_0p5_0p02_0059_0009.uasset" 7416
"../../../Engine/Content/EngineMaterials/Substrate/GLints/dict_16_192_64_0p5_0p02_0059_0011.uasset" 7417
"../../../Engine/Content/EngineMaterials/Substrate/GLints/dict_16_192_64_0p5_0p02_0059_0010.uasset" 7418
"../../../Engine/Content/EngineMaterials/Substrate/GLints/dict_16_192_64_0p5_0p02_0059_0013.uasset" 7419
"/Engine/EngineMaterials/Substrate/GLints/dict_16_192_64_0p5_0p02_0058_0009" 7420
"../../../Engine/Content/EngineMaterials/Substrate/GLints/dict_16_192_64_0p5_0p02_0059_0012.uasset" 7421
"/Engine/EngineMaterials/Substrate/GLints/dict_16_192_64_0p5_0p02_0058_0008" 7422
"/Engine/EngineMaterials/Substrate/GLints/dict_16_192_64_0p5_0p02_0058_0007" 7423
"/Engine/EngineMaterials/Substrate/GLints/dict_16_192_64_0p5_0p02_0058_0006" 7424
"/Engine/EngineMaterials/Substrate/GLints/dict_16_192_64_0p5_0p02_0058_0005" 7425
"/Engine/EngineMaterials/Substrate/GLints/dict_16_192_64_0p5_0p02_0058_0004" 7426
"/Engine/EngineMaterials/Substrate/GLints/dict_16_192_64_0p5_0p02_0058_0003" 7427
"/Engine/EngineMaterials/Substrate/GLints/dict_16_192_64_0p5_0p02_0058_0002" 7428
"/Engine/EngineMaterials/Substrate/GLints/dict_16_192_64_0p5_0p02_0058_0001" 7429
"/Engine/EngineMaterials/Substrate/GLints/dict_16_192_64_0p5_0p02_0058_0000" 7430
"/Engine/EngineMaterials/Substrate/GLints/dict_16_192_64_0p5_0p02_0057_0015" 7431
"/Engine/EngineMaterials/Substrate/GLints/dict_16_192_64_0p5_0p02_0057_0014" 7432
"/Engine/EngineMaterials/Substrate/GLints/dict_16_192_64_0p5_0p02_0059_0013" 7433
"../../../Engine/Content/EngineMaterials/Substrate/GLints/dict_16_192_64_0p5_0p02_0059_0015.uasset" 7434
"../../../Engine/Content/EngineMaterials/Substrate/GLints/dict_16_192_64_0p5_0p02_0059_0014.uasset" 7435
"../../../Engine/Content/EngineMaterials/Substrate/GLints/dict_16_192_64_0p5_0p02_0060_0002.uasset" 7436
"../../../Engine/Content/EngineMaterials/Substrate/GLints/dict_16_192_64_0p5_0p02_0060_0001.uasset" 7437
"../../../Engine/Content/EngineMaterials/Substrate/GLints/dict_16_192_64_0p5_0p02_0060_0007.uasset" 7438
"../../../Engine/Content/EngineMaterials/Substrate/GLints/dict_16_192_64_0p5_0p02_0060_0006.uasset" 7439
"../../../Engine/Content/EngineMaterials/Substrate/GLints/dict_16_192_64_0p5_0p02_0060_0005.uasset" 7440
"../../../Engine/Content/EngineMaterials/Substrate/GLints/dict_16_192_64_0p5_0p02_0060_0003.uasset" 7441
"../../../Engine/Content/EngineMaterials/Substrate/GLints/dict_16_192_64_0p5_0p02_0060_0000.uasset" 7442
"../../../Engine/Content/EngineMaterials/Substrate/GLints/dict_16_192_64_0p5_0p02_0060_0004.uasset" 7443
"/Engine/EngineMaterials/Substrate/GLints/dict_16_192_64_0p5_0p02_0059_0012" 7444
"../../../Engine/Content/EngineMaterials/Substrate/GLints/dict_16_192_64_0p5_0p02_0060_0010.uasset" 7445
"/Engine/EngineMaterials/Substrate/GLints/dict_16_192_64_0p5_0p02_0059_0011" 7446
"../../../Engine/Content/EngineMaterials/Substrate/GLints/dict_16_192_64_0p5_0p02_0060_0009.uasset" 7447
"../../../Engine/Content/EngineMaterials/Substrate/GLints/dict_16_192_64_0p5_0p02_0060_0008.uasset" 7448
"../../../Engine/Content/EngineMaterials/Substrate/GLints/dict_16_192_64_0p5_0p02_0060_0013.uasset" 7449
"../../../Engine/Content/EngineMaterials/Substrate/GLints/dict_16_192_64_0p5_0p02_0060_0011.uasset" 7450
"../../../Engine/Content/EngineMaterials/Substrate/GLints/dict_16_192_64_0p5_0p02_0060_0012.uasset" 7451
"/Engine/EngineMaterials/Substrate/GLints/dict_16_192_64_0p5_0p02_0059_0010" 7452
"/Engine/EngineMaterials/Substrate/GLints/dict_16_192_64_0p5_0p02_0059_0009" 7453
"/Engine/EngineMaterials/Substrate/GLints/dict_16_192_64_0p5_0p02_0059_0008" 7454
"/Engine/EngineMaterials/Substrate/GLints/dict_16_192_64_0p5_0p02_0059_0007" 7455
"/Engine/EngineMaterials/Substrate/GLints/dict_16_192_64_0p5_0p02_0059_0006" 7456
"/Engine/EngineMaterials/Substrate/GLints/dict_16_192_64_0p5_0p02_0059_0005" 7457
"/Engine/EngineMaterials/Substrate/GLints/dict_16_192_64_0p5_0p02_0059_0004" 7458
"/Engine/EngineMaterials/Substrate/GLints/dict_16_192_64_0p5_0p02_0059_0003" 7459
"/Engine/EngineMaterials/Substrate/GLints/dict_16_192_64_0p5_0p02_0059_0002" 7460
"/Engine/EngineMaterials/Substrate/GLints/dict_16_192_64_0p5_0p02_0059_0001" 7461
"/Engine/EngineMaterials/Substrate/GLints/dict_16_192_64_0p5_0p02_0059_0000" 7462
"/Engine/EngineMaterials/Substrate/GLints/dict_16_192_64_0p5_0p02_0058_0015" 7463
"/Engine/EngineMaterials/Substrate/GLints/dict_16_192_64_0p5_0p02_0058_0014" 7464
"/Engine/EngineMaterials/Substrate/GLints/dict_16_192_64_0p5_0p02_0060_0013" 7465
"../../../Engine/Content/EngineMaterials/Substrate/GLints/dict_16_192_64_0p5_0p02_0061_0002.uasset" 7466
"../../../Engine/Content/EngineMaterials/Substrate/GLints/dict_16_192_64_0p5_0p02_0061_0000.uasset" 7467
"../../../Engine/Content/EngineMaterials/Substrate/GLints/dict_16_192_64_0p5_0p02_0061_0003.uasset" 7468
"../../../Engine/Content/EngineMaterials/Substrate/GLints/dict_16_192_64_0p5_0p02_0060_0015.uasset" 7469
"../../../Engine/Content/EngineMaterials/Substrate/GLints/dict_16_192_64_0p5_0p02_0061_0004.uasset" 7470
"../../../Engine/Content/EngineMaterials/Substrate/GLints/dict_16_192_64_0p5_0p02_0061_0007.uasset" 7471
"../../../Engine/Content/EngineMaterials/Substrate/GLints/dict_16_192_64_0p5_0p02_0061_0005.uasset" 7472
"../../../Engine/Content/EngineMaterials/Substrate/GLints/dict_16_192_64_0p5_0p02_0061_0006.uasset" 7473
"../../../Engine/Content/EngineMaterials/Substrate/GLints/dict_16_192_64_0p5_0p02_0060_0014.uasset" 7474
"/Engine/EngineMaterials/Substrate/GLints/dict_16_192_64_0p5_0p02_0060_0012" 7475
"../../../Engine/Content/EngineMaterials/Substrate/GLints/dict_16_192_64_0p5_0p02_0061_0001.uasset" 7476
"/Engine/EngineMaterials/Substrate/GLints/dict_16_192_64_0p5_0p02_0060_0011" 7477
"../../../Engine/Content/EngineMaterials/Substrate/GLints/dict_16_192_64_0p5_0p02_0061_0010.uasset" 7478
"/Engine/EngineMaterials/Substrate/GLints/dict_16_192_64_0p5_0p02_0060_0010" 7479
"../../../Engine/Content/EngineMaterials/Substrate/GLints/dict_16_192_64_0p5_0p02_0061_0008.uasset" 7480
"../../../Engine/Content/EngineMaterials/Substrate/GLints/dict_16_192_64_0p5_0p02_0061_0009.uasset" 7481
"../../../Engine/Content/EngineMaterials/Substrate/GLints/dict_16_192_64_0p5_0p02_0061_0012.uasset" 7482
"../../../Engine/Content/EngineMaterials/Substrate/GLints/dict_16_192_64_0p5_0p02_0061_0013.uasset" 7483
"../../../Engine/Content/EngineMaterials/Substrate/GLints/dict_16_192_64_0p5_0p02_0061_0011.uasset" 7484
"/Engine/EngineMaterials/Substrate/GLints/dict_16_192_64_0p5_0p02_0060_0009" 7485
"/Engine/EngineMaterials/Substrate/GLints/dict_16_192_64_0p5_0p02_0060_0008" 7486
"/Engine/EngineMaterials/Substrate/GLints/dict_16_192_64_0p5_0p02_0060_0007" 7487
"/Engine/EngineMaterials/Substrate/GLints/dict_16_192_64_0p5_0p02_0060_0006" 7488
"/Engine/EngineMaterials/Substrate/GLints/dict_16_192_64_0p5_0p02_0060_0005" 7489
"/Engine/EngineMaterials/Substrate/GLints/dict_16_192_64_0p5_0p02_0060_0004" 7490
"/Engine/EngineMaterials/Substrate/GLints/dict_16_192_64_0p5_0p02_0060_0003" 7491
"/Engine/EngineMaterials/Substrate/GLints/dict_16_192_64_0p5_0p02_0060_0002" 7492
"/Engine/EngineMaterials/Substrate/GLints/dict_16_192_64_0p5_0p02_0060_0001" 7493
"/Engine/EngineMaterials/Substrate/GLints/dict_16_192_64_0p5_0p02_0060_0000" 7494
"/Engine/EngineMaterials/Substrate/GLints/dict_16_192_64_0p5_0p02_0059_0015" 7495
"/Engine/EngineMaterials/Substrate/GLints/dict_16_192_64_0p5_0p02_0059_0014" 7496
"/Engine/EngineMaterials/Substrate/GLints/dict_16_192_64_0p5_0p02_0061_0013" 7497
"../../../Engine/Content/EngineMaterials/Substrate/GLints/dict_16_192_64_0p5_0p02_0061_0014.uasset" 7498
"../../../Engine/Content/EngineMaterials/Substrate/GLints/dict_16_192_64_0p5_0p02_0061_0015.uasset" 7499
"../../../Engine/Content/EngineMaterials/Substrate/GLints/dict_16_192_64_0p5_0p02_0062_0003.uasset" 7500
"../../../Engine/Content/EngineMaterials/Substrate/GLints/dict_16_192_64_0p5_0p02_0062_0000.uasset" 7501
"../../../Engine/Content/EngineMaterials/Substrate/GLints/dict_16_192_64_0p5_0p02_0062_0006.uasset" 7502
"/Engine/EngineMaterials/Substrate/GLints/dict_16_192_64_0p5_0p02_0061_0012" 7503
"../../../Engine/Content/EngineMaterials/Substrate/GLints/dict_16_192_64_0p5_0p02_0062_0004.uasset" 7504
"../../../Engine/Content/EngineMaterials/Substrate/GLints/dict_16_192_64_0p5_0p02_0062_0002.uasset" 7505
"../../../Engine/Content/EngineMaterials/Substrate/GLints/dict_16_192_64_0p5_0p02_0062_0001.uasset" 7506
"../../../Engine/Content/EngineMaterials/Substrate/GLints/dict_16_192_64_0p5_0p02_0062_0007.uasset" 7507
"../../../Engine/Content/EngineMaterials/Substrate/GLints/dict_16_192_64_0p5_0p02_0062_0005.uasset" 7508
"/Engine/EngineMaterials/Substrate/GLints/dict_16_192_64_0p5_0p02_0061_0011" 7509
"../../../Engine/Content/EngineMaterials/Substrate/GLints/dict_16_192_64_0p5_0p02_0062_0008.uasset" 7510
"../../../Engine/Content/EngineMaterials/Substrate/GLints/dict_16_192_64_0p5_0p02_0062_0010.uasset" 7511
"../../../Engine/Content/EngineMaterials/Substrate/GLints/dict_16_192_64_0p5_0p02_0062_0011.uasset" 7512
"../../../Engine/Content/EngineMaterials/Substrate/GLints/dict_16_192_64_0p5_0p02_0062_0009.uasset" 7513
"/Engine/EngineMaterials/Substrate/GLints/dict_16_192_64_0p5_0p02_0061_0010" 7514
"../../../Engine/Content/EngineMaterials/Substrate/GLints/dict_16_192_64_0p5_0p02_0062_0013.uasset" 7515
"/Engine/EngineMaterials/Substrate/GLints/dict_16_192_64_0p5_0p02_0061_0009" 7516
"../../../Engine/Content/EngineMaterials/Substrate/GLints/dict_16_192_64_0p5_0p02_0062_0012.uasset" 7517
"/Engine/EngineMaterials/Substrate/GLints/dict_16_192_64_0p5_0p02_0061_0008" 7518
"/Engine/EngineMaterials/Substrate/GLints/dict_16_192_64_0p5_0p02_0061_0007" 7519
"/Engine/EngineMaterials/Substrate/GLints/dict_16_192_64_0p5_0p02_0061_0006" 7520
"/Engine/EngineMaterials/Substrate/GLints/dict_16_192_64_0p5_0p02_0061_0005" 7521
"/Engine/EngineMaterials/Substrate/GLints/dict_16_192_64_0p5_0p02_0061_0004" 7522
"/Engine/EngineMaterials/Substrate/GLints/dict_16_192_64_0p5_0p02_0061_0003" 7523
"/Engine/EngineMaterials/Substrate/GLints/dict_16_192_64_0p5_0p02_0061_0002" 7524
"/Engine/EngineMaterials/Substrate/GLints/dict_16_192_64_0p5_0p02_0061_0001" 7525
"/Engine/EngineMaterials/Substrate/GLints/dict_16_192_64_0p5_0p02_0061_0000" 7526
"/Engine/EngineMaterials/Substrate/GLints/dict_16_192_64_0p5_0p02_0060_0015" 7527
"/Engine/EngineMaterials/Substrate/GLints/dict_16_192_64_0p5_0p02_0060_0014" 7528
"/Engine/EngineMaterials/Substrate/GLints/dict_16_192_64_0p5_0p02_0062_0013" 7529
"../../../Engine/Content/EngineMaterials/Substrate/GLints/dict_16_192_64_0p5_0p02_0063_0003.uasset" 7530
"../../../Engine/Content/EngineMaterials/Substrate/GLints/dict_16_192_64_0p5_0p02_0062_0014.uasset" 7531
"../../../Engine/Content/EngineMaterials/Substrate/GLints/dict_16_192_64_0p5_0p02_0063_0001.uasset" 7532
"../../../Engine/Content/EngineMaterials/Substrate/GLints/dict_16_192_64_0p5_0p02_0062_0015.uasset" 7533
"../../../Engine/Content/EngineMaterials/Substrate/GLints/dict_16_192_64_0p5_0p02_0063_0002.uasset" 7534
"../../../Engine/Content/EngineMaterials/Substrate/GLints/dict_16_192_64_0p5_0p02_0063_0005.uasset" 7535
"/Engine/EngineMaterials/Substrate/GLints/dict_16_192_64_0p5_0p02_0062_0012" 7536
"../../../Engine/Content/EngineMaterials/Substrate/GLints/dict_16_192_64_0p5_0p02_0063_0007.uasset" 7537
"../../../Engine/Content/EngineMaterials/Substrate/GLints/dict_16_192_64_0p5_0p02_0063_0004.uasset" 7538
"../../../Engine/Content/EngineMaterials/Substrate/GLints/dict_16_192_64_0p5_0p02_0063_0006.uasset" 7539
"../../../Engine/Content/EngineMaterials/Substrate/GLints/dict_16_192_64_0p5_0p02_0063_0000.uasset" 7540
"../../../Engine/Content/EngineMaterials/Substrate/GLints/dict_16_192_64_0p5_0p02_0063_0008.uasset" 7541
"../../../Engine/Content/EngineMaterials/Substrate/GLints/dict_16_192_64_0p5_0p02_0063_0009.uasset" 7542
"../../../Engine/Content/EngineMaterials/Substrate/GLints/dict_16_192_64_0p5_0p02_0063_0010.uasset" 7543
"/Engine/EngineMaterials/Substrate/GLints/dict_16_192_64_0p5_0p02_0062_0011" 7544
"../../../Engine/Content/EngineMaterials/Substrate/GLints/dict_16_192_64_0p5_0p02_0063_0011.uasset" 7545
"../../../Engine/Content/EngineMaterials/Substrate/GLints/dict_16_192_64_0p5_0p02_0063_0012.uasset" 7546
"../../../Engine/Content/EngineMaterials/Substrate/GLints/dict_16_192_64_0p5_0p02_0063_0013.uasset" 7547
"/Engine/EngineMaterials/Substrate/GLints/dict_16_192_64_0p5_0p02_0062_0010" 7548
"/Engine/EngineMaterials/Substrate/GLints/dict_16_192_64_0p5_0p02_0062_0009" 7549
"/Engine/EngineMaterials/Substrate/GLints/dict_16_192_64_0p5_0p02_0062_0008" 7550
"/Engine/EngineMaterials/Substrate/GLints/dict_16_192_64_0p5_0p02_0062_0007" 7551
"/Engine/EngineMaterials/Substrate/GLints/dict_16_192_64_0p5_0p02_0062_0006" 7552
"/Engine/EngineMaterials/Substrate/GLints/dict_16_192_64_0p5_0p02_0062_0005" 7553
"/Engine/EngineMaterials/Substrate/GLints/dict_16_192_64_0p5_0p02_0062_0004" 7554
"/Engine/EngineMaterials/Substrate/GLints/dict_16_192_64_0p5_0p02_0062_0003" 7555
"/Engine/EngineMaterials/Substrate/GLints/dict_16_192_64_0p5_0p02_0062_0002" 7556
"/Engine/EngineMaterials/Substrate/GLints/dict_16_192_64_0p5_0p02_0062_0001" 7557
"/Engine/EngineMaterials/Substrate/GLints/dict_16_192_64_0p5_0p02_0062_0000" 7558
"/Engine/EngineMaterials/Substrate/GLints/dict_16_192_64_0p5_0p02_0061_0015" 7559
"/Engine/EngineMaterials/Substrate/GLints/dict_16_192_64_0p5_0p02_0061_0014" 7560
"../../../Engine/Content/EngineMaterials/Substrate/GLints/dict_16_192_64_0p5_0p02_0063_0015.uasset" 7561
"../../../Engine/Content/EngineMaterials/Substrate/GLints/dict_16_192_64_0p5_0p02_0063_0014.uasset" 7562
"/Engine/EngineMaterials/Substrate/GLints/dict_16_192_64_0p5_0p02_0063_0013" 7563
"../../../Engine/Content/EngineMaterials/Substrate/GLints/AGlintTex2dArray.uasset" 7564
"../../../Engine/Content/EngineMaterials/Substrate/Glints2/dict_0000_0000.uasset" 7565
"../../../Engine/Content/EngineMaterials/Substrate/Glints2/dict_0000_0002.uasset" 7566
"../../../Engine/Content/EngineMaterials/Substrate/Glints2/dict_0000_0001.uasset" 7567
"../../../Engine/Content/EngineMaterials/Substrate/Glints2/dict_0000_0005.uasset" 7568
"../../../Engine/Content/EngineMaterials/Substrate/Glints2/dict_0000_0003.uasset" 7569
"../../../Engine/Content/EngineMaterials/Substrate/Glints2/dict_0000_0006.uasset" 7570
"../../../Engine/Content/EngineMaterials/Substrate/Glints2/dict_0000_0004.uasset" 7571
"/Engine/EngineMaterials/Substrate/GLints/dict_16_192_64_0p5_0p02_0063_0012" 7572
"../../../Engine/Content/EngineMaterials/Substrate/Glints2/dict_0000_0007.uasset" 7573
"../../../Engine/Content/EngineMaterials/Substrate/Glints2/dict_0000_0008.uasset" 7574
"/Engine/EngineMaterials/Substrate/GLints/dict_16_192_64_0p5_0p02_0063_0011" 7575
"/Engine/EngineMaterials/Substrate/GLints/dict_16_192_64_0p5_0p02_0063_0010" 7576
"/Engine/EngineMaterials/Substrate/GLints/dict_16_192_64_0p5_0p02_0063_0009" 7577
"../../../Engine/Content/EngineMaterials/Substrate/Glints2/dict_0000_0010.uasset" 7578
"../../../Engine/Content/EngineMaterials/Substrate/Glints2/dict_0000_0012.uasset" 7579
"../../../Engine/Content/EngineMaterials/Substrate/Glints2/dict_0000_0011.uasset" 7580
"../../../Engine/Content/EngineMaterials/Substrate/Glints2/dict_0000_0009.uasset" 7581
"/Engine/EngineMaterials/Substrate/GLints/dict_16_192_64_0p5_0p02_0063_0008" 7582
"/Engine/EngineMaterials/Substrate/GLints/dict_16_192_64_0p5_0p02_0063_0007" 7583
"/Engine/EngineMaterials/Substrate/GLints/dict_16_192_64_0p5_0p02_0063_0006" 7584
"/Engine/EngineMaterials/Substrate/GLints/dict_16_192_64_0p5_0p02_0063_0005" 7585
"/Engine/EngineMaterials/Substrate/GLints/dict_16_192_64_0p5_0p02_0063_0004" 7586
"/Engine/EngineMaterials/Substrate/GLints/dict_16_192_64_0p5_0p02_0063_0003" 7587
"/Engine/EngineMaterials/Substrate/GLints/dict_16_192_64_0p5_0p02_0063_0002" 7588
"/Engine/EngineMaterials/Substrate/GLints/dict_16_192_64_0p5_0p02_0063_0001" 7589
"/Engine/EngineMaterials/Substrate/GLints/dict_16_192_64_0p5_0p02_0063_0000" 7590
"/Engine/EngineMaterials/Substrate/GLints/dict_16_192_64_0p5_0p02_0062_0015" 7591
"/Engine/EngineMaterials/Substrate/GLints/dict_16_192_64_0p5_0p02_0062_0014" 7592
"/Engine/EngineMaterials/Substrate/Glints2/dict_0000_0012" 7593
"../../../Engine/Content/EngineMaterials/Substrate/Glints2/dict_0000_0015.uasset" 7594
"/Engine/EngineMaterials/Substrate/Glints2/dict_0000_0011" 7595
"/Engine/EngineMaterials/Substrate/Glints2/dict_0000_0010" 7596
"../../../Engine/Content/EngineMaterials/Substrate/Glints2/dict_0000_0013.uasset" 7597
"../../../Engine/Content/EngineMaterials/Substrate/Glints2/dict_0000_0019.uasset" 7598
"../../../Engine/Content/EngineMaterials/Substrate/Glints2/dict_0000_0014.uasset" 7599
"../../../Engine/Content/EngineMaterials/Substrate/Glints2/dict_0000_0016.uasset" 7600
"../../../Engine/Content/EngineMaterials/Substrate/Glints2/dict_0000_0022.uasset" 7601
"../../../Engine/Content/EngineMaterials/Substrate/Glints2/dict_0000_0021.uasset" 7602
"/Engine/EngineMaterials/Substrate/Glints2/dict_0000_0009" 7603
"../../../Engine/Content/EngineMaterials/Substrate/Glints2/dict_0000_0023.uasset" 7604
"../../../Engine/Content/EngineMaterials/Substrate/Glints2/dict_0000_0020.uasset" 7605
"../../../Engine/Content/EngineMaterials/Substrate/Glints2/dict_0000_0018.uasset" 7606
"/Engine/EngineMaterials/Substrate/Glints2/dict_0000_0008" 7607
"../../../Engine/Content/EngineMaterials/Substrate/Glints2/dict_0000_0024.uasset" 7608
"../../../Engine/Content/EngineMaterials/Substrate/Glints2/dict_0000_0017.uasset" 7609
"/Engine/EngineMaterials/Substrate/Glints2/dict_0000_0007" 7610
"../../../Engine/Content/EngineMaterials/Substrate/Glints2/dict_0000_0025.uasset" 7611
"../../../Engine/Content/EngineMaterials/Substrate/Glints2/dict_0000_0027.uasset" 7612
"../../../Engine/Content/EngineMaterials/Substrate/Glints2/dict_0000_0026.uasset" 7613
"../../../Engine/Content/EngineMaterials/Substrate/Glints2/dict_0000_0028.uasset" 7614
"/Engine/EngineMaterials/Substrate/Glints2/dict_0000_0006" 7615
"/Engine/EngineMaterials/Substrate/Glints2/dict_0000_0005" 7616
"/Engine/EngineMaterials/Substrate/Glints2/dict_0000_0004" 7617
"/Engine/EngineMaterials/Substrate/Glints2/dict_0000_0003" 7618
"/Engine/EngineMaterials/Substrate/Glints2/dict_0000_0002" 7619
"/Engine/EngineMaterials/Substrate/Glints2/dict_0000_0001" 7620
"/Engine/EngineMaterials/Substrate/Glints2/dict_0000_0000" 7621
"/Engine/EngineMaterials/Substrate/GLints/AGlintTex2dArray" 7622
"../../../Engine/Content/EngineMaterials/Substrate/Glints2/dict_0000_0029.uasset" 7623
"../../../Engine/Content/EngineMaterials/Substrate/Glints2/dict_0000_0030.uasset" 7624
"../../../Engine/Content/EngineMaterials/Substrate/Glints2/dict_0000_0031.uasset" 7625
"../../../Engine/Content/EngineMaterials/Substrate/Glints2/dict_0000_0032.uasset" 7626
"../../../Engine/Content/EngineMaterials/Substrate/Glints2/dict_0000_0033.uasset" 7627
"../../../Engine/Content/EngineMaterials/Substrate/Glints2/dict_0000_0034.uasset" 7628
"../../../Engine/Content/EngineMaterials/Substrate/Glints2/dict_0000_0035.uasset" 7629
"../../../Engine/Content/EngineMaterials/Substrate/Glints2/dict_0000_0036.uasset" 7630
"../../../Engine/Content/EngineMaterials/Substrate/Glints2/dict_0000_0037.uasset" 7631
"../../../Engine/Content/EngineMaterials/Substrate/Glints2/dict_0000_0038.uasset" 7632
"../../../Engine/Content/EngineMaterials/Substrate/Glints2/dict_0000_0039.uasset" 7633
"../../../Engine/Content/EngineMaterials/Substrate/Glints2/dict_0000_0040.uasset" 7634
"../../../Engine/Content/EngineMaterials/Substrate/Glints2/dict_0000_0041.uasset" 7635
"../../../Engine/Content/EngineMaterials/Substrate/Glints2/dict_0000_0042.uasset" 7636
"../../../Engine/Content/EngineMaterials/Substrate/Glints2/dict_0000_0043.uasset" 7637
"../../../Engine/Content/EngineMaterials/Substrate/Glints2/dict_0000_0044.uasset" 7638
"/Engine/EngineMaterials/Substrate/Glints2/dict_0000_0028" 7639
"/Engine/EngineMaterials/Substrate/Glints2/dict_0000_0027" 7640
"/Engine/EngineMaterials/Substrate/Glints2/dict_0000_0026" 7641
"/Engine/EngineMaterials/Substrate/Glints2/dict_0000_0025" 7642
"/Engine/EngineMaterials/Substrate/Glints2/dict_0000_0024" 7643
"/Engine/EngineMaterials/Substrate/Glints2/dict_0000_0023" 7644
"/Engine/EngineMaterials/Substrate/Glints2/dict_0000_0022" 7645
"/Engine/EngineMaterials/Substrate/Glints2/dict_0000_0021" 7646
"/Engine/EngineMaterials/Substrate/Glints2/dict_0000_0020" 7647
"/Engine/EngineMaterials/Substrate/Glints2/dict_0000_0019" 7648
"/Engine/EngineMaterials/Substrate/Glints2/dict_0000_0018" 7649
"/Engine/EngineMaterials/Substrate/Glints2/dict_0000_0017" 7650
"/Engine/EngineMaterials/Substrate/Glints2/dict_0000_0016" 7651
"/Engine/EngineMaterials/Substrate/Glints2/dict_0000_0015" 7652
"/Engine/EngineMaterials/Substrate/Glints2/dict_0000_0014" 7653
"/Engine/EngineMaterials/Substrate/Glints2/dict_0000_0013" 7654
"../../../Engine/Content/EngineMaterials/Substrate/Glints2/dict_0000_0045.uasset" 7655
"../../../Engine/Content/EngineMaterials/Substrate/Glints2/dict_0000_0046.uasset" 7656
"../../../Engine/Content/EngineMaterials/Substrate/Glints2/dict_0000_0047.uasset" 7657
"../../../Engine/Content/EngineMaterials/Substrate/Glints2/dict_0000_0048.uasset" 7658
"../../../Engine/Content/EngineMaterials/Substrate/Glints2/dict_0000_0049.uasset" 7659
"../../../Engine/Content/EngineMaterials/Substrate/Glints2/dict_0000_0050.uasset" 7660
"../../../Engine/Content/EngineMaterials/Substrate/Glints2/dict_0000_0053.uasset" 7661
"../../../Engine/Content/EngineMaterials/Substrate/Glints2/dict_0000_0051.uasset" 7662
"../../../Engine/Content/EngineMaterials/Substrate/Glints2/dict_0000_0052.uasset" 7663
"../../../Engine/Content/EngineMaterials/Substrate/Glints2/dict_0000_0054.uasset" 7664
"../../../Engine/Content/EngineMaterials/Substrate/Glints2/dict_0000_0055.uasset" 7665
"../../../Engine/Content/EngineMaterials/Substrate/Glints2/dict_0000_0057.uasset" 7666
"../../../Engine/Content/EngineMaterials/Substrate/Glints2/dict_0000_0056.uasset" 7667
"../../../Engine/Content/EngineMaterials/Substrate/Glints2/dict_0000_0059.uasset" 7668
"../../../Engine/Content/EngineMaterials/Substrate/Glints2/dict_0000_0058.uasset" 7669
"../../../Engine/Content/EngineMaterials/Substrate/Glints2/dict_0000_0060.uasset" 7670
"/Engine/EngineMaterials/Substrate/Glints2/dict_0000_0044" 7671
"/Engine/EngineMaterials/Substrate/Glints2/dict_0000_0043" 7672
"/Engine/EngineMaterials/Substrate/Glints2/dict_0000_0042" 7673
"/Engine/EngineMaterials/Substrate/Glints2/dict_0000_0041" 7674
"/Engine/EngineMaterials/Substrate/Glints2/dict_0000_0040" 7675
"/Engine/EngineMaterials/Substrate/Glints2/dict_0000_0039" 7676
"/Engine/EngineMaterials/Substrate/Glints2/dict_0000_0038" 7677
"/Engine/EngineMaterials/Substrate/Glints2/dict_0000_0037" 7678
"/Engine/EngineMaterials/Substrate/Glints2/dict_0000_0036" 7679
"/Engine/EngineMaterials/Substrate/Glints2/dict_0000_0035" 7680
"/Engine/EngineMaterials/Substrate/Glints2/dict_0000_0034" 7681
"/Engine/EngineMaterials/Substrate/Glints2/dict_0000_0033" 7682
"/Engine/EngineMaterials/Substrate/Glints2/dict_0000_0032" 7683
"/Engine/EngineMaterials/Substrate/Glints2/dict_0000_0031" 7684
"/Engine/EngineMaterials/Substrate/Glints2/dict_0000_0030" 7685
"/Engine/EngineMaterials/Substrate/Glints2/dict_0000_0029" 7686
"../../../Engine/Content/EngineMaterials/Substrate/Glints2/dict_0000_0061.uasset" 7687
"../../../Engine/Content/EngineMaterials/Substrate/Glints2/dict_0000_0063.uasset" 7688
"../../../Engine/Content/EngineMaterials/Substrate/Glints2/dict_0000_0062.uasset" 7689
"../../../Engine/Content/EngineMaterials/Substrate/Glints2/dict_0000_0064.uasset" 7690
"../../../Engine/Content/EngineMaterials/Substrate/Glints2/dict_0000_0065.uasset" 7691
"../../../Engine/Content/EngineMaterials/Substrate/Glints2/dict_0000_0066.uasset" 7692
"../../../Engine/Content/EngineMaterials/Substrate/Glints2/dict_0000_0067.uasset" 7693
"../../../Engine/Content/EngineMaterials/Substrate/Glints2/dict_0000_0069.uasset" 7694
"../../../Engine/Content/EngineMaterials/Substrate/Glints2/dict_0000_0070.uasset" 7695
"../../../Engine/Content/EngineMaterials/Substrate/Glints2/dict_0000_0068.uasset" 7696
"../../../Engine/Content/EngineMaterials/Substrate/Glints2/dict_0000_0071.uasset" 7697
"../../../Engine/Content/EngineMaterials/Substrate/Glints2/dict_0000_0072.uasset" 7698
"../../../Engine/Content/EngineMaterials/Substrate/Glints2/dict_0000_0073.uasset" 7699
"../../../Engine/Content/EngineMaterials/Substrate/Glints2/dict_0000_0074.uasset" 7700
"../../../Engine/Content/EngineMaterials/Substrate/Glints2/dict_0000_0075.uasset" 7701
"../../../Engine/Content/EngineMaterials/Substrate/Glints2/dict_0000_0076.uasset" 7702
"/Engine/EngineMaterials/Substrate/Glints2/dict_0000_0060" 7703
"/Engine/EngineMaterials/Substrate/Glints2/dict_0000_0059" 7704
"/Engine/EngineMaterials/Substrate/Glints2/dict_0000_0058" 7705
"/Engine/EngineMaterials/Substrate/Glints2/dict_0000_0057" 7706
"/Engine/EngineMaterials/Substrate/Glints2/dict_0000_0056" 7707
"/Engine/EngineMaterials/Substrate/Glints2/dict_0000_0055" 7708
"/Engine/EngineMaterials/Substrate/Glints2/dict_0000_0054" 7709
"/Engine/EngineMaterials/Substrate/Glints2/dict_0000_0053" 7710
"/Engine/EngineMaterials/Substrate/Glints2/dict_0000_0052" 7711
"/Engine/EngineMaterials/Substrate/Glints2/dict_0000_0051" 7712
"/Engine/EngineMaterials/Substrate/Glints2/dict_0000_0050" 7713
"/Engine/EngineMaterials/Substrate/Glints2/dict_0000_0049" 7714
"/Engine/EngineMaterials/Substrate/Glints2/dict_0000_0048" 7715
"/Engine/EngineMaterials/Substrate/Glints2/dict_0000_0047" 7716
"/Engine/EngineMaterials/Substrate/Glints2/dict_0000_0046" 7717
"/Engine/EngineMaterials/Substrate/Glints2/dict_0000_0045" 7718
"../../../Engine/Content/EngineMaterials/Substrate/Glints2/dict_0000_0077.uasset" 7719
"../../../Engine/Content/EngineMaterials/Substrate/Glints2/dict_0000_0079.uasset" 7720
"../../../Engine/Content/EngineMaterials/Substrate/Glints2/dict_0000_0078.uasset" 7721
"../../../Engine/Content/EngineMaterials/Substrate/Glints2/dict_0000_0080.uasset" 7722
"../../../Engine/Content/EngineMaterials/Substrate/Glints2/dict_0000_0081.uasset" 7723
"../../../Engine/Content/EngineMaterials/Substrate/Glints2/dict_0000_0084.uasset" 7724
"../../../Engine/Content/EngineMaterials/Substrate/Glints2/dict_0000_0083.uasset" 7725
"../../../Engine/Content/EngineMaterials/Substrate/Glints2/dict_0000_0082.uasset" 7726
"../../../Engine/Content/EngineMaterials/Substrate/Glints2/dict_0000_0085.uasset" 7727
"../../../Engine/Content/EngineMaterials/Substrate/Glints2/dict_0000_0087.uasset" 7728
"../../../Engine/Content/EngineMaterials/Substrate/Glints2/dict_0000_0088.uasset" 7729
"../../../Engine/Content/EngineMaterials/Substrate/Glints2/dict_0000_0086.uasset" 7730
"../../../Engine/Content/EngineMaterials/Substrate/Glints2/dict_0000_0091.uasset" 7731
"../../../Engine/Content/EngineMaterials/Substrate/Glints2/dict_0000_0092.uasset" 7732
"../../../Engine/Content/EngineMaterials/Substrate/Glints2/dict_0000_0089.uasset" 7733
"../../../Engine/Content/EngineMaterials/Substrate/Glints2/dict_0000_0090.uasset" 7734
"/Engine/EngineMaterials/Substrate/Glints2/dict_0000_0076" 7735
"/Engine/EngineMaterials/Substrate/Glints2/dict_0000_0075" 7736
"/Engine/EngineMaterials/Substrate/Glints2/dict_0000_0074" 7737
"/Engine/EngineMaterials/Substrate/Glints2/dict_0000_0073" 7738
"/Engine/EngineMaterials/Substrate/Glints2/dict_0000_0072" 7739
"/Engine/EngineMaterials/Substrate/Glints2/dict_0000_0071" 7740
"/Engine/EngineMaterials/Substrate/Glints2/dict_0000_0070" 7741
"/Engine/EngineMaterials/Substrate/Glints2/dict_0000_0069" 7742
"/Engine/EngineMaterials/Substrate/Glints2/dict_0000_0068" 7743
"/Engine/EngineMaterials/Substrate/Glints2/dict_0000_0067" 7744
"/Engine/EngineMaterials/Substrate/Glints2/dict_0000_0066" 7745
"/Engine/EngineMaterials/Substrate/Glints2/dict_0000_0065" 7746
"/Engine/EngineMaterials/Substrate/Glints2/dict_0000_0064" 7747
"/Engine/EngineMaterials/Substrate/Glints2/dict_0000_0063" 7748
"/Engine/EngineMaterials/Substrate/Glints2/dict_0000_0062" 7749
"/Engine/EngineMaterials/Substrate/Glints2/dict_0000_0061" 7750
"../../../Engine/Content/EngineMaterials/Substrate/Glints2/dict_0000_0093.uasset" 7751
"../../../Engine/Content/EngineMaterials/Substrate/Glints2/dict_0000_0097.uasset" 7752
"../../../Engine/Content/EngineMaterials/Substrate/Glints2/dict_0000_0098.uasset" 7753
"../../../Engine/Content/EngineMaterials/Substrate/Glints2/dict_0000_0094.uasset" 7754
"../../../Engine/Content/EngineMaterials/Substrate/Glints2/dict_0000_0095.uasset" 7755
"../../../Engine/Content/EngineMaterials/Substrate/Glints2/dict_0000_0096.uasset" 7756
"../../../Engine/Content/EngineMaterials/Substrate/Glints2/dict_0000_0099.uasset" 7757
"../../../Engine/Content/EngineMaterials/Substrate/Glints2/dict_0000_0100.uasset" 7758
"../../../Engine/Content/EngineMaterials/Substrate/Glints2/dict_0000_0101.uasset" 7759
"../../../Engine/Content/EngineMaterials/Substrate/Glints2/dict_0000_0102.uasset" 7760
"../../../Engine/Content/EngineMaterials/Substrate/Glints2/dict_0000_0103.uasset" 7761
"../../../Engine/Content/EngineMaterials/Substrate/Glints2/dict_0000_0104.uasset" 7762
"../../../Engine/Content/EngineMaterials/Substrate/Glints2/dict_0000_0105.uasset" 7763
"../../../Engine/Content/EngineMaterials/Substrate/Glints2/dict_0000_0106.uasset" 7764
"../../../Engine/Content/EngineMaterials/Substrate/Glints2/dict_0000_0107.uasset" 7765
"../../../Engine/Content/EngineMaterials/Substrate/Glints2/dict_0000_0108.uasset" 7766
"/Engine/EngineMaterials/Substrate/Glints2/dict_0000_0092" 7767
"/Engine/EngineMaterials/Substrate/Glints2/dict_0000_0091" 7768
"/Engine/EngineMaterials/Substrate/Glints2/dict_0000_0090" 7769
"/Engine/EngineMaterials/Substrate/Glints2/dict_0000_0089" 7770
"/Engine/EngineMaterials/Substrate/Glints2/dict_0000_0088" 7771
"/Engine/EngineMaterials/Substrate/Glints2/dict_0000_0087" 7772
"/Engine/EngineMaterials/Substrate/Glints2/dict_0000_0086" 7773
"/Engine/EngineMaterials/Substrate/Glints2/dict_0000_0085" 7774
"/Engine/EngineMaterials/Substrate/Glints2/dict_0000_0084" 7775
"/Engine/EngineMaterials/Substrate/Glints2/dict_0000_0083" 7776
"/Engine/EngineMaterials/Substrate/Glints2/dict_0000_0082" 7777
"/Engine/EngineMaterials/Substrate/Glints2/dict_0000_0081" 7778
"/Engine/EngineMaterials/Substrate/Glints2/dict_0000_0080" 7779
"/Engine/EngineMaterials/Substrate/Glints2/dict_0000_0079" 7780
"/Engine/EngineMaterials/Substrate/Glints2/dict_0000_0078" 7781
"/Engine/EngineMaterials/Substrate/Glints2/dict_0000_0077" 7782
"../../../Engine/Content/EngineMaterials/Substrate/Glints2/dict_0000_0109.uasset" 7783
"../../../Engine/Content/EngineMaterials/Substrate/Glints2/dict_0000_0113.uasset" 7784
"../../../Engine/Content/EngineMaterials/Substrate/Glints2/dict_0000_0114.uasset" 7785
"../../../Engine/Content/EngineMaterials/Substrate/Glints2/dict_0000_0110.uasset" 7786
"../../../Engine/Content/EngineMaterials/Substrate/Glints2/dict_0000_0115.uasset" 7787
"../../../Engine/Content/EngineMaterials/Substrate/Glints2/dict_0000_0111.uasset" 7788
"../../../Engine/Content/EngineMaterials/Substrate/Glints2/dict_0000_0117.uasset" 7789
"../../../Engine/Content/EngineMaterials/Substrate/Glints2/dict_0000_0112.uasset" 7790
"../../../Engine/Content/EngineMaterials/Substrate/Glints2/dict_0000_0116.uasset" 7791
"../../../Engine/Content/EngineMaterials/Substrate/Glints2/dict_0000_0119.uasset" 7792
"../../../Engine/Content/EngineMaterials/Substrate/Glints2/dict_0000_0118.uasset" 7793
"../../../Engine/Content/EngineMaterials/Substrate/Glints2/dict_0000_0120.uasset" 7794
"../../../Engine/Content/EngineMaterials/Substrate/Glints2/dict_0000_0121.uasset" 7795
"../../../Engine/Content/EngineMaterials/Substrate/Glints2/dict_0000_0124.uasset" 7796
"../../../Engine/Content/EngineMaterials/Substrate/Glints2/dict_0000_0123.uasset" 7797
"../../../Engine/Content/EngineMaterials/Substrate/Glints2/dict_0000_0122.uasset" 7798
"/Engine/EngineMaterials/Substrate/Glints2/dict_0000_0108" 7799
"/Engine/EngineMaterials/Substrate/Glints2/dict_0000_0107" 7800
"/Engine/EngineMaterials/Substrate/Glints2/dict_0000_0106" 7801
"/Engine/EngineMaterials/Substrate/Glints2/dict_0000_0105" 7802
"/Engine/EngineMaterials/Substrate/Glints2/dict_0000_0104" 7803
"/Engine/EngineMaterials/Substrate/Glints2/dict_0000_0103" 7804
"/Engine/EngineMaterials/Substrate/Glints2/dict_0000_0102" 7805
"/Engine/EngineMaterials/Substrate/Glints2/dict_0000_0101" 7806
"/Engine/EngineMaterials/Substrate/Glints2/dict_0000_0100" 7807
"/Engine/EngineMaterials/Substrate/Glints2/dict_0000_0099" 7808
"/Engine/EngineMaterials/Substrate/Glints2/dict_0000_0098" 7809
"/Engine/EngineMaterials/Substrate/Glints2/dict_0000_0097" 7810
"/Engine/EngineMaterials/Substrate/Glints2/dict_0000_0096" 7811
"/Engine/EngineMaterials/Substrate/Glints2/dict_0000_0095" 7812
"/Engine/EngineMaterials/Substrate/Glints2/dict_0000_0094" 7813
"/Engine/EngineMaterials/Substrate/Glints2/dict_0000_0093" 7814
"../../../Engine/Content/EngineMaterials/Substrate/Glints2/dict_0000_0131.uasset" 7815
"../../../Engine/Content/EngineMaterials/Substrate/Glints2/dict_0000_0130.uasset" 7816
"../../../Engine/Content/EngineMaterials/Substrate/Glints2/dict_0000_0132.uasset" 7817
"../../../Engine/Content/EngineMaterials/Substrate/Glints2/dict_0000_0127.uasset" 7818
"../../../Engine/Content/EngineMaterials/Substrate/Glints2/dict_0000_0133.uasset" 7819
"../../../Engine/Content/EngineMaterials/Substrate/Glints2/dict_0000_0126.uasset" 7820
"../../../Engine/Content/EngineMaterials/Substrate/Glints2/dict_0000_0134.uasset" 7821
"../../../Engine/Content/EngineMaterials/Substrate/Glints2/dict_0000_0125.uasset" 7822
"../../../Engine/Content/EngineMaterials/Substrate/Glints2/dict_0000_0128.uasset" 7823
"../../../Engine/Content/EngineMaterials/Substrate/Glints2/dict_0000_0129.uasset" 7824
"../../../Engine/Content/EngineMaterials/Substrate/Glints2/dict_0000_0135.uasset" 7825
"../../../Engine/Content/EngineMaterials/Substrate/Glints2/dict_0000_0136.uasset" 7826
"../../../Engine/Content/EngineMaterials/Substrate/Glints2/dict_0000_0137.uasset" 7827
"../../../Engine/Content/EngineMaterials/Substrate/Glints2/dict_0000_0138.uasset" 7828
"../../../Engine/Content/EngineMaterials/Substrate/Glints2/dict_0000_0139.uasset" 7829
"../../../Engine/Content/EngineMaterials/Substrate/Glints2/dict_0000_0140.uasset" 7830
"/Engine/EngineMaterials/Substrate/Glints2/dict_0000_0124" 7831
"/Engine/EngineMaterials/Substrate/Glints2/dict_0000_0123" 7832
"/Engine/EngineMaterials/Substrate/Glints2/dict_0000_0122" 7833
"/Engine/EngineMaterials/Substrate/Glints2/dict_0000_0121" 7834
"/Engine/EngineMaterials/Substrate/Glints2/dict_0000_0120" 7835
"/Engine/EngineMaterials/Substrate/Glints2/dict_0000_0119" 7836
"/Engine/EngineMaterials/Substrate/Glints2/dict_0000_0118" 7837
"/Engine/EngineMaterials/Substrate/Glints2/dict_0000_0117" 7838
"/Engine/EngineMaterials/Substrate/Glints2/dict_0000_0116" 7839
"/Engine/EngineMaterials/Substrate/Glints2/dict_0000_0115" 7840
"/Engine/EngineMaterials/Substrate/Glints2/dict_0000_0114" 7841
"/Engine/EngineMaterials/Substrate/Glints2/dict_0000_0113" 7842
"/Engine/EngineMaterials/Substrate/Glints2/dict_0000_0112" 7843
"/Engine/EngineMaterials/Substrate/Glints2/dict_0000_0111" 7844
"/Engine/EngineMaterials/Substrate/Glints2/dict_0000_0110" 7845
"/Engine/EngineMaterials/Substrate/Glints2/dict_0000_0109" 7846
"../../../Engine/Content/EngineMaterials/Substrate/Glints2/dict_0000_0141.uasset" 7847
"../../../Engine/Content/EngineMaterials/Substrate/Glints2/dict_0000_0144.uasset" 7848
"../../../Engine/Content/EngineMaterials/Substrate/Glints2/dict_0000_0145.uasset" 7849
"../../../Engine/Content/EngineMaterials/Substrate/Glints2/dict_0000_0142.uasset" 7850
"../../../Engine/Content/EngineMaterials/Substrate/Glints2/dict_0000_0146.uasset" 7851
"../../../Engine/Content/EngineMaterials/Substrate/Glints2/dict_0000_0143.uasset" 7852
"../../../Engine/Content/EngineMaterials/Substrate/Glints2/dict_0000_0148.uasset" 7853
"../../../Engine/Content/EngineMaterials/Substrate/Glints2/dict_0000_0147.uasset" 7854
"../../../Engine/Content/EngineMaterials/Substrate/Glints2/dict_0000_0149.uasset" 7855
"../../../Engine/Content/EngineMaterials/Substrate/Glints2/dict_0000_0150.uasset" 7856
"../../../Engine/Content/EngineMaterials/Substrate/Glints2/dict_0000_0152.uasset" 7857
"../../../Engine/Content/EngineMaterials/Substrate/Glints2/dict_0000_0151.uasset" 7858
"../../../Engine/Content/EngineMaterials/Substrate/Glints2/dict_0000_0153.uasset" 7859
"../../../Engine/Content/EngineMaterials/Substrate/Glints2/dict_0000_0154.uasset" 7860
"../../../Engine/Content/EngineMaterials/Substrate/Glints2/dict_0000_0155.uasset" 7861
"../../../Engine/Content/EngineMaterials/Substrate/Glints2/dict_0000_0156.uasset" 7862
"/Engine/EngineMaterials/Substrate/Glints2/dict_0000_0140" 7863
"/Engine/EngineMaterials/Substrate/Glints2/dict_0000_0139" 7864
"/Engine/EngineMaterials/Substrate/Glints2/dict_0000_0138" 7865
"/Engine/EngineMaterials/Substrate/Glints2/dict_0000_0137" 7866
"/Engine/EngineMaterials/Substrate/Glints2/dict_0000_0136" 7867
"/Engine/EngineMaterials/Substrate/Glints2/dict_0000_0135" 7868
"/Engine/EngineMaterials/Substrate/Glints2/dict_0000_0134" 7869
"/Engine/EngineMaterials/Substrate/Glints2/dict_0000_0133" 7870
"/Engine/EngineMaterials/Substrate/Glints2/dict_0000_0132" 7871
"/Engine/EngineMaterials/Substrate/Glints2/dict_0000_0131" 7872
"/Engine/EngineMaterials/Substrate/Glints2/dict_0000_0130" 7873
"/Engine/EngineMaterials/Substrate/Glints2/dict_0000_0129" 7874
"/Engine/EngineMaterials/Substrate/Glints2/dict_0000_0128" 7875
"/Engine/EngineMaterials/Substrate/Glints2/dict_0000_0127" 7876
"/Engine/EngineMaterials/Substrate/Glints2/dict_0000_0126" 7877
"/Engine/EngineMaterials/Substrate/Glints2/dict_0000_0125" 7878
"../../../Engine/Content/EngineMaterials/Substrate/Glints2/dict_0000_0160.uasset" 7879
"../../../Engine/Content/EngineMaterials/Substrate/Glints2/dict_0000_0161.uasset" 7880
"../../../Engine/Content/EngineMaterials/Substrate/Glints2/dict_0000_0157.uasset" 7881
"../../../Engine/Content/EngineMaterials/Substrate/Glints2/dict_0000_0158.uasset" 7882
"../../../Engine/Content/EngineMaterials/Substrate/Glints2/dict_0000_0164.uasset" 7883
"../../../Engine/Content/EngineMaterials/Substrate/Glints2/dict_0000_0159.uasset" 7884
"../../../Engine/Content/EngineMaterials/Substrate/Glints2/dict_0000_0162.uasset" 7885
"../../../Engine/Content/EngineMaterials/Substrate/Glints2/dict_0000_0163.uasset" 7886
"../../../Engine/Content/EngineMaterials/Substrate/Glints2/dict_0000_0165.uasset" 7887
"../../../Engine/Content/EngineMaterials/Substrate/Glints2/dict_0000_0166.uasset" 7888
"../../../Engine/Content/EngineMaterials/Substrate/Glints2/dict_0000_0167.uasset" 7889
"../../../Engine/Content/EngineMaterials/Substrate/Glints2/dict_0000_0169.uasset" 7890
"../../../Engine/Content/EngineMaterials/Substrate/Glints2/dict_0000_0168.uasset" 7891
"../../../Engine/Content/EngineMaterials/Substrate/Glints2/dict_0000_0170.uasset" 7892
"../../../Engine/Content/EngineMaterials/Substrate/Glints2/dict_0000_0172.uasset" 7893
"../../../Engine/Content/EngineMaterials/Substrate/Glints2/dict_0000_0171.uasset" 7894
"/Engine/EngineMaterials/Substrate/Glints2/dict_0000_0156" 7895
"/Engine/EngineMaterials/Substrate/Glints2/dict_0000_0155" 7896
"/Engine/EngineMaterials/Substrate/Glints2/dict_0000_0154" 7897
"/Engine/EngineMaterials/Substrate/Glints2/dict_0000_0153" 7898
"/Engine/EngineMaterials/Substrate/Glints2/dict_0000_0152" 7899
"/Engine/EngineMaterials/Substrate/Glints2/dict_0000_0151" 7900
"/Engine/EngineMaterials/Substrate/Glints2/dict_0000_0150" 7901
"/Engine/EngineMaterials/Substrate/Glints2/dict_0000_0149" 7902
"/Engine/EngineMaterials/Substrate/Glints2/dict_0000_0148" 7903
"/Engine/EngineMaterials/Substrate/Glints2/dict_0000_0147" 7904
"/Engine/EngineMaterials/Substrate/Glints2/dict_0000_0146" 7905
"/Engine/EngineMaterials/Substrate/Glints2/dict_0000_0145" 7906
"/Engine/EngineMaterials/Substrate/Glints2/dict_0000_0144" 7907
"/Engine/EngineMaterials/Substrate/Glints2/dict_0000_0143" 7908
"/Engine/EngineMaterials/Substrate/Glints2/dict_0000_0142" 7909
"/Engine/EngineMaterials/Substrate/Glints2/dict_0000_0141" 7910
"../../../Engine/Content/EngineMaterials/Substrate/Glints2/dict_0000_0173.uasset" 7911
"../../../Engine/Content/EngineMaterials/Substrate/Glints2/dict_0000_0179.uasset" 7912
"../../../Engine/Content/EngineMaterials/Substrate/Glints2/dict_0000_0182.uasset" 7913
"../../../Engine/Content/EngineMaterials/Substrate/Glints2/dict_0000_0176.uasset" 7914
"../../../Engine/Content/EngineMaterials/Substrate/Glints2/dict_0000_0177.uasset" 7915
"../../../Engine/Content/EngineMaterials/Substrate/Glints2/dict_0000_0181.uasset" 7916
"../../../Engine/Content/EngineMaterials/Substrate/Glints2/dict_0000_0175.uasset" 7917
"../../../Engine/Content/EngineMaterials/Substrate/Glints2/dict_0000_0178.uasset" 7918
"../../../Engine/Content/EngineMaterials/Substrate/Glints2/dict_0000_0180.uasset" 7919
"../../../Engine/Content/EngineMaterials/Substrate/Glints2/dict_0000_0174.uasset" 7920
"../../../Engine/Content/EngineMaterials/Substrate/Glints2/dict_0000_0183.uasset" 7921
"../../../Engine/Content/EngineMaterials/Substrate/Glints2/dict_0000_0184.uasset" 7922
"../../../Engine/Content/EngineMaterials/Substrate/Glints2/dict_0000_0185.uasset" 7923
"../../../Engine/Content/EngineMaterials/Substrate/Glints2/dict_0000_0186.uasset" 7924
"../../../Engine/Content/EngineMaterials/Substrate/Glints2/dict_0000_0188.uasset" 7925
"../../../Engine/Content/EngineMaterials/Substrate/Glints2/dict_0000_0187.uasset" 7926
"/Engine/EngineMaterials/Substrate/Glints2/dict_0000_0172" 7927
"/Engine/EngineMaterials/Substrate/Glints2/dict_0000_0171" 7928
"/Engine/EngineMaterials/Substrate/Glints2/dict_0000_0170" 7929
"/Engine/EngineMaterials/Substrate/Glints2/dict_0000_0169" 7930
"/Engine/EngineMaterials/Substrate/Glints2/dict_0000_0168" 7931
"/Engine/EngineMaterials/Substrate/Glints2/dict_0000_0167" 7932
"/Engine/EngineMaterials/Substrate/Glints2/dict_0000_0166" 7933
"/Engine/EngineMaterials/Substrate/Glints2/dict_0000_0165" 7934
"/Engine/EngineMaterials/Substrate/Glints2/dict_0000_0164" 7935
"/Engine/EngineMaterials/Substrate/Glints2/dict_0000_0163" 7936
"/Engine/EngineMaterials/Substrate/Glints2/dict_0000_0162" 7937
"/Engine/EngineMaterials/Substrate/Glints2/dict_0000_0161" 7938
"/Engine/EngineMaterials/Substrate/Glints2/dict_0000_0160" 7939
"/Engine/EngineMaterials/Substrate/Glints2/dict_0000_0159" 7940
"/Engine/EngineMaterials/Substrate/Glints2/dict_0000_0158" 7941
"/Engine/EngineMaterials/Substrate/Glints2/dict_0000_0157" 7942
"/Engine/EngineMaterials/Substrate/Glints2/dict_0000_0188" 7943
"../../../Engine/Content/EngineMaterials/Substrate/Glints2/dict_0000_0190.uasset" 7944
"../../../Engine/Content/EngineMaterials/Substrate/Glints2/dict_0000_0196.uasset" 7945
"../../../Engine/Content/EngineMaterials/Substrate/Glints2/dict_0000_0194.uasset" 7946
"../../../Engine/Content/EngineMaterials/Substrate/Glints2/dict_0000_0191.uasset" 7947
"../../../Engine/Content/EngineMaterials/Substrate/Glints2/dict_0000_0193.uasset" 7948
"../../../Engine/Content/EngineMaterials/Substrate/Glints2/dict_0000_0189.uasset" 7949
"../../../Engine/Content/EngineMaterials/Substrate/Glints2/dict_0000_0198.uasset" 7950
"../../../Engine/Content/EngineMaterials/Substrate/Glints2/dict_0000_0195.uasset" 7951
"../../../Engine/Content/EngineMaterials/Substrate/Glints2/dict_0000_0197.uasset" 7952
"../../../Engine/Content/EngineMaterials/Substrate/Glints2/dict_0000_0192.uasset" 7953
"/Engine/EngineMaterials/Substrate/Glints2/dict_0000_0187" 7954
"../../../Engine/Content/EngineMaterials/Substrate/Glints2/dict_0000_0199.uasset" 7955
"../../../Engine/Content/EngineMaterials/Substrate/Glints2/dict_0000_0200.uasset" 7956
"../../../Engine/Content/EngineMaterials/Substrate/Glints2/dict_0000_0201.uasset" 7957
"../../../Engine/Content/EngineMaterials/Substrate/Glints2/dict_0000_0203.uasset" 7958
"/Engine/EngineMaterials/Substrate/Glints2/dict_0000_0186" 7959
"../../../Engine/Content/EngineMaterials/Substrate/Glints2/dict_0000_0202.uasset" 7960
"../../../Engine/Content/EngineMaterials/Substrate/Glints2/dict_0000_0204.uasset" 7961
"/Engine/EngineMaterials/Substrate/Glints2/dict_0000_0185" 7962
"/Engine/EngineMaterials/Substrate/Glints2/dict_0000_0184" 7963
"/Engine/EngineMaterials/Substrate/Glints2/dict_0000_0183" 7964
"/Engine/EngineMaterials/Substrate/Glints2/dict_0000_0182" 7965
"/Engine/EngineMaterials/Substrate/Glints2/dict_0000_0181" 7966
"/Engine/EngineMaterials/Substrate/Glints2/dict_0000_0180" 7967
"/Engine/EngineMaterials/Substrate/Glints2/dict_0000_0179" 7968
"/Engine/EngineMaterials/Substrate/Glints2/dict_0000_0178" 7969
"/Engine/EngineMaterials/Substrate/Glints2/dict_0000_0177" 7970
"/Engine/EngineMaterials/Substrate/Glints2/dict_0000_0176" 7971
"/Engine/EngineMaterials/Substrate/Glints2/dict_0000_0175" 7972
"/Engine/EngineMaterials/Substrate/Glints2/dict_0000_0174" 7973
"/Engine/EngineMaterials/Substrate/Glints2/dict_0000_0173" 7974
"/Engine/EngineMaterials/Substrate/Glints2/dict_0000_0204" 7975
"/Engine/EngineMaterials/Substrate/Glints2/dict_0000_0203" 7976
"../../../Engine/Content/EngineMaterials/Substrate/Glints2/dict_0000_0210.uasset" 7977
"../../../Engine/Content/EngineMaterials/Substrate/Glints2/dict_0000_0213.uasset" 7978
"../../../Engine/Content/EngineMaterials/Substrate/Glints2/dict_0000_0206.uasset" 7979
"../../../Engine/Content/EngineMaterials/Substrate/Glints2/dict_0000_0212.uasset" 7980
"../../../Engine/Content/EngineMaterials/Substrate/Glints2/dict_0000_0209.uasset" 7981
"../../../Engine/Content/EngineMaterials/Substrate/Glints2/dict_0000_0211.uasset" 7982
"../../../Engine/Content/EngineMaterials/Substrate/Glints2/dict_0000_0208.uasset" 7983
"../../../Engine/Content/EngineMaterials/Substrate/Glints2/dict_0000_0205.uasset" 7984
"../../../Engine/Content/EngineMaterials/Substrate/Glints2/dict_0000_0207.uasset" 7985
"../../../Engine/Content/EngineMaterials/Substrate/Glints2/dict_0000_0214.uasset" 7986
"/Engine/EngineMaterials/Substrate/Glints2/dict_0000_0202" 7987
"/Engine/EngineMaterials/Substrate/Glints2/dict_0000_0201" 7988
"../../../Engine/Content/EngineMaterials/Substrate/Glints2/dict_0000_0217.uasset" 7989
"../../../Engine/Content/EngineMaterials/Substrate/Glints2/dict_0000_0215.uasset" 7990
"../../../Engine/Content/EngineMaterials/Substrate/Glints2/dict_0000_0219.uasset" 7991
"../../../Engine/Content/EngineMaterials/Substrate/Glints2/dict_0000_0218.uasset" 7992
"/Engine/EngineMaterials/Substrate/Glints2/dict_0000_0200" 7993
"../../../Engine/Content/EngineMaterials/Substrate/Glints2/dict_0000_0216.uasset" 7994
"../../../Engine/Content/EngineMaterials/Substrate/Glints2/dict_0000_0220.uasset" 7995
"/Engine/EngineMaterials/Substrate/Glints2/dict_0000_0199" 7996
"/Engine/EngineMaterials/Substrate/Glints2/dict_0000_0198" 7997
"/Engine/EngineMaterials/Substrate/Glints2/dict_0000_0197" 7998
"/Engine/EngineMaterials/Substrate/Glints2/dict_0000_0196" 7999
"/Engine/EngineMaterials/Substrate/Glints2/dict_0000_0195" 8000
"/Engine/EngineMaterials/Substrate/Glints2/dict_0000_0194" 8001
"/Engine/EngineMaterials/Substrate/Glints2/dict_0000_0193" 8002
"/Engine/EngineMaterials/Substrate/Glints2/dict_0000_0192" 8003
"/Engine/EngineMaterials/Substrate/Glints2/dict_0000_0191" 8004
"/Engine/EngineMaterials/Substrate/Glints2/dict_0000_0190" 8005
"/Engine/EngineMaterials/Substrate/Glints2/dict_0000_0189" 8006
"/Engine/EngineMaterials/Substrate/Glints2/dict_0000_0220" 8007
"../../../Engine/Content/EngineMaterials/Substrate/Glints2/dict_0000_0222.uasset" 8008
"../../../Engine/Content/EngineMaterials/Substrate/Glints2/dict_0000_0221.uasset" 8009
"../../../Engine/Content/EngineMaterials/Substrate/Glints2/dict_0000_0224.uasset" 8010
"../../../Engine/Content/EngineMaterials/Substrate/Glints2/dict_0000_0228.uasset" 8011
"/Engine/EngineMaterials/Substrate/Glints2/dict_0000_0219" 8012
"../../../Engine/Content/EngineMaterials/Substrate/Glints2/dict_0000_0225.uasset" 8013
"../../../Engine/Content/EngineMaterials/Substrate/Glints2/dict_0000_0227.uasset" 8014
"../../../Engine/Content/EngineMaterials/Substrate/Glints2/dict_0000_0226.uasset" 8015
"../../../Engine/Content/EngineMaterials/Substrate/Glints2/dict_0000_0229.uasset" 8016
"../../../Engine/Content/EngineMaterials/Substrate/Glints2/dict_0000_0223.uasset" 8017
"../../../Engine/Content/EngineMaterials/Substrate/Glints2/dict_0000_0230.uasset" 8018
"/Engine/EngineMaterials/Substrate/Glints2/dict_0000_0218" 8019
"../../../Engine/Content/EngineMaterials/Substrate/Glints2/dict_0000_0231.uasset" 8020
"/Engine/EngineMaterials/Substrate/Glints2/dict_0000_0217" 8021
"../../../Engine/Content/EngineMaterials/Substrate/Glints2/dict_0000_0233.uasset" 8022
"../../../Engine/Content/EngineMaterials/Substrate/Glints2/dict_0000_0234.uasset" 8023
"../../../Engine/Content/EngineMaterials/Substrate/Glints2/dict_0000_0236.uasset" 8024
"/Engine/EngineMaterials/Substrate/Glints2/dict_0000_0216" 8025
"/Engine/EngineMaterials/Substrate/Glints2/dict_0000_0215" 8026
"../../../Engine/Content/EngineMaterials/Substrate/Glints2/dict_0000_0232.uasset" 8027
"/Engine/EngineMaterials/Substrate/Glints2/dict_0000_0214" 8028
"../../../Engine/Content/EngineMaterials/Substrate/Glints2/dict_0000_0235.uasset" 8029
"/Engine/EngineMaterials/Substrate/Glints2/dict_0000_0213" 8030
"/Engine/EngineMaterials/Substrate/Glints2/dict_0000_0212" 8031
"/Engine/EngineMaterials/Substrate/Glints2/dict_0000_0211" 8032
"/Engine/EngineMaterials/Substrate/Glints2/dict_0000_0210" 8033
"/Engine/EngineMaterials/Substrate/Glints2/dict_0000_0209" 8034
"/Engine/EngineMaterials/Substrate/Glints2/dict_0000_0208" 8035
"/Engine/EngineMaterials/Substrate/Glints2/dict_0000_0207" 8036
"/Engine/EngineMaterials/Substrate/Glints2/dict_0000_0206" 8037
"/Engine/EngineMaterials/Substrate/Glints2/dict_0000_0205" 8038
"/Engine/EngineMaterials/Substrate/Glints2/dict_0000_0236" 8039
"../../../Engine/Content/EngineMaterials/Substrate/Glints2/dict_0000_0238.uasset" 8040
"../../../Engine/Content/EngineMaterials/Substrate/Glints2/dict_0000_0240.uasset" 8041
"../../../Engine/Content/EngineMaterials/Substrate/Glints2/dict_0000_0243.uasset" 8042
"../../../Engine/Content/EngineMaterials/Substrate/Glints2/dict_0000_0242.uasset" 8043
"../../../Engine/Content/EngineMaterials/Substrate/Glints2/dict_0000_0244.uasset" 8044
"../../../Engine/Content/EngineMaterials/Substrate/Glints2/dict_0000_0245.uasset" 8045
"/Engine/EngineMaterials/Substrate/Glints2/dict_0000_0235" 8046
"../../../Engine/Content/EngineMaterials/Substrate/Glints2/dict_0000_0237.uasset" 8047
"../../../Engine/Content/EngineMaterials/Substrate/Glints2/dict_0000_0239.uasset" 8048
"../../../Engine/Content/EngineMaterials/Substrate/Glints2/dict_0000_0241.uasset" 8049
"../../../Engine/Content/EngineMaterials/Substrate/Glints2/dict_0000_0246.uasset" 8050
"/Engine/EngineMaterials/Substrate/Glints2/dict_0000_0234" 8051
"../../../Engine/Content/EngineMaterials/Substrate/Glints2/dict_0000_0247.uasset" 8052
"../../../Engine/Content/EngineMaterials/Substrate/Glints2/dict_0000_0248.uasset" 8053
"/Engine/EngineMaterials/Substrate/Glints2/dict_0000_0233" 8054
"../../../Engine/Content/EngineMaterials/Substrate/Glints2/dict_0000_0252.uasset" 8055
"../../../Engine/Content/EngineMaterials/Substrate/Glints2/dict_0000_0251.uasset" 8056
"../../../Engine/Content/EngineMaterials/Substrate/Glints2/dict_0000_0249.uasset" 8057
"../../../Engine/Content/EngineMaterials/Substrate/Glints2/dict_0000_0250.uasset" 8058
"/Engine/EngineMaterials/Substrate/Glints2/dict_0000_0232" 8059
"/Engine/EngineMaterials/Substrate/Glints2/dict_0000_0231" 8060
"/Engine/EngineMaterials/Substrate/Glints2/dict_0000_0230" 8061
"/Engine/EngineMaterials/Substrate/Glints2/dict_0000_0229" 8062
"/Engine/EngineMaterials/Substrate/Glints2/dict_0000_0228" 8063
"/Engine/EngineMaterials/Substrate/Glints2/dict_0000_0227" 8064
"/Engine/EngineMaterials/Substrate/Glints2/dict_0000_0226" 8065
"/Engine/EngineMaterials/Substrate/Glints2/dict_0000_0225" 8066
"/Engine/EngineMaterials/Substrate/Glints2/dict_0000_0224" 8067
"/Engine/EngineMaterials/Substrate/Glints2/dict_0000_0223" 8068
"/Engine/EngineMaterials/Substrate/Glints2/dict_0000_0222" 8069
"/Engine/EngineMaterials/Substrate/Glints2/dict_0000_0221" 8070
"/Engine/EngineMaterials/Substrate/Glints2/dict_0000_0252" 8071
"../../../Engine/Content/EngineMaterials/Substrate/Glints2/dict_0000_0254.uasset" 8072
"../../../Engine/Content/EngineMaterials/Substrate/Glints2/dict_0001_0002.uasset" 8073
"../../../Engine/Content/EngineMaterials/Substrate/Glints2/dict_0001_0001.uasset" 8074
"../../../Engine/Content/EngineMaterials/Substrate/Glints2/dict_0000_0253.uasset" 8075
"../../../Engine/Content/EngineMaterials/Substrate/Glints2/dict_0001_0000.uasset" 8076
"../../../Engine/Content/EngineMaterials/Substrate/Glints2/dict_0001_0006.uasset" 8077
"../../../Engine/Content/EngineMaterials/Substrate/Glints2/dict_0001_0004.uasset" 8078
"../../../Engine/Content/EngineMaterials/Substrate/Glints2/dict_0000_0255.uasset" 8079
"../../../Engine/Content/EngineMaterials/Substrate/Glints2/dict_0001_0005.uasset" 8080
"../../../Engine/Content/EngineMaterials/Substrate/Glints2/dict_0001_0003.uasset" 8081
"/Engine/EngineMaterials/Substrate/Glints2/dict_0000_0251" 8082
"/Engine/EngineMaterials/Substrate/Glints2/dict_0000_0250" 8083
"../../../Engine/Content/EngineMaterials/Substrate/Glints2/dict_0001_0007.uasset" 8084
"../../../Engine/Content/EngineMaterials/Substrate/Glints2/dict_0001_0008.uasset" 8085
"../../../Engine/Content/EngineMaterials/Substrate/Glints2/dict_0001_0010.uasset" 8086
"../../../Engine/Content/EngineMaterials/Substrate/Glints2/dict_0001_0009.uasset" 8087
"../../../Engine/Content/EngineMaterials/Substrate/Glints2/dict_0001_0011.uasset" 8088
"../../../Engine/Content/EngineMaterials/Substrate/Glints2/dict_0001_0012.uasset" 8089
"/Engine/EngineMaterials/Substrate/Glints2/dict_0000_0249" 8090
"/Engine/EngineMaterials/Substrate/Glints2/dict_0000_0248" 8091
"/Engine/EngineMaterials/Substrate/Glints2/dict_0000_0247" 8092
"/Engine/EngineMaterials/Substrate/Glints2/dict_0000_0246" 8093
"/Engine/EngineMaterials/Substrate/Glints2/dict_0000_0245" 8094
"/Engine/EngineMaterials/Substrate/Glints2/dict_0000_0244" 8095
"/Engine/EngineMaterials/Substrate/Glints2/dict_0000_0243" 8096
"/Engine/EngineMaterials/Substrate/Glints2/dict_0000_0242" 8097
"/Engine/EngineMaterials/Substrate/Glints2/dict_0000_0241" 8098
"/Engine/EngineMaterials/Substrate/Glints2/dict_0000_0240" 8099
"/Engine/EngineMaterials/Substrate/Glints2/dict_0000_0239" 8100
"/Engine/EngineMaterials/Substrate/Glints2/dict_0000_0238" 8101
"/Engine/EngineMaterials/Substrate/Glints2/dict_0000_0237" 8102
"/Engine/EngineMaterials/Substrate/Glints2/dict_0001_0012" 8103
"../../../Engine/Content/EngineMaterials/Substrate/Glints2/dict_0001_0013.uasset" 8104
"../../../Engine/Content/EngineMaterials/Substrate/Glints2/dict_0001_0014.uasset" 8105
"../../../Engine/Content/EngineMaterials/Substrate/Glints2/dict_0001_0016.uasset" 8106
"../../../Engine/Content/EngineMaterials/Substrate/Glints2/dict_0001_0015.uasset" 8107
"/Engine/EngineMaterials/Substrate/Glints2/dict_0001_0011" 8108
"../../../Engine/Content/EngineMaterials/Substrate/Glints2/dict_0001_0020.uasset" 8109
"../../../Engine/Content/EngineMaterials/Substrate/Glints2/dict_0001_0019.uasset" 8110
"../../../Engine/Content/EngineMaterials/Substrate/Glints2/dict_0001_0018.uasset" 8111
"../../../Engine/Content/EngineMaterials/Substrate/Glints2/dict_0001_0017.uasset" 8112
"../../../Engine/Content/EngineMaterials/Substrate/Glints2/dict_0001_0021.uasset" 8113
"../../../Engine/Content/EngineMaterials/Substrate/Glints2/dict_0001_0022.uasset" 8114
"/Engine/EngineMaterials/Substrate/Glints2/dict_0001_0010" 8115
"../../../Engine/Content/EngineMaterials/Substrate/Glints2/dict_0001_0023.uasset" 8116
"../../../Engine/Content/EngineMaterials/Substrate/Glints2/dict_0001_0024.uasset" 8117
"../../../Engine/Content/EngineMaterials/Substrate/Glints2/dict_0001_0026.uasset" 8118
"../../../Engine/Content/EngineMaterials/Substrate/Glints2/dict_0001_0025.uasset" 8119
"/Engine/EngineMaterials/Substrate/Glints2/dict_0001_0009" 8120
"../../../Engine/Content/EngineMaterials/Substrate/Glints2/dict_0001_0027.uasset" 8121
"../../../Engine/Content/EngineMaterials/Substrate/Glints2/dict_0001_0028.uasset" 8122
"/Engine/EngineMaterials/Substrate/Glints2/dict_0001_0008" 8123
"/Engine/EngineMaterials/Substrate/Glints2/dict_0001_0007" 8124
"/Engine/EngineMaterials/Substrate/Glints2/dict_0001_0006" 8125
"/Engine/EngineMaterials/Substrate/Glints2/dict_0001_0005" 8126
"/Engine/EngineMaterials/Substrate/Glints2/dict_0001_0004" 8127
"/Engine/EngineMaterials/Substrate/Glints2/dict_0001_0003" 8128
"/Engine/EngineMaterials/Substrate/Glints2/dict_0001_0002" 8129
"/Engine/EngineMaterials/Substrate/Glints2/dict_0001_0001" 8130
"/Engine/EngineMaterials/Substrate/Glints2/dict_0001_0000" 8131
"/Engine/EngineMaterials/Substrate/Glints2/dict_0000_0255" 8132
"/Engine/EngineMaterials/Substrate/Glints2/dict_0000_0254" 8133
"/Engine/EngineMaterials/Substrate/Glints2/dict_0000_0253" 8134
"/Engine/EngineMaterials/Substrate/Glints2/dict_0001_0028" 8135
"../../../Engine/Content/EngineMaterials/Substrate/Glints2/dict_0001_0031.uasset" 8136
"../../../Engine/Content/EngineMaterials/Substrate/Glints2/dict_0001_0029.uasset" 8137
"../../../Engine/Content/EngineMaterials/Substrate/Glints2/dict_0001_0032.uasset" 8138
"../../../Engine/Content/EngineMaterials/Substrate/Glints2/dict_0001_0030.uasset" 8139
"../../../Engine/Content/EngineMaterials/Substrate/Glints2/dict_0001_0037.uasset" 8140
"../../../Engine/Content/EngineMaterials/Substrate/Glints2/dict_0001_0035.uasset" 8141
"/Engine/EngineMaterials/Substrate/Glints2/dict_0001_0027" 8142
"../../../Engine/Content/EngineMaterials/Substrate/Glints2/dict_0001_0033.uasset" 8143
"../../../Engine/Content/EngineMaterials/Substrate/Glints2/dict_0001_0034.uasset" 8144
"../../../Engine/Content/EngineMaterials/Substrate/Glints2/dict_0001_0038.uasset" 8145
"../../../Engine/Content/EngineMaterials/Substrate/Glints2/dict_0001_0036.uasset" 8146
"/Engine/EngineMaterials/Substrate/Glints2/dict_0001_0026" 8147
"../../../Engine/Content/EngineMaterials/Substrate/Glints2/dict_0001_0039.uasset" 8148
"../../../Engine/Content/EngineMaterials/Substrate/Glints2/dict_0001_0040.uasset" 8149
"../../../Engine/Content/EngineMaterials/Substrate/Glints2/dict_0001_0041.uasset" 8150
"../../../Engine/Content/EngineMaterials/Substrate/Glints2/dict_0001_0043.uasset" 8151
"../../../Engine/Content/EngineMaterials/Substrate/Glints2/dict_0001_0044.uasset" 8152
"../../../Engine/Content/EngineMaterials/Substrate/Glints2/dict_0001_0042.uasset" 8153
"/Engine/EngineMaterials/Substrate/Glints2/dict_0001_0025" 8154
"/Engine/EngineMaterials/Substrate/Glints2/dict_0001_0024" 8155
"/Engine/EngineMaterials/Substrate/Glints2/dict_0001_0023" 8156
"/Engine/EngineMaterials/Substrate/Glints2/dict_0001_0022" 8157
"/Engine/EngineMaterials/Substrate/Glints2/dict_0001_0021" 8158
"/Engine/EngineMaterials/Substrate/Glints2/dict_0001_0020" 8159
"/Engine/EngineMaterials/Substrate/Glints2/dict_0001_0019" 8160
"/Engine/EngineMaterials/Substrate/Glints2/dict_0001_0018" 8161
"/Engine/EngineMaterials/Substrate/Glints2/dict_0001_0017" 8162
"/Engine/EngineMaterials/Substrate/Glints2/dict_0001_0016" 8163
"/Engine/EngineMaterials/Substrate/Glints2/dict_0001_0015" 8164
"/Engine/EngineMaterials/Substrate/Glints2/dict_0001_0014" 8165
"/Engine/EngineMaterials/Substrate/Glints2/dict_0001_0013" 8166
"../../../Engine/Content/EngineMaterials/Substrate/Glints2/dict_0001_0045.uasset" 8167
"/Engine/EngineMaterials/Substrate/Glints2/dict_0001_0044" 8168
"../../../Engine/Content/EngineMaterials/Substrate/Glints2/dict_0001_0047.uasset" 8169
"../../../Engine/Content/EngineMaterials/Substrate/Glints2/dict_0001_0046.uasset" 8170
"../../../Engine/Content/EngineMaterials/Substrate/Glints2/dict_0001_0048.uasset" 8171
"../../../Engine/Content/EngineMaterials/Substrate/Glints2/dict_0001_0052.uasset" 8172
"../../../Engine/Content/EngineMaterials/Substrate/Glints2/dict_0001_0050.uasset" 8173
"../../../Engine/Content/EngineMaterials/Substrate/Glints2/dict_0001_0053.uasset" 8174
"../../../Engine/Content/EngineMaterials/Substrate/Glints2/dict_0001_0049.uasset" 8175
"../../../Engine/Content/EngineMaterials/Substrate/Glints2/dict_0001_0051.uasset" 8176
"../../../Engine/Content/EngineMaterials/Substrate/Glints2/dict_0001_0054.uasset" 8177
"../../../Engine/Content/EngineMaterials/Substrate/Glints2/dict_0001_0055.uasset" 8178
"/Engine/EngineMaterials/Substrate/Glints2/dict_0001_0043" 8179
"../../../Engine/Content/EngineMaterials/Substrate/Glints2/dict_0001_0056.uasset" 8180
"../../../Engine/Content/EngineMaterials/Substrate/Glints2/dict_0001_0057.uasset" 8181
"../../../Engine/Content/EngineMaterials/Substrate/Glints2/dict_0001_0058.uasset" 8182
"../../../Engine/Content/EngineMaterials/Substrate/Glints2/dict_0001_0059.uasset" 8183
"../../../Engine/Content/EngineMaterials/Substrate/Glints2/dict_0001_0060.uasset" 8184
"/Engine/EngineMaterials/Substrate/Glints2/dict_0001_0042" 8185
"/Engine/EngineMaterials/Substrate/Glints2/dict_0001_0041" 8186
"/Engine/EngineMaterials/Substrate/Glints2/dict_0001_0040" 8187
"/Engine/EngineMaterials/Substrate/Glints2/dict_0001_0039" 8188
"/Engine/EngineMaterials/Substrate/Glints2/dict_0001_0038" 8189
"/Engine/EngineMaterials/Substrate/Glints2/dict_0001_0037" 8190
"/Engine/EngineMaterials/Substrate/Glints2/dict_0001_0036" 8191
"/Engine/EngineMaterials/Substrate/Glints2/dict_0001_0035" 8192
"/Engine/EngineMaterials/Substrate/Glints2/dict_0001_0034" 8193
"/Engine/EngineMaterials/Substrate/Glints2/dict_0001_0033" 8194
"/Engine/EngineMaterials/Substrate/Glints2/dict_0001_0032" 8195
"/Engine/EngineMaterials/Substrate/Glints2/dict_0001_0031" 8196
"/Engine/EngineMaterials/Substrate/Glints2/dict_0001_0030" 8197
"/Engine/EngineMaterials/Substrate/Glints2/dict_0001_0029" 8198
"/Engine/EngineMaterials/Substrate/Glints2/dict_0001_0060" 8199
"../../../Engine/Content/EngineMaterials/Substrate/Glints2/dict_0001_0063.uasset" 8200
"/Engine/EngineMaterials/Substrate/Glints2/dict_0001_0059" 8201
"/Engine/EngineMaterials/Substrate/Glints2/dict_0001_0058" 8202
"../../../Engine/Content/EngineMaterials/Substrate/Glints2/dict_0001_0062.uasset" 8203
"../../../Engine/Content/EngineMaterials/Substrate/Glints2/dict_0001_0061.uasset" 8204
"../../../Engine/Content/EngineMaterials/Substrate/Glints2/dict_0001_0065.uasset" 8205
"../../../Engine/Content/EngineMaterials/Substrate/Glints2/dict_0001_0064.uasset" 8206
"../../../Engine/Content/EngineMaterials/Substrate/Glints2/dict_0001_0067.uasset" 8207
"../../../Engine/Content/EngineMaterials/Substrate/Glints2/dict_0001_0066.uasset" 8208
"/Engine/EngineMaterials/Substrate/Glints2/dict_0001_0057" 8209
"../../../Engine/Content/EngineMaterials/Substrate/Glints2/dict_0001_0070.uasset" 8210
"../../../Engine/Content/EngineMaterials/Substrate/Glints2/dict_0001_0069.uasset" 8211
"../../../Engine/Content/EngineMaterials/Substrate/Glints2/dict_0001_0068.uasset" 8212
"/Engine/EngineMaterials/Substrate/Glints2/dict_0001_0056" 8213
"../../../Engine/Content/EngineMaterials/Substrate/Glints2/dict_0001_0072.uasset" 8214
"../../../Engine/Content/EngineMaterials/Substrate/Glints2/dict_0001_0071.uasset" 8215
"../../../Engine/Content/EngineMaterials/Substrate/Glints2/dict_0001_0074.uasset" 8216
"../../../Engine/Content/EngineMaterials/Substrate/Glints2/dict_0001_0075.uasset" 8217
"../../../Engine/Content/EngineMaterials/Substrate/Glints2/dict_0001_0073.uasset" 8218
"../../../Engine/Content/EngineMaterials/Substrate/Glints2/dict_0001_0076.uasset" 8219
"/Engine/EngineMaterials/Substrate/Glints2/dict_0001_0055" 8220
"/Engine/EngineMaterials/Substrate/Glints2/dict_0001_0054" 8221
"/Engine/EngineMaterials/Substrate/Glints2/dict_0001_0053" 8222
"/Engine/EngineMaterials/Substrate/Glints2/dict_0001_0052" 8223
"/Engine/EngineMaterials/Substrate/Glints2/dict_0001_0051" 8224
"/Engine/EngineMaterials/Substrate/Glints2/dict_0001_0050" 8225
"/Engine/EngineMaterials/Substrate/Glints2/dict_0001_0049" 8226
"/Engine/EngineMaterials/Substrate/Glints2/dict_0001_0048" 8227
"/Engine/EngineMaterials/Substrate/Glints2/dict_0001_0047" 8228
"/Engine/EngineMaterials/Substrate/Glints2/dict_0001_0046" 8229
"/Engine/EngineMaterials/Substrate/Glints2/dict_0001_0045" 8230
"/Engine/EngineMaterials/Substrate/Glints2/dict_0001_0076" 8231
"../../../Engine/Content/EngineMaterials/Substrate/Glints2/dict_0001_0078.uasset" 8232
"../../../Engine/Content/EngineMaterials/Substrate/Glints2/dict_0001_0081.uasset" 8233
"../../../Engine/Content/EngineMaterials/Substrate/Glints2/dict_0001_0082.uasset" 8234
"../../../Engine/Content/EngineMaterials/Substrate/Glints2/dict_0001_0083.uasset" 8235
"../../../Engine/Content/EngineMaterials/Substrate/Glints2/dict_0001_0080.uasset" 8236
"../../../Engine/Content/EngineMaterials/Substrate/Glints2/dict_0001_0085.uasset" 8237
"../../../Engine/Content/EngineMaterials/Substrate/Glints2/dict_0001_0077.uasset" 8238
"../../../Engine/Content/EngineMaterials/Substrate/Glints2/dict_0001_0086.uasset" 8239
"/Engine/EngineMaterials/Substrate/Glints2/dict_0001_0075" 8240
"../../../Engine/Content/EngineMaterials/Substrate/Glints2/dict_0001_0079.uasset" 8241
"../../../Engine/Content/EngineMaterials/Substrate/Glints2/dict_0001_0084.uasset" 8242
"/Engine/EngineMaterials/Substrate/Glints2/dict_0001_0074" 8243
"/Engine/EngineMaterials/Substrate/Glints2/dict_0001_0073" 8244
"/Engine/EngineMaterials/Substrate/Glints2/dict_0001_0072" 8245
"/Engine/EngineMaterials/Substrate/Glints2/dict_0001_0071" 8246
"/Engine/EngineMaterials/Substrate/Glints2/dict_0001_0070" 8247
"/Engine/EngineMaterials/Substrate/Glints2/dict_0001_0069" 8248
"/Engine/EngineMaterials/Substrate/Glints2/dict_0001_0068" 8249
"/Engine/EngineMaterials/Substrate/Glints2/dict_0001_0067" 8250
"/Engine/EngineMaterials/Substrate/Glints2/dict_0001_0066" 8251
"/Engine/EngineMaterials/Substrate/Glints2/dict_0001_0065" 8252
"../../../Engine/Content/EngineMaterials/Substrate/Glints2/dict_0001_0087.uasset" 8253
"../../../Engine/Content/EngineMaterials/Substrate/Glints2/dict_0001_0089.uasset" 8254
"../../../Engine/Content/EngineMaterials/Substrate/Glints2/dict_0001_0088.uasset" 8255
"../../../Engine/Content/EngineMaterials/Substrate/Glints2/dict_0001_0091.uasset" 8256
"../../../Engine/Content/EngineMaterials/Substrate/Glints2/dict_0001_0092.uasset" 8257
"../../../Engine/Content/EngineMaterials/Substrate/Glints2/dict_0001_0090.uasset" 8258
"/Engine/EngineMaterials/Substrate/Glints2/dict_0001_0064" 8259
"/Engine/EngineMaterials/Substrate/Glints2/dict_0001_0063" 8260
"/Engine/EngineMaterials/Substrate/Glints2/dict_0001_0062" 8261
"/Engine/EngineMaterials/Substrate/Glints2/dict_0001_0061" 8262
"/Engine/EngineMaterials/Substrate/Glints2/dict_0001_0086" 8263
"../../../Engine/Content/EngineMaterials/Substrate/Glints2/dict_0001_0094.uasset" 8264
"../../../Engine/Content/EngineMaterials/Substrate/Glints2/dict_0001_0095.uasset" 8265
"../../../Engine/Content/EngineMaterials/Substrate/Glints2/dict_0001_0096.uasset" 8266
"../../../Engine/Content/EngineMaterials/Substrate/Glints2/dict_0001_0093.uasset" 8267
"/Engine/EngineMaterials/Substrate/Glints2/dict_0001_0085" 8268
"/Engine/EngineMaterials/Substrate/Glints2/dict_0001_0084" 8269
"/Engine/EngineMaterials/Substrate/Glints2/dict_0001_0083" 8270
"/Engine/EngineMaterials/Substrate/Glints2/dict_0001_0082" 8271
"/Engine/EngineMaterials/Substrate/Glints2/dict_0001_0081" 8272
"../../../Engine/Content/EngineMaterials/Substrate/Glints2/dict_0001_0098.uasset" 8273
"../../../Engine/Content/EngineMaterials/Substrate/Glints2/dict_0001_0097.uasset" 8274
"../../../Engine/Content/EngineMaterials/Substrate/Glints2/dict_0001_0099.uasset" 8275
"../../../Engine/Content/EngineMaterials/Substrate/Glints2/dict_0001_0105.uasset" 8276
"../../../Engine/Content/EngineMaterials/Substrate/Glints2/dict_0001_0101.uasset" 8277
"../../../Engine/Content/EngineMaterials/Substrate/Glints2/dict_0001_0100.uasset" 8278
"../../../Engine/Content/EngineMaterials/Substrate/Glints2/dict_0001_0104.uasset" 8279
"../../../Engine/Content/EngineMaterials/Substrate/Glints2/dict_0001_0103.uasset" 8280
"/Engine/EngineMaterials/Substrate/Glints2/dict_0001_0080" 8281
"../../../Engine/Content/EngineMaterials/Substrate/Glints2/dict_0001_0102.uasset" 8282
"/Engine/EngineMaterials/Substrate/Glints2/dict_0001_0079" 8283
"/Engine/EngineMaterials/Substrate/Glints2/dict_0001_0078" 8284
"/Engine/EngineMaterials/Substrate/Glints2/dict_0001_0077" 8285
"../../../Engine/Content/EngineMaterials/Substrate/Glints2/dict_0001_0106.uasset" 8286
"/Engine/EngineMaterials/Substrate/Glints2/dict_0001_0092" 8287
"/Engine/EngineMaterials/Substrate/Glints2/dict_0001_0091" 8288
"/Engine/EngineMaterials/Substrate/Glints2/dict_0001_0090" 8289
"/Engine/EngineMaterials/Substrate/Glints2/dict_0001_0089" 8290
"/Engine/EngineMaterials/Substrate/Glints2/dict_0001_0088" 8291
"/Engine/EngineMaterials/Substrate/Glints2/dict_0001_0087" 8292
"/Engine/EngineMaterials/Substrate/Glints2/dict_0001_0096" 8293
"/Engine/EngineMaterials/Substrate/Glints2/dict_0001_0095" 8294
"../../../Engine/Content/EngineMaterials/Substrate/Glints2/dict_0001_0107.uasset" 8295
"../../../Engine/Content/EngineMaterials/Substrate/Glints2/dict_0001_0108.uasset" 8296
"/Engine/EngineMaterials/Substrate/Glints2/dict_0001_0094" 8297
"../../../Engine/Content/EngineMaterials/Substrate/Glints2/dict_0001_0109.uasset" 8298
"../../../Engine/Content/EngineMaterials/Substrate/Glints2/dict_0001_0112.uasset" 8299
"../../../Engine/Content/EngineMaterials/Substrate/Glints2/dict_0001_0113.uasset" 8300
"../../../Engine/Content/EngineMaterials/Substrate/Glints2/dict_0001_0114.uasset" 8301
"../../../Engine/Content/EngineMaterials/Substrate/Glints2/dict_0001_0111.uasset" 8302
"../../../Engine/Content/EngineMaterials/Substrate/Glints2/dict_0001_0115.uasset" 8303
"../../../Engine/Content/EngineMaterials/Substrate/Glints2/dict_0001_0110.uasset" 8304
"/Engine/EngineMaterials/Substrate/Glints2/dict_0001_0093" 8305
"/Engine/EngineMaterials/Substrate/Glints2/dict_0001_0105" 8306
"/Engine/EngineMaterials/Substrate/Glints2/dict_0001_0104" 8307
"/Engine/EngineMaterials/Substrate/Glints2/dict_0001_0103" 8308
"/Engine/EngineMaterials/Substrate/Glints2/dict_0001_0102" 8309
"/Engine/EngineMaterials/Substrate/Glints2/dict_0001_0101" 8310
"/Engine/EngineMaterials/Substrate/Glints2/dict_0001_0100" 8311
"/Engine/EngineMaterials/Substrate/Glints2/dict_0001_0099" 8312
"/Engine/EngineMaterials/Substrate/Glints2/dict_0001_0098" 8313
"/Engine/EngineMaterials/Substrate/Glints2/dict_0001_0097" 8314
"../../../Engine/Content/EngineMaterials/Substrate/Glints2/dict_0001_0116.uasset" 8315
"/Engine/EngineMaterials/Substrate/Glints2/dict_0001_0106" 8316
"../../../Engine/Content/EngineMaterials/Substrate/Glints2/dict_0001_0118.uasset" 8317
"../../../Engine/Content/EngineMaterials/Substrate/Glints2/dict_0001_0125.uasset" 8318
"../../../Engine/Content/EngineMaterials/Substrate/Glints2/dict_0001_0123.uasset" 8319
"../../../Engine/Content/EngineMaterials/Substrate/Glints2/dict_0001_0119.uasset" 8320
"../../../Engine/Content/EngineMaterials/Substrate/Glints2/dict_0001_0124.uasset" 8321
"../../../Engine/Content/EngineMaterials/Substrate/Glints2/dict_0001_0120.uasset" 8322
"../../../Engine/Content/EngineMaterials/Substrate/Glints2/dict_0001_0122.uasset" 8323
"../../../Engine/Content/EngineMaterials/Substrate/Glints2/dict_0001_0117.uasset" 8324
"../../../Engine/Content/EngineMaterials/Substrate/Glints2/dict_0001_0121.uasset" 8325
"../../../Engine/Content/EngineMaterials/Substrate/Glints2/dict_0001_0126.uasset" 8326
"../../../Engine/Content/EngineMaterials/Substrate/Glints2/dict_0001_0127.uasset" 8327
"../../../Engine/Content/EngineMaterials/Substrate/Glints2/dict_0001_0128.uasset" 8328
"../../../Engine/Content/EngineMaterials/Substrate/Glints2/dict_0001_0130.uasset" 8329
"../../../Engine/Content/EngineMaterials/Substrate/Glints2/dict_0001_0129.uasset" 8330
"../../../Engine/Content/EngineMaterials/Substrate/Glints2/dict_0001_0132.uasset" 8331
"../../../Engine/Content/EngineMaterials/Substrate/Glints2/dict_0001_0133.uasset" 8332
"../../../Engine/Content/EngineMaterials/Substrate/Glints2/dict_0001_0131.uasset" 8333
"../../../Engine/Content/EngineMaterials/Substrate/Glints2/dict_0001_0134.uasset" 8334
"../../../Engine/Content/EngineMaterials/Substrate/Glints2/dict_0001_0135.uasset" 8335
"../../../Engine/Content/EngineMaterials/Substrate/Glints2/dict_0001_0136.uasset" 8336
"../../../Engine/Content/EngineMaterials/Substrate/Glints2/dict_0001_0138.uasset" 8337
"../../../Engine/Content/EngineMaterials/Substrate/Glints2/dict_0001_0137.uasset" 8338
"/Engine/EngineMaterials/Substrate/Glints2/dict_0001_0128" 8339
"/Engine/EngineMaterials/Substrate/Glints2/dict_0001_0127" 8340
"/Engine/EngineMaterials/Substrate/Glints2/dict_0001_0126" 8341
"/Engine/EngineMaterials/Substrate/Glints2/dict_0001_0125" 8342
"/Engine/EngineMaterials/Substrate/Glints2/dict_0001_0124" 8343
"/Engine/EngineMaterials/Substrate/Glints2/dict_0001_0123" 8344
"/Engine/EngineMaterials/Substrate/Glints2/dict_0001_0118" 8345
"/Engine/EngineMaterials/Substrate/Glints2/dict_0001_0117" 8346
"/Engine/EngineMaterials/Substrate/Glints2/dict_0001_0116" 8347
"/Engine/EngineMaterials/Substrate/Glints2/dict_0001_0115" 8348
"/Engine/EngineMaterials/Substrate/Glints2/dict_0001_0114" 8349
"/Engine/EngineMaterials/Substrate/Glints2/dict_0001_0113" 8350
"/Engine/EngineMaterials/Substrate/Glints2/dict_0001_0112" 8351
"/Engine/EngineMaterials/Substrate/Glints2/dict_0001_0111" 8352
"/Engine/EngineMaterials/Substrate/Glints2/dict_0001_0110" 8353
"/Engine/EngineMaterials/Substrate/Glints2/dict_0001_0108" 8354
"/Engine/EngineMaterials/Substrate/Glints2/dict_0001_0107" 8355
"/Engine/EngineMaterials/Substrate/Glints2/dict_0001_0109" 8356
"/Engine/EngineMaterials/Substrate/Glints2/dict_0001_0138" 8357
"/Engine/EngineMaterials/Substrate/Glints2/dict_0001_0137" 8358
"/Engine/EngineMaterials/Substrate/Glints2/dict_0001_0136" 8359
"/Engine/EngineMaterials/Substrate/Glints2/dict_0001_0135" 8360
"/Engine/EngineMaterials/Substrate/Glints2/dict_0001_0134" 8361
"/Engine/EngineMaterials/Substrate/Glints2/dict_0001_0133" 8362
"/Engine/EngineMaterials/Substrate/Glints2/dict_0001_0132" 8363
"/Engine/EngineMaterials/Substrate/Glints2/dict_0001_0131" 8364
"/Engine/EngineMaterials/Substrate/Glints2/dict_0001_0130" 8365
"/Engine/EngineMaterials/Substrate/Glints2/dict_0001_0129" 8366
"/Engine/EngineMaterials/Substrate/Glints2/dict_0001_0122" 8367
"/Engine/EngineMaterials/Substrate/Glints2/dict_0001_0121" 8368
"/Engine/EngineMaterials/Substrate/Glints2/dict_0001_0120" 8369
"/Engine/EngineMaterials/Substrate/Glints2/dict_0001_0119" 8370
"../../../Engine/Content/EngineMaterials/Substrate/Glints2/dict_0001_0140.uasset" 8371
"../../../Engine/Content/EngineMaterials/Substrate/Glints2/dict_0001_0142.uasset" 8372
"../../../Engine/Content/EngineMaterials/Substrate/Glints2/dict_0001_0143.uasset" 8373
"../../../Engine/Content/EngineMaterials/Substrate/Glints2/dict_0001_0146.uasset" 8374
"../../../Engine/Content/EngineMaterials/Substrate/Glints2/dict_0001_0144.uasset" 8375
"../../../Engine/Content/EngineMaterials/Substrate/Glints2/dict_0001_0141.uasset" 8376
"../../../Engine/Content/EngineMaterials/Substrate/Glints2/dict_0001_0139.uasset" 8377
"../../../Engine/Content/EngineMaterials/Substrate/Glints2/dict_0001_0145.uasset" 8378
"../../../Engine/Content/EngineMaterials/Substrate/Glints2/dict_0001_0147.uasset" 8379
"../../../Engine/Content/EngineMaterials/Substrate/Glints2/dict_0001_0149.uasset" 8380
"../../../Engine/Content/EngineMaterials/Substrate/Glints2/dict_0001_0148.uasset" 8381
"../../../Engine/Content/EngineMaterials/Substrate/Glints2/dict_0001_0150.uasset" 8382
"../../../Engine/Content/EngineMaterials/Substrate/Glints2/dict_0001_0152.uasset" 8383
"../../../Engine/Content/EngineMaterials/Substrate/Glints2/dict_0001_0154.uasset" 8384
"../../../Engine/Content/EngineMaterials/Substrate/Glints2/dict_0001_0155.uasset" 8385
"../../../Engine/Content/EngineMaterials/Substrate/Glints2/dict_0001_0156.uasset" 8386
"../../../Engine/Content/EngineMaterials/Substrate/Glints2/dict_0001_0153.uasset" 8387
"../../../Engine/Content/EngineMaterials/Substrate/Glints2/dict_0001_0151.uasset" 8388
"../../../Engine/Content/EngineMaterials/Substrate/Glints2/dict_0001_0159.uasset" 8389
"../../../Engine/Content/EngineMaterials/Substrate/Glints2/dict_0001_0157.uasset" 8390
"../../../Engine/Content/EngineMaterials/Substrate/Glints2/dict_0001_0158.uasset" 8391
"../../../Engine/Content/EngineMaterials/Substrate/Glints2/dict_0001_0160.uasset" 8392
"../../../Engine/Content/EngineMaterials/Substrate/Glints2/dict_0001_0161.uasset" 8393
"../../../Engine/Content/EngineMaterials/Substrate/Glints2/dict_0001_0163.uasset" 8394
"../../../Engine/Content/EngineMaterials/Substrate/Glints2/dict_0001_0162.uasset" 8395
"../../../Engine/Content/EngineMaterials/Substrate/Glints2/dict_0001_0165.uasset" 8396
"../../../Engine/Content/EngineMaterials/Substrate/Glints2/dict_0001_0164.uasset" 8397
"../../../Engine/Content/EngineMaterials/Substrate/Glints2/dict_0001_0169.uasset" 8398
"../../../Engine/Content/EngineMaterials/Substrate/Glints2/dict_0001_0168.uasset" 8399
"../../../Engine/Content/EngineMaterials/Substrate/Glints2/dict_0001_0167.uasset" 8400
"../../../Engine/Content/EngineMaterials/Substrate/Glints2/dict_0001_0166.uasset" 8401
"../../../Engine/Content/EngineMaterials/Substrate/Glints2/dict_0001_0170.uasset" 8402
"/Engine/EngineMaterials/Substrate/Glints2/dict_0001_0170" 8403
"/Engine/EngineMaterials/Substrate/Glints2/dict_0001_0169" 8404
"/Engine/EngineMaterials/Substrate/Glints2/dict_0001_0168" 8405
"/Engine/EngineMaterials/Substrate/Glints2/dict_0001_0167" 8406
"/Engine/EngineMaterials/Substrate/Glints2/dict_0001_0166" 8407
"/Engine/EngineMaterials/Substrate/Glints2/dict_0001_0165" 8408
"/Engine/EngineMaterials/Substrate/Glints2/dict_0001_0164" 8409
"/Engine/EngineMaterials/Substrate/Glints2/dict_0001_0163" 8410
"/Engine/EngineMaterials/Substrate/Glints2/dict_0001_0162" 8411
"/Engine/EngineMaterials/Substrate/Glints2/dict_0001_0161" 8412
"/Engine/EngineMaterials/Substrate/Glints2/dict_0001_0160" 8413
"/Engine/EngineMaterials/Substrate/Glints2/dict_0001_0159" 8414
"/Engine/EngineMaterials/Substrate/Glints2/dict_0001_0158" 8415
"/Engine/EngineMaterials/Substrate/Glints2/dict_0001_0157" 8416
"/Engine/EngineMaterials/Substrate/Glints2/dict_0001_0156" 8417
"/Engine/EngineMaterials/Substrate/Glints2/dict_0001_0155" 8418
"/Engine/EngineMaterials/Substrate/Glints2/dict_0001_0154" 8419
"/Engine/EngineMaterials/Substrate/Glints2/dict_0001_0153" 8420
"/Engine/EngineMaterials/Substrate/Glints2/dict_0001_0152" 8421
"/Engine/EngineMaterials/Substrate/Glints2/dict_0001_0151" 8422
"/Engine/EngineMaterials/Substrate/Glints2/dict_0001_0150" 8423
"/Engine/EngineMaterials/Substrate/Glints2/dict_0001_0149" 8424
"/Engine/EngineMaterials/Substrate/Glints2/dict_0001_0148" 8425
"/Engine/EngineMaterials/Substrate/Glints2/dict_0001_0147" 8426
"/Engine/EngineMaterials/Substrate/Glints2/dict_0001_0146" 8427
"/Engine/EngineMaterials/Substrate/Glints2/dict_0001_0145" 8428
"/Engine/EngineMaterials/Substrate/Glints2/dict_0001_0144" 8429
"/Engine/EngineMaterials/Substrate/Glints2/dict_0001_0143" 8430
"/Engine/EngineMaterials/Substrate/Glints2/dict_0001_0142" 8431
"/Engine/EngineMaterials/Substrate/Glints2/dict_0001_0141" 8432
"/Engine/EngineMaterials/Substrate/Glints2/dict_0001_0140" 8433
"/Engine/EngineMaterials/Substrate/Glints2/dict_0001_0139" 8434
"../../../Engine/Content/EngineMaterials/Substrate/Glints2/dict_0001_0172.uasset" 8435
"../../../Engine/Content/EngineMaterials/Substrate/Glints2/dict_0001_0171.uasset" 8436
"../../../Engine/Content/EngineMaterials/Substrate/Glints2/dict_0001_0173.uasset" 8437
"../../../Engine/Content/EngineMaterials/Substrate/Glints2/dict_0001_0174.uasset" 8438
"../../../Engine/Content/EngineMaterials/Substrate/Glints2/dict_0001_0175.uasset" 8439
"../../../Engine/Content/EngineMaterials/Substrate/Glints2/dict_0001_0176.uasset" 8440
"../../../Engine/Content/EngineMaterials/Substrate/Glints2/dict_0001_0177.uasset" 8441
"../../../Engine/Content/EngineMaterials/Substrate/Glints2/dict_0001_0179.uasset" 8442
"../../../Engine/Content/EngineMaterials/Substrate/Glints2/dict_0001_0180.uasset" 8443
"../../../Engine/Content/EngineMaterials/Substrate/Glints2/dict_0001_0181.uasset" 8444
"../../../Engine/Content/EngineMaterials/Substrate/Glints2/dict_0001_0183.uasset" 8445
"../../../Engine/Content/EngineMaterials/Substrate/Glints2/dict_0001_0185.uasset" 8446
"../../../Engine/Content/EngineMaterials/Substrate/Glints2/dict_0001_0184.uasset" 8447
"../../../Engine/Content/EngineMaterials/Substrate/Glints2/dict_0001_0182.uasset" 8448
"../../../Engine/Content/EngineMaterials/Substrate/Glints2/dict_0001_0187.uasset" 8449
"../../../Engine/Content/EngineMaterials/Substrate/Glints2/dict_0001_0186.uasset" 8450
"../../../Engine/Content/EngineMaterials/Substrate/Glints2/dict_0001_0178.uasset" 8451
"../../../Engine/Content/EngineMaterials/Substrate/Glints2/dict_0001_0188.uasset" 8452
"../../../Engine/Content/EngineMaterials/Substrate/Glints2/dict_0001_0189.uasset" 8453
"../../../Engine/Content/EngineMaterials/Substrate/Glints2/dict_0001_0190.uasset" 8454
"../../../Engine/Content/EngineMaterials/Substrate/Glints2/dict_0001_0192.uasset" 8455
"../../../Engine/Content/EngineMaterials/Substrate/Glints2/dict_0001_0191.uasset" 8456
"../../../Engine/Content/EngineMaterials/Substrate/Glints2/dict_0001_0194.uasset" 8457
"../../../Engine/Content/EngineMaterials/Substrate/Glints2/dict_0001_0196.uasset" 8458
"../../../Engine/Content/EngineMaterials/Substrate/Glints2/dict_0001_0195.uasset" 8459
"../../../Engine/Content/EngineMaterials/Substrate/Glints2/dict_0001_0197.uasset" 8460
"../../../Engine/Content/EngineMaterials/Substrate/Glints2/dict_0001_0199.uasset" 8461
"../../../Engine/Content/EngineMaterials/Substrate/Glints2/dict_0001_0193.uasset" 8462
"../../../Engine/Content/EngineMaterials/Substrate/Glints2/dict_0001_0198.uasset" 8463
"../../../Engine/Content/EngineMaterials/Substrate/Glints2/dict_0001_0200.uasset" 8464
"../../../Engine/Content/EngineMaterials/Substrate/Glints2/dict_0001_0201.uasset" 8465
"../../../Engine/Content/EngineMaterials/Substrate/Glints2/dict_0001_0202.uasset" 8466
"/Engine/EngineMaterials/Substrate/Glints2/dict_0001_0202" 8467
"/Engine/EngineMaterials/Substrate/Glints2/dict_0001_0201" 8468
"/Engine/EngineMaterials/Substrate/Glints2/dict_0001_0200" 8469
"/Engine/EngineMaterials/Substrate/Glints2/dict_0001_0199" 8470
"/Engine/EngineMaterials/Substrate/Glints2/dict_0001_0198" 8471
"/Engine/EngineMaterials/Substrate/Glints2/dict_0001_0197" 8472
"/Engine/EngineMaterials/Substrate/Glints2/dict_0001_0196" 8473
"/Engine/EngineMaterials/Substrate/Glints2/dict_0001_0195" 8474
"/Engine/EngineMaterials/Substrate/Glints2/dict_0001_0194" 8475
"/Engine/EngineMaterials/Substrate/Glints2/dict_0001_0193" 8476
"/Engine/EngineMaterials/Substrate/Glints2/dict_0001_0192" 8477
"/Engine/EngineMaterials/Substrate/Glints2/dict_0001_0191" 8478
"/Engine/EngineMaterials/Substrate/Glints2/dict_0001_0190" 8479
"/Engine/EngineMaterials/Substrate/Glints2/dict_0001_0189" 8480
"/Engine/EngineMaterials/Substrate/Glints2/dict_0001_0188" 8481
"/Engine/EngineMaterials/Substrate/Glints2/dict_0001_0187" 8482
"/Engine/EngineMaterials/Substrate/Glints2/dict_0001_0186" 8483
"/Engine/EngineMaterials/Substrate/Glints2/dict_0001_0185" 8484
"/Engine/EngineMaterials/Substrate/Glints2/dict_0001_0184" 8485
"/Engine/EngineMaterials/Substrate/Glints2/dict_0001_0183" 8486
"/Engine/EngineMaterials/Substrate/Glints2/dict_0001_0182" 8487
"/Engine/EngineMaterials/Substrate/Glints2/dict_0001_0181" 8488
"/Engine/EngineMaterials/Substrate/Glints2/dict_0001_0180" 8489
"/Engine/EngineMaterials/Substrate/Glints2/dict_0001_0179" 8490
"/Engine/EngineMaterials/Substrate/Glints2/dict_0001_0178" 8491
"/Engine/EngineMaterials/Substrate/Glints2/dict_0001_0177" 8492
"/Engine/EngineMaterials/Substrate/Glints2/dict_0001_0176" 8493
"/Engine/EngineMaterials/Substrate/Glints2/dict_0001_0175" 8494
"/Engine/EngineMaterials/Substrate/Glints2/dict_0001_0174" 8495
"/Engine/EngineMaterials/Substrate/Glints2/dict_0001_0173" 8496
"/Engine/EngineMaterials/Substrate/Glints2/dict_0001_0172" 8497
"/Engine/EngineMaterials/Substrate/Glints2/dict_0001_0171" 8498
"../../../Engine/Content/EngineMaterials/Substrate/Glints2/dict_0001_0211.uasset" 8499
"../../../Engine/Content/EngineMaterials/Substrate/Glints2/dict_0001_0209.uasset" 8500
"../../../Engine/Content/EngineMaterials/Substrate/Glints2/dict_0001_0207.uasset" 8501
"../../../Engine/Content/EngineMaterials/Substrate/Glints2/dict_0001_0212.uasset" 8502
"../../../Engine/Content/EngineMaterials/Substrate/Glints2/dict_0001_0206.uasset" 8503
"../../../Engine/Content/EngineMaterials/Substrate/Glints2/dict_0001_0204.uasset" 8504
"../../../Engine/Content/EngineMaterials/Substrate/Glints2/dict_0001_0203.uasset" 8505
"../../../Engine/Content/EngineMaterials/Substrate/Glints2/dict_0001_0205.uasset" 8506
"../../../Engine/Content/EngineMaterials/Substrate/Glints2/dict_0001_0210.uasset" 8507
"../../../Engine/Content/EngineMaterials/Substrate/Glints2/dict_0001_0208.uasset" 8508
"../../../Engine/Content/EngineMaterials/Substrate/Glints2/dict_0001_0213.uasset" 8509
"../../../Engine/Content/EngineMaterials/Substrate/Glints2/dict_0001_0214.uasset" 8510
"../../../Engine/Content/EngineMaterials/Substrate/Glints2/dict_0001_0215.uasset" 8511
"../../../Engine/Content/EngineMaterials/Substrate/Glints2/dict_0001_0216.uasset" 8512
"../../../Engine/Content/EngineMaterials/Substrate/Glints2/dict_0001_0217.uasset" 8513
"../../../Engine/Content/EngineMaterials/Substrate/Glints2/dict_0001_0218.uasset" 8514
"../../../Engine/Content/EngineMaterials/Substrate/Glints2/dict_0001_0219.uasset" 8515
"../../../Engine/Content/EngineMaterials/Substrate/Glints2/dict_0001_0220.uasset" 8516
"../../../Engine/Content/EngineMaterials/Substrate/Glints2/dict_0001_0222.uasset" 8517
"../../../Engine/Content/EngineMaterials/Substrate/Glints2/dict_0001_0224.uasset" 8518
"../../../Engine/Content/EngineMaterials/Substrate/Glints2/dict_0001_0221.uasset" 8519
"../../../Engine/Content/EngineMaterials/Substrate/Glints2/dict_0001_0223.uasset" 8520
"../../../Engine/Content/EngineMaterials/Substrate/Glints2/dict_0001_0225.uasset" 8521
"../../../Engine/Content/EngineMaterials/Substrate/Glints2/dict_0001_0226.uasset" 8522
"../../../Engine/Content/EngineMaterials/Substrate/Glints2/dict_0001_0227.uasset" 8523
"../../../Engine/Content/EngineMaterials/Substrate/Glints2/dict_0001_0228.uasset" 8524
"../../../Engine/Content/EngineMaterials/Substrate/Glints2/dict_0001_0229.uasset" 8525
"../../../Engine/Content/EngineMaterials/Substrate/Glints2/dict_0001_0230.uasset" 8526
"../../../Engine/Content/EngineMaterials/Substrate/Glints2/dict_0001_0231.uasset" 8527
"../../../Engine/Content/EngineMaterials/Substrate/Glints2/dict_0001_0232.uasset" 8528
"../../../Engine/Content/EngineMaterials/Substrate/Glints2/dict_0001_0233.uasset" 8529
"../../../Engine/Content/EngineMaterials/Substrate/Glints2/dict_0001_0234.uasset" 8530
"/Engine/EngineMaterials/Substrate/Glints2/dict_0001_0234" 8531
"/Engine/EngineMaterials/Substrate/Glints2/dict_0001_0233" 8532
"/Engine/EngineMaterials/Substrate/Glints2/dict_0001_0232" 8533
"/Engine/EngineMaterials/Substrate/Glints2/dict_0001_0231" 8534
"/Engine/EngineMaterials/Substrate/Glints2/dict_0001_0230" 8535
"/Engine/EngineMaterials/Substrate/Glints2/dict_0001_0229" 8536
"/Engine/EngineMaterials/Substrate/Glints2/dict_0001_0228" 8537
"/Engine/EngineMaterials/Substrate/Glints2/dict_0001_0227" 8538
"/Engine/EngineMaterials/Substrate/Glints2/dict_0001_0226" 8539
"/Engine/EngineMaterials/Substrate/Glints2/dict_0001_0225" 8540
"/Engine/EngineMaterials/Substrate/Glints2/dict_0001_0224" 8541
"/Engine/EngineMaterials/Substrate/Glints2/dict_0001_0223" 8542
"/Engine/EngineMaterials/Substrate/Glints2/dict_0001_0222" 8543
"/Engine/EngineMaterials/Substrate/Glints2/dict_0001_0221" 8544
"/Engine/EngineMaterials/Substrate/Glints2/dict_0001_0220" 8545
"/Engine/EngineMaterials/Substrate/Glints2/dict_0001_0219" 8546
"/Engine/EngineMaterials/Substrate/Glints2/dict_0001_0218" 8547
"/Engine/EngineMaterials/Substrate/Glints2/dict_0001_0217" 8548
"/Engine/EngineMaterials/Substrate/Glints2/dict_0001_0216" 8549
"/Engine/EngineMaterials/Substrate/Glints2/dict_0001_0215" 8550
"/Engine/EngineMaterials/Substrate/Glints2/dict_0001_0214" 8551
"/Engine/EngineMaterials/Substrate/Glints2/dict_0001_0213" 8552
"/Engine/EngineMaterials/Substrate/Glints2/dict_0001_0212" 8553
"/Engine/EngineMaterials/Substrate/Glints2/dict_0001_0211" 8554
"/Engine/EngineMaterials/Substrate/Glints2/dict_0001_0210" 8555
"/Engine/EngineMaterials/Substrate/Glints2/dict_0001_0209" 8556
"/Engine/EngineMaterials/Substrate/Glints2/dict_0001_0208" 8557
"/Engine/EngineMaterials/Substrate/Glints2/dict_0001_0207" 8558
"/Engine/EngineMaterials/Substrate/Glints2/dict_0001_0206" 8559
"/Engine/EngineMaterials/Substrate/Glints2/dict_0001_0205" 8560
"/Engine/EngineMaterials/Substrate/Glints2/dict_0001_0204" 8561
"/Engine/EngineMaterials/Substrate/Glints2/dict_0001_0203" 8562
"../../../Engine/Content/EngineMaterials/Substrate/Glints2/dict_0001_0235.uasset" 8563
"../../../Engine/Content/EngineMaterials/Substrate/Glints2/dict_0001_0237.uasset" 8564
"../../../Engine/Content/EngineMaterials/Substrate/Glints2/dict_0001_0236.uasset" 8565
"../../../Engine/Content/EngineMaterials/Substrate/Glints2/dict_0001_0240.uasset" 8566
"../../../Engine/Content/EngineMaterials/Substrate/Glints2/dict_0001_0243.uasset" 8567
"../../../Engine/Content/EngineMaterials/Substrate/Glints2/dict_0001_0238.uasset" 8568
"../../../Engine/Content/EngineMaterials/Substrate/Glints2/dict_0001_0239.uasset" 8569
"../../../Engine/Content/EngineMaterials/Substrate/Glints2/dict_0001_0244.uasset" 8570
"../../../Engine/Content/EngineMaterials/Substrate/Glints2/dict_0001_0242.uasset" 8571
"../../../Engine/Content/EngineMaterials/Substrate/Glints2/dict_0001_0241.uasset" 8572
"../../../Engine/Content/EngineMaterials/Substrate/Glints2/dict_0001_0245.uasset" 8573
"../../../Engine/Content/EngineMaterials/Substrate/Glints2/dict_0001_0246.uasset" 8574
"../../../Engine/Content/EngineMaterials/Substrate/Glints2/dict_0001_0247.uasset" 8575
"../../../Engine/Content/EngineMaterials/Substrate/Glints2/dict_0001_0248.uasset" 8576
"../../../Engine/Content/EngineMaterials/Substrate/Glints2/dict_0001_0249.uasset" 8577
"../../../Engine/Content/EngineMaterials/Substrate/Glints2/dict_0001_0251.uasset" 8578
"../../../Engine/Content/EngineMaterials/Substrate/Glints2/dict_0001_0250.uasset" 8579
"../../../Engine/Content/EngineMaterials/Substrate/Glints2/dict_0001_0254.uasset" 8580
"../../../Engine/Content/EngineMaterials/Substrate/Glints2/dict_0001_0253.uasset" 8581
"../../../Engine/Content/EngineMaterials/Substrate/Glints2/dict_0001_0252.uasset" 8582
"../../../Engine/Content/EngineMaterials/Substrate/Glints2/dict_0001_0255.uasset" 8583
"../../../Engine/Content/EngineMaterials/Substrate/Glints2/dict_0002_0001.uasset" 8584
"../../../Engine/Content/EngineMaterials/Substrate/Glints2/dict_0002_0002.uasset" 8585
"../../../Engine/Content/EngineMaterials/Substrate/Glints2/dict_0002_0000.uasset" 8586
"../../../Engine/Content/EngineMaterials/Substrate/Glints2/dict_0002_0004.uasset" 8587
"../../../Engine/Content/EngineMaterials/Substrate/Glints2/dict_0002_0003.uasset" 8588
"../../../Engine/Content/EngineMaterials/Substrate/Glints2/dict_0002_0005.uasset" 8589
"../../../Engine/Content/EngineMaterials/Substrate/Glints2/dict_0002_0007.uasset" 8590
"../../../Engine/Content/EngineMaterials/Substrate/Glints2/dict_0002_0008.uasset" 8591
"../../../Engine/Content/EngineMaterials/Substrate/Glints2/dict_0002_0009.uasset" 8592
"../../../Engine/Content/EngineMaterials/Substrate/Glints2/dict_0002_0010.uasset" 8593
"../../../Engine/Content/EngineMaterials/Substrate/Glints2/dict_0002_0006.uasset" 8594
"/Engine/EngineMaterials/Substrate/Glints2/dict_0002_0010" 8595
"/Engine/EngineMaterials/Substrate/Glints2/dict_0002_0009" 8596
"/Engine/EngineMaterials/Substrate/Glints2/dict_0002_0008" 8597
"/Engine/EngineMaterials/Substrate/Glints2/dict_0002_0007" 8598
"/Engine/EngineMaterials/Substrate/Glints2/dict_0002_0006" 8599
"/Engine/EngineMaterials/Substrate/Glints2/dict_0002_0005" 8600
"/Engine/EngineMaterials/Substrate/Glints2/dict_0002_0004" 8601
"/Engine/EngineMaterials/Substrate/Glints2/dict_0002_0003" 8602
"/Engine/EngineMaterials/Substrate/Glints2/dict_0002_0002" 8603
"/Engine/EngineMaterials/Substrate/Glints2/dict_0002_0001" 8604
"/Engine/EngineMaterials/Substrate/Glints2/dict_0002_0000" 8605
"/Engine/EngineMaterials/Substrate/Glints2/dict_0001_0255" 8606
"/Engine/EngineMaterials/Substrate/Glints2/dict_0001_0254" 8607
"/Engine/EngineMaterials/Substrate/Glints2/dict_0001_0253" 8608
"/Engine/EngineMaterials/Substrate/Glints2/dict_0001_0252" 8609
"/Engine/EngineMaterials/Substrate/Glints2/dict_0001_0251" 8610
"/Engine/EngineMaterials/Substrate/Glints2/dict_0001_0250" 8611
"/Engine/EngineMaterials/Substrate/Glints2/dict_0001_0249" 8612
"/Engine/EngineMaterials/Substrate/Glints2/dict_0001_0248" 8613
"/Engine/EngineMaterials/Substrate/Glints2/dict_0001_0247" 8614
"/Engine/EngineMaterials/Substrate/Glints2/dict_0001_0246" 8615
"/Engine/EngineMaterials/Substrate/Glints2/dict_0001_0245" 8616
"/Engine/EngineMaterials/Substrate/Glints2/dict_0001_0244" 8617
"/Engine/EngineMaterials/Substrate/Glints2/dict_0001_0243" 8618
"/Engine/EngineMaterials/Substrate/Glints2/dict_0001_0242" 8619
"/Engine/EngineMaterials/Substrate/Glints2/dict_0001_0241" 8620
"/Engine/EngineMaterials/Substrate/Glints2/dict_0001_0240" 8621
"/Engine/EngineMaterials/Substrate/Glints2/dict_0001_0239" 8622
"/Engine/EngineMaterials/Substrate/Glints2/dict_0001_0238" 8623
"/Engine/EngineMaterials/Substrate/Glints2/dict_0001_0237" 8624
"/Engine/EngineMaterials/Substrate/Glints2/dict_0001_0236" 8625
"/Engine/EngineMaterials/Substrate/Glints2/dict_0001_0235" 8626
"../../../Engine/Content/EngineMaterials/Substrate/Glints2/dict_0002_0012.uasset" 8627
"../../../Engine/Content/EngineMaterials/Substrate/Glints2/dict_0002_0015.uasset" 8628
"../../../Engine/Content/EngineMaterials/Substrate/Glints2/dict_0002_0013.uasset" 8629
"../../../Engine/Content/EngineMaterials/Substrate/Glints2/dict_0002_0018.uasset" 8630
"../../../Engine/Content/EngineMaterials/Substrate/Glints2/dict_0002_0014.uasset" 8631
"../../../Engine/Content/EngineMaterials/Substrate/Glints2/dict_0002_0017.uasset" 8632
"../../../Engine/Content/EngineMaterials/Substrate/Glints2/dict_0002_0020.uasset" 8633
"../../../Engine/Content/EngineMaterials/Substrate/Glints2/dict_0002_0019.uasset" 8634
"../../../Engine/Content/EngineMaterials/Substrate/Glints2/dict_0002_0011.uasset" 8635
"../../../Engine/Content/EngineMaterials/Substrate/Glints2/dict_0002_0016.uasset" 8636
"../../../Engine/Content/EngineMaterials/Substrate/Glints2/dict_0002_0022.uasset" 8637
"../../../Engine/Content/EngineMaterials/Substrate/Glints2/dict_0002_0021.uasset" 8638
"../../../Engine/Content/EngineMaterials/Substrate/Glints2/dict_0002_0024.uasset" 8639
"../../../Engine/Content/EngineMaterials/Substrate/Glints2/dict_0002_0025.uasset" 8640
"../../../Engine/Content/EngineMaterials/Substrate/Glints2/dict_0002_0026.uasset" 8641
"../../../Engine/Content/EngineMaterials/Substrate/Glints2/dict_0002_0023.uasset" 8642
"../../../Engine/Content/EngineMaterials/Substrate/Glints2/dict_0002_0027.uasset" 8643
"../../../Engine/Content/EngineMaterials/Substrate/Glints2/dict_0002_0028.uasset" 8644
"../../../Engine/Content/EngineMaterials/Substrate/Glints2/dict_0002_0029.uasset" 8645
"../../../Engine/Content/EngineMaterials/Substrate/Glints2/dict_0002_0030.uasset" 8646
"../../../Engine/Content/EngineMaterials/Substrate/Glints2/dict_0002_0032.uasset" 8647
"../../../Engine/Content/EngineMaterials/Substrate/Glints2/dict_0002_0031.uasset" 8648
"../../../Engine/Content/EngineMaterials/Substrate/Glints2/dict_0002_0034.uasset" 8649
"../../../Engine/Content/EngineMaterials/Substrate/Glints2/dict_0002_0036.uasset" 8650
"../../../Engine/Content/EngineMaterials/Substrate/Glints2/dict_0002_0035.uasset" 8651
"../../../Engine/Content/EngineMaterials/Substrate/Glints2/dict_0002_0033.uasset" 8652
"../../../Engine/Content/EngineMaterials/Substrate/Glints2/dict_0002_0037.uasset" 8653
"../../../Engine/Content/EngineMaterials/Substrate/Glints2/dict_0002_0038.uasset" 8654
"../../../Engine/Content/EngineMaterials/Substrate/Glints2/dict_0002_0039.uasset" 8655
"../../../Engine/Content/EngineMaterials/Substrate/Glints2/dict_0002_0040.uasset" 8656
"../../../Engine/Content/EngineMaterials/Substrate/Glints2/dict_0002_0041.uasset" 8657
"../../../Engine/Content/EngineMaterials/Substrate/Glints2/dict_0002_0042.uasset" 8658
"D:/UnrealProjects/Aura2/DerivedDataCache/VT/TEXTURE_7C16439390E24F1F9468894FB4D4BC55_VTCHUNK44B429B40BB45A070EB17C1259C28734996A2F49" 8659
"D:/UnrealProjects/Aura2/DerivedDataCache/VT/TEXTURE_7C16439390E24F1F9468894FB4D4BC55_VTCHUNK967C747FFC357A828288FA05D93CD5DCECDA891B" 8660
"D:/UnrealProjects/Aura2/DerivedDataCache/VT/TEXTURE_7C16439390E24F1F9468894FB4D4BC55_VTCHUNKC0393DE8C5B4673D99D1BECB92AA8C1F72FEB491" 8661
"D:/UnrealProjects/Aura2/DerivedDataCache/VT/TEXTURE_7C16439390E24F1F9468894FB4D4BC55_VTCHUNK2A5F9F60441DA258D18B46D59C64D5BAD50E8EE3" 8662
"D:/UnrealProjects/Aura2/DerivedDataCache/VT/TEXTURE_7C16439390E24F1F9468894FB4D4BC55_VTCHUNK02D4C3BCAD7DFA48AB32B8281FB06B8B83DB6275" 8663
"/Engine/EngineMaterials/Substrate/Glints2/dict_0002_0042" 8664
"/Engine/EngineMaterials/Substrate/Glints2/dict_0002_0041" 8665
"/Engine/EngineMaterials/Substrate/Glints2/dict_0002_0040" 8666
"/Engine/EngineMaterials/Substrate/Glints2/dict_0002_0039" 8667
"/Engine/EngineMaterials/Substrate/Glints2/dict_0002_0038" 8668
"/Engine/EngineMaterials/Substrate/Glints2/dict_0002_0037" 8669
"/Engine/EngineMaterials/Substrate/Glints2/dict_0002_0036" 8670
"/Engine/EngineMaterials/Substrate/Glints2/dict_0002_0035" 8671
"/Engine/EngineMaterials/Substrate/Glints2/dict_0002_0034" 8672
"/Engine/EngineMaterials/Substrate/Glints2/dict_0002_0033" 8673
"/Engine/EngineMaterials/Substrate/Glints2/dict_0002_0032" 8674
"/Engine/EngineMaterials/Substrate/Glints2/dict_0002_0031" 8675
"/Engine/EngineMaterials/Substrate/Glints2/dict_0002_0030" 8676
"/Engine/EngineMaterials/Substrate/Glints2/dict_0002_0029" 8677
"/Engine/EngineMaterials/Substrate/Glints2/dict_0002_0028" 8678
"/Engine/EngineMaterials/Substrate/Glints2/dict_0002_0027" 8679
"/Engine/EngineMaterials/Substrate/Glints2/dict_0002_0026" 8680
"/Engine/EngineMaterials/Substrate/Glints2/dict_0002_0025" 8681
"/Engine/EngineMaterials/Substrate/Glints2/dict_0002_0024" 8682
"/Engine/EngineMaterials/Substrate/Glints2/dict_0002_0023" 8683
"/Engine/EngineMaterials/Substrate/Glints2/dict_0002_0022" 8684
"/Engine/EngineMaterials/Substrate/Glints2/dict_0002_0021" 8685
"/Engine/EngineMaterials/Substrate/Glints2/dict_0002_0020" 8686
"/Engine/EngineMaterials/Substrate/Glints2/dict_0002_0019" 8687
"/Engine/EngineMaterials/Substrate/Glints2/dict_0002_0018" 8688
"/Engine/EngineMaterials/Substrate/Glints2/dict_0002_0017" 8689
"/Engine/EngineMaterials/Substrate/Glints2/dict_0002_0016" 8690
"/Engine/EngineMaterials/Substrate/Glints2/dict_0002_0015" 8691
"/Engine/EngineMaterials/Substrate/Glints2/dict_0002_0014" 8692
"/Engine/EngineMaterials/Substrate/Glints2/dict_0002_0013" 8693
"/Engine/EngineMaterials/Substrate/Glints2/dict_0002_0012" 8694
"/Engine/EngineMaterials/Substrate/Glints2/dict_0002_0011" 8695
"../../../Engine/Content/EngineMaterials/Substrate/Glints2/dict_0002_0043.uasset" 8696
"../../../Engine/Content/EngineMaterials/Substrate/Glints2/dict_0002_0047.uasset" 8697
"../../../Engine/Content/EngineMaterials/Substrate/Glints2/dict_0002_0046.uasset" 8698
"../../../Engine/Content/EngineMaterials/Substrate/Glints2/dict_0002_0049.uasset" 8699
"../../../Engine/Content/EngineMaterials/Substrate/Glints2/dict_0002_0048.uasset" 8700
"../../../Engine/Content/EngineMaterials/Substrate/Glints2/dict_0002_0044.uasset" 8701
"../../../Engine/Content/EngineMaterials/Substrate/Glints2/dict_0002_0051.uasset" 8702
"../../../Engine/Content/EngineMaterials/Substrate/Glints2/dict_0002_0050.uasset" 8703
"../../../Engine/Content/EngineMaterials/Substrate/Glints2/dict_0002_0045.uasset" 8704
"../../../Engine/Content/EngineMaterials/Substrate/Glints2/dict_0002_0052.uasset" 8705
"../../../Engine/Content/EngineMaterials/Substrate/Glints2/dict_0002_0053.uasset" 8706
"../../../Engine/Content/EngineMaterials/Substrate/Glints2/dict_0002_0054.uasset" 8707
"../../../Engine/Content/EngineMaterials/Substrate/Glints2/dict_0002_0055.uasset" 8708
"../../../Engine/Content/EngineMaterials/Substrate/Glints2/dict_0002_0056.uasset" 8709
"../../../Engine/Content/EngineMaterials/Substrate/Glints2/dict_0002_0057.uasset" 8710
"../../../Engine/Content/EngineMaterials/Substrate/Glints2/dict_0002_0059.uasset" 8711
"../../../Engine/Content/EngineMaterials/Substrate/Glints2/dict_0002_0060.uasset" 8712
"../../../Engine/Content/EngineMaterials/Substrate/Glints2/dict_0002_0058.uasset" 8713
"../../../Engine/Content/EngineMaterials/Substrate/Glints2/dict_0002_0061.uasset" 8714
"../../../Engine/Content/EngineMaterials/Substrate/Glints2/dict_0002_0062.uasset" 8715
"../../../Engine/Content/EngineMaterials/Substrate/Glints2/dict_0002_0063.uasset" 8716
"../../../Engine/Content/EngineMaterials/Substrate/Glints2/dict_0002_0064.uasset" 8717
"../../../Engine/Content/EngineMaterials/Substrate/Glints2/dict_0002_0065.uasset" 8718
"../../../Engine/Content/EngineMaterials/Substrate/Glints2/dict_0002_0066.uasset" 8719
"../../../Engine/Content/EngineMaterials/Substrate/Glints2/dict_0002_0067.uasset" 8720
"../../../Engine/Content/EngineMaterials/Substrate/Glints2/dict_0002_0070.uasset" 8721
"../../../Engine/Content/EngineMaterials/Substrate/Glints2/dict_0002_0068.uasset" 8722
"../../../Engine/Content/EngineMaterials/Substrate/Glints2/dict_0002_0071.uasset" 8723
"../../../Engine/Content/EngineMaterials/Substrate/Glints2/dict_0002_0072.uasset" 8724
"../../../Engine/Content/EngineMaterials/Substrate/Glints2/dict_0002_0069.uasset" 8725
"../../../Engine/Content/EngineMaterials/Substrate/Glints2/dict_0002_0073.uasset" 8726
"../../../Engine/Content/EngineMaterials/Substrate/Glints2/dict_0002_0074.uasset" 8727
"/Engine/EngineMaterials/Substrate/Glints2/dict_0002_0074" 8728
"/Engine/EngineMaterials/Substrate/Glints2/dict_0002_0073" 8729
"/Engine/EngineMaterials/Substrate/Glints2/dict_0002_0072" 8730
"/Engine/EngineMaterials/Substrate/Glints2/dict_0002_0071" 8731
"/Engine/EngineMaterials/Substrate/Glints2/dict_0002_0070" 8732
"/Engine/EngineMaterials/Substrate/Glints2/dict_0002_0069" 8733
"/Engine/EngineMaterials/Substrate/Glints2/dict_0002_0068" 8734
"/Engine/EngineMaterials/Substrate/Glints2/dict_0002_0067" 8735
"/Engine/EngineMaterials/Substrate/Glints2/dict_0002_0066" 8736
"/Engine/EngineMaterials/Substrate/Glints2/dict_0002_0065" 8737
"/Engine/EngineMaterials/Substrate/Glints2/dict_0002_0064" 8738
"/Engine/EngineMaterials/Substrate/Glints2/dict_0002_0063" 8739
"/Engine/EngineMaterials/Substrate/Glints2/dict_0002_0062" 8740
"/Engine/EngineMaterials/Substrate/Glints2/dict_0002_0061" 8741
"/Engine/EngineMaterials/Substrate/Glints2/dict_0002_0060" 8742
"/Engine/EngineMaterials/Substrate/Glints2/dict_0002_0059" 8743
"/Engine/EngineMaterials/Substrate/Glints2/dict_0002_0058" 8744
"/Engine/EngineMaterials/Substrate/Glints2/dict_0002_0057" 8745
"/Engine/EngineMaterials/Substrate/Glints2/dict_0002_0056" 8746
"/Engine/EngineMaterials/Substrate/Glints2/dict_0002_0055" 8747
"/Engine/EngineMaterials/Substrate/Glints2/dict_0002_0054" 8748
"/Engine/EngineMaterials/Substrate/Glints2/dict_0002_0053" 8749
"/Engine/EngineMaterials/Substrate/Glints2/dict_0002_0052" 8750
"/Engine/EngineMaterials/Substrate/Glints2/dict_0002_0051" 8751
"/Engine/EngineMaterials/Substrate/Glints2/dict_0002_0050" 8752
"/Engine/EngineMaterials/Substrate/Glints2/dict_0002_0049" 8753
"/Engine/EngineMaterials/Substrate/Glints2/dict_0002_0048" 8754
"/Engine/EngineMaterials/Substrate/Glints2/dict_0002_0047" 8755
"/Engine/EngineMaterials/Substrate/Glints2/dict_0002_0046" 8756
"/Engine/EngineMaterials/Substrate/Glints2/dict_0002_0045" 8757
"/Engine/EngineMaterials/Substrate/Glints2/dict_0002_0044" 8758
"/Engine/EngineMaterials/Substrate/Glints2/dict_0002_0043" 8759
"../../../Engine/Content/EngineMaterials/Substrate/Glints2/dict_0002_0076.uasset" 8760
"../../../Engine/Content/EngineMaterials/Substrate/Glints2/dict_0002_0075.uasset" 8761
"../../../Engine/Content/EngineMaterials/Substrate/Glints2/dict_0002_0077.uasset" 8762
"../../../Engine/Content/EngineMaterials/Substrate/Glints2/dict_0002_0078.uasset" 8763
"../../../Engine/Content/EngineMaterials/Substrate/Glints2/dict_0002_0079.uasset" 8764
"../../../Engine/Content/EngineMaterials/Substrate/Glints2/dict_0002_0082.uasset" 8765
"../../../Engine/Content/EngineMaterials/Substrate/Glints2/dict_0002_0081.uasset" 8766
"../../../Engine/Content/EngineMaterials/Substrate/Glints2/dict_0002_0080.uasset" 8767
"../../../Engine/Content/EngineMaterials/Substrate/Glints2/dict_0002_0083.uasset" 8768
"../../../Engine/Content/EngineMaterials/Substrate/Glints2/dict_0002_0084.uasset" 8769
"../../../Engine/Content/EngineMaterials/Substrate/Glints2/dict_0002_0086.uasset" 8770
"../../../Engine/Content/EngineMaterials/Substrate/Glints2/dict_0002_0085.uasset" 8771
"../../../Engine/Content/EngineMaterials/Substrate/Glints2/dict_0002_0087.uasset" 8772
"../../../Engine/Content/EngineMaterials/Substrate/Glints2/dict_0002_0090.uasset" 8773
"../../../Engine/Content/EngineMaterials/Substrate/Glints2/dict_0002_0088.uasset" 8774
"../../../Engine/Content/EngineMaterials/Substrate/Glints2/dict_0002_0089.uasset" 8775
"../../../Engine/Content/EngineMaterials/Substrate/Glints2/dict_0002_0091.uasset" 8776
"../../../Engine/Content/EngineMaterials/Substrate/Glints2/dict_0002_0092.uasset" 8777
"../../../Engine/Content/EngineMaterials/Substrate/Glints2/dict_0002_0093.uasset" 8778
"../../../Engine/Content/EngineMaterials/Substrate/Glints2/dict_0002_0094.uasset" 8779
"../../../Engine/Content/EngineMaterials/Substrate/Glints2/dict_0002_0095.uasset" 8780
"../../../Engine/Content/EngineMaterials/Substrate/Glints2/dict_0002_0096.uasset" 8781
"../../../Engine/Content/EngineMaterials/Substrate/Glints2/dict_0002_0097.uasset" 8782
"../../../Engine/Content/EngineMaterials/Substrate/Glints2/dict_0002_0099.uasset" 8783
"../../../Engine/Content/EngineMaterials/Substrate/Glints2/dict_0002_0098.uasset" 8784
"../../../Engine/Content/EngineMaterials/Substrate/Glints2/dict_0002_0101.uasset" 8785
"../../../Engine/Content/EngineMaterials/Substrate/Glints2/dict_0002_0102.uasset" 8786
"../../../Engine/Content/EngineMaterials/Substrate/Glints2/dict_0002_0103.uasset" 8787
"../../../Engine/Content/EngineMaterials/Substrate/Glints2/dict_0002_0100.uasset" 8788
"../../../Engine/Content/EngineMaterials/Substrate/Glints2/dict_0002_0104.uasset" 8789
"../../../Engine/Content/EngineMaterials/Substrate/Glints2/dict_0002_0105.uasset" 8790
"../../../Engine/Content/EngineMaterials/Substrate/Glints2/dict_0002_0106.uasset" 8791
"/Engine/EngineMaterials/Substrate/Glints2/dict_0002_0106" 8792
"/Engine/EngineMaterials/Substrate/Glints2/dict_0002_0105" 8793
"/Engine/EngineMaterials/Substrate/Glints2/dict_0002_0104" 8794
"/Engine/EngineMaterials/Substrate/Glints2/dict_0002_0103" 8795
"/Engine/EngineMaterials/Substrate/Glints2/dict_0002_0102" 8796
"/Engine/EngineMaterials/Substrate/Glints2/dict_0002_0101" 8797
"/Engine/EngineMaterials/Substrate/Glints2/dict_0002_0100" 8798
"/Engine/EngineMaterials/Substrate/Glints2/dict_0002_0099" 8799
"/Engine/EngineMaterials/Substrate/Glints2/dict_0002_0098" 8800
"/Engine/EngineMaterials/Substrate/Glints2/dict_0002_0097" 8801
"/Engine/EngineMaterials/Substrate/Glints2/dict_0002_0096" 8802
"/Engine/EngineMaterials/Substrate/Glints2/dict_0002_0095" 8803
"/Engine/EngineMaterials/Substrate/Glints2/dict_0002_0094" 8804
"/Engine/EngineMaterials/Substrate/Glints2/dict_0002_0093" 8805
"/Engine/EngineMaterials/Substrate/Glints2/dict_0002_0092" 8806
"/Engine/EngineMaterials/Substrate/Glints2/dict_0002_0091" 8807
"/Engine/EngineMaterials/Substrate/Glints2/dict_0002_0090" 8808
"/Engine/EngineMaterials/Substrate/Glints2/dict_0002_0089" 8809
"/Engine/EngineMaterials/Substrate/Glints2/dict_0002_0088" 8810
"/Engine/EngineMaterials/Substrate/Glints2/dict_0002_0087" 8811
"/Engine/EngineMaterials/Substrate/Glints2/dict_0002_0086" 8812
"/Engine/EngineMaterials/Substrate/Glints2/dict_0002_0085" 8813
"/Engine/EngineMaterials/Substrate/Glints2/dict_0002_0084" 8814
"/Engine/EngineMaterials/Substrate/Glints2/dict_0002_0083" 8815
"/Engine/EngineMaterials/Substrate/Glints2/dict_0002_0082" 8816
"/Engine/EngineMaterials/Substrate/Glints2/dict_0002_0081" 8817
"/Engine/EngineMaterials/Substrate/Glints2/dict_0002_0080" 8818
"/Engine/EngineMaterials/Substrate/Glints2/dict_0002_0079" 8819
"/Engine/EngineMaterials/Substrate/Glints2/dict_0002_0078" 8820
"/Engine/EngineMaterials/Substrate/Glints2/dict_0002_0077" 8821
"/Engine/EngineMaterials/Substrate/Glints2/dict_0002_0076" 8822
"/Engine/EngineMaterials/Substrate/Glints2/dict_0002_0075" 8823
"../../../Engine/Content/EngineMaterials/Substrate/Glints2/dict_0002_0110.uasset" 8824
"../../../Engine/Content/EngineMaterials/Substrate/Glints2/dict_0002_0113.uasset" 8825
"../../../Engine/Content/EngineMaterials/Substrate/Glints2/dict_0002_0108.uasset" 8826
"../../../Engine/Content/EngineMaterials/Substrate/Glints2/dict_0002_0114.uasset" 8827
"../../../Engine/Content/EngineMaterials/Substrate/Glints2/dict_0002_0115.uasset" 8828
"../../../Engine/Content/EngineMaterials/Substrate/Glints2/dict_0002_0111.uasset" 8829
"../../../Engine/Content/EngineMaterials/Substrate/Glints2/dict_0002_0107.uasset" 8830
"../../../Engine/Content/EngineMaterials/Substrate/Glints2/dict_0002_0109.uasset" 8831
"../../../Engine/Content/EngineMaterials/Substrate/Glints2/dict_0002_0116.uasset" 8832
"../../../Engine/Content/EngineMaterials/Substrate/Glints2/dict_0002_0112.uasset" 8833
"../../../Engine/Content/EngineMaterials/Substrate/Glints2/dict_0002_0117.uasset" 8834
"../../../Engine/Content/EngineMaterials/Substrate/Glints2/dict_0002_0118.uasset" 8835
"../../../Engine/Content/EngineMaterials/Substrate/Glints2/dict_0002_0119.uasset" 8836
"../../../Engine/Content/EngineMaterials/Substrate/Glints2/dict_0002_0121.uasset" 8837
"../../../Engine/Content/EngineMaterials/Substrate/Glints2/dict_0002_0122.uasset" 8838
"../../../Engine/Content/EngineMaterials/Substrate/Glints2/dict_0002_0120.uasset" 8839
"../../../Engine/Content/EngineMaterials/Substrate/Glints2/dict_0002_0123.uasset" 8840
"../../../Engine/Content/EngineMaterials/Substrate/Glints2/dict_0002_0124.uasset" 8841
"../../../Engine/Content/EngineMaterials/Substrate/Glints2/dict_0002_0125.uasset" 8842
"../../../Engine/Content/EngineMaterials/Substrate/Glints2/dict_0002_0126.uasset" 8843
"../../../Engine/Content/EngineMaterials/Substrate/Glints2/dict_0002_0127.uasset" 8844
"../../../Engine/Content/EngineMaterials/Substrate/Glints2/dict_0002_0128.uasset" 8845
"../../../Engine/Content/EngineMaterials/Substrate/Glints2/dict_0002_0129.uasset" 8846
"../../../Engine/Content/EngineMaterials/Substrate/Glints2/dict_0002_0130.uasset" 8847
"../../../Engine/Content/EngineMaterials/Substrate/Glints2/dict_0002_0132.uasset" 8848
"../../../Engine/Content/EngineMaterials/Substrate/Glints2/dict_0002_0131.uasset" 8849
"../../../Engine/Content/EngineMaterials/Substrate/Glints2/dict_0002_0133.uasset" 8850
"../../../Engine/Content/EngineMaterials/Substrate/Glints2/dict_0002_0136.uasset" 8851
"../../../Engine/Content/EngineMaterials/Substrate/Glints2/dict_0002_0137.uasset" 8852
"../../../Engine/Content/EngineMaterials/Substrate/Glints2/dict_0002_0138.uasset" 8853
"../../../Engine/Content/EngineMaterials/Substrate/Glints2/dict_0002_0134.uasset" 8854
"../../../Engine/Content/EngineMaterials/Substrate/Glints2/dict_0002_0135.uasset" 8855
"/Engine/EngineMaterials/Substrate/Glints2/dict_0002_0138" 8856
"/Engine/EngineMaterials/Substrate/Glints2/dict_0002_0137" 8857
"/Engine/EngineMaterials/Substrate/Glints2/dict_0002_0136" 8858
"/Engine/EngineMaterials/Substrate/Glints2/dict_0002_0135" 8859
"/Engine/EngineMaterials/Substrate/Glints2/dict_0002_0134" 8860
"/Engine/EngineMaterials/Substrate/Glints2/dict_0002_0133" 8861
"/Engine/EngineMaterials/Substrate/Glints2/dict_0002_0132" 8862
"/Engine/EngineMaterials/Substrate/Glints2/dict_0002_0131" 8863
"/Engine/EngineMaterials/Substrate/Glints2/dict_0002_0130" 8864
"/Engine/EngineMaterials/Substrate/Glints2/dict_0002_0129" 8865
"/Engine/EngineMaterials/Substrate/Glints2/dict_0002_0128" 8866
"/Engine/EngineMaterials/Substrate/Glints2/dict_0002_0127" 8867
"/Engine/EngineMaterials/Substrate/Glints2/dict_0002_0126" 8868
"/Engine/EngineMaterials/Substrate/Glints2/dict_0002_0125" 8869
"/Engine/EngineMaterials/Substrate/Glints2/dict_0002_0124" 8870
"/Engine/EngineMaterials/Substrate/Glints2/dict_0002_0123" 8871
"/Engine/EngineMaterials/Substrate/Glints2/dict_0002_0122" 8872
"/Engine/EngineMaterials/Substrate/Glints2/dict_0002_0121" 8873
"/Engine/EngineMaterials/Substrate/Glints2/dict_0002_0120" 8874
"/Engine/EngineMaterials/Substrate/Glints2/dict_0002_0119" 8875
"/Engine/EngineMaterials/Substrate/Glints2/dict_0002_0118" 8876
"/Engine/EngineMaterials/Substrate/Glints2/dict_0002_0117" 8877
"/Engine/EngineMaterials/Substrate/Glints2/dict_0002_0116" 8878
"/Engine/EngineMaterials/Substrate/Glints2/dict_0002_0115" 8879
"/Engine/EngineMaterials/Substrate/Glints2/dict_0002_0114" 8880
"/Engine/EngineMaterials/Substrate/Glints2/dict_0002_0113" 8881
"/Engine/EngineMaterials/Substrate/Glints2/dict_0002_0112" 8882
"/Engine/EngineMaterials/Substrate/Glints2/dict_0002_0111" 8883
"/Engine/EngineMaterials/Substrate/Glints2/dict_0002_0110" 8884
"/Engine/EngineMaterials/Substrate/Glints2/dict_0002_0109" 8885
"/Engine/EngineMaterials/Substrate/Glints2/dict_0002_0108" 8886
"/Engine/EngineMaterials/Substrate/Glints2/dict_0002_0107" 8887
"../../../Engine/Content/EngineMaterials/Substrate/Glints2/dict_0002_0141.uasset" 8888
"../../../Engine/Content/EngineMaterials/Substrate/Glints2/dict_0002_0139.uasset" 8889
"../../../Engine/Content/EngineMaterials/Substrate/Glints2/dict_0002_0140.uasset" 8890
"../../../Engine/Content/EngineMaterials/Substrate/Glints2/dict_0002_0146.uasset" 8891
"../../../Engine/Content/EngineMaterials/Substrate/Glints2/dict_0002_0144.uasset" 8892
"../../../Engine/Content/EngineMaterials/Substrate/Glints2/dict_0002_0147.uasset" 8893
"../../../Engine/Content/EngineMaterials/Substrate/Glints2/dict_0002_0143.uasset" 8894
"../../../Engine/Content/EngineMaterials/Substrate/Glints2/dict_0002_0148.uasset" 8895
"../../../Engine/Content/EngineMaterials/Substrate/Glints2/dict_0002_0142.uasset" 8896
"../../../Engine/Content/EngineMaterials/Substrate/Glints2/dict_0002_0145.uasset" 8897
"../../../Engine/Content/EngineMaterials/Substrate/Glints2/dict_0002_0150.uasset" 8898
"../../../Engine/Content/EngineMaterials/Substrate/Glints2/dict_0002_0149.uasset" 8899
"../../../Engine/Content/EngineMaterials/Substrate/Glints2/dict_0002_0151.uasset" 8900
"../../../Engine/Content/EngineMaterials/Substrate/Glints2/dict_0002_0153.uasset" 8901
"../../../Engine/Content/EngineMaterials/Substrate/Glints2/dict_0002_0152.uasset" 8902
"../../../Engine/Content/EngineMaterials/Substrate/Glints2/dict_0002_0154.uasset" 8903
"../../../Engine/Content/EngineMaterials/Substrate/Glints2/dict_0002_0155.uasset" 8904
"../../../Engine/Content/EngineMaterials/Substrate/Glints2/dict_0002_0156.uasset" 8905
"../../../Engine/Content/EngineMaterials/Substrate/Glints2/dict_0002_0157.uasset" 8906
"../../../Engine/Content/EngineMaterials/Substrate/Glints2/dict_0002_0158.uasset" 8907
"../../../Engine/Content/EngineMaterials/Substrate/Glints2/dict_0002_0159.uasset" 8908
"../../../Engine/Content/EngineMaterials/Substrate/Glints2/dict_0002_0160.uasset" 8909
"../../../Engine/Content/EngineMaterials/Substrate/Glints2/dict_0002_0164.uasset" 8910
"../../../Engine/Content/EngineMaterials/Substrate/Glints2/dict_0002_0161.uasset" 8911
"../../../Engine/Content/EngineMaterials/Substrate/Glints2/dict_0002_0162.uasset" 8912
"../../../Engine/Content/EngineMaterials/Substrate/Glints2/dict_0002_0163.uasset" 8913
"../../../Engine/Content/EngineMaterials/Substrate/Glints2/dict_0002_0166.uasset" 8914
"../../../Engine/Content/EngineMaterials/Substrate/Glints2/dict_0002_0165.uasset" 8915
"../../../Engine/Content/EngineMaterials/Substrate/Glints2/dict_0002_0168.uasset" 8916
"../../../Engine/Content/EngineMaterials/Substrate/Glints2/dict_0002_0167.uasset" 8917
"/Engine/EngineMaterials/Substrate/Glints2/dict_0002_0158" 8918
"/Engine/EngineMaterials/Substrate/Glints2/dict_0002_0157" 8919
"/Engine/EngineMaterials/Substrate/Glints2/dict_0002_0156" 8920
"/Engine/EngineMaterials/Substrate/Glints2/dict_0002_0155" 8921
"/Engine/EngineMaterials/Substrate/Glints2/dict_0002_0154" 8922
"/Engine/EngineMaterials/Substrate/Glints2/dict_0002_0153" 8923
"/Engine/EngineMaterials/Substrate/Glints2/dict_0002_0152" 8924
"/Engine/EngineMaterials/Substrate/Glints2/dict_0002_0151" 8925
"/Engine/EngineMaterials/Substrate/Glints2/dict_0002_0150" 8926
"/Engine/EngineMaterials/Substrate/Glints2/dict_0002_0149" 8927
"/Engine/EngineMaterials/Substrate/Glints2/dict_0002_0148" 8928
"/Engine/EngineMaterials/Substrate/Glints2/dict_0002_0147" 8929
"/Engine/EngineMaterials/Substrate/Glints2/dict_0002_0146" 8930
"/Engine/EngineMaterials/Substrate/Glints2/dict_0002_0145" 8931
"/Engine/EngineMaterials/Substrate/Glints2/dict_0002_0144" 8932
"/Engine/EngineMaterials/Substrate/Glints2/dict_0002_0143" 8933
"/Engine/EngineMaterials/Substrate/Glints2/dict_0002_0142" 8934
"/Engine/EngineMaterials/Substrate/Glints2/dict_0002_0141" 8935
"/Engine/EngineMaterials/Substrate/Glints2/dict_0002_0140" 8936
"../../../Engine/Content/EngineMaterials/Substrate/Glints2/dict_0002_0169.uasset" 8937
"/Engine/EngineMaterials/Substrate/Glints2/dict_0002_0139" 8938
"../../../Engine/Content/EngineMaterials/Substrate/Glints2/dict_0002_0170.uasset" 8939
"/Engine/EngineMaterials/Substrate/Glints2/dict_0002_0160" 8940
"/Engine/EngineMaterials/Substrate/Glints2/dict_0002_0159" 8941
"../../../Engine/Content/EngineMaterials/Substrate/Glints2/dict_0002_0178.uasset" 8942
"../../../Engine/Content/EngineMaterials/Substrate/Glints2/dict_0002_0175.uasset" 8943
"../../../Engine/Content/EngineMaterials/Substrate/Glints2/dict_0002_0173.uasset" 8944
"../../../Engine/Content/EngineMaterials/Substrate/Glints2/dict_0002_0174.uasset" 8945
"../../../Engine/Content/EngineMaterials/Substrate/Glints2/dict_0002_0176.uasset" 8946
"../../../Engine/Content/EngineMaterials/Substrate/Glints2/dict_0002_0171.uasset" 8947
"../../../Engine/Content/EngineMaterials/Substrate/Glints2/dict_0002_0172.uasset" 8948
"../../../Engine/Content/EngineMaterials/Substrate/Glints2/dict_0002_0177.uasset" 8949
"../../../Engine/Content/EngineMaterials/Substrate/Glints2/dict_0002_0179.uasset" 8950
"../../../Engine/Content/EngineMaterials/Substrate/Glints2/dict_0002_0180.uasset" 8951
"../../../Engine/Content/EngineMaterials/Substrate/Glints2/dict_0002_0182.uasset" 8952
"../../../Engine/Content/EngineMaterials/Substrate/Glints2/dict_0002_0181.uasset" 8953
"../../../Engine/Content/EngineMaterials/Substrate/Glints2/dict_0002_0183.uasset" 8954
"../../../Engine/Content/EngineMaterials/Substrate/Glints2/dict_0002_0184.uasset" 8955
"../../../Engine/Content/EngineMaterials/Substrate/Glints2/dict_0002_0185.uasset" 8956
"../../../Engine/Content/EngineMaterials/Substrate/Glints2/dict_0002_0186.uasset" 8957
"../../../Engine/Content/EngineMaterials/Substrate/Glints2/dict_0002_0187.uasset" 8958
"../../../Engine/Content/EngineMaterials/Substrate/Glints2/dict_0002_0188.uasset" 8959
"../../../Engine/Content/EngineMaterials/Substrate/Glints2/dict_0002_0190.uasset" 8960
"../../../Engine/Content/EngineMaterials/Substrate/Glints2/dict_0002_0189.uasset" 8961
"../../../Engine/Content/EngineMaterials/Substrate/Glints2/dict_0002_0192.uasset" 8962
"../../../Engine/Content/EngineMaterials/Substrate/Glints2/dict_0002_0191.uasset" 8963
"/Engine/EngineMaterials/Substrate/Glints2/dict_0002_0170" 8964
"/Engine/EngineMaterials/Substrate/Glints2/dict_0002_0169" 8965
"/Engine/EngineMaterials/Substrate/Glints2/dict_0002_0168" 8966
"/Engine/EngineMaterials/Substrate/Glints2/dict_0002_0167" 8967
"/Engine/EngineMaterials/Substrate/Glints2/dict_0002_0166" 8968
"/Engine/EngineMaterials/Substrate/Glints2/dict_0002_0165" 8969
"/Engine/EngineMaterials/Substrate/Glints2/dict_0002_0164" 8970
"/Engine/EngineMaterials/Substrate/Glints2/dict_0002_0163" 8971
"/Engine/EngineMaterials/Substrate/Glints2/dict_0002_0162" 8972
"/Engine/EngineMaterials/Substrate/Glints2/dict_0002_0161" 8973
"/Engine/EngineMaterials/Substrate/Glints2/dict_0002_0190" 8974
"/Engine/EngineMaterials/Substrate/Glints2/dict_0002_0189" 8975
"/Engine/EngineMaterials/Substrate/Glints2/dict_0002_0188" 8976
"/Engine/EngineMaterials/Substrate/Glints2/dict_0002_0187" 8977
"/Engine/EngineMaterials/Substrate/Glints2/dict_0002_0186" 8978
"/Engine/EngineMaterials/Substrate/Glints2/dict_0002_0185" 8979
"/Engine/EngineMaterials/Substrate/Glints2/dict_0002_0184" 8980
"/Engine/EngineMaterials/Substrate/Glints2/dict_0002_0183" 8981
"/Engine/EngineMaterials/Substrate/Glints2/dict_0002_0182" 8982
"/Engine/EngineMaterials/Substrate/Glints2/dict_0002_0181" 8983
"/Engine/EngineMaterials/Substrate/Glints2/dict_0002_0180" 8984
"/Engine/EngineMaterials/Substrate/Glints2/dict_0002_0179" 8985
"/Engine/EngineMaterials/Substrate/Glints2/dict_0002_0178" 8986
"/Engine/EngineMaterials/Substrate/Glints2/dict_0002_0177" 8987
"/Engine/EngineMaterials/Substrate/Glints2/dict_0002_0176" 8988
"/Engine/EngineMaterials/Substrate/Glints2/dict_0002_0175" 8989
"/Engine/EngineMaterials/Substrate/Glints2/dict_0002_0174" 8990
"/Engine/EngineMaterials/Substrate/Glints2/dict_0002_0173" 8991
"/Engine/EngineMaterials/Substrate/Glints2/dict_0002_0172" 8992
"/Engine/EngineMaterials/Substrate/Glints2/dict_0002_0171" 8993
"../../../Engine/Content/EngineMaterials/Substrate/Glints2/dict_0002_0193.uasset" 8994
"../../../Engine/Content/EngineMaterials/Substrate/Glints2/dict_0002_0194.uasset" 8995
"/Engine/EngineMaterials/Substrate/Glints2/dict_0002_0192" 8996
"/Engine/EngineMaterials/Substrate/Glints2/dict_0002_0191" 8997
"../../../Engine/Content/EngineMaterials/Substrate/Glints2/dict_0002_0195.uasset" 8998
"../../../Engine/Content/EngineMaterials/Substrate/Glints2/dict_0002_0196.uasset" 8999
"../../../Engine/Content/EngineMaterials/Substrate/Glints2/dict_0002_0197.uasset" 9000
"../../../Engine/Content/EngineMaterials/Substrate/Glints2/dict_0002_0198.uasset" 9001
"../../../Engine/Content/EngineMaterials/Substrate/Glints2/dict_0002_0200.uasset" 9002
"../../../Engine/Content/EngineMaterials/Substrate/Glints2/dict_0002_0199.uasset" 9003
"../../../Engine/Content/EngineMaterials/Substrate/Glints2/dict_0002_0201.uasset" 9004
"../../../Engine/Content/EngineMaterials/Substrate/Glints2/dict_0002_0202.uasset" 9005
"../../../Engine/Content/EngineMaterials/Substrate/Glints2/dict_0002_0203.uasset" 9006
"../../../Engine/Content/EngineMaterials/Substrate/Glints2/dict_0002_0204.uasset" 9007
"../../../Engine/Content/EngineMaterials/Substrate/Glints2/dict_0002_0205.uasset" 9008
"../../../Engine/Content/EngineMaterials/Substrate/Glints2/dict_0002_0208.uasset" 9009
"../../../Engine/Content/EngineMaterials/Substrate/Glints2/dict_0002_0206.uasset" 9010
"../../../Engine/Content/EngineMaterials/Substrate/Glints2/dict_0002_0207.uasset" 9011
"/Engine/EngineMaterials/Substrate/Glints2/dict_0002_0198" 9012
"/Engine/EngineMaterials/Substrate/Glints2/dict_0002_0197" 9013
"/Engine/EngineMaterials/Substrate/Glints2/dict_0002_0196" 9014
"/Engine/EngineMaterials/Substrate/Glints2/dict_0002_0195" 9015
"/Engine/EngineMaterials/Substrate/Glints2/dict_0002_0194" 9016
"/Engine/EngineMaterials/Substrate/Glints2/dict_0002_0193" 9017
"../../../Engine/Content/EngineMaterials/Substrate/Glints2/dict_0002_0209.uasset" 9018
"../../../Engine/Content/EngineMaterials/Substrate/Glints2/dict_0002_0212.uasset" 9019
"../../../Engine/Content/EngineMaterials/Substrate/Glints2/dict_0002_0210.uasset" 9020
"../../../Engine/Content/EngineMaterials/Substrate/Glints2/dict_0002_0211.uasset" 9021
"../../../Engine/Content/EngineMaterials/Substrate/Glints2/dict_0002_0213.uasset" 9022
"../../../Engine/Content/EngineMaterials/Substrate/Glints2/dict_0002_0214.uasset" 9023
"/Engine/EngineMaterials/Substrate/Glints2/dict_0002_0204" 9024
"../../../Engine/Content/EngineMaterials/Substrate/Glints2/dict_0002_0216.uasset" 9025
"../../../Engine/Content/EngineMaterials/Substrate/Glints2/dict_0002_0218.uasset" 9026
"../../../Engine/Content/EngineMaterials/Substrate/Glints2/dict_0002_0217.uasset" 9027
"../../../Engine/Content/EngineMaterials/Substrate/Glints2/dict_0002_0215.uasset" 9028
"/Engine/EngineMaterials/Substrate/Glints2/dict_0002_0203" 9029
"/Engine/EngineMaterials/Substrate/Glints2/dict_0002_0202" 9030
"/Engine/EngineMaterials/Substrate/Glints2/dict_0002_0201" 9031
"/Engine/EngineMaterials/Substrate/Glints2/dict_0002_0200" 9032
"/Engine/EngineMaterials/Substrate/Glints2/dict_0002_0199" 9033
"/Engine/EngineMaterials/Substrate/Glints2/dict_0002_0208" 9034
"/Engine/EngineMaterials/Substrate/Glints2/dict_0002_0207" 9035
"/Engine/EngineMaterials/Substrate/Glints2/dict_0002_0206" 9036
"/Engine/EngineMaterials/Substrate/Glints2/dict_0002_0205" 9037
"../../../Engine/Content/EngineMaterials/Substrate/Glints2/dict_0002_0220.uasset" 9038
"../../../Engine/Content/EngineMaterials/Substrate/Glints2/dict_0002_0219.uasset" 9039
"../../../Engine/Content/EngineMaterials/Substrate/Glints2/dict_0002_0221.uasset" 9040
"../../../Engine/Content/EngineMaterials/Substrate/Glints2/dict_0002_0223.uasset" 9041
"../../../Engine/Content/EngineMaterials/Substrate/Glints2/dict_0002_0222.uasset" 9042
"../../../Engine/Content/EngineMaterials/Substrate/Glints2/dict_0002_0224.uasset" 9043
"../../../Engine/Content/EngineMaterials/Substrate/Glints2/dict_0002_0225.uasset" 9044
"../../../Engine/Content/EngineMaterials/Substrate/Glints2/dict_0002_0227.uasset" 9045
"../../../Engine/Content/EngineMaterials/Substrate/Glints2/dict_0002_0228.uasset" 9046
"../../../Engine/Content/EngineMaterials/Substrate/Glints2/dict_0002_0226.uasset" 9047
"/Engine/EngineMaterials/Substrate/Glints2/dict_0002_0218" 9048
"../../../Engine/Content/EngineMaterials/Substrate/Glints2/dict_0002_0230.uasset" 9049
"../../../Engine/Content/EngineMaterials/Substrate/Glints2/dict_0002_0231.uasset" 9050
"../../../Engine/Content/EngineMaterials/Substrate/Glints2/dict_0002_0233.uasset" 9051
"../../../Engine/Content/EngineMaterials/Substrate/Glints2/dict_0002_0234.uasset" 9052
"../../../Engine/Content/EngineMaterials/Substrate/Glints2/dict_0002_0232.uasset" 9053
"../../../Engine/Content/EngineMaterials/Substrate/Glints2/dict_0002_0229.uasset" 9054
"/Engine/EngineMaterials/Substrate/Glints2/dict_0002_0217" 9055
"/Engine/EngineMaterials/Substrate/Glints2/dict_0002_0216" 9056
"/Engine/EngineMaterials/Substrate/Glints2/dict_0002_0215" 9057
"../../../Engine/Content/EngineMaterials/Substrate/Glints2/dict_0002_0235.uasset" 9058
"/Engine/EngineMaterials/Substrate/Glints2/dict_0002_0214" 9059
"../../../Engine/Content/EngineMaterials/Substrate/Glints2/dict_0002_0237.uasset" 9060
"../../../Engine/Content/EngineMaterials/Substrate/Glints2/dict_0002_0239.uasset" 9061
"../../../Engine/Content/EngineMaterials/Substrate/Glints2/dict_0002_0240.uasset" 9062
"../../../Engine/Content/EngineMaterials/Substrate/Glints2/dict_0002_0238.uasset" 9063
"../../../Engine/Content/EngineMaterials/Substrate/Glints2/dict_0002_0236.uasset" 9064
"/Engine/EngineMaterials/Substrate/Glints2/dict_0002_0213" 9065
"/Engine/EngineMaterials/Substrate/Glints2/dict_0002_0212" 9066
"/Engine/EngineMaterials/Substrate/Glints2/dict_0002_0211" 9067
"/Engine/EngineMaterials/Substrate/Glints2/dict_0002_0210" 9068
"/Engine/EngineMaterials/Substrate/Glints2/dict_0002_0209" 9069
"../../../Engine/Content/EngineMaterials/Substrate/Glints2/dict_0002_0241.uasset" 9070
"/Engine/EngineMaterials/Substrate/Glints2/dict_0002_0222" 9071
"../../../Engine/Content/EngineMaterials/Substrate/Glints2/dict_0002_0242.uasset" 9072
"../../../Engine/Content/EngineMaterials/Substrate/Glints2/dict_0002_0243.uasset" 9073
"/Engine/EngineMaterials/Substrate/Glints2/dict_0002_0221" 9074
"../../../Engine/Content/EngineMaterials/Substrate/Glints2/dict_0002_0244.uasset" 9075
"../../../Engine/Content/EngineMaterials/Substrate/Glints2/dict_0002_0245.uasset" 9076
"/Engine/EngineMaterials/Substrate/Glints2/dict_0002_0220" 9077
"../../../Engine/Content/EngineMaterials/Substrate/Glints2/dict_0002_0246.uasset" 9078
"../../../Engine/Content/EngineMaterials/Substrate/Glints2/dict_0002_0247.uasset" 9079
"/Engine/EngineMaterials/Substrate/Glints2/dict_0002_0219" 9080
"../../../Engine/Content/EngineMaterials/Substrate/Glints2/dict_0002_0248.uasset" 9081
"../../../Engine/Content/EngineMaterials/Substrate/Glints2/dict_0002_0249.uasset" 9082
"/Engine/EngineMaterials/Substrate/Glints2/dict_0002_0224" 9083
"../../../Engine/Content/EngineMaterials/Substrate/Glints2/dict_0002_0250.uasset" 9084
"/Engine/EngineMaterials/Substrate/Glints2/dict_0002_0223" 9085
"/Engine/EngineMaterials/Substrate/Glints2/dict_0002_0240" 9086
"/Engine/EngineMaterials/Substrate/Glints2/dict_0002_0239" 9087
"/Engine/EngineMaterials/Substrate/Glints2/dict_0002_0238" 9088
"/Engine/EngineMaterials/Substrate/Glints2/dict_0002_0237" 9089
"/Engine/EngineMaterials/Substrate/Glints2/dict_0002_0236" 9090
"/Engine/EngineMaterials/Substrate/Glints2/dict_0002_0235" 9091
"/Engine/EngineMaterials/Substrate/Glints2/dict_0002_0234" 9092
"/Engine/EngineMaterials/Substrate/Glints2/dict_0002_0233" 9093
"/Engine/EngineMaterials/Substrate/Glints2/dict_0002_0232" 9094
"/Engine/EngineMaterials/Substrate/Glints2/dict_0002_0231" 9095
"/Engine/EngineMaterials/Substrate/Glints2/dict_0002_0230" 9096
"/Engine/EngineMaterials/Substrate/Glints2/dict_0002_0229" 9097
"/Engine/EngineMaterials/Substrate/Glints2/dict_0002_0228" 9098
"/Engine/EngineMaterials/Substrate/Glints2/dict_0002_0227" 9099
"/Engine/EngineMaterials/Substrate/Glints2/dict_0002_0226" 9100
"/Engine/EngineMaterials/Substrate/Glints2/dict_0002_0225" 9101
"../../../Engine/Content/EngineMaterials/Substrate/Glints2/dict_0002_0251.uasset" 9102
"/Engine/EngineMaterials/Substrate/Glints2/dict_0002_0250" 9103
"../../../Engine/Content/EngineMaterials/Substrate/Glints2/dict_0003_0000.uasset" 9104
"../../../Engine/Content/EngineMaterials/Substrate/Glints2/dict_0002_0253.uasset" 9105
"../../../Engine/Content/EngineMaterials/Substrate/Glints2/dict_0002_0255.uasset" 9106
"../../../Engine/Content/EngineMaterials/Substrate/Glints2/dict_0002_0254.uasset" 9107
"../../../Engine/Content/EngineMaterials/Substrate/Glints2/dict_0003_0001.uasset" 9108
"../../../Engine/Content/EngineMaterials/Substrate/Glints2/dict_0003_0003.uasset" 9109
"/Engine/EngineMaterials/Substrate/Glints2/dict_0002_0249" 9110
"../../../Engine/Content/EngineMaterials/Substrate/Glints2/dict_0003_0004.uasset" 9111
"../../../Engine/Content/EngineMaterials/Substrate/Glints2/dict_0003_0006.uasset" 9112
"../../../Engine/Content/EngineMaterials/Substrate/Glints2/dict_0003_0008.uasset" 9113
"/Engine/EngineMaterials/Substrate/Glints2/dict_0002_0248" 9114
"../../../Engine/Content/EngineMaterials/Substrate/Glints2/dict_0003_0005.uasset" 9115
"../../../Engine/Content/EngineMaterials/Substrate/Glints2/dict_0003_0009.uasset" 9116
"../../../Engine/Content/EngineMaterials/Substrate/Glints2/dict_0003_0010.uasset" 9117
"../../../Engine/Content/EngineMaterials/Substrate/Glints2/dict_0003_0007.uasset" 9118
"../../../Engine/Content/EngineMaterials/Substrate/Glints2/dict_0003_0011.uasset" 9119
"../../../Engine/Content/EngineMaterials/Substrate/Glints2/dict_0003_0012.uasset" 9120
"/Engine/EngineMaterials/Substrate/Glints2/dict_0002_0247" 9121
"../../../Engine/Content/EngineMaterials/Substrate/Glints2/dict_0003_0013.uasset" 9122
"../../../Engine/Content/EngineMaterials/Substrate/Glints2/dict_0003_0014.uasset" 9123
"../../../Engine/Content/EngineMaterials/Substrate/Glints2/dict_0002_0252.uasset" 9124
"/Engine/EngineMaterials/Substrate/Glints2/dict_0002_0246" 9125
"/Engine/EngineMaterials/Substrate/Glints2/dict_0002_0245" 9126
"../../../Engine/Content/EngineMaterials/Substrate/Glints2/dict_0003_0016.uasset" 9127
"../../../Engine/Content/EngineMaterials/Substrate/Glints2/dict_0003_0015.uasset" 9128
"/Engine/EngineMaterials/Substrate/Glints2/dict_0002_0244" 9129
"/Engine/EngineMaterials/Substrate/Glints2/dict_0002_0243" 9130
"../../../Engine/Content/EngineMaterials/Substrate/Glints2/dict_0003_0002.uasset" 9131
"/Engine/EngineMaterials/Substrate/Glints2/dict_0002_0242" 9132
"/Engine/EngineMaterials/Substrate/Glints2/dict_0002_0241" 9133
"/Engine/EngineMaterials/Substrate/Glints2/dict_0003_0016" 9134
"../../../Engine/Content/EngineMaterials/Substrate/Glints2/dict_0003_0017.uasset" 9135
"../../../Engine/Content/EngineMaterials/Substrate/Glints2/dict_0003_0018.uasset" 9136
"../../../Engine/Content/EngineMaterials/Substrate/Glints2/dict_0003_0021.uasset" 9137
"../../../Engine/Content/EngineMaterials/Substrate/Glints2/dict_0003_0022.uasset" 9138
"../../../Engine/Content/EngineMaterials/Substrate/Glints2/dict_0003_0023.uasset" 9139
"../../../Engine/Content/EngineMaterials/Substrate/Glints2/dict_0003_0020.uasset" 9140
"/Engine/EngineMaterials/Substrate/Glints2/dict_0003_0015" 9141
"../../../Engine/Content/EngineMaterials/Substrate/Glints2/dict_0003_0019.uasset" 9142
"../../../Engine/Content/EngineMaterials/Substrate/Glints2/dict_0003_0026.uasset" 9143
"/Engine/EngineMaterials/Substrate/Glints2/dict_0003_0014" 9144
"../../../Engine/Content/EngineMaterials/Substrate/Glints2/dict_0003_0025.uasset" 9145
"/Engine/EngineMaterials/Substrate/Glints2/dict_0003_0013" 9146
"../../../Engine/Content/EngineMaterials/Substrate/Glints2/dict_0003_0024.uasset" 9147
"/Engine/EngineMaterials/Substrate/Glints2/dict_0003_0012" 9148
"/Engine/EngineMaterials/Substrate/Glints2/dict_0003_0011" 9149
"/Engine/EngineMaterials/Substrate/Glints2/dict_0003_0010" 9150
"/Engine/EngineMaterials/Substrate/Glints2/dict_0003_0009" 9151
"/Engine/EngineMaterials/Substrate/Glints2/dict_0003_0008" 9152
"/Engine/EngineMaterials/Substrate/Glints2/dict_0003_0007" 9153
"/Engine/EngineMaterials/Substrate/Glints2/dict_0003_0006" 9154
"/Engine/EngineMaterials/Substrate/Glints2/dict_0003_0005" 9155
"/Engine/EngineMaterials/Substrate/Glints2/dict_0003_0004" 9156
"/Engine/EngineMaterials/Substrate/Glints2/dict_0003_0003" 9157
"/Engine/EngineMaterials/Substrate/Glints2/dict_0003_0002" 9158
"/Engine/EngineMaterials/Substrate/Glints2/dict_0003_0001" 9159
"/Engine/EngineMaterials/Substrate/Glints2/dict_0003_0000" 9160
"/Engine/EngineMaterials/Substrate/Glints2/dict_0002_0255" 9161
"/Engine/EngineMaterials/Substrate/Glints2/dict_0002_0254" 9162
"/Engine/EngineMaterials/Substrate/Glints2/dict_0002_0253" 9163
"/Engine/EngineMaterials/Substrate/Glints2/dict_0002_0252" 9164
"/Engine/EngineMaterials/Substrate/Glints2/dict_0002_0251" 9165
"/Engine/EngineMaterials/Substrate/Glints2/dict_0003_0026" 9166
"../../../Engine/Content/EngineMaterials/Substrate/Glints2/dict_0003_0027.uasset" 9167
"../../../Engine/Content/EngineMaterials/Substrate/Glints2/dict_0003_0033.uasset" 9168
"../../../Engine/Content/EngineMaterials/Substrate/Glints2/dict_0003_0034.uasset" 9169
"/Engine/EngineMaterials/Substrate/Glints2/dict_0003_0025" 9170
"../../../Engine/Content/EngineMaterials/Substrate/Glints2/dict_0003_0031.uasset" 9171
"../../../Engine/Content/EngineMaterials/Substrate/Glints2/dict_0003_0035.uasset" 9172
"../../../Engine/Content/EngineMaterials/Substrate/Glints2/dict_0003_0030.uasset" 9173
"../../../Engine/Content/EngineMaterials/Substrate/Glints2/dict_0003_0028.uasset" 9174
"../../../Engine/Content/EngineMaterials/Substrate/Glints2/dict_0003_0029.uasset" 9175
"../../../Engine/Content/EngineMaterials/Substrate/Glints2/dict_0003_0032.uasset" 9176
"../../../Engine/Content/EngineMaterials/Substrate/Glints2/dict_0003_0036.uasset" 9177
"/Engine/EngineMaterials/Substrate/Glints2/dict_0003_0024" 9178
"../../../Engine/Content/EngineMaterials/Substrate/Glints2/dict_0003_0037.uasset" 9179
"../../../Engine/Content/EngineMaterials/Substrate/Glints2/dict_0003_0038.uasset" 9180
"/Engine/EngineMaterials/Substrate/Glints2/dict_0003_0023" 9181
"../../../Engine/Content/EngineMaterials/Substrate/Glints2/dict_0003_0040.uasset" 9182
"../../../Engine/Content/EngineMaterials/Substrate/Glints2/dict_0003_0043.uasset" 9183
"../../../Engine/Content/EngineMaterials/Substrate/Glints2/dict_0003_0046.uasset" 9184
"../../../Engine/Content/EngineMaterials/Substrate/Glints2/dict_0003_0042.uasset" 9185
"../../../Engine/Content/EngineMaterials/Substrate/Glints2/dict_0003_0039.uasset" 9186
"../../../Engine/Content/EngineMaterials/Substrate/Glints2/dict_0003_0045.uasset" 9187
"../../../Engine/Content/EngineMaterials/Substrate/Glints2/dict_0003_0041.uasset" 9188
"../../../Engine/Content/EngineMaterials/Substrate/Glints2/dict_0003_0047.uasset" 9189
"../../../Engine/Content/EngineMaterials/Substrate/Glints2/dict_0003_0044.uasset" 9190
"../../../Engine/Content/EngineMaterials/Substrate/Glints2/dict_0003_0048.uasset" 9191
"/Engine/EngineMaterials/Substrate/Glints2/dict_0003_0022" 9192
"/Engine/EngineMaterials/Substrate/Glints2/dict_0003_0021" 9193
"/Engine/EngineMaterials/Substrate/Glints2/dict_0003_0020" 9194
"/Engine/EngineMaterials/Substrate/Glints2/dict_0003_0019" 9195
"/Engine/EngineMaterials/Substrate/Glints2/dict_0003_0018" 9196
"/Engine/EngineMaterials/Substrate/Glints2/dict_0003_0017" 9197
"../../../Engine/Content/EngineMaterials/Substrate/Glints2/dict_0003_0050.uasset" 9198
"/Engine/EngineMaterials/Substrate/Glints2/dict_0003_0048" 9199
"../../../Engine/Content/EngineMaterials/Substrate/Glints2/dict_0003_0049.uasset" 9200
"../../../Engine/Content/EngineMaterials/Substrate/Glints2/dict_0003_0052.uasset" 9201
"../../../Engine/Content/EngineMaterials/Substrate/Glints2/dict_0003_0053.uasset" 9202
"../../../Engine/Content/EngineMaterials/Substrate/Glints2/dict_0003_0051.uasset" 9203
"/Engine/EngineMaterials/Substrate/Glints2/dict_0003_0047" 9204
"../../../Engine/Content/EngineMaterials/Substrate/Glints2/dict_0003_0054.uasset" 9205
"../../../Engine/Content/EngineMaterials/Substrate/Glints2/dict_0003_0056.uasset" 9206
"../../../Engine/Content/EngineMaterials/Substrate/Glints2/dict_0003_0057.uasset" 9207
"../../../Engine/Content/EngineMaterials/Substrate/Glints2/dict_0003_0058.uasset" 9208
"../../../Engine/Content/EngineMaterials/Substrate/Glints2/dict_0003_0055.uasset" 9209
"/Engine/EngineMaterials/Substrate/Glints2/dict_0003_0046" 9210
"/Engine/EngineMaterials/Substrate/Glints2/dict_0003_0045" 9211
"/Engine/EngineMaterials/Substrate/Glints2/dict_0003_0044" 9212
"/Engine/EngineMaterials/Substrate/Glints2/dict_0003_0043" 9213
"/Engine/EngineMaterials/Substrate/Glints2/dict_0003_0042" 9214
"/Engine/EngineMaterials/Substrate/Glints2/dict_0003_0041" 9215
"/Engine/EngineMaterials/Substrate/Glints2/dict_0003_0040" 9216
"/Engine/EngineMaterials/Substrate/Glints2/dict_0003_0039" 9217
"/Engine/EngineMaterials/Substrate/Glints2/dict_0003_0038" 9218
"/Engine/EngineMaterials/Substrate/Glints2/dict_0003_0037" 9219
"/Engine/EngineMaterials/Substrate/Glints2/dict_0003_0036" 9220
"/Engine/EngineMaterials/Substrate/Glints2/dict_0003_0035" 9221
"/Engine/EngineMaterials/Substrate/Glints2/dict_0003_0034" 9222
"/Engine/EngineMaterials/Substrate/Glints2/dict_0003_0033" 9223
"/Engine/EngineMaterials/Substrate/Glints2/dict_0003_0032" 9224
"/Engine/EngineMaterials/Substrate/Glints2/dict_0003_0031" 9225
"/Engine/EngineMaterials/Substrate/Glints2/dict_0003_0030" 9226
"/Engine/EngineMaterials/Substrate/Glints2/dict_0003_0029" 9227
"/Engine/EngineMaterials/Substrate/Glints2/dict_0003_0028" 9228
"/Engine/EngineMaterials/Substrate/Glints2/dict_0003_0027" 9229
"/Engine/EngineMaterials/Substrate/Glints2/dict_0003_0058" 9230
"../../../Engine/Content/EngineMaterials/Substrate/Glints2/dict_0003_0059.uasset" 9231
"../../../Engine/Content/EngineMaterials/Substrate/Glints2/dict_0003_0064.uasset" 9232
"../../../Engine/Content/EngineMaterials/Substrate/Glints2/dict_0003_0067.uasset" 9233
"../../../Engine/Content/EngineMaterials/Substrate/Glints2/dict_0003_0065.uasset" 9234
"../../../Engine/Content/EngineMaterials/Substrate/Glints2/dict_0003_0062.uasset" 9235
"../../../Engine/Content/EngineMaterials/Substrate/Glints2/dict_0003_0061.uasset" 9236
"../../../Engine/Content/EngineMaterials/Substrate/Glints2/dict_0003_0063.uasset" 9237
"../../../Engine/Content/EngineMaterials/Substrate/Glints2/dict_0003_0068.uasset" 9238
"../../../Engine/Content/EngineMaterials/Substrate/Glints2/dict_0003_0066.uasset" 9239
"/Engine/EngineMaterials/Substrate/Glints2/dict_0003_0057" 9240
"../../../Engine/Content/EngineMaterials/Substrate/Glints2/dict_0003_0060.uasset" 9241
"../../../Engine/Content/EngineMaterials/Substrate/Glints2/dict_0003_0069.uasset" 9242
"../../../Engine/Content/EngineMaterials/Substrate/Glints2/dict_0003_0070.uasset" 9243
"../../../Engine/Content/EngineMaterials/Substrate/Glints2/dict_0003_0071.uasset" 9244
"/Engine/EngineMaterials/Substrate/Glints2/dict_0003_0056" 9245
"../../../Engine/Content/EngineMaterials/Substrate/Glints2/dict_0003_0072.uasset" 9246
"../../../Engine/Content/EngineMaterials/Substrate/Glints2/dict_0003_0073.uasset" 9247
"../../../Engine/Content/EngineMaterials/Substrate/Glints2/dict_0003_0075.uasset" 9248
"../../../Engine/Content/EngineMaterials/Substrate/Glints2/dict_0003_0074.uasset" 9249
"../../../Engine/Content/EngineMaterials/Substrate/Glints2/dict_0003_0076.uasset" 9250
"../../../Engine/Content/EngineMaterials/Substrate/Glints2/dict_0003_0077.uasset" 9251
"/Engine/EngineMaterials/Substrate/Glints2/dict_0003_0055" 9252
"../../../Engine/Content/EngineMaterials/Substrate/Glints2/dict_0003_0078.uasset" 9253
"../../../Engine/Content/EngineMaterials/Substrate/Glints2/dict_0003_0079.uasset" 9254
"../../../Engine/Content/EngineMaterials/Substrate/Glints2/dict_0003_0080.uasset" 9255
"/Engine/EngineMaterials/Substrate/Glints2/dict_0003_0054" 9256
"/Engine/EngineMaterials/Substrate/Glints2/dict_0003_0053" 9257
"/Engine/EngineMaterials/Substrate/Glints2/dict_0003_0052" 9258
"/Engine/EngineMaterials/Substrate/Glints2/dict_0003_0051" 9259
"/Engine/EngineMaterials/Substrate/Glints2/dict_0003_0050" 9260
"/Engine/EngineMaterials/Substrate/Glints2/dict_0003_0049" 9261
"/Engine/EngineMaterials/Substrate/Glints2/dict_0003_0080" 9262
"../../../Engine/Content/EngineMaterials/Substrate/Glints2/dict_0003_0081.uasset" 9263
"../../../Engine/Content/EngineMaterials/Substrate/Glints2/dict_0003_0082.uasset" 9264
"../../../Engine/Content/EngineMaterials/Substrate/Glints2/dict_0003_0088.uasset" 9265
"../../../Engine/Content/EngineMaterials/Substrate/Glints2/dict_0003_0085.uasset" 9266
"../../../Engine/Content/EngineMaterials/Substrate/Glints2/dict_0003_0090.uasset" 9267
"/Engine/EngineMaterials/Substrate/Glints2/dict_0003_0079" 9268
"../../../Engine/Content/EngineMaterials/Substrate/Glints2/dict_0003_0084.uasset" 9269
"../../../Engine/Content/EngineMaterials/Substrate/Glints2/dict_0003_0089.uasset" 9270
"../../../Engine/Content/EngineMaterials/Substrate/Glints2/dict_0003_0087.uasset" 9271
"../../../Engine/Content/EngineMaterials/Substrate/Glints2/dict_0003_0083.uasset" 9272
"../../../Engine/Content/EngineMaterials/Substrate/Glints2/dict_0003_0086.uasset" 9273
"/Engine/EngineMaterials/Substrate/Glints2/dict_0003_0078" 9274
"/Engine/EngineMaterials/Substrate/Glints2/dict_0003_0077" 9275
"/Engine/EngineMaterials/Substrate/Glints2/dict_0003_0076" 9276
"/Engine/EngineMaterials/Substrate/Glints2/dict_0003_0075" 9277
"/Engine/EngineMaterials/Substrate/Glints2/dict_0003_0074" 9278
"/Engine/EngineMaterials/Substrate/Glints2/dict_0003_0073" 9279
"/Engine/EngineMaterials/Substrate/Glints2/dict_0003_0072" 9280
"/Engine/EngineMaterials/Substrate/Glints2/dict_0003_0071" 9281
"/Engine/EngineMaterials/Substrate/Glints2/dict_0003_0070" 9282
"/Engine/EngineMaterials/Substrate/Glints2/dict_0003_0069" 9283
"/Engine/EngineMaterials/Substrate/Glints2/dict_0003_0068" 9284
"/Engine/EngineMaterials/Substrate/Glints2/dict_0003_0067" 9285
"/Engine/EngineMaterials/Substrate/Glints2/dict_0003_0066" 9286
"/Engine/EngineMaterials/Substrate/Glints2/dict_0003_0065" 9287
"/Engine/EngineMaterials/Substrate/Glints2/dict_0003_0064" 9288
"/Engine/EngineMaterials/Substrate/Glints2/dict_0003_0063" 9289
"/Engine/EngineMaterials/Substrate/Glints2/dict_0003_0062" 9290
"/Engine/EngineMaterials/Substrate/Glints2/dict_0003_0061" 9291
"/Engine/EngineMaterials/Substrate/Glints2/dict_0003_0060" 9292
"/Engine/EngineMaterials/Substrate/Glints2/dict_0003_0059" 9293
"../../../Engine/Content/EngineMaterials/Substrate/Glints2/dict_0003_0092.uasset" 9294
"../../../Engine/Content/EngineMaterials/Substrate/Glints2/dict_0003_0091.uasset" 9295
"/Engine/EngineMaterials/Substrate/Glints2/dict_0003_0090" 9296
"../../../Engine/Content/EngineMaterials/Substrate/Glints2/dict_0003_0096.uasset" 9297
"../../../Engine/Content/EngineMaterials/Substrate/Glints2/dict_0003_0095.uasset" 9298
"../../../Engine/Content/EngineMaterials/Substrate/Glints2/dict_0003_0097.uasset" 9299
"../../../Engine/Content/EngineMaterials/Substrate/Glints2/dict_0003_0100.uasset" 9300
"../../../Engine/Content/EngineMaterials/Substrate/Glints2/dict_0003_0094.uasset" 9301
"../../../Engine/Content/EngineMaterials/Substrate/Glints2/dict_0003_0099.uasset" 9302
"../../../Engine/Content/EngineMaterials/Substrate/Glints2/dict_0003_0098.uasset" 9303
"/Engine/EngineMaterials/Substrate/Glints2/dict_0003_0089" 9304
"../../../Engine/Content/EngineMaterials/Substrate/Glints2/dict_0003_0093.uasset" 9305
"../../../Engine/Content/EngineMaterials/Substrate/Glints2/dict_0003_0101.uasset" 9306
"../../../Engine/Content/EngineMaterials/Substrate/Glints2/dict_0003_0102.uasset" 9307
"../../../Engine/Content/EngineMaterials/Substrate/Glints2/dict_0003_0103.uasset" 9308
"/Engine/EngineMaterials/Substrate/Glints2/dict_0003_0088" 9309
"../../../Engine/Content/EngineMaterials/Substrate/Glints2/dict_0003_0104.uasset" 9310
"../../../Engine/Content/EngineMaterials/Substrate/Glints2/dict_0003_0105.uasset" 9311
"../../../Engine/Content/EngineMaterials/Substrate/Glints2/dict_0003_0106.uasset" 9312
"../../../Engine/Content/EngineMaterials/Substrate/Glints2/dict_0003_0107.uasset" 9313
"/Engine/EngineMaterials/Substrate/Glints2/dict_0003_0087" 9314
"../../../Engine/Content/EngineMaterials/Substrate/Glints2/dict_0003_0108.uasset" 9315
"../../../Engine/Content/EngineMaterials/Substrate/Glints2/dict_0003_0109.uasset" 9316
"../../../Engine/Content/EngineMaterials/Substrate/Glints2/dict_0003_0112.uasset" 9317
"../../../Engine/Content/EngineMaterials/Substrate/Glints2/dict_0003_0111.uasset" 9318
"../../../Engine/Content/EngineMaterials/Substrate/Glints2/dict_0003_0110.uasset" 9319
"/Engine/EngineMaterials/Substrate/Glints2/dict_0003_0086" 9320
"/Engine/EngineMaterials/Substrate/Glints2/dict_0003_0085" 9321
"/Engine/EngineMaterials/Substrate/Glints2/dict_0003_0084" 9322
"/Engine/EngineMaterials/Substrate/Glints2/dict_0003_0083" 9323
"/Engine/EngineMaterials/Substrate/Glints2/dict_0003_0082" 9324
"/Engine/EngineMaterials/Substrate/Glints2/dict_0003_0081" 9325
"/Engine/EngineMaterials/Substrate/Glints2/dict_0003_0112" 9326
"../../../Engine/Content/EngineMaterials/Substrate/Glints2/dict_0003_0113.uasset" 9327
"../../../Engine/Content/EngineMaterials/Substrate/Glints2/dict_0003_0114.uasset" 9328
"../../../Engine/Content/EngineMaterials/Substrate/Glints2/dict_0003_0115.uasset" 9329
"../../../Engine/Content/EngineMaterials/Substrate/Glints2/dict_0003_0116.uasset" 9330
"../../../Engine/Content/EngineMaterials/Substrate/Glints2/dict_0003_0117.uasset" 9331
"../../../Engine/Content/EngineMaterials/Substrate/Glints2/dict_0003_0119.uasset" 9332
"/Engine/EngineMaterials/Substrate/Glints2/dict_0003_0111" 9333
"../../../Engine/Content/EngineMaterials/Substrate/Glints2/dict_0003_0120.uasset" 9334
"../../../Engine/Content/EngineMaterials/Substrate/Glints2/dict_0003_0118.uasset" 9335
"../../../Engine/Content/EngineMaterials/Substrate/Glints2/dict_0003_0122.uasset" 9336
"../../../Engine/Content/EngineMaterials/Substrate/Glints2/dict_0003_0121.uasset" 9337
"/Engine/EngineMaterials/Substrate/Glints2/dict_0003_0110" 9338
"/Engine/EngineMaterials/Substrate/Glints2/dict_0003_0109" 9339
"/Engine/EngineMaterials/Substrate/Glints2/dict_0003_0108" 9340
"/Engine/EngineMaterials/Substrate/Glints2/dict_0003_0107" 9341
"/Engine/EngineMaterials/Substrate/Glints2/dict_0003_0106" 9342
"/Engine/EngineMaterials/Substrate/Glints2/dict_0003_0105" 9343
"/Engine/EngineMaterials/Substrate/Glints2/dict_0003_0104" 9344
"/Engine/EngineMaterials/Substrate/Glints2/dict_0003_0103" 9345
"/Engine/EngineMaterials/Substrate/Glints2/dict_0003_0102" 9346
"/Engine/EngineMaterials/Substrate/Glints2/dict_0003_0101" 9347
"/Engine/EngineMaterials/Substrate/Glints2/dict_0003_0100" 9348
"/Engine/EngineMaterials/Substrate/Glints2/dict_0003_0099" 9349
"/Engine/EngineMaterials/Substrate/Glints2/dict_0003_0098" 9350
"/Engine/EngineMaterials/Substrate/Glints2/dict_0003_0097" 9351
"/Engine/EngineMaterials/Substrate/Glints2/dict_0003_0096" 9352
"/Engine/EngineMaterials/Substrate/Glints2/dict_0003_0095" 9353
"/Engine/EngineMaterials/Substrate/Glints2/dict_0003_0094" 9354
"/Engine/EngineMaterials/Substrate/Glints2/dict_0003_0093" 9355
"/Engine/EngineMaterials/Substrate/Glints2/dict_0003_0092" 9356
"/Engine/EngineMaterials/Substrate/Glints2/dict_0003_0091" 9357
"/Engine/EngineMaterials/Substrate/Glints2/dict_0003_0122" 9358
"../../../Engine/Content/EngineMaterials/Substrate/Glints2/dict_0003_0123.uasset" 9359
"/Engine/EngineMaterials/Substrate/Glints2/dict_0003_0121" 9360
"/Engine/EngineMaterials/Substrate/Glints2/dict_0003_0120" 9361
"/Engine/EngineMaterials/Substrate/Glints2/dict_0003_0119" 9362
"../../../Engine/Content/EngineMaterials/Substrate/Glints2/dict_0003_0126.uasset" 9363
"../../../Engine/Content/EngineMaterials/Substrate/Glints2/dict_0003_0132.uasset" 9364
"/Engine/EngineMaterials/Substrate/Glints2/dict_0003_0118" 9365
"../../../Engine/Content/EngineMaterials/Substrate/Glints2/dict_0003_0130.uasset" 9366
"../../../Engine/Content/EngineMaterials/Substrate/Glints2/dict_0003_0125.uasset" 9367
"../../../Engine/Content/EngineMaterials/Substrate/Glints2/dict_0003_0124.uasset" 9368
"../../../Engine/Content/EngineMaterials/Substrate/Glints2/dict_0003_0131.uasset" 9369
"../../../Engine/Content/EngineMaterials/Substrate/Glints2/dict_0003_0129.uasset" 9370
"../../../Engine/Content/EngineMaterials/Substrate/Glints2/dict_0003_0128.uasset" 9371
"../../../Engine/Content/EngineMaterials/Substrate/Glints2/dict_0003_0127.uasset" 9372
"/Engine/EngineMaterials/Substrate/Glints2/dict_0003_0117" 9373
"../../../Engine/Content/EngineMaterials/Substrate/Glints2/dict_0003_0134.uasset" 9374
"../../../Engine/Content/EngineMaterials/Substrate/Glints2/dict_0003_0135.uasset" 9375
"../../../Engine/Content/EngineMaterials/Substrate/Glints2/dict_0003_0133.uasset" 9376
"../../../Engine/Content/EngineMaterials/Substrate/Glints2/dict_0003_0136.uasset" 9377
"/Engine/EngineMaterials/Substrate/Glints2/dict_0003_0116" 9378
"../../../Engine/Content/EngineMaterials/Substrate/Glints2/dict_0003_0138.uasset" 9379
"../../../Engine/Content/EngineMaterials/Substrate/Glints2/dict_0003_0137.uasset" 9380
"/Engine/EngineMaterials/Substrate/Glints2/dict_0003_0115" 9381
"../../../Engine/Content/EngineMaterials/Substrate/Glints2/dict_0003_0141.uasset" 9382
"../../../Engine/Content/EngineMaterials/Substrate/Glints2/dict_0003_0139.uasset" 9383
"../../../Engine/Content/EngineMaterials/Substrate/Glints2/dict_0003_0144.uasset" 9384
"/Engine/EngineMaterials/Substrate/Glints2/dict_0003_0114" 9385
"../../../Engine/Content/EngineMaterials/Substrate/Glints2/dict_0003_0142.uasset" 9386
"../../../Engine/Content/EngineMaterials/Substrate/Glints2/dict_0003_0140.uasset" 9387
"../../../Engine/Content/EngineMaterials/Substrate/Glints2/dict_0003_0143.uasset" 9388
"/Engine/EngineMaterials/Substrate/Glints2/dict_0003_0113" 9389
"/Engine/EngineMaterials/Substrate/Glints2/dict_0003_0144" 9390
"../../../Engine/Content/EngineMaterials/Substrate/Glints2/dict_0003_0146.uasset" 9391
"../../../Engine/Content/EngineMaterials/Substrate/Glints2/dict_0003_0147.uasset" 9392
"../../../Engine/Content/EngineMaterials/Substrate/Glints2/dict_0003_0148.uasset" 9393
"../../../Engine/Content/EngineMaterials/Substrate/Glints2/dict_0003_0145.uasset" 9394
"../../../Engine/Content/EngineMaterials/Substrate/Glints2/dict_0003_0149.uasset" 9395
"/Engine/EngineMaterials/Substrate/Glints2/dict_0003_0143" 9396
"../../../Engine/Content/EngineMaterials/Substrate/Glints2/dict_0003_0151.uasset" 9397
"../../../Engine/Content/EngineMaterials/Substrate/Glints2/dict_0003_0152.uasset" 9398
"../../../Engine/Content/EngineMaterials/Substrate/Glints2/dict_0003_0153.uasset" 9399
"../../../Engine/Content/EngineMaterials/Substrate/Glints2/dict_0003_0154.uasset" 9400
"../../../Engine/Content/EngineMaterials/Substrate/Glints2/dict_0003_0150.uasset" 9401
"/Engine/EngineMaterials/Substrate/Glints2/dict_0003_0142" 9402
"/Engine/EngineMaterials/Substrate/Glints2/dict_0003_0141" 9403
"/Engine/EngineMaterials/Substrate/Glints2/dict_0003_0140" 9404
"/Engine/EngineMaterials/Substrate/Glints2/dict_0003_0139" 9405
"/Engine/EngineMaterials/Substrate/Glints2/dict_0003_0138" 9406
"/Engine/EngineMaterials/Substrate/Glints2/dict_0003_0137" 9407
"/Engine/EngineMaterials/Substrate/Glints2/dict_0003_0136" 9408
"/Engine/EngineMaterials/Substrate/Glints2/dict_0003_0135" 9409
"/Engine/EngineMaterials/Substrate/Glints2/dict_0003_0134" 9410
"/Engine/EngineMaterials/Substrate/Glints2/dict_0003_0133" 9411
"/Engine/EngineMaterials/Substrate/Glints2/dict_0003_0132" 9412
"/Engine/EngineMaterials/Substrate/Glints2/dict_0003_0131" 9413
"/Engine/EngineMaterials/Substrate/Glints2/dict_0003_0130" 9414
"/Engine/EngineMaterials/Substrate/Glints2/dict_0003_0129" 9415
"/Engine/EngineMaterials/Substrate/Glints2/dict_0003_0128" 9416
"/Engine/EngineMaterials/Substrate/Glints2/dict_0003_0127" 9417
"/Engine/EngineMaterials/Substrate/Glints2/dict_0003_0126" 9418
"/Engine/EngineMaterials/Substrate/Glints2/dict_0003_0125" 9419
"/Engine/EngineMaterials/Substrate/Glints2/dict_0003_0124" 9420
"/Engine/EngineMaterials/Substrate/Glints2/dict_0003_0123" 9421
"/Engine/EngineMaterials/Substrate/Glints2/dict_0003_0154" 9422
"../../../Engine/Content/EngineMaterials/Substrate/Glints2/dict_0003_0155.uasset" 9423
"../../../Engine/Content/EngineMaterials/Substrate/Glints2/dict_0003_0158.uasset" 9424
"../../../Engine/Content/EngineMaterials/Substrate/Glints2/dict_0003_0161.uasset" 9425
"../../../Engine/Content/EngineMaterials/Substrate/Glints2/dict_0003_0160.uasset" 9426
"../../../Engine/Content/EngineMaterials/Substrate/Glints2/dict_0003_0163.uasset" 9427
"/Engine/EngineMaterials/Substrate/Glints2/dict_0003_0153" 9428
"../../../Engine/Content/EngineMaterials/Substrate/Glints2/dict_0003_0164.uasset" 9429
"../../../Engine/Content/EngineMaterials/Substrate/Glints2/dict_0003_0159.uasset" 9430
"../../../Engine/Content/EngineMaterials/Substrate/Glints2/dict_0003_0157.uasset" 9431
"../../../Engine/Content/EngineMaterials/Substrate/Glints2/dict_0003_0156.uasset" 9432
"../../../Engine/Content/EngineMaterials/Substrate/Glints2/dict_0003_0162.uasset" 9433
"/Engine/EngineMaterials/Substrate/Glints2/dict_0003_0152" 9434
"../../../Engine/Content/EngineMaterials/Substrate/Glints2/dict_0003_0165.uasset" 9435
"/Engine/EngineMaterials/Substrate/Glints2/dict_0003_0151" 9436
"../../../Engine/Content/EngineMaterials/Substrate/Glints2/dict_0003_0166.uasset" 9437
"../../../Engine/Content/EngineMaterials/Substrate/Glints2/dict_0003_0168.uasset" 9438
"../../../Engine/Content/EngineMaterials/Substrate/Glints2/dict_0003_0167.uasset" 9439
"../../../Engine/Content/EngineMaterials/Substrate/Glints2/dict_0003_0169.uasset" 9440
"../../../Engine/Content/EngineMaterials/Substrate/Glints2/dict_0003_0172.uasset" 9441
"../../../Engine/Content/EngineMaterials/Substrate/Glints2/dict_0003_0173.uasset" 9442
"../../../Engine/Content/EngineMaterials/Substrate/Glints2/dict_0003_0175.uasset" 9443
"../../../Engine/Content/EngineMaterials/Substrate/Glints2/dict_0003_0174.uasset" 9444
"../../../Engine/Content/EngineMaterials/Substrate/Glints2/dict_0003_0176.uasset" 9445
"/Engine/EngineMaterials/Substrate/Glints2/dict_0003_0150" 9446
"../../../Engine/Content/EngineMaterials/Substrate/Glints2/dict_0003_0170.uasset" 9447
"../../../Engine/Content/EngineMaterials/Substrate/Glints2/dict_0003_0171.uasset" 9448
"/Engine/EngineMaterials/Substrate/Glints2/dict_0003_0149" 9449
"/Engine/EngineMaterials/Substrate/Glints2/dict_0003_0148" 9450
"/Engine/EngineMaterials/Substrate/Glints2/dict_0003_0147" 9451
"/Engine/EngineMaterials/Substrate/Glints2/dict_0003_0146" 9452
"/Engine/EngineMaterials/Substrate/Glints2/dict_0003_0145" 9453
"../../../Engine/Content/EngineMaterials/Substrate/Glints2/dict_0003_0180.uasset" 9454
"/Engine/EngineMaterials/Substrate/Glints2/dict_0003_0176" 9455
"../../../Engine/Content/EngineMaterials/Substrate/Glints2/dict_0003_0177.uasset" 9456
"../../../Engine/Content/EngineMaterials/Substrate/Glints2/dict_0003_0179.uasset" 9457
"../../../Engine/Content/EngineMaterials/Substrate/Glints2/dict_0003_0178.uasset" 9458
"../../../Engine/Content/EngineMaterials/Substrate/Glints2/dict_0003_0181.uasset" 9459
"../../../Engine/Content/EngineMaterials/Substrate/Glints2/dict_0003_0183.uasset" 9460
"../../../Engine/Content/EngineMaterials/Substrate/Glints2/dict_0003_0182.uasset" 9461
"../../../Engine/Content/EngineMaterials/Substrate/Glints2/dict_0003_0186.uasset" 9462
"../../../Engine/Content/EngineMaterials/Substrate/Glints2/dict_0003_0185.uasset" 9463
"../../../Engine/Content/EngineMaterials/Substrate/Glints2/dict_0003_0184.uasset" 9464
"/Engine/EngineMaterials/Substrate/Glints2/dict_0003_0175" 9465
"/Engine/EngineMaterials/Substrate/Glints2/dict_0003_0174" 9466
"/Engine/EngineMaterials/Substrate/Glints2/dict_0003_0173" 9467
"/Engine/EngineMaterials/Substrate/Glints2/dict_0003_0172" 9468
"/Engine/EngineMaterials/Substrate/Glints2/dict_0003_0171" 9469
"/Engine/EngineMaterials/Substrate/Glints2/dict_0003_0170" 9470
"/Engine/EngineMaterials/Substrate/Glints2/dict_0003_0169" 9471
"/Engine/EngineMaterials/Substrate/Glints2/dict_0003_0168" 9472
"/Engine/EngineMaterials/Substrate/Glints2/dict_0003_0167" 9473
"/Engine/EngineMaterials/Substrate/Glints2/dict_0003_0166" 9474
"/Engine/EngineMaterials/Substrate/Glints2/dict_0003_0165" 9475
"/Engine/EngineMaterials/Substrate/Glints2/dict_0003_0164" 9476
"/Engine/EngineMaterials/Substrate/Glints2/dict_0003_0163" 9477
"/Engine/EngineMaterials/Substrate/Glints2/dict_0003_0162" 9478
"/Engine/EngineMaterials/Substrate/Glints2/dict_0003_0161" 9479
"/Engine/EngineMaterials/Substrate/Glints2/dict_0003_0160" 9480
"/Engine/EngineMaterials/Substrate/Glints2/dict_0003_0159" 9481
"/Engine/EngineMaterials/Substrate/Glints2/dict_0003_0158" 9482
"/Engine/EngineMaterials/Substrate/Glints2/dict_0003_0157" 9483
"/Engine/EngineMaterials/Substrate/Glints2/dict_0003_0156" 9484
"/Engine/EngineMaterials/Substrate/Glints2/dict_0003_0155" 9485
"/Engine/EngineMaterials/Substrate/Glints2/dict_0003_0186" 9486
"../../../Engine/Content/EngineMaterials/Substrate/Glints2/dict_0003_0187.uasset" 9487
"../../../Engine/Content/EngineMaterials/Substrate/Glints2/dict_0003_0188.uasset" 9488
"/Engine/EngineMaterials/Substrate/Glints2/dict_0003_0185" 9489
"../../../Engine/Content/EngineMaterials/Substrate/Glints2/dict_0003_0189.uasset" 9490
"../../../Engine/Content/EngineMaterials/Substrate/Glints2/dict_0003_0192.uasset" 9491
"../../../Engine/Content/EngineMaterials/Substrate/Glints2/dict_0003_0191.uasset" 9492
"../../../Engine/Content/EngineMaterials/Substrate/Glints2/dict_0003_0193.uasset" 9493
"../../../Engine/Content/EngineMaterials/Substrate/Glints2/dict_0003_0194.uasset" 9494
"../../../Engine/Content/EngineMaterials/Substrate/Glints2/dict_0003_0195.uasset" 9495
"/Engine/EngineMaterials/Substrate/Glints2/dict_0003_0184" 9496
"../../../Engine/Content/EngineMaterials/Substrate/Glints2/dict_0003_0190.uasset" 9497
"../../../Engine/Content/EngineMaterials/Substrate/Glints2/dict_0003_0197.uasset" 9498
"../../../Engine/Content/EngineMaterials/Substrate/Glints2/dict_0003_0196.uasset" 9499
"/Engine/EngineMaterials/Substrate/Glints2/dict_0003_0183" 9500
"../../../Engine/Content/EngineMaterials/Substrate/Glints2/dict_0003_0201.uasset" 9501
"../../../Engine/Content/EngineMaterials/Substrate/Glints2/dict_0003_0202.uasset" 9502
"../../../Engine/Content/EngineMaterials/Substrate/Glints2/dict_0003_0199.uasset" 9503
"../../../Engine/Content/EngineMaterials/Substrate/Glints2/dict_0003_0204.uasset" 9504
"../../../Engine/Content/EngineMaterials/Substrate/Glints2/dict_0003_0200.uasset" 9505
"../../../Engine/Content/EngineMaterials/Substrate/Glints2/dict_0003_0198.uasset" 9506
"../../../Engine/Content/EngineMaterials/Substrate/Glints2/dict_0003_0203.uasset" 9507
"../../../Engine/Content/EngineMaterials/Substrate/Glints2/dict_0003_0205.uasset" 9508
"../../../Engine/Content/EngineMaterials/Substrate/Glints2/dict_0003_0207.uasset" 9509
"../../../Engine/Content/EngineMaterials/Substrate/Glints2/dict_0003_0206.uasset" 9510
"/Engine/EngineMaterials/Substrate/Glints2/dict_0003_0182" 9511
"../../../Engine/Content/EngineMaterials/Substrate/Glints2/dict_0003_0208.uasset" 9512
"/Engine/EngineMaterials/Substrate/Glints2/dict_0003_0181" 9513
"/Engine/EngineMaterials/Substrate/Glints2/dict_0003_0180" 9514
"/Engine/EngineMaterials/Substrate/Glints2/dict_0003_0179" 9515
"/Engine/EngineMaterials/Substrate/Glints2/dict_0003_0178" 9516
"/Engine/EngineMaterials/Substrate/Glints2/dict_0003_0177" 9517
"/Engine/EngineMaterials/Substrate/Glints2/dict_0003_0208" 9518
"../../../Engine/Content/EngineMaterials/Substrate/Glints2/dict_0003_0210.uasset" 9519
"../../../Engine/Content/EngineMaterials/Substrate/Glints2/dict_0003_0209.uasset" 9520
"../../../Engine/Content/EngineMaterials/Substrate/Glints2/dict_0003_0213.uasset" 9521
"../../../Engine/Content/EngineMaterials/Substrate/Glints2/dict_0003_0216.uasset" 9522
"../../../Engine/Content/EngineMaterials/Substrate/Glints2/dict_0003_0214.uasset" 9523
"/Engine/EngineMaterials/Substrate/Glints2/dict_0003_0207" 9524
"../../../Engine/Content/EngineMaterials/Substrate/Glints2/dict_0003_0217.uasset" 9525
"../../../Engine/Content/EngineMaterials/Substrate/Glints2/dict_0003_0211.uasset" 9526
"../../../Engine/Content/EngineMaterials/Substrate/Glints2/dict_0003_0218.uasset" 9527
"../../../Engine/Content/EngineMaterials/Substrate/Glints2/dict_0003_0212.uasset" 9528
"../../../Engine/Content/EngineMaterials/Substrate/Glints2/dict_0003_0215.uasset" 9529
"/Engine/EngineMaterials/Substrate/Glints2/dict_0003_0206" 9530
"/Engine/EngineMaterials/Substrate/Glints2/dict_0003_0205" 9531
"/Engine/EngineMaterials/Substrate/Glints2/dict_0003_0204" 9532
"/Engine/EngineMaterials/Substrate/Glints2/dict_0003_0203" 9533
"/Engine/EngineMaterials/Substrate/Glints2/dict_0003_0202" 9534
"/Engine/EngineMaterials/Substrate/Glints2/dict_0003_0201" 9535
"/Engine/EngineMaterials/Substrate/Glints2/dict_0003_0200" 9536
"/Engine/EngineMaterials/Substrate/Glints2/dict_0003_0199" 9537
"/Engine/EngineMaterials/Substrate/Glints2/dict_0003_0198" 9538
"/Engine/EngineMaterials/Substrate/Glints2/dict_0003_0197" 9539
"/Engine/EngineMaterials/Substrate/Glints2/dict_0003_0196" 9540
"/Engine/EngineMaterials/Substrate/Glints2/dict_0003_0195" 9541
"/Engine/EngineMaterials/Substrate/Glints2/dict_0003_0194" 9542
"/Engine/EngineMaterials/Substrate/Glints2/dict_0003_0193" 9543
"/Engine/EngineMaterials/Substrate/Glints2/dict_0003_0192" 9544
"/Engine/EngineMaterials/Substrate/Glints2/dict_0003_0191" 9545
"/Engine/EngineMaterials/Substrate/Glints2/dict_0003_0190" 9546
"/Engine/EngineMaterials/Substrate/Glints2/dict_0003_0189" 9547
"/Engine/EngineMaterials/Substrate/Glints2/dict_0003_0188" 9548
"/Engine/EngineMaterials/Substrate/Glints2/dict_0003_0187" 9549
"/Engine/EngineMaterials/Substrate/Glints2/dict_0003_0218" 9550
"../../../Engine/Content/EngineMaterials/Substrate/Glints2/dict_0003_0222.uasset" 9551
"../../../Engine/Content/EngineMaterials/Substrate/Glints2/dict_0003_0221.uasset" 9552
"../../../Engine/Content/EngineMaterials/Substrate/Glints2/dict_0003_0224.uasset" 9553
"../../../Engine/Content/EngineMaterials/Substrate/Glints2/dict_0003_0220.uasset" 9554
"../../../Engine/Content/EngineMaterials/Substrate/Glints2/dict_0003_0227.uasset" 9555
"../../../Engine/Content/EngineMaterials/Substrate/Glints2/dict_0003_0226.uasset" 9556
"../../../Engine/Content/EngineMaterials/Substrate/Glints2/dict_0003_0228.uasset" 9557
"../../../Engine/Content/EngineMaterials/Substrate/Glints2/dict_0003_0223.uasset" 9558
"../../../Engine/Content/EngineMaterials/Substrate/Glints2/dict_0003_0219.uasset" 9559
"../../../Engine/Content/EngineMaterials/Substrate/Glints2/dict_0003_0225.uasset" 9560
"/Engine/EngineMaterials/Substrate/Glints2/dict_0003_0217" 9561
"../../../Engine/Content/EngineMaterials/Substrate/Glints2/dict_0003_0230.uasset" 9562
"/Engine/EngineMaterials/Substrate/Glints2/dict_0003_0216" 9563
"../../../Engine/Content/EngineMaterials/Substrate/Glints2/dict_0003_0229.uasset" 9564
"../../../Engine/Content/EngineMaterials/Substrate/Glints2/dict_0003_0233.uasset" 9565
"../../../Engine/Content/EngineMaterials/Substrate/Glints2/dict_0003_0231.uasset" 9566
"../../../Engine/Content/EngineMaterials/Substrate/Glints2/dict_0003_0232.uasset" 9567
"../../../Engine/Content/EngineMaterials/Substrate/Glints2/dict_0003_0234.uasset" 9568
"../../../Engine/Content/EngineMaterials/Substrate/Glints2/dict_0003_0235.uasset" 9569
"/Engine/EngineMaterials/Substrate/Glints2/dict_0003_0215" 9570
"../../../Engine/Content/EngineMaterials/Substrate/Glints2/dict_0003_0236.uasset" 9571
"../../../Engine/Content/EngineMaterials/Substrate/Glints2/dict_0003_0238.uasset" 9572
"../../../Engine/Content/EngineMaterials/Substrate/Glints2/dict_0003_0239.uasset" 9573
"../../../Engine/Content/EngineMaterials/Substrate/Glints2/dict_0003_0240.uasset" 9574
"/Engine/EngineMaterials/Substrate/Glints2/dict_0003_0214" 9575
"../../../Engine/Content/EngineMaterials/Substrate/Glints2/dict_0003_0237.uasset" 9576
"/Engine/EngineMaterials/Substrate/Glints2/dict_0003_0213" 9577
"/Engine/EngineMaterials/Substrate/Glints2/dict_0003_0212" 9578
"/Engine/EngineMaterials/Substrate/Glints2/dict_0003_0211" 9579
"/Engine/EngineMaterials/Substrate/Glints2/dict_0003_0210" 9580
"/Engine/EngineMaterials/Substrate/Glints2/dict_0003_0209" 9581
"/Engine/EngineMaterials/Substrate/Glints2/dict_0003_0240" 9582
"/Engine/EngineMaterials/Substrate/Glints2/dict_0003_0239" 9583
"../../../Engine/Content/EngineMaterials/Substrate/Glints2/dict_0003_0244.uasset" 9584
"../../../Engine/Content/EngineMaterials/Substrate/Glints2/dict_0003_0246.uasset" 9585
"../../../Engine/Content/EngineMaterials/Substrate/Glints2/dict_0003_0242.uasset" 9586
"../../../Engine/Content/EngineMaterials/Substrate/Glints2/dict_0003_0241.uasset" 9587
"../../../Engine/Content/EngineMaterials/Substrate/Glints2/dict_0003_0247.uasset" 9588
"/Engine/EngineMaterials/Substrate/Glints2/dict_0003_0238" 9589
"../../../Engine/Content/EngineMaterials/Substrate/Glints2/dict_0003_0245.uasset" 9590
"../../../Engine/Content/EngineMaterials/Substrate/Glints2/dict_0003_0243.uasset" 9591
"../../../Engine/Content/EngineMaterials/Substrate/Glints2/dict_0003_0249.uasset" 9592
"../../../Engine/Content/EngineMaterials/Substrate/Glints2/dict_0003_0250.uasset" 9593
"../../../Engine/Content/EngineMaterials/Substrate/Glints2/dict_0003_0248.uasset" 9594
"/Engine/EngineMaterials/Substrate/Glints2/dict_0003_0237" 9595
"/Engine/EngineMaterials/Substrate/Glints2/dict_0003_0236" 9596
"/Engine/EngineMaterials/Substrate/Glints2/dict_0003_0235" 9597
"/Engine/EngineMaterials/Substrate/Glints2/dict_0003_0234" 9598
"/Engine/EngineMaterials/Substrate/Glints2/dict_0003_0233" 9599
"/Engine/EngineMaterials/Substrate/Glints2/dict_0003_0232" 9600
"/Engine/EngineMaterials/Substrate/Glints2/dict_0003_0231" 9601
"/Engine/EngineMaterials/Substrate/Glints2/dict_0003_0230" 9602
"/Engine/EngineMaterials/Substrate/Glints2/dict_0003_0229" 9603
"/Engine/EngineMaterials/Substrate/Glints2/dict_0003_0228" 9604
"/Engine/EngineMaterials/Substrate/Glints2/dict_0003_0227" 9605
"/Engine/EngineMaterials/Substrate/Glints2/dict_0003_0226" 9606
"/Engine/EngineMaterials/Substrate/Glints2/dict_0003_0225" 9607
"/Engine/EngineMaterials/Substrate/Glints2/dict_0003_0224" 9608
"/Engine/EngineMaterials/Substrate/Glints2/dict_0003_0223" 9609
"/Engine/EngineMaterials/Substrate/Glints2/dict_0003_0222" 9610
"/Engine/EngineMaterials/Substrate/Glints2/dict_0003_0221" 9611
"/Engine/EngineMaterials/Substrate/Glints2/dict_0003_0220" 9612
"/Engine/EngineMaterials/Substrate/Glints2/dict_0003_0219" 9613
"/Engine/EngineMaterials/Substrate/Glints2/dict_0003_0250" 9614
"../../../Engine/Content/EngineMaterials/Substrate/Glints2/dict_0003_0251.uasset" 9615
"../../../Engine/Content/EngineMaterials/Substrate/Glints2/dict_0004_0000.uasset" 9616
"../../../Engine/Content/EngineMaterials/Substrate/Glints2/dict_0004_0001.uasset" 9617
"/Engine/EngineMaterials/Substrate/Glints2/dict_0003_0249" 9618
"../../../Engine/Content/EngineMaterials/Substrate/Glints2/dict_0003_0252.uasset" 9619
"../../../Engine/Content/EngineMaterials/Substrate/Glints2/dict_0003_0255.uasset" 9620
"../../../Engine/Content/EngineMaterials/Substrate/Glints2/dict_0004_0002.uasset" 9621
"../../../Engine/Content/EngineMaterials/Substrate/Glints2/dict_0004_0003.uasset" 9622
"../../../Engine/Content/EngineMaterials/Substrate/Glints2/dict_0004_0004.uasset" 9623
"../../../Engine/Content/EngineMaterials/Substrate/Glints2/dict_0003_0254.uasset" 9624
"../../../Engine/Content/EngineMaterials/Substrate/Glints2/dict_0003_0253.uasset" 9625
"/Engine/EngineMaterials/Substrate/Glints2/dict_0003_0248" 9626
"/Engine/EngineMaterials/Substrate/Glints2/dict_0003_0247" 9627
"/Engine/EngineMaterials/Substrate/Glints2/dict_0003_0246" 9628
"../../../Engine/Content/EngineMaterials/Substrate/Glints2/dict_0004_0005.uasset" 9629
"../../../Engine/Content/EngineMaterials/Substrate/Glints2/dict_0004_0006.uasset" 9630
"/Engine/EngineMaterials/Substrate/Glints2/dict_0003_0245" 9631
"../../../Engine/Content/EngineMaterials/Substrate/Glints2/dict_0004_0007.uasset" 9632
"/Engine/EngineMaterials/Substrate/Glints2/dict_0003_0244" 9633
"/Engine/EngineMaterials/Substrate/Glints2/dict_0003_0243" 9634
"/Engine/EngineMaterials/Substrate/Glints2/dict_0003_0242" 9635
"/Engine/EngineMaterials/Substrate/Glints2/dict_0003_0241" 9636
"../../../Engine/Content/EngineMaterials/Substrate/Glints2/dict_0004_0009.uasset" 9637
"../../../Engine/Content/EngineMaterials/Substrate/Glints2/dict_0004_0008.uasset" 9638
"/Engine/EngineMaterials/Substrate/Glints2/dict_0004_0009" 9639
"../../../Engine/Content/EngineMaterials/Substrate/Glints2/dict_0004_0015.uasset" 9640
"../../../Engine/Content/EngineMaterials/Substrate/Glints2/dict_0004_0013.uasset" 9641
"../../../Engine/Content/EngineMaterials/Substrate/Glints2/dict_0004_0010.uasset" 9642
"../../../Engine/Content/EngineMaterials/Substrate/Glints2/dict_0004_0014.uasset" 9643
"/Engine/EngineMaterials/Substrate/Glints2/dict_0004_0007" 9644
"../../../Engine/Content/EngineMaterials/Substrate/Glints2/dict_0004_0016.uasset" 9645
"../../../Engine/Content/EngineMaterials/Substrate/Glints2/dict_0004_0011.uasset" 9646
"../../../Engine/Content/EngineMaterials/Substrate/Glints2/dict_0004_0017.uasset" 9647
"/Engine/EngineMaterials/Substrate/Glints2/dict_0004_0006" 9648
"../../../Engine/Content/EngineMaterials/Substrate/Glints2/dict_0004_0020.uasset" 9649
"../../../Engine/Content/EngineMaterials/Substrate/Glints2/dict_0004_0022.uasset" 9650
"/Engine/EngineMaterials/Substrate/Glints2/dict_0004_0005" 9651
"../../../Engine/Content/EngineMaterials/Substrate/Glints2/dict_0004_0023.uasset" 9652
"../../../Engine/Content/EngineMaterials/Substrate/Glints2/dict_0004_0021.uasset" 9653
"/Engine/EngineMaterials/Substrate/Glints2/dict_0004_0004" 9654
"../../../Engine/Content/EngineMaterials/Substrate/Glints2/dict_0004_0025.uasset" 9655
"../../../Engine/Content/EngineMaterials/Substrate/Glints2/dict_0004_0026.uasset" 9656
"../../../Engine/Content/EngineMaterials/Substrate/Glints2/dict_0004_0024.uasset" 9657
"/Engine/EngineMaterials/Substrate/Glints2/dict_0004_0003" 9658
"/Engine/EngineMaterials/Substrate/Glints2/dict_0004_0002" 9659
"/Engine/EngineMaterials/Substrate/Glints2/dict_0004_0001" 9660
"../../../Engine/Content/EngineMaterials/Substrate/Glints2/dict_0004_0012.uasset" 9661
"../../../Engine/Content/EngineMaterials/Substrate/Glints2/dict_0004_0018.uasset" 9662
"/Engine/EngineMaterials/Substrate/Glints2/dict_0004_0000" 9663
"../../../Engine/Content/EngineMaterials/Substrate/Glints2/dict_0004_0019.uasset" 9664
"/Engine/EngineMaterials/Substrate/Glints2/dict_0003_0255" 9665
"/Engine/EngineMaterials/Substrate/Glints2/dict_0003_0254" 9666
"/Engine/EngineMaterials/Substrate/Glints2/dict_0003_0253" 9667
"/Engine/EngineMaterials/Substrate/Glints2/dict_0003_0252" 9668
"/Engine/EngineMaterials/Substrate/Glints2/dict_0003_0251" 9669
"/Engine/EngineMaterials/Substrate/Glints2/dict_0004_0016" 9670
"../../../Engine/Content/EngineMaterials/Substrate/Glints2/dict_0004_0032.uasset" 9671
"../../../Engine/Content/EngineMaterials/Substrate/Glints2/dict_0004_0028.uasset" 9672
"/Engine/EngineMaterials/Substrate/Glints2/dict_0004_0015" 9673
"/Engine/EngineMaterials/Substrate/Glints2/dict_0004_0014" 9674
"/Engine/EngineMaterials/Substrate/Glints2/dict_0004_0013" 9675
"../../../Engine/Content/EngineMaterials/Substrate/Glints2/dict_0004_0033.uasset" 9676
"../../../Engine/Content/EngineMaterials/Substrate/Glints2/dict_0004_0031.uasset" 9677
"../../../Engine/Content/EngineMaterials/Substrate/Glints2/dict_0004_0027.uasset" 9678
"../../../Engine/Content/EngineMaterials/Substrate/Glints2/dict_0004_0029.uasset" 9679
"../../../Engine/Content/EngineMaterials/Substrate/Glints2/dict_0004_0035.uasset" 9680
"../../../Engine/Content/EngineMaterials/Substrate/Glints2/dict_0004_0034.uasset" 9681
"../../../Engine/Content/EngineMaterials/Substrate/Glints2/dict_0004_0036.uasset" 9682
"../../../Engine/Content/EngineMaterials/Substrate/Glints2/dict_0004_0030.uasset" 9683
"../../../Engine/Content/EngineMaterials/Substrate/Glints2/dict_0004_0037.uasset" 9684
"/Engine/EngineMaterials/Substrate/Glints2/dict_0004_0026" 9685
"../../../Engine/Content/EngineMaterials/Substrate/Glints2/dict_0004_0038.uasset" 9686
"../../../Engine/Content/EngineMaterials/Substrate/Glints2/dict_0004_0039.uasset" 9687
"/Engine/EngineMaterials/Substrate/Glints2/dict_0004_0025" 9688
"../../../Engine/Content/EngineMaterials/Substrate/Glints2/dict_0004_0040.uasset" 9689
"/Engine/EngineMaterials/Substrate/Glints2/dict_0004_0024" 9690
"/Engine/EngineMaterials/Substrate/Glints2/dict_0004_0023" 9691
"/Engine/EngineMaterials/Substrate/Glints2/dict_0004_0022" 9692
"/Engine/EngineMaterials/Substrate/Glints2/dict_0004_0021" 9693
"/Engine/EngineMaterials/Substrate/Glints2/dict_0004_0012" 9694
"/Engine/EngineMaterials/Substrate/Glints2/dict_0004_0011" 9695
"/Engine/EngineMaterials/Substrate/Glints2/dict_0004_0020" 9696
"/Engine/EngineMaterials/Substrate/Glints2/dict_0004_0019" 9697
"/Engine/EngineMaterials/Substrate/Glints2/dict_0004_0018" 9698
"/Engine/EngineMaterials/Substrate/Glints2/dict_0004_0017" 9699
"/Engine/EngineMaterials/Substrate/Glints2/dict_0004_0010" 9700
"/Engine/EngineMaterials/Substrate/Glints2/dict_0004_0008" 9701
"/Engine/EngineMaterials/Substrate/Glints2/dict_0004_0040" 9702
"/Engine/EngineMaterials/Substrate/Glints2/dict_0004_0039" 9703
"/Engine/EngineMaterials/Substrate/Glints2/dict_0004_0038" 9704
"/Engine/EngineMaterials/Substrate/Glints2/dict_0004_0037" 9705
"/Engine/EngineMaterials/Substrate/Glints2/dict_0004_0036" 9706
"/Engine/EngineMaterials/Substrate/Glints2/dict_0004_0035" 9707
"/Engine/EngineMaterials/Substrate/Glints2/dict_0004_0034" 9708
"../../../Engine/Content/EngineMaterials/Substrate/Glints2/dict_0004_0042.uasset" 9709
"../../../Engine/Content/EngineMaterials/Substrate/Glints2/dict_0004_0041.uasset" 9710
"../../../Engine/Content/EngineMaterials/Substrate/Glints2/dict_0004_0047.uasset" 9711
"../../../Engine/Content/EngineMaterials/Substrate/Glints2/dict_0004_0046.uasset" 9712
"../../../Engine/Content/EngineMaterials/Substrate/Glints2/dict_0004_0043.uasset" 9713
"../../../Engine/Content/EngineMaterials/Substrate/Glints2/dict_0004_0044.uasset" 9714
"../../../Engine/Content/EngineMaterials/Substrate/Glints2/dict_0004_0048.uasset" 9715
"/Engine/EngineMaterials/Substrate/Glints2/dict_0004_0033" 9716
"../../../Engine/Content/EngineMaterials/Substrate/Glints2/dict_0004_0049.uasset" 9717
"/Engine/EngineMaterials/Substrate/Glints2/dict_0004_0032" 9718
"../../../Engine/Content/EngineMaterials/Substrate/Glints2/dict_0004_0045.uasset" 9719
"../../../Engine/Content/EngineMaterials/Substrate/Glints2/dict_0004_0052.uasset" 9720
"../../../Engine/Content/EngineMaterials/Substrate/Glints2/dict_0004_0051.uasset" 9721
"/Engine/EngineMaterials/Substrate/Glints2/dict_0004_0031" 9722
"../../../Engine/Content/EngineMaterials/Substrate/Glints2/dict_0004_0053.uasset" 9723
"../../../Engine/Content/EngineMaterials/Substrate/Glints2/dict_0004_0054.uasset" 9724
"../../../Engine/Content/EngineMaterials/Substrate/Glints2/dict_0004_0056.uasset" 9725
"../../../Engine/Content/EngineMaterials/Substrate/Glints2/dict_0004_0050.uasset" 9726
"../../../Engine/Content/EngineMaterials/Substrate/Glints2/dict_0004_0057.uasset" 9727
"../../../Engine/Content/EngineMaterials/Substrate/Glints2/dict_0004_0055.uasset" 9728
"../../../Engine/Content/EngineMaterials/Substrate/Glints2/dict_0004_0058.uasset" 9729
"/Engine/EngineMaterials/Substrate/Glints2/dict_0004_0030" 9730
"/Engine/EngineMaterials/Substrate/Glints2/dict_0004_0029" 9731
"/Engine/EngineMaterials/Substrate/Glints2/dict_0004_0028" 9732
"/Engine/EngineMaterials/Substrate/Glints2/dict_0004_0027" 9733
"/Engine/EngineMaterials/Substrate/Glints2/dict_0004_0058" 9734
"../../../Engine/Content/EngineMaterials/Substrate/Glints2/dict_0004_0064.uasset" 9735
"../../../Engine/Content/EngineMaterials/Substrate/Glints2/dict_0004_0063.uasset" 9736
"../../../Engine/Content/EngineMaterials/Substrate/Glints2/dict_0004_0060.uasset" 9737
"../../../Engine/Content/EngineMaterials/Substrate/Glints2/dict_0004_0061.uasset" 9738
"../../../Engine/Content/EngineMaterials/Substrate/Glints2/dict_0004_0062.uasset" 9739
"/Engine/EngineMaterials/Substrate/Glints2/dict_0004_0057" 9740
"../../../Engine/Content/EngineMaterials/Substrate/Glints2/dict_0004_0059.uasset" 9741
"../../../Engine/Content/EngineMaterials/Substrate/Glints2/dict_0004_0068.uasset" 9742
"../../../Engine/Content/EngineMaterials/Substrate/Glints2/dict_0004_0067.uasset" 9743
"../../../Engine/Content/EngineMaterials/Substrate/Glints2/dict_0004_0065.uasset" 9744
"../../../Engine/Content/EngineMaterials/Substrate/Glints2/dict_0004_0066.uasset" 9745
"../../../Engine/Content/EngineMaterials/Substrate/Glints2/dict_0004_0069.uasset" 9746
"/Engine/EngineMaterials/Substrate/Glints2/dict_0004_0056" 9747
"../../../Engine/Content/EngineMaterials/Substrate/Glints2/dict_0004_0071.uasset" 9748
"../../../Engine/Content/EngineMaterials/Substrate/Glints2/dict_0004_0070.uasset" 9749
"../../../Engine/Content/EngineMaterials/Substrate/Glints2/dict_0004_0072.uasset" 9750
"/Engine/EngineMaterials/Substrate/Glints2/dict_0004_0055" 9751
"/Engine/EngineMaterials/Substrate/Glints2/dict_0004_0054" 9752
"/Engine/EngineMaterials/Substrate/Glints2/dict_0004_0053" 9753
"/Engine/EngineMaterials/Substrate/Glints2/dict_0004_0052" 9754
"/Engine/EngineMaterials/Substrate/Glints2/dict_0004_0051" 9755
"/Engine/EngineMaterials/Substrate/Glints2/dict_0004_0050" 9756
"/Engine/EngineMaterials/Substrate/Glints2/dict_0004_0049" 9757
"/Engine/EngineMaterials/Substrate/Glints2/dict_0004_0048" 9758
"/Engine/EngineMaterials/Substrate/Glints2/dict_0004_0047" 9759
"/Engine/EngineMaterials/Substrate/Glints2/dict_0004_0046" 9760
"/Engine/EngineMaterials/Substrate/Glints2/dict_0004_0045" 9761
"/Engine/EngineMaterials/Substrate/Glints2/dict_0004_0044" 9762
"/Engine/EngineMaterials/Substrate/Glints2/dict_0004_0043" 9763
"/Engine/EngineMaterials/Substrate/Glints2/dict_0004_0042" 9764
"/Engine/EngineMaterials/Substrate/Glints2/dict_0004_0041" 9765
"/Engine/EngineMaterials/Substrate/Glints2/dict_0004_0072" 9766
"../../../Engine/Content/EngineMaterials/Substrate/Glints2/dict_0004_0074.uasset" 9767
"../../../Engine/Content/EngineMaterials/Substrate/Glints2/dict_0004_0073.uasset" 9768
"../../../Engine/Content/EngineMaterials/Substrate/Glints2/dict_0004_0077.uasset" 9769
"../../../Engine/Content/EngineMaterials/Substrate/Glints2/dict_0004_0080.uasset" 9770
"../../../Engine/Content/EngineMaterials/Substrate/Glints2/dict_0004_0075.uasset" 9771
"../../../Engine/Content/EngineMaterials/Substrate/Glints2/dict_0004_0076.uasset" 9772
"../../../Engine/Content/EngineMaterials/Substrate/Glints2/dict_0004_0078.uasset" 9773
"/Engine/EngineMaterials/Substrate/Glints2/dict_0004_0071" 9774
"../../../Engine/Content/EngineMaterials/Substrate/Glints2/dict_0004_0082.uasset" 9775
"../../../Engine/Content/EngineMaterials/Substrate/Glints2/dict_0004_0081.uasset" 9776
"../../../Engine/Content/EngineMaterials/Substrate/Glints2/dict_0004_0079.uasset" 9777
"../../../Engine/Content/EngineMaterials/Substrate/Glints2/dict_0004_0083.uasset" 9778
"/Engine/EngineMaterials/Substrate/Glints2/dict_0004_0070" 9779
"../../../Engine/Content/EngineMaterials/Substrate/Glints2/dict_0004_0086.uasset" 9780
"../../../Engine/Content/EngineMaterials/Substrate/Glints2/dict_0004_0085.uasset" 9781
"../../../Engine/Content/EngineMaterials/Substrate/Glints2/dict_0004_0084.uasset" 9782
"../../../Engine/Content/EngineMaterials/Substrate/Glints2/dict_0004_0087.uasset" 9783
"../../../Engine/Content/EngineMaterials/Substrate/Glints2/dict_0004_0089.uasset" 9784
"../../../Engine/Content/EngineMaterials/Substrate/Glints2/dict_0004_0090.uasset" 9785
"../../../Engine/Content/EngineMaterials/Substrate/Glints2/dict_0004_0088.uasset" 9786
"/Engine/EngineMaterials/Substrate/Glints2/dict_0004_0069" 9787
"/Engine/EngineMaterials/Substrate/Glints2/dict_0004_0068" 9788
"/Engine/EngineMaterials/Substrate/Glints2/dict_0004_0067" 9789
"/Engine/EngineMaterials/Substrate/Glints2/dict_0004_0066" 9790
"/Engine/EngineMaterials/Substrate/Glints2/dict_0004_0065" 9791
"/Engine/EngineMaterials/Substrate/Glints2/dict_0004_0064" 9792
"/Engine/EngineMaterials/Substrate/Glints2/dict_0004_0063" 9793
"/Engine/EngineMaterials/Substrate/Glints2/dict_0004_0062" 9794
"/Engine/EngineMaterials/Substrate/Glints2/dict_0004_0061" 9795
"/Engine/EngineMaterials/Substrate/Glints2/dict_0004_0060" 9796
"/Engine/EngineMaterials/Substrate/Glints2/dict_0004_0059" 9797
"/Engine/EngineMaterials/Substrate/Glints2/dict_0004_0090" 9798
"/Engine/EngineMaterials/Substrate/Glints2/dict_0004_0089" 9799
"/Engine/EngineMaterials/Substrate/Glints2/dict_0004_0088" 9800
"../../../Engine/Content/EngineMaterials/Substrate/Glints2/dict_0004_0094.uasset" 9801
"../../../Engine/Content/EngineMaterials/Substrate/Glints2/dict_0004_0093.uasset" 9802
"/Engine/EngineMaterials/Substrate/Glints2/dict_0004_0087" 9803
"../../../Engine/Content/EngineMaterials/Substrate/Glints2/dict_0004_0092.uasset" 9804
"/Engine/EngineMaterials/Substrate/Glints2/dict_0004_0086" 9805
"../../../Engine/Content/EngineMaterials/Substrate/Glints2/dict_0004_0096.uasset" 9806
"../../../Engine/Content/EngineMaterials/Substrate/Glints2/dict_0004_0097.uasset" 9807
"/Engine/EngineMaterials/Substrate/Glints2/dict_0004_0085" 9808
"../../../Engine/Content/EngineMaterials/Substrate/Glints2/dict_0004_0091.uasset" 9809
"../../../Engine/Content/EngineMaterials/Substrate/Glints2/dict_0004_0095.uasset" 9810
"../../../Engine/Content/EngineMaterials/Substrate/Glints2/dict_0004_0098.uasset" 9811
"../../../Engine/Content/EngineMaterials/Substrate/Glints2/dict_0004_0100.uasset" 9812
"../../../Engine/Content/EngineMaterials/Substrate/Glints2/dict_0004_0099.uasset" 9813
"../../../Engine/Content/EngineMaterials/Substrate/Glints2/dict_0004_0101.uasset" 9814
"../../../Engine/Content/EngineMaterials/Substrate/Glints2/dict_0004_0102.uasset" 9815
"/Engine/EngineMaterials/Substrate/Glints2/dict_0004_0084" 9816
"../../../Engine/Content/EngineMaterials/Substrate/Glints2/dict_0004_0103.uasset" 9817
"../../../Engine/Content/EngineMaterials/Substrate/Glints2/dict_0004_0104.uasset" 9818
"/Engine/EngineMaterials/Substrate/Glints2/dict_0004_0083" 9819
"/Engine/EngineMaterials/Substrate/Glints2/dict_0004_0082" 9820
"/Engine/EngineMaterials/Substrate/Glints2/dict_0004_0081" 9821
"/Engine/EngineMaterials/Substrate/Glints2/dict_0004_0080" 9822
"/Engine/EngineMaterials/Substrate/Glints2/dict_0004_0079" 9823
"/Engine/EngineMaterials/Substrate/Glints2/dict_0004_0078" 9824
"/Engine/EngineMaterials/Substrate/Glints2/dict_0004_0077" 9825
"/Engine/EngineMaterials/Substrate/Glints2/dict_0004_0076" 9826
"/Engine/EngineMaterials/Substrate/Glints2/dict_0004_0075" 9827
"/Engine/EngineMaterials/Substrate/Glints2/dict_0004_0074" 9828
"/Engine/EngineMaterials/Substrate/Glints2/dict_0004_0073" 9829
"/Engine/EngineMaterials/Substrate/Glints2/dict_0004_0104" 9830
"../../../Engine/Content/EngineMaterials/Substrate/Glints2/dict_0004_0105.uasset" 9831
"../../../Engine/Content/EngineMaterials/Substrate/Glints2/dict_0004_0107.uasset" 9832
"../../../Engine/Content/EngineMaterials/Substrate/Glints2/dict_0004_0106.uasset" 9833
"../../../Engine/Content/EngineMaterials/Substrate/Glints2/dict_0004_0109.uasset" 9834
"../../../Engine/Content/EngineMaterials/Substrate/Glints2/dict_0004_0110.uasset" 9835
"../../../Engine/Content/EngineMaterials/Substrate/Glints2/dict_0004_0108.uasset" 9836
"../../../Engine/Content/EngineMaterials/Substrate/Glints2/dict_0004_0111.uasset" 9837
"../../../Engine/Content/EngineMaterials/Substrate/Glints2/dict_0004_0112.uasset" 9838
"/Engine/EngineMaterials/Substrate/Glints2/dict_0004_0103" 9839
"../../../Engine/Content/EngineMaterials/Substrate/Glints2/dict_0004_0114.uasset" 9840
"/Engine/EngineMaterials/Substrate/Glints2/dict_0004_0102" 9841
"../../../Engine/Content/EngineMaterials/Substrate/Glints2/dict_0004_0113.uasset" 9842
"/Engine/EngineMaterials/Substrate/Glints2/dict_0004_0101" 9843
"../../../Engine/Content/EngineMaterials/Substrate/Glints2/dict_0004_0115.uasset" 9844
"../../../Engine/Content/EngineMaterials/Substrate/Glints2/dict_0004_0118.uasset" 9845
"../../../Engine/Content/EngineMaterials/Substrate/Glints2/dict_0004_0119.uasset" 9846
"../../../Engine/Content/EngineMaterials/Substrate/Glints2/dict_0004_0117.uasset" 9847
"/Engine/EngineMaterials/Substrate/Glints2/dict_0004_0100" 9848
"../../../Engine/Content/EngineMaterials/Substrate/Glints2/dict_0004_0116.uasset" 9849
"../../../Engine/Content/EngineMaterials/Substrate/Glints2/dict_0004_0122.uasset" 9850
"../../../Engine/Content/EngineMaterials/Substrate/Glints2/dict_0004_0121.uasset" 9851
"../../../Engine/Content/EngineMaterials/Substrate/Glints2/dict_0004_0120.uasset" 9852
"/Engine/EngineMaterials/Substrate/Glints2/dict_0004_0099" 9853
"/Engine/EngineMaterials/Substrate/Glints2/dict_0004_0098" 9854
"/Engine/EngineMaterials/Substrate/Glints2/dict_0004_0097" 9855
"/Engine/EngineMaterials/Substrate/Glints2/dict_0004_0096" 9856
"/Engine/EngineMaterials/Substrate/Glints2/dict_0004_0095" 9857
"/Engine/EngineMaterials/Substrate/Glints2/dict_0004_0094" 9858
"/Engine/EngineMaterials/Substrate/Glints2/dict_0004_0093" 9859
"/Engine/EngineMaterials/Substrate/Glints2/dict_0004_0092" 9860
"/Engine/EngineMaterials/Substrate/Glints2/dict_0004_0091" 9861
"/Engine/EngineMaterials/Substrate/Glints2/dict_0004_0122" 9862
"../../../Engine/Content/EngineMaterials/Substrate/Glints2/dict_0004_0124.uasset" 9863
"../../../Engine/Content/EngineMaterials/Substrate/Glints2/dict_0004_0129.uasset" 9864
"../../../Engine/Content/EngineMaterials/Substrate/Glints2/dict_0004_0128.uasset" 9865
"/Engine/EngineMaterials/Substrate/Glints2/dict_0004_0121" 9866
"../../../Engine/Content/EngineMaterials/Substrate/Glints2/dict_0004_0132.uasset" 9867
"../../../Engine/Content/EngineMaterials/Substrate/Glints2/dict_0004_0127.uasset" 9868
"../../../Engine/Content/EngineMaterials/Substrate/Glints2/dict_0004_0126.uasset" 9869
"../../../Engine/Content/EngineMaterials/Substrate/Glints2/dict_0004_0131.uasset" 9870
"../../../Engine/Content/EngineMaterials/Substrate/Glints2/dict_0004_0130.uasset" 9871
"../../../Engine/Content/EngineMaterials/Substrate/Glints2/dict_0004_0125.uasset" 9872
"../../../Engine/Content/EngineMaterials/Substrate/Glints2/dict_0004_0123.uasset" 9873
"/Engine/EngineMaterials/Substrate/Glints2/dict_0004_0120" 9874
"../../../Engine/Content/EngineMaterials/Substrate/Glints2/dict_0004_0133.uasset" 9875
"../../../Engine/Content/EngineMaterials/Substrate/Glints2/dict_0004_0134.uasset" 9876
"../../../Engine/Content/EngineMaterials/Substrate/Glints2/dict_0004_0135.uasset" 9877
"../../../Engine/Content/EngineMaterials/Substrate/Glints2/dict_0004_0136.uasset" 9878
"/Engine/EngineMaterials/Substrate/Glints2/dict_0004_0119" 9879
"/Engine/EngineMaterials/Substrate/Glints2/dict_0004_0118" 9880
"/Engine/EngineMaterials/Substrate/Glints2/dict_0004_0117" 9881
"/Engine/EngineMaterials/Substrate/Glints2/dict_0004_0116" 9882
"/Engine/EngineMaterials/Substrate/Glints2/dict_0004_0115" 9883
"/Engine/EngineMaterials/Substrate/Glints2/dict_0004_0114" 9884
"/Engine/EngineMaterials/Substrate/Glints2/dict_0004_0113" 9885
"/Engine/EngineMaterials/Substrate/Glints2/dict_0004_0112" 9886
"/Engine/EngineMaterials/Substrate/Glints2/dict_0004_0111" 9887
"/Engine/EngineMaterials/Substrate/Glints2/dict_0004_0110" 9888
"/Engine/EngineMaterials/Substrate/Glints2/dict_0004_0109" 9889
"/Engine/EngineMaterials/Substrate/Glints2/dict_0004_0108" 9890
"/Engine/EngineMaterials/Substrate/Glints2/dict_0004_0107" 9891
"/Engine/EngineMaterials/Substrate/Glints2/dict_0004_0106" 9892
"/Engine/EngineMaterials/Substrate/Glints2/dict_0004_0105" 9893
"/Engine/EngineMaterials/Substrate/Glints2/dict_0004_0136" 9894
"../../../Engine/Content/EngineMaterials/Substrate/Glints2/dict_0004_0138.uasset" 9895
"/Engine/EngineMaterials/Substrate/Glints2/dict_0004_0135" 9896
"../../../Engine/Content/EngineMaterials/Substrate/Glints2/dict_0004_0144.uasset" 9897
"../../../Engine/Content/EngineMaterials/Substrate/Glints2/dict_0004_0141.uasset" 9898
"../../../Engine/Content/EngineMaterials/Substrate/Glints2/dict_0004_0145.uasset" 9899
"../../../Engine/Content/EngineMaterials/Substrate/Glints2/dict_0004_0139.uasset" 9900
"/Engine/EngineMaterials/Substrate/Glints2/dict_0004_0134" 9901
"../../../Engine/Content/EngineMaterials/Substrate/Glints2/dict_0004_0143.uasset" 9902
"../../../Engine/Content/EngineMaterials/Substrate/Glints2/dict_0004_0142.uasset" 9903
"../../../Engine/Content/EngineMaterials/Substrate/Glints2/dict_0004_0140.uasset" 9904
"../../../Engine/Content/EngineMaterials/Substrate/Glints2/dict_0004_0147.uasset" 9905
"/Engine/EngineMaterials/Substrate/Glints2/dict_0004_0133" 9906
"../../../Engine/Content/EngineMaterials/Substrate/Glints2/dict_0004_0137.uasset" 9907
"../../../Engine/Content/EngineMaterials/Substrate/Glints2/dict_0004_0148.uasset" 9908
"../../../Engine/Content/EngineMaterials/Substrate/Glints2/dict_0004_0146.uasset" 9909
"../../../Engine/Content/EngineMaterials/Substrate/Glints2/dict_0004_0150.uasset" 9910
"../../../Engine/Content/EngineMaterials/Substrate/Glints2/dict_0004_0149.uasset" 9911
"../../../Engine/Content/EngineMaterials/Substrate/Glints2/dict_0004_0151.uasset" 9912
"/Engine/EngineMaterials/Substrate/Glints2/dict_0004_0132" 9913
"../../../Engine/Content/EngineMaterials/Substrate/Glints2/dict_0004_0153.uasset" 9914
"../../../Engine/Content/EngineMaterials/Substrate/Glints2/dict_0004_0152.uasset" 9915
"../../../Engine/Content/EngineMaterials/Substrate/Glints2/dict_0004_0154.uasset" 9916
"/Engine/EngineMaterials/Substrate/Glints2/dict_0004_0131" 9917
"/Engine/EngineMaterials/Substrate/Glints2/dict_0004_0130" 9918
"/Engine/EngineMaterials/Substrate/Glints2/dict_0004_0129" 9919
"/Engine/EngineMaterials/Substrate/Glints2/dict_0004_0128" 9920
"/Engine/EngineMaterials/Substrate/Glints2/dict_0004_0127" 9921
"/Engine/EngineMaterials/Substrate/Glints2/dict_0004_0126" 9922
"/Engine/EngineMaterials/Substrate/Glints2/dict_0004_0125" 9923
"/Engine/EngineMaterials/Substrate/Glints2/dict_0004_0124" 9924
"/Engine/EngineMaterials/Substrate/Glints2/dict_0004_0123" 9925
"../../../Engine/Content/EngineMaterials/Substrate/Glints2/dict_0004_0156.uasset" 9926
"/Engine/EngineMaterials/Substrate/Glints2/dict_0004_0154" 9927
"../../../Engine/Content/EngineMaterials/Substrate/Glints2/dict_0004_0155.uasset" 9928
"../../../Engine/Content/EngineMaterials/Substrate/Glints2/dict_0004_0157.uasset" 9929
"../../../Engine/Content/EngineMaterials/Substrate/Glints2/dict_0004_0158.uasset" 9930
"/Engine/EngineMaterials/Substrate/Glints2/dict_0004_0153" 9931
"../../../Engine/Content/EngineMaterials/Substrate/Glints2/dict_0004_0159.uasset" 9932
"../../../Engine/Content/EngineMaterials/Substrate/Glints2/dict_0004_0160.uasset" 9933
"/Engine/EngineMaterials/Substrate/Glints2/dict_0004_0152" 9934
"../../../Engine/Content/EngineMaterials/Substrate/Glints2/dict_0004_0162.uasset" 9935
"../../../Engine/Content/EngineMaterials/Substrate/Glints2/dict_0004_0163.uasset" 9936
"../../../Engine/Content/EngineMaterials/Substrate/Glints2/dict_0004_0164.uasset" 9937
"../../../Engine/Content/EngineMaterials/Substrate/Glints2/dict_0004_0166.uasset" 9938
"../../../Engine/Content/EngineMaterials/Substrate/Glints2/dict_0004_0165.uasset" 9939
"../../../Engine/Content/EngineMaterials/Substrate/Glints2/dict_0004_0167.uasset" 9940
"../../../Engine/Content/EngineMaterials/Substrate/Glints2/dict_0004_0161.uasset" 9941
"../../../Engine/Content/EngineMaterials/Substrate/Glints2/dict_0004_0168.uasset" 9942
"/Engine/EngineMaterials/Substrate/Glints2/dict_0004_0151" 9943
"/Engine/EngineMaterials/Substrate/Glints2/dict_0004_0150" 9944
"/Engine/EngineMaterials/Substrate/Glints2/dict_0004_0149" 9945
"/Engine/EngineMaterials/Substrate/Glints2/dict_0004_0148" 9946
"/Engine/EngineMaterials/Substrate/Glints2/dict_0004_0147" 9947
"/Engine/EngineMaterials/Substrate/Glints2/dict_0004_0146" 9948
"/Engine/EngineMaterials/Substrate/Glints2/dict_0004_0145" 9949
"/Engine/EngineMaterials/Substrate/Glints2/dict_0004_0144" 9950
"/Engine/EngineMaterials/Substrate/Glints2/dict_0004_0143" 9951
"/Engine/EngineMaterials/Substrate/Glints2/dict_0004_0142" 9952
"/Engine/EngineMaterials/Substrate/Glints2/dict_0004_0141" 9953
"/Engine/EngineMaterials/Substrate/Glints2/dict_0004_0140" 9954
"/Engine/EngineMaterials/Substrate/Glints2/dict_0004_0139" 9955
"/Engine/EngineMaterials/Substrate/Glints2/dict_0004_0138" 9956
"/Engine/EngineMaterials/Substrate/Glints2/dict_0004_0137" 9957
"/Engine/EngineMaterials/Substrate/Glints2/dict_0004_0168" 9958
"../../../Engine/Content/EngineMaterials/Substrate/Glints2/dict_0004_0171.uasset" 9959
"../../../Engine/Content/EngineMaterials/Substrate/Glints2/dict_0004_0173.uasset" 9960
"../../../Engine/Content/EngineMaterials/Substrate/Glints2/dict_0004_0169.uasset" 9961
"../../../Engine/Content/EngineMaterials/Substrate/Glints2/dict_0004_0170.uasset" 9962
"../../../Engine/Content/EngineMaterials/Substrate/Glints2/dict_0004_0174.uasset" 9963
"/Engine/EngineMaterials/Substrate/Glints2/dict_0004_0167" 9964
"../../../Engine/Content/EngineMaterials/Substrate/Glints2/dict_0004_0175.uasset" 9965
"../../../Engine/Content/EngineMaterials/Substrate/Glints2/dict_0004_0177.uasset" 9966
"../../../Engine/Content/EngineMaterials/Substrate/Glints2/dict_0004_0176.uasset" 9967
"/Engine/EngineMaterials/Substrate/Glints2/dict_0004_0166" 9968
"../../../Engine/Content/EngineMaterials/Substrate/Glints2/dict_0004_0178.uasset" 9969
"../../../Engine/Content/EngineMaterials/Substrate/Glints2/dict_0004_0172.uasset" 9970
"../../../Engine/Content/EngineMaterials/Substrate/Glints2/dict_0004_0179.uasset" 9971
"../../../Engine/Content/EngineMaterials/Substrate/Glints2/dict_0004_0182.uasset" 9972
"../../../Engine/Content/EngineMaterials/Substrate/Glints2/dict_0004_0180.uasset" 9973
"../../../Engine/Content/EngineMaterials/Substrate/Glints2/dict_0004_0183.uasset" 9974
"../../../Engine/Content/EngineMaterials/Substrate/Glints2/dict_0004_0184.uasset" 9975
"../../../Engine/Content/EngineMaterials/Substrate/Glints2/dict_0004_0181.uasset" 9976
"../../../Engine/Content/EngineMaterials/Substrate/Glints2/dict_0004_0185.uasset" 9977
"../../../Engine/Content/EngineMaterials/Substrate/Glints2/dict_0004_0186.uasset" 9978
"/Engine/EngineMaterials/Substrate/Glints2/dict_0004_0165" 9979
"/Engine/EngineMaterials/Substrate/Glints2/dict_0004_0164" 9980
"/Engine/EngineMaterials/Substrate/Glints2/dict_0004_0163" 9981
"/Engine/EngineMaterials/Substrate/Glints2/dict_0004_0162" 9982
"/Engine/EngineMaterials/Substrate/Glints2/dict_0004_0161" 9983
"/Engine/EngineMaterials/Substrate/Glints2/dict_0004_0160" 9984
"/Engine/EngineMaterials/Substrate/Glints2/dict_0004_0159" 9985
"/Engine/EngineMaterials/Substrate/Glints2/dict_0004_0158" 9986
"/Engine/EngineMaterials/Substrate/Glints2/dict_0004_0157" 9987
"/Engine/EngineMaterials/Substrate/Glints2/dict_0004_0156" 9988
"/Engine/EngineMaterials/Substrate/Glints2/dict_0004_0155" 9989
"/Engine/EngineMaterials/Substrate/Glints2/dict_0004_0186" 9990
"../../../Engine/Content/EngineMaterials/Substrate/Glints2/dict_0004_0188.uasset" 9991
"../../../Engine/Content/EngineMaterials/Substrate/Glints2/dict_0004_0189.uasset" 9992
"../../../Engine/Content/EngineMaterials/Substrate/Glints2/dict_0004_0187.uasset" 9993
"../../../Engine/Content/EngineMaterials/Substrate/Glints2/dict_0004_0194.uasset" 9994
"../../../Engine/Content/EngineMaterials/Substrate/Glints2/dict_0004_0190.uasset" 9995
"../../../Engine/Content/EngineMaterials/Substrate/Glints2/dict_0004_0196.uasset" 9996
"../../../Engine/Content/EngineMaterials/Substrate/Glints2/dict_0004_0192.uasset" 9997
"../../../Engine/Content/EngineMaterials/Substrate/Glints2/dict_0004_0191.uasset" 9998
"../../../Engine/Content/EngineMaterials/Substrate/Glints2/dict_0004_0193.uasset" 9999
"/Engine/EngineMaterials/Substrate/Glints2/dict_0004_0185" 10000
"../../../Engine/Content/EngineMaterials/Substrate/Glints2/dict_0004_0195.uasset" 10001
"/Engine/EngineMaterials/Substrate/Glints2/dict_0004_0184" 10002
"../../../Engine/Content/EngineMaterials/Substrate/Glints2/dict_0004_0200.uasset" 10003
"../../../Engine/Content/EngineMaterials/Substrate/Glints2/dict_0004_0197.uasset" 10004
"../../../Engine/Content/EngineMaterials/Substrate/Glints2/dict_0004_0199.uasset" 10005
"/Engine/EngineMaterials/Substrate/Glints2/dict_0004_0183" 10006
"../../../Engine/Content/EngineMaterials/Substrate/Glints2/dict_0004_0198.uasset" 10007
"/Engine/EngineMaterials/Substrate/Glints2/dict_0004_0182" 10008
"/Engine/EngineMaterials/Substrate/Glints2/dict_0004_0181" 10009
"/Engine/EngineMaterials/Substrate/Glints2/dict_0004_0180" 10010
"/Engine/EngineMaterials/Substrate/Glints2/dict_0004_0179" 10011
"/Engine/EngineMaterials/Substrate/Glints2/dict_0004_0178" 10012
"/Engine/EngineMaterials/Substrate/Glints2/dict_0004_0177" 10013
"/Engine/EngineMaterials/Substrate/Glints2/dict_0004_0176" 10014
"/Engine/EngineMaterials/Substrate/Glints2/dict_0004_0175" 10015
"/Engine/EngineMaterials/Substrate/Glints2/dict_0004_0174" 10016
"/Engine/EngineMaterials/Substrate/Glints2/dict_0004_0173" 10017
"/Engine/EngineMaterials/Substrate/Glints2/dict_0004_0172" 10018
"/Engine/EngineMaterials/Substrate/Glints2/dict_0004_0171" 10019
"/Engine/EngineMaterials/Substrate/Glints2/dict_0004_0170" 10020
"/Engine/EngineMaterials/Substrate/Glints2/dict_0004_0169" 10021
"/Engine/EngineMaterials/Substrate/Glints2/dict_0004_0200" 10022
"../../../Engine/Content/EngineMaterials/Substrate/Glints2/dict_0004_0204.uasset" 10023
"../../../Engine/Content/EngineMaterials/Substrate/Glints2/dict_0004_0207.uasset" 10024
"../../../Engine/Content/EngineMaterials/Substrate/Glints2/dict_0004_0202.uasset" 10025
"../../../Engine/Content/EngineMaterials/Substrate/Glints2/dict_0004_0203.uasset" 10026
"../../../Engine/Content/EngineMaterials/Substrate/Glints2/dict_0004_0208.uasset" 10027
"../../../Engine/Content/EngineMaterials/Substrate/Glints2/dict_0004_0201.uasset" 10028
"../../../Engine/Content/EngineMaterials/Substrate/Glints2/dict_0004_0210.uasset" 10029
"../../../Engine/Content/EngineMaterials/Substrate/Glints2/dict_0004_0206.uasset" 10030
"../../../Engine/Content/EngineMaterials/Substrate/Glints2/dict_0004_0205.uasset" 10031
"../../../Engine/Content/EngineMaterials/Substrate/Glints2/dict_0004_0209.uasset" 10032
"/Engine/EngineMaterials/Substrate/Glints2/dict_0004_0199" 10033
"../../../Engine/Content/EngineMaterials/Substrate/Glints2/dict_0004_0211.uasset" 10034
"../../../Engine/Content/EngineMaterials/Substrate/Glints2/dict_0004_0212.uasset" 10035
"../../../Engine/Content/EngineMaterials/Substrate/Glints2/dict_0004_0216.uasset" 10036
"../../../Engine/Content/EngineMaterials/Substrate/Glints2/dict_0004_0214.uasset" 10037
"../../../Engine/Content/EngineMaterials/Substrate/Glints2/dict_0004_0215.uasset" 10038
"../../../Engine/Content/EngineMaterials/Substrate/Glints2/dict_0004_0217.uasset" 10039
"/Engine/EngineMaterials/Substrate/Glints2/dict_0004_0198" 10040
"../../../Engine/Content/EngineMaterials/Substrate/Glints2/dict_0004_0218.uasset" 10041
"../../../Engine/Content/EngineMaterials/Substrate/Glints2/dict_0004_0213.uasset" 10042
"/Engine/EngineMaterials/Substrate/Glints2/dict_0004_0197" 10043
"/Engine/EngineMaterials/Substrate/Glints2/dict_0004_0196" 10044
"/Engine/EngineMaterials/Substrate/Glints2/dict_0004_0195" 10045
"/Engine/EngineMaterials/Substrate/Glints2/dict_0004_0194" 10046
"/Engine/EngineMaterials/Substrate/Glints2/dict_0004_0193" 10047
"/Engine/EngineMaterials/Substrate/Glints2/dict_0004_0192" 10048
"/Engine/EngineMaterials/Substrate/Glints2/dict_0004_0191" 10049
"/Engine/EngineMaterials/Substrate/Glints2/dict_0004_0190" 10050
"/Engine/EngineMaterials/Substrate/Glints2/dict_0004_0189" 10051
"/Engine/EngineMaterials/Substrate/Glints2/dict_0004_0188" 10052
"/Engine/EngineMaterials/Substrate/Glints2/dict_0004_0187" 10053
"/Engine/EngineMaterials/Substrate/Glints2/dict_0004_0218" 10054
"../../../Engine/Content/EngineMaterials/Substrate/Glints2/dict_0004_0219.uasset" 10055
"../../../Engine/Content/EngineMaterials/Substrate/Glints2/dict_0004_0221.uasset" 10056
"../../../Engine/Content/EngineMaterials/Substrate/Glints2/dict_0004_0220.uasset" 10057
"../../../Engine/Content/EngineMaterials/Substrate/Glints2/dict_0004_0225.uasset" 10058
"../../../Engine/Content/EngineMaterials/Substrate/Glints2/dict_0004_0224.uasset" 10059
"/Engine/EngineMaterials/Substrate/Glints2/dict_0004_0217" 10060
"../../../Engine/Content/EngineMaterials/Substrate/Glints2/dict_0004_0222.uasset" 10061
"../../../Engine/Content/EngineMaterials/Substrate/Glints2/dict_0004_0228.uasset" 10062
"../../../Engine/Content/EngineMaterials/Substrate/Glints2/dict_0004_0223.uasset" 10063
"../../../Engine/Content/EngineMaterials/Substrate/Glints2/dict_0004_0226.uasset" 10064
"../../../Engine/Content/EngineMaterials/Substrate/Glints2/dict_0004_0227.uasset" 10065
"/Engine/EngineMaterials/Substrate/Glints2/dict_0004_0216" 10066
"../../../Engine/Content/EngineMaterials/Substrate/Glints2/dict_0004_0230.uasset" 10067
"../../../Engine/Content/EngineMaterials/Substrate/Glints2/dict_0004_0229.uasset" 10068
"../../../Engine/Content/EngineMaterials/Substrate/Glints2/dict_0004_0231.uasset" 10069
"../../../Engine/Content/EngineMaterials/Substrate/Glints2/dict_0004_0232.uasset" 10070
"/Engine/EngineMaterials/Substrate/Glints2/dict_0004_0215" 10071
"/Engine/EngineMaterials/Substrate/Glints2/dict_0004_0214" 10072
"/Engine/EngineMaterials/Substrate/Glints2/dict_0004_0213" 10073
"/Engine/EngineMaterials/Substrate/Glints2/dict_0004_0212" 10074
"/Engine/EngineMaterials/Substrate/Glints2/dict_0004_0211" 10075
"/Engine/EngineMaterials/Substrate/Glints2/dict_0004_0210" 10076
"/Engine/EngineMaterials/Substrate/Glints2/dict_0004_0209" 10077
"/Engine/EngineMaterials/Substrate/Glints2/dict_0004_0208" 10078
"/Engine/EngineMaterials/Substrate/Glints2/dict_0004_0207" 10079
"/Engine/EngineMaterials/Substrate/Glints2/dict_0004_0206" 10080
"/Engine/EngineMaterials/Substrate/Glints2/dict_0004_0205" 10081
"/Engine/EngineMaterials/Substrate/Glints2/dict_0004_0204" 10082
"/Engine/EngineMaterials/Substrate/Glints2/dict_0004_0203" 10083
"/Engine/EngineMaterials/Substrate/Glints2/dict_0004_0202" 10084
"/Engine/EngineMaterials/Substrate/Glints2/dict_0004_0201" 10085
"/Engine/EngineMaterials/Substrate/Glints2/dict_0004_0232" 10086
"../../../Engine/Content/EngineMaterials/Substrate/Glints2/dict_0004_0236.uasset" 10087
"../../../Engine/Content/EngineMaterials/Substrate/Glints2/dict_0004_0237.uasset" 10088
"../../../Engine/Content/EngineMaterials/Substrate/Glints2/dict_0004_0233.uasset" 10089
"../../../Engine/Content/EngineMaterials/Substrate/Glints2/dict_0004_0238.uasset" 10090
"../../../Engine/Content/EngineMaterials/Substrate/Glints2/dict_0004_0235.uasset" 10091
"../../../Engine/Content/EngineMaterials/Substrate/Glints2/dict_0004_0234.uasset" 10092
"../../../Engine/Content/EngineMaterials/Substrate/Glints2/dict_0004_0239.uasset" 10093
"../../../Engine/Content/EngineMaterials/Substrate/Glints2/dict_0004_0240.uasset" 10094
"../../../Engine/Content/EngineMaterials/Substrate/Glints2/dict_0004_0242.uasset" 10095
"../../../Engine/Content/EngineMaterials/Substrate/Glints2/dict_0004_0241.uasset" 10096
"/Engine/EngineMaterials/Substrate/Glints2/dict_0004_0231" 10097
"../../../Engine/Content/EngineMaterials/Substrate/Glints2/dict_0004_0243.uasset" 10098
"../../../Engine/Content/EngineMaterials/Substrate/Glints2/dict_0004_0245.uasset" 10099
"/Engine/EngineMaterials/Substrate/Glints2/dict_0004_0230" 10100
"../../../Engine/Content/EngineMaterials/Substrate/Glints2/dict_0004_0247.uasset" 10101
"../../../Engine/Content/EngineMaterials/Substrate/Glints2/dict_0004_0244.uasset" 10102
"/Engine/EngineMaterials/Substrate/Glints2/dict_0004_0229" 10103
"../../../Engine/Content/EngineMaterials/Substrate/Glints2/dict_0004_0246.uasset" 10104
"/Engine/EngineMaterials/Substrate/Glints2/dict_0004_0228" 10105
"../../../Engine/Content/EngineMaterials/Substrate/Glints2/dict_0004_0250.uasset" 10106
"../../../Engine/Content/EngineMaterials/Substrate/Glints2/dict_0004_0249.uasset" 10107
"../../../Engine/Content/EngineMaterials/Substrate/Glints2/dict_0004_0248.uasset" 10108
"/Engine/EngineMaterials/Substrate/Glints2/dict_0004_0227" 10109
"/Engine/EngineMaterials/Substrate/Glints2/dict_0004_0226" 10110
"/Engine/EngineMaterials/Substrate/Glints2/dict_0004_0225" 10111
"/Engine/EngineMaterials/Substrate/Glints2/dict_0004_0224" 10112
"/Engine/EngineMaterials/Substrate/Glints2/dict_0004_0223" 10113
"/Engine/EngineMaterials/Substrate/Glints2/dict_0004_0222" 10114
"/Engine/EngineMaterials/Substrate/Glints2/dict_0004_0221" 10115
"/Engine/EngineMaterials/Substrate/Glints2/dict_0004_0220" 10116
"/Engine/EngineMaterials/Substrate/Glints2/dict_0004_0219" 10117
"/Engine/EngineMaterials/Substrate/Glints2/dict_0004_0250" 10118
"/Engine/EngineMaterials/Substrate/Glints2/dict_0004_0249" 10119
"../../../Engine/Content/EngineMaterials/Substrate/Glints2/dict_0004_0255.uasset" 10120
"../../../Engine/Content/EngineMaterials/Substrate/Glints2/dict_0004_0252.uasset" 10121
"../../../Engine/Content/EngineMaterials/Substrate/Glints2/dict_0004_0253.uasset" 10122
"../../../Engine/Content/EngineMaterials/Substrate/Glints2/dict_0005_0000.uasset" 10123
"../../../Engine/Content/EngineMaterials/Substrate/Glints2/dict_0005_0001.uasset" 10124
"../../../Engine/Content/EngineMaterials/Substrate/Glints2/dict_0005_0002.uasset" 10125
"../../../Engine/Content/EngineMaterials/Substrate/Glints2/dict_0004_0254.uasset" 10126
"../../../Engine/Content/EngineMaterials/Substrate/Glints2/dict_0005_0004.uasset" 10127
"../../../Engine/Content/EngineMaterials/Substrate/Glints2/dict_0004_0251.uasset" 10128
"../../../Engine/Content/EngineMaterials/Substrate/Glints2/dict_0005_0003.uasset" 10129
"/Engine/EngineMaterials/Substrate/Glints2/dict_0004_0248" 10130
"../../../Engine/Content/EngineMaterials/Substrate/Glints2/dict_0005_0005.uasset" 10131
"../../../Engine/Content/EngineMaterials/Substrate/Glints2/dict_0005_0006.uasset" 10132
"/Engine/EngineMaterials/Substrate/Glints2/dict_0004_0247" 10133
"../../../Engine/Content/EngineMaterials/Substrate/Glints2/dict_0005_0008.uasset" 10134
"../../../Engine/Content/EngineMaterials/Substrate/Glints2/dict_0005_0007.uasset" 10135
"/Engine/EngineMaterials/Substrate/Glints2/dict_0004_0246" 10136
"/Engine/EngineMaterials/Substrate/Glints2/dict_0004_0245" 10137
"/Engine/EngineMaterials/Substrate/Glints2/dict_0004_0244" 10138
"/Engine/EngineMaterials/Substrate/Glints2/dict_0004_0243" 10139
"/Engine/EngineMaterials/Substrate/Glints2/dict_0004_0242" 10140
"/Engine/EngineMaterials/Substrate/Glints2/dict_0004_0241" 10141
"/Engine/EngineMaterials/Substrate/Glints2/dict_0004_0240" 10142
"/Engine/EngineMaterials/Substrate/Glints2/dict_0004_0239" 10143
"/Engine/EngineMaterials/Substrate/Glints2/dict_0004_0238" 10144
"/Engine/EngineMaterials/Substrate/Glints2/dict_0004_0237" 10145
"/Engine/EngineMaterials/Substrate/Glints2/dict_0004_0236" 10146
"/Engine/EngineMaterials/Substrate/Glints2/dict_0004_0235" 10147
"/Engine/EngineMaterials/Substrate/Glints2/dict_0004_0234" 10148
"/Engine/EngineMaterials/Substrate/Glints2/dict_0004_0233" 10149
"/Engine/EngineMaterials/Substrate/Glints2/dict_0005_0008" 10150
"../../../Engine/Content/EngineMaterials/Substrate/Glints2/dict_0005_0014.uasset" 10151
"../../../Engine/Content/EngineMaterials/Substrate/Glints2/dict_0005_0012.uasset" 10152
"/Engine/EngineMaterials/Substrate/Glints2/dict_0005_0007" 10153
"../../../Engine/Content/EngineMaterials/Substrate/Glints2/dict_0005_0009.uasset" 10154
"../../../Engine/Content/EngineMaterials/Substrate/Glints2/dict_0005_0017.uasset" 10155
"../../../Engine/Content/EngineMaterials/Substrate/Glints2/dict_0005_0013.uasset" 10156
"../../../Engine/Content/EngineMaterials/Substrate/Glints2/dict_0005_0015.uasset" 10157
"../../../Engine/Content/EngineMaterials/Substrate/Glints2/dict_0005_0018.uasset" 10158
"../../../Engine/Content/EngineMaterials/Substrate/Glints2/dict_0005_0011.uasset" 10159
"../../../Engine/Content/EngineMaterials/Substrate/Glints2/dict_0005_0016.uasset" 10160
"../../../Engine/Content/EngineMaterials/Substrate/Glints2/dict_0005_0010.uasset" 10161
"/Engine/EngineMaterials/Substrate/Glints2/dict_0005_0006" 10162
"../../../Engine/Content/EngineMaterials/Substrate/Glints2/dict_0005_0019.uasset" 10163
"../../../Engine/Content/EngineMaterials/Substrate/Glints2/dict_0005_0020.uasset" 10164
"../../../Engine/Content/EngineMaterials/Substrate/Glints2/dict_0005_0021.uasset" 10165
"../../../Engine/Content/EngineMaterials/Substrate/Glints2/dict_0005_0023.uasset" 10166
"/Engine/EngineMaterials/Substrate/Glints2/dict_0005_0005" 10167
"../../../Engine/Content/EngineMaterials/Substrate/Glints2/dict_0005_0022.uasset" 10168
"/Engine/EngineMaterials/Substrate/Glints2/dict_0005_0004" 10169
"../../../Engine/Content/EngineMaterials/Substrate/Glints2/dict_0005_0024.uasset" 10170
"../../../Engine/Content/EngineMaterials/Substrate/Glints2/dict_0005_0026.uasset" 10171
"../../../Engine/Content/EngineMaterials/Substrate/Glints2/dict_0005_0025.uasset" 10172
"/Engine/EngineMaterials/Substrate/Glints2/dict_0005_0003" 10173
"/Engine/EngineMaterials/Substrate/Glints2/dict_0005_0002" 10174
"/Engine/EngineMaterials/Substrate/Glints2/dict_0005_0001" 10175
"/Engine/EngineMaterials/Substrate/Glints2/dict_0005_0000" 10176
"/Engine/EngineMaterials/Substrate/Glints2/dict_0004_0255" 10177
"/Engine/EngineMaterials/Substrate/Glints2/dict_0004_0254" 10178
"/Engine/EngineMaterials/Substrate/Glints2/dict_0004_0253" 10179
"/Engine/EngineMaterials/Substrate/Glints2/dict_0004_0252" 10180
"/Engine/EngineMaterials/Substrate/Glints2/dict_0004_0251" 10181
"/Engine/EngineMaterials/Substrate/Glints2/dict_0005_0026" 10182
"../../../Engine/Content/EngineMaterials/Substrate/Glints2/dict_0005_0027.uasset" 10183
"../../../Engine/Content/EngineMaterials/Substrate/Glints2/dict_0005_0029.uasset" 10184
"../../../Engine/Content/EngineMaterials/Substrate/Glints2/dict_0005_0030.uasset" 10185
"../../../Engine/Content/EngineMaterials/Substrate/Glints2/dict_0005_0031.uasset" 10186
"/Engine/EngineMaterials/Substrate/Glints2/dict_0005_0025" 10187
"../../../Engine/Content/EngineMaterials/Substrate/Glints2/dict_0005_0034.uasset" 10188
"../../../Engine/Content/EngineMaterials/Substrate/Glints2/dict_0005_0032.uasset" 10189
"../../../Engine/Content/EngineMaterials/Substrate/Glints2/dict_0005_0028.uasset" 10190
"../../../Engine/Content/EngineMaterials/Substrate/Glints2/dict_0005_0035.uasset" 10191
"../../../Engine/Content/EngineMaterials/Substrate/Glints2/dict_0005_0033.uasset" 10192
"../../../Engine/Content/EngineMaterials/Substrate/Glints2/dict_0005_0036.uasset" 10193
"/Engine/EngineMaterials/Substrate/Glints2/dict_0005_0024" 10194
"../../../Engine/Content/EngineMaterials/Substrate/Glints2/dict_0005_0037.uasset" 10195
"../../../Engine/Content/EngineMaterials/Substrate/Glints2/dict_0005_0040.uasset" 10196
"../../../Engine/Content/EngineMaterials/Substrate/Glints2/dict_0005_0038.uasset" 10197
"../../../Engine/Content/EngineMaterials/Substrate/Glints2/dict_0005_0039.uasset" 10198
"/Engine/EngineMaterials/Substrate/Glints2/dict_0005_0023" 10199
"/Engine/EngineMaterials/Substrate/Glints2/dict_0005_0022" 10200
"/Engine/EngineMaterials/Substrate/Glints2/dict_0005_0021" 10201
"/Engine/EngineMaterials/Substrate/Glints2/dict_0005_0020" 10202
"/Engine/EngineMaterials/Substrate/Glints2/dict_0005_0019" 10203
"/Engine/EngineMaterials/Substrate/Glints2/dict_0005_0018" 10204
"/Engine/EngineMaterials/Substrate/Glints2/dict_0005_0017" 10205
"/Engine/EngineMaterials/Substrate/Glints2/dict_0005_0016" 10206
"/Engine/EngineMaterials/Substrate/Glints2/dict_0005_0015" 10207
"/Engine/EngineMaterials/Substrate/Glints2/dict_0005_0014" 10208
"/Engine/EngineMaterials/Substrate/Glints2/dict_0005_0013" 10209
"/Engine/EngineMaterials/Substrate/Glints2/dict_0005_0012" 10210
"/Engine/EngineMaterials/Substrate/Glints2/dict_0005_0011" 10211
"/Engine/EngineMaterials/Substrate/Glints2/dict_0005_0010" 10212
"/Engine/EngineMaterials/Substrate/Glints2/dict_0005_0009" 10213
"../../../Engine/Content/EngineMaterials/Substrate/Glints2/dict_0005_0043.uasset" 10214
"/Engine/EngineMaterials/Substrate/Glints2/dict_0005_0040" 10215
"../../../Engine/Content/EngineMaterials/Substrate/Glints2/dict_0005_0042.uasset" 10216
"../../../Engine/Content/EngineMaterials/Substrate/Glints2/dict_0005_0041.uasset" 10217
"../../../Engine/Content/EngineMaterials/Substrate/Glints2/dict_0005_0046.uasset" 10218
"../../../Engine/Content/EngineMaterials/Substrate/Glints2/dict_0005_0048.uasset" 10219
"../../../Engine/Content/EngineMaterials/Substrate/Glints2/dict_0005_0044.uasset" 10220
"../../../Engine/Content/EngineMaterials/Substrate/Glints2/dict_0005_0049.uasset" 10221
"../../../Engine/Content/EngineMaterials/Substrate/Glints2/dict_0005_0047.uasset" 10222
"../../../Engine/Content/EngineMaterials/Substrate/Glints2/dict_0005_0045.uasset" 10223
"../../../Engine/Content/EngineMaterials/Substrate/Glints2/dict_0005_0050.uasset" 10224
"../../../Engine/Content/EngineMaterials/Substrate/Glints2/dict_0005_0051.uasset" 10225
"../../../Engine/Content/EngineMaterials/Substrate/Glints2/dict_0005_0052.uasset" 10226
"../../../Engine/Content/EngineMaterials/Substrate/Glints2/dict_0005_0053.uasset" 10227
"../../../Engine/Content/EngineMaterials/Substrate/Glints2/dict_0005_0054.uasset" 10228
"/Engine/EngineMaterials/Substrate/Glints2/dict_0005_0039" 10229
"/Engine/EngineMaterials/Substrate/Glints2/dict_0005_0038" 10230
"../../../Engine/Content/EngineMaterials/Substrate/Glints2/dict_0005_0055.uasset" 10231
"../../../Engine/Content/EngineMaterials/Substrate/Glints2/dict_0005_0058.uasset" 10232
"../../../Engine/Content/EngineMaterials/Substrate/Glints2/dict_0005_0057.uasset" 10233
"../../../Engine/Content/EngineMaterials/Substrate/Glints2/dict_0005_0056.uasset" 10234
"/Engine/EngineMaterials/Substrate/Glints2/dict_0005_0037" 10235
"/Engine/EngineMaterials/Substrate/Glints2/dict_0005_0036" 10236
"/Engine/EngineMaterials/Substrate/Glints2/dict_0005_0035" 10237
"/Engine/EngineMaterials/Substrate/Glints2/dict_0005_0034" 10238
"/Engine/EngineMaterials/Substrate/Glints2/dict_0005_0033" 10239
"/Engine/EngineMaterials/Substrate/Glints2/dict_0005_0032" 10240
"/Engine/EngineMaterials/Substrate/Glints2/dict_0005_0031" 10241
"/Engine/EngineMaterials/Substrate/Glints2/dict_0005_0030" 10242
"/Engine/EngineMaterials/Substrate/Glints2/dict_0005_0029" 10243
"/Engine/EngineMaterials/Substrate/Glints2/dict_0005_0028" 10244
"/Engine/EngineMaterials/Substrate/Glints2/dict_0005_0027" 10245
"/Engine/EngineMaterials/Substrate/Glints2/dict_0005_0058" 10246
"../../../Engine/Content/EngineMaterials/Substrate/Glints2/dict_0005_0061.uasset" 10247
"../../../Engine/Content/EngineMaterials/Substrate/Glints2/dict_0005_0064.uasset" 10248
"../../../Engine/Content/EngineMaterials/Substrate/Glints2/dict_0005_0062.uasset" 10249
"/Engine/EngineMaterials/Substrate/Glints2/dict_0005_0057" 10250
"../../../Engine/Content/EngineMaterials/Substrate/Glints2/dict_0005_0060.uasset" 10251
"../../../Engine/Content/EngineMaterials/Substrate/Glints2/dict_0005_0063.uasset" 10252
"../../../Engine/Content/EngineMaterials/Substrate/Glints2/dict_0005_0068.uasset" 10253
"/Engine/EngineMaterials/Substrate/Glints2/dict_0005_0056" 10254
"../../../Engine/Content/EngineMaterials/Substrate/Glints2/dict_0005_0066.uasset" 10255
"../../../Engine/Content/EngineMaterials/Substrate/Glints2/dict_0005_0059.uasset" 10256
"../../../Engine/Content/EngineMaterials/Substrate/Glints2/dict_0005_0067.uasset" 10257
"/Engine/EngineMaterials/Substrate/Glints2/dict_0005_0055" 10258
"../../../Engine/Content/EngineMaterials/Substrate/Glints2/dict_0005_0069.uasset" 10259
"../../../Engine/Content/EngineMaterials/Substrate/Glints2/dict_0005_0065.uasset" 10260
"../../../Engine/Content/EngineMaterials/Substrate/Glints2/dict_0005_0070.uasset" 10261
"/Engine/EngineMaterials/Substrate/Glints2/dict_0005_0054" 10262
"../../../Engine/Content/EngineMaterials/Substrate/Glints2/dict_0005_0071.uasset" 10263
"../../../Engine/Content/EngineMaterials/Substrate/Glints2/dict_0005_0072.uasset" 10264
"/Engine/EngineMaterials/Substrate/Glints2/dict_0005_0053" 10265
"/Engine/EngineMaterials/Substrate/Glints2/dict_0005_0052" 10266
"/Engine/EngineMaterials/Substrate/Glints2/dict_0005_0051" 10267
"/Engine/EngineMaterials/Substrate/Glints2/dict_0005_0050" 10268
"/Engine/EngineMaterials/Substrate/Glints2/dict_0005_0049" 10269
"/Engine/EngineMaterials/Substrate/Glints2/dict_0005_0048" 10270
"/Engine/EngineMaterials/Substrate/Glints2/dict_0005_0047" 10271
"/Engine/EngineMaterials/Substrate/Glints2/dict_0005_0046" 10272
"/Engine/EngineMaterials/Substrate/Glints2/dict_0005_0045" 10273
"/Engine/EngineMaterials/Substrate/Glints2/dict_0005_0044" 10274
"/Engine/EngineMaterials/Substrate/Glints2/dict_0005_0043" 10275
"/Engine/EngineMaterials/Substrate/Glints2/dict_0005_0042" 10276
"/Engine/EngineMaterials/Substrate/Glints2/dict_0005_0041" 10277
"/Engine/EngineMaterials/Substrate/Glints2/dict_0005_0072" 10278
"../../../Engine/Content/EngineMaterials/Substrate/Glints2/dict_0005_0073.uasset" 10279
"../../../Engine/Content/EngineMaterials/Substrate/Glints2/dict_0005_0075.uasset" 10280
"../../../Engine/Content/EngineMaterials/Substrate/Glints2/dict_0005_0079.uasset" 10281
"../../../Engine/Content/EngineMaterials/Substrate/Glints2/dict_0005_0077.uasset" 10282
"../../../Engine/Content/EngineMaterials/Substrate/Glints2/dict_0005_0082.uasset" 10283
"../../../Engine/Content/EngineMaterials/Substrate/Glints2/dict_0005_0078.uasset" 10284
"../../../Engine/Content/EngineMaterials/Substrate/Glints2/dict_0005_0076.uasset" 10285
"../../../Engine/Content/EngineMaterials/Substrate/Glints2/dict_0005_0081.uasset" 10286
"/Engine/EngineMaterials/Substrate/Glints2/dict_0005_0071" 10287
"../../../Engine/Content/EngineMaterials/Substrate/Glints2/dict_0005_0074.uasset" 10288
"../../../Engine/Content/EngineMaterials/Substrate/Glints2/dict_0005_0080.uasset" 10289
"/Engine/EngineMaterials/Substrate/Glints2/dict_0005_0070" 10290
"/Engine/EngineMaterials/Substrate/Glints2/dict_0005_0069" 10291
"/Engine/EngineMaterials/Substrate/Glints2/dict_0005_0068" 10292
"/Engine/EngineMaterials/Substrate/Glints2/dict_0005_0067" 10293
"../../../Engine/Content/EngineMaterials/Substrate/Glints2/dict_0005_0083.uasset" 10294
"/Engine/EngineMaterials/Substrate/Glints2/dict_0005_0066" 10295
"../../../Engine/Content/EngineMaterials/Substrate/Glints2/dict_0005_0084.uasset" 10296
"/Engine/EngineMaterials/Substrate/Glints2/dict_0005_0065" 10297
"/Engine/EngineMaterials/Substrate/Glints2/dict_0005_0064" 10298
"/Engine/EngineMaterials/Substrate/Glints2/dict_0005_0063" 10299
"../../../Engine/Content/EngineMaterials/Substrate/Glints2/dict_0005_0085.uasset" 10300
"../../../Engine/Content/EngineMaterials/Substrate/Glints2/dict_0005_0088.uasset" 10301
"../../../Engine/Content/EngineMaterials/Substrate/Glints2/dict_0005_0087.uasset" 10302
"../../../Engine/Content/EngineMaterials/Substrate/Glints2/dict_0005_0086.uasset" 10303
"/Engine/EngineMaterials/Substrate/Glints2/dict_0005_0062" 10304
"../../../Engine/Content/EngineMaterials/Substrate/Glints2/dict_0005_0089.uasset" 10305
"/Engine/EngineMaterials/Substrate/Glints2/dict_0005_0061" 10306
"../../../Engine/Content/EngineMaterials/Substrate/Glints2/dict_0005_0090.uasset" 10307
"/Engine/EngineMaterials/Substrate/Glints2/dict_0005_0060" 10308
"/Engine/EngineMaterials/Substrate/Glints2/dict_0005_0059" 10309
"/Engine/EngineMaterials/Substrate/Glints2/dict_0005_0090" 10310
"../../../Engine/Content/EngineMaterials/Substrate/Glints2/dict_0005_0092.uasset" 10311
"../../../Engine/Content/EngineMaterials/Substrate/Glints2/dict_0005_0091.uasset" 10312
"../../../Engine/Content/EngineMaterials/Substrate/Glints2/dict_0005_0093.uasset" 10313
"/Engine/EngineMaterials/Substrate/Glints2/dict_0005_0089" 10314
"../../../Engine/Content/EngineMaterials/Substrate/Glints2/dict_0005_0094.uasset" 10315
"../../../Engine/Content/EngineMaterials/Substrate/Glints2/dict_0005_0095.uasset" 10316
"/Engine/EngineMaterials/Substrate/Glints2/dict_0005_0088" 10317
"../../../Engine/Content/EngineMaterials/Substrate/Glints2/dict_0005_0096.uasset" 10318
"/Engine/EngineMaterials/Substrate/Glints2/dict_0005_0087" 10319
"../../../Engine/Content/EngineMaterials/Substrate/Glints2/dict_0005_0100.uasset" 10320
"../../../Engine/Content/EngineMaterials/Substrate/Glints2/dict_0005_0097.uasset" 10321
"../../../Engine/Content/EngineMaterials/Substrate/Glints2/dict_0005_0104.uasset" 10322
"../../../Engine/Content/EngineMaterials/Substrate/Glints2/dict_0005_0102.uasset" 10323
"../../../Engine/Content/EngineMaterials/Substrate/Glints2/dict_0005_0101.uasset" 10324
"../../../Engine/Content/EngineMaterials/Substrate/Glints2/dict_0005_0098.uasset" 10325
"/Engine/EngineMaterials/Substrate/Glints2/dict_0005_0086" 10326
"/Engine/EngineMaterials/Substrate/Glints2/dict_0005_0085" 10327
"../../../Engine/Content/EngineMaterials/Substrate/Glints2/dict_0005_0103.uasset" 10328
"../../../Engine/Content/EngineMaterials/Substrate/Glints2/dict_0005_0099.uasset" 10329
"/Engine/EngineMaterials/Substrate/Glints2/dict_0005_0084" 10330
"/Engine/EngineMaterials/Substrate/Glints2/dict_0005_0083" 10331
"/Engine/EngineMaterials/Substrate/Glints2/dict_0005_0082" 10332
"/Engine/EngineMaterials/Substrate/Glints2/dict_0005_0081" 10333
"/Engine/EngineMaterials/Substrate/Glints2/dict_0005_0080" 10334
"/Engine/EngineMaterials/Substrate/Glints2/dict_0005_0079" 10335
"/Engine/EngineMaterials/Substrate/Glints2/dict_0005_0078" 10336
"/Engine/EngineMaterials/Substrate/Glints2/dict_0005_0077" 10337
"/Engine/EngineMaterials/Substrate/Glints2/dict_0005_0076" 10338
"/Engine/EngineMaterials/Substrate/Glints2/dict_0005_0075" 10339
"/Engine/EngineMaterials/Substrate/Glints2/dict_0005_0074" 10340
"/Engine/EngineMaterials/Substrate/Glints2/dict_0005_0073" 10341
"/Engine/EngineMaterials/Substrate/Glints2/dict_0005_0104" 10342
"../../../Engine/Content/EngineMaterials/Substrate/Glints2/dict_0005_0107.uasset" 10343
"../../../Engine/Content/EngineMaterials/Substrate/Glints2/dict_0005_0109.uasset" 10344
"../../../Engine/Content/EngineMaterials/Substrate/Glints2/dict_0005_0105.uasset" 10345
"../../../Engine/Content/EngineMaterials/Substrate/Glints2/dict_0005_0106.uasset" 10346
"/Engine/EngineMaterials/Substrate/Glints2/dict_0005_0103" 10347
"../../../Engine/Content/EngineMaterials/Substrate/Glints2/dict_0005_0111.uasset" 10348
"../../../Engine/Content/EngineMaterials/Substrate/Glints2/dict_0005_0110.uasset" 10349
"../../../Engine/Content/EngineMaterials/Substrate/Glints2/dict_0005_0108.uasset" 10350
"../../../Engine/Content/EngineMaterials/Substrate/Glints2/dict_0005_0113.uasset" 10351
"/Engine/EngineMaterials/Substrate/Glints2/dict_0005_0102" 10352
"../../../Engine/Content/EngineMaterials/Substrate/Glints2/dict_0005_0112.uasset" 10353
"../../../Engine/Content/EngineMaterials/Substrate/Glints2/dict_0005_0114.uasset" 10354
"../../../Engine/Content/EngineMaterials/Substrate/Glints2/dict_0005_0115.uasset" 10355
"../../../Engine/Content/EngineMaterials/Substrate/Glints2/dict_0005_0116.uasset" 10356
"/Engine/EngineMaterials/Substrate/Glints2/dict_0005_0101" 10357
"../../../Engine/Content/EngineMaterials/Substrate/Glints2/dict_0005_0117.uasset" 10358
"../../../Engine/Content/EngineMaterials/Substrate/Glints2/dict_0005_0118.uasset" 10359
"../../../Engine/Content/EngineMaterials/Substrate/Glints2/dict_0005_0119.uasset" 10360
"../../../Engine/Content/EngineMaterials/Substrate/Glints2/dict_0005_0120.uasset" 10361
"../../../Engine/Content/EngineMaterials/Substrate/Glints2/dict_0005_0121.uasset" 10362
"../../../Engine/Content/EngineMaterials/Substrate/Glints2/dict_0005_0122.uasset" 10363
"/Engine/EngineMaterials/Substrate/Glints2/dict_0005_0100" 10364
"/Engine/EngineMaterials/Substrate/Glints2/dict_0005_0099" 10365
"/Engine/EngineMaterials/Substrate/Glints2/dict_0005_0098" 10366
"/Engine/EngineMaterials/Substrate/Glints2/dict_0005_0097" 10367
"/Engine/EngineMaterials/Substrate/Glints2/dict_0005_0096" 10368
"/Engine/EngineMaterials/Substrate/Glints2/dict_0005_0095" 10369
"/Engine/EngineMaterials/Substrate/Glints2/dict_0005_0094" 10370
"/Engine/EngineMaterials/Substrate/Glints2/dict_0005_0093" 10371
"/Engine/EngineMaterials/Substrate/Glints2/dict_0005_0092" 10372
"/Engine/EngineMaterials/Substrate/Glints2/dict_0005_0091" 10373
"/Engine/EngineMaterials/Substrate/Glints2/dict_0005_0122" 10374
"../../../Engine/Content/EngineMaterials/Substrate/Glints2/dict_0005_0124.uasset" 10375
"../../../Engine/Content/EngineMaterials/Substrate/Glints2/dict_0005_0123.uasset" 10376
"../../../Engine/Content/EngineMaterials/Substrate/Glints2/dict_0005_0125.uasset" 10377
"../../../Engine/Content/EngineMaterials/Substrate/Glints2/dict_0005_0127.uasset" 10378
"../../../Engine/Content/EngineMaterials/Substrate/Glints2/dict_0005_0129.uasset" 10379
"../../../Engine/Content/EngineMaterials/Substrate/Glints2/dict_0005_0126.uasset" 10380
"/Engine/EngineMaterials/Substrate/Glints2/dict_0005_0121" 10381
"../../../Engine/Content/EngineMaterials/Substrate/Glints2/dict_0005_0130.uasset" 10382
"../../../Engine/Content/EngineMaterials/Substrate/Glints2/dict_0005_0131.uasset" 10383
"../../../Engine/Content/EngineMaterials/Substrate/Glints2/dict_0005_0128.uasset" 10384
"../../../Engine/Content/EngineMaterials/Substrate/Glints2/dict_0005_0132.uasset" 10385
"../../../Engine/Content/EngineMaterials/Substrate/Glints2/dict_0005_0134.uasset" 10386
"../../../Engine/Content/EngineMaterials/Substrate/Glints2/dict_0005_0133.uasset" 10387
"../../../Engine/Content/EngineMaterials/Substrate/Glints2/dict_0005_0135.uasset" 10388
"../../../Engine/Content/EngineMaterials/Substrate/Glints2/dict_0005_0136.uasset" 10389
"/Engine/EngineMaterials/Substrate/Glints2/dict_0005_0120" 10390
"/Engine/EngineMaterials/Substrate/Glints2/dict_0005_0119" 10391
"/Engine/EngineMaterials/Substrate/Glints2/dict_0005_0118" 10392
"/Engine/EngineMaterials/Substrate/Glints2/dict_0005_0117" 10393
"/Engine/EngineMaterials/Substrate/Glints2/dict_0005_0116" 10394
"/Engine/EngineMaterials/Substrate/Glints2/dict_0005_0115" 10395
"/Engine/EngineMaterials/Substrate/Glints2/dict_0005_0114" 10396
"/Engine/EngineMaterials/Substrate/Glints2/dict_0005_0113" 10397
"/Engine/EngineMaterials/Substrate/Glints2/dict_0005_0112" 10398
"/Engine/EngineMaterials/Substrate/Glints2/dict_0005_0111" 10399
"/Engine/EngineMaterials/Substrate/Glints2/dict_0005_0110" 10400
"/Engine/EngineMaterials/Substrate/Glints2/dict_0005_0109" 10401
"/Engine/EngineMaterials/Substrate/Glints2/dict_0005_0108" 10402
"/Engine/EngineMaterials/Substrate/Glints2/dict_0005_0107" 10403
"/Engine/EngineMaterials/Substrate/Glints2/dict_0005_0106" 10404
"/Engine/EngineMaterials/Substrate/Glints2/dict_0005_0105" 10405
"/Engine/EngineMaterials/Substrate/Glints2/dict_0005_0136" 10406
"../../../Engine/Content/EngineMaterials/Substrate/Glints2/dict_0005_0139.uasset" 10407
"../../../Engine/Content/EngineMaterials/Substrate/Glints2/dict_0005_0138.uasset" 10408
"../../../Engine/Content/EngineMaterials/Substrate/Glints2/dict_0005_0140.uasset" 10409
"../../../Engine/Content/EngineMaterials/Substrate/Glints2/dict_0005_0137.uasset" 10410
"../../../Engine/Content/EngineMaterials/Substrate/Glints2/dict_0005_0142.uasset" 10411
"../../../Engine/Content/EngineMaterials/Substrate/Glints2/dict_0005_0145.uasset" 10412
"../../../Engine/Content/EngineMaterials/Substrate/Glints2/dict_0005_0141.uasset" 10413
"/Engine/EngineMaterials/Substrate/Glints2/dict_0005_0135" 10414
"../../../Engine/Content/EngineMaterials/Substrate/Glints2/dict_0005_0146.uasset" 10415
"../../../Engine/Content/EngineMaterials/Substrate/Glints2/dict_0005_0147.uasset" 10416
"../../../Engine/Content/EngineMaterials/Substrate/Glints2/dict_0005_0144.uasset" 10417
"../../../Engine/Content/EngineMaterials/Substrate/Glints2/dict_0005_0148.uasset" 10418
"/Engine/EngineMaterials/Substrate/Glints2/dict_0005_0134" 10419
"../../../Engine/Content/EngineMaterials/Substrate/Glints2/dict_0005_0149.uasset" 10420
"../../../Engine/Content/EngineMaterials/Substrate/Glints2/dict_0005_0150.uasset" 10421
"../../../Engine/Content/EngineMaterials/Substrate/Glints2/dict_0005_0151.uasset" 10422
"../../../Engine/Content/EngineMaterials/Substrate/Glints2/dict_0005_0143.uasset" 10423
"/Engine/EngineMaterials/Substrate/Glints2/dict_0005_0133" 10424
"../../../Engine/Content/EngineMaterials/Substrate/Glints2/dict_0005_0153.uasset" 10425
"../../../Engine/Content/EngineMaterials/Substrate/Glints2/dict_0005_0152.uasset" 10426
"../../../Engine/Content/EngineMaterials/Substrate/Glints2/dict_0005_0154.uasset" 10427
"/Engine/EngineMaterials/Substrate/Glints2/dict_0005_0132" 10428
"/Engine/EngineMaterials/Substrate/Glints2/dict_0005_0131" 10429
"/Engine/EngineMaterials/Substrate/Glints2/dict_0005_0130" 10430
"/Engine/EngineMaterials/Substrate/Glints2/dict_0005_0129" 10431
"/Engine/EngineMaterials/Substrate/Glints2/dict_0005_0128" 10432
"/Engine/EngineMaterials/Substrate/Glints2/dict_0005_0127" 10433
"/Engine/EngineMaterials/Substrate/Glints2/dict_0005_0126" 10434
"/Engine/EngineMaterials/Substrate/Glints2/dict_0005_0125" 10435
"/Engine/EngineMaterials/Substrate/Glints2/dict_0005_0124" 10436
"/Engine/EngineMaterials/Substrate/Glints2/dict_0005_0123" 10437
"/Engine/EngineMaterials/Substrate/Glints2/dict_0005_0154" 10438
"../../../Engine/Content/EngineMaterials/Substrate/Glints2/dict_0005_0156.uasset" 10439
"../../../Engine/Content/EngineMaterials/Substrate/Glints2/dict_0005_0155.uasset" 10440
"../../../Engine/Content/EngineMaterials/Substrate/Glints2/dict_0005_0159.uasset" 10441
"../../../Engine/Content/EngineMaterials/Substrate/Glints2/dict_0005_0157.uasset" 10442
"/Engine/EngineMaterials/Substrate/Glints2/dict_0005_0153" 10443
"../../../Engine/Content/EngineMaterials/Substrate/Glints2/dict_0005_0158.uasset" 10444
"/Engine/EngineMaterials/Substrate/Glints2/dict_0005_0152" 10445
"../../../Engine/Content/EngineMaterials/Substrate/Glints2/dict_0005_0160.uasset" 10446
"../../../Engine/Content/EngineMaterials/Substrate/Glints2/dict_0005_0162.uasset" 10447
"../../../Engine/Content/EngineMaterials/Substrate/Glints2/dict_0005_0161.uasset" 10448
"/Engine/EngineMaterials/Substrate/Glints2/dict_0005_0151" 10449
"../../../Engine/Content/EngineMaterials/Substrate/Glints2/dict_0005_0164.uasset" 10450
"/Engine/EngineMaterials/Substrate/Glints2/dict_0005_0150" 10451
"/Engine/EngineMaterials/Substrate/Glints2/dict_0005_0149" 10452
"/Engine/EngineMaterials/Substrate/Glints2/dict_0005_0148" 10453
"/Engine/EngineMaterials/Substrate/Glints2/dict_0005_0147" 10454
"/Engine/EngineMaterials/Substrate/Glints2/dict_0005_0146" 10455
"../../../Engine/Content/EngineMaterials/Substrate/Glints2/dict_0005_0166.uasset" 10456
"/Engine/EngineMaterials/Substrate/Glints2/dict_0005_0145" 10457
"../../../Engine/Content/EngineMaterials/Substrate/Glints2/dict_0005_0167.uasset" 10458
"/Engine/EngineMaterials/Substrate/Glints2/dict_0005_0144" 10459
"/Engine/EngineMaterials/Substrate/Glints2/dict_0005_0143" 10460
"/Engine/EngineMaterials/Substrate/Glints2/dict_0005_0142" 10461
"/Engine/EngineMaterials/Substrate/Glints2/dict_0005_0141" 10462
"/Engine/EngineMaterials/Substrate/Glints2/dict_0005_0140" 10463
"/Engine/EngineMaterials/Substrate/Glints2/dict_0005_0139" 10464
"/Engine/EngineMaterials/Substrate/Glints2/dict_0005_0138" 10465
"/Engine/EngineMaterials/Substrate/Glints2/dict_0005_0137" 10466
"/Engine/EngineMaterials/Substrate/Glints2/dict_0005_0167" 10467
"../../../Engine/Content/EngineMaterials/Substrate/Glints2/dict_0005_0168.uasset" 10468
"../../../Engine/Content/EngineMaterials/Substrate/Glints2/dict_0005_0169.uasset" 10469
"../../../Engine/Content/EngineMaterials/Substrate/Glints2/dict_0005_0171.uasset" 10470
"/Engine/EngineMaterials/Substrate/Glints2/dict_0005_0166" 10471
"../../../Engine/Content/EngineMaterials/Substrate/Glints2/dict_0005_0172.uasset" 10472
"../../../Engine/Content/EngineMaterials/Substrate/Glints2/dict_0005_0170.uasset" 10473
"/Engine/EngineMaterials/Substrate/Glints2/dict_0005_0164" 10474
"../../../Engine/Content/EngineMaterials/Substrate/Glints2/dict_0005_0163.uasset" 10475
"../../../Engine/Content/EngineMaterials/Substrate/Glints2/dict_0005_0165.uasset" 10476
"../../../Engine/Content/EngineMaterials/Substrate/Glints2/dict_0005_0173.uasset" 10477
"/Engine/EngineMaterials/Substrate/Glints2/dict_0005_0162" 10478
"/Engine/EngineMaterials/Substrate/Glints2/dict_0005_0161" 10479
"/Engine/EngineMaterials/Substrate/Glints2/dict_0005_0160" 10480
"/Engine/EngineMaterials/Substrate/Glints2/dict_0005_0159" 10481
"/Engine/EngineMaterials/Substrate/Glints2/dict_0005_0158" 10482
"/Engine/EngineMaterials/Substrate/Glints2/dict_0005_0157" 10483
"/Engine/EngineMaterials/Substrate/Glints2/dict_0005_0156" 10484
"../../../Engine/Content/EngineMaterials/Substrate/Glints2/dict_0005_0175.uasset" 10485
"/Engine/EngineMaterials/Substrate/Glints2/dict_0005_0155" 10486
"/Engine/EngineMaterials/Substrate/Glints2/dict_0005_0175" 10487
"../../../Engine/Content/EngineMaterials/Substrate/Glints2/dict_0005_0180.uasset" 10488
"../../../Engine/Content/EngineMaterials/Substrate/Glints2/dict_0005_0176.uasset" 10489
"../../../Engine/Content/EngineMaterials/Substrate/Glints2/dict_0005_0177.uasset" 10490
"../../../Engine/Content/EngineMaterials/Substrate/Glints2/dict_0005_0178.uasset" 10491
"/Engine/EngineMaterials/Substrate/Glints2/dict_0005_0172" 10492
"../../../Engine/Content/EngineMaterials/Substrate/Glints2/dict_0005_0181.uasset" 10493
"/Engine/EngineMaterials/Substrate/Glints2/dict_0005_0171" 10494
"../../../Engine/Content/EngineMaterials/Substrate/Glints2/dict_0005_0182.uasset" 10495
"../../../Engine/Content/EngineMaterials/Substrate/Glints2/dict_0005_0184.uasset" 10496
"../../../Engine/Content/EngineMaterials/Substrate/Glints2/dict_0005_0187.uasset" 10497
"../../../Engine/Content/EngineMaterials/Substrate/Glints2/dict_0005_0185.uasset" 10498
"../../../Engine/Content/EngineMaterials/Substrate/Glints2/dict_0005_0183.uasset" 10499
"../../../Engine/Content/EngineMaterials/Substrate/Glints2/dict_0005_0174.uasset" 10500
"../../../Engine/Content/EngineMaterials/Substrate/Glints2/dict_0005_0188.uasset" 10501
"../../../Engine/Content/EngineMaterials/Substrate/Glints2/dict_0005_0186.uasset" 10502
"/Engine/EngineMaterials/Substrate/Glints2/dict_0005_0170" 10503
"../../../Engine/Content/EngineMaterials/Substrate/Glints2/dict_0005_0190.uasset" 10504
"../../../Engine/Content/EngineMaterials/Substrate/Glints2/dict_0005_0191.uasset" 10505
"../../../Engine/Content/EngineMaterials/Substrate/Glints2/dict_0005_0179.uasset" 10506
"../../../Engine/Content/EngineMaterials/Substrate/Glints2/dict_0005_0192.uasset" 10507
"../../../Engine/Content/EngineMaterials/Substrate/Glints2/dict_0005_0189.uasset" 10508
"/Engine/EngineMaterials/Substrate/Glints2/dict_0005_0168" 10509
"../../../Engine/Content/EngineMaterials/Substrate/Glints2/dict_0005_0194.uasset" 10510
"../../../Engine/Content/EngineMaterials/Substrate/Glints2/dict_0005_0197.uasset" 10511
"../../../Engine/Content/EngineMaterials/Substrate/Glints2/dict_0005_0193.uasset" 10512
"../../../Engine/Content/EngineMaterials/Substrate/Glints2/dict_0005_0196.uasset" 10513
"/Engine/EngineMaterials/Substrate/Glints2/dict_0005_0169" 10514
"/Engine/EngineMaterials/Substrate/Glints2/dict_0005_0165" 10515
"/Engine/EngineMaterials/Substrate/Glints2/dict_0005_0163" 10516
"../../../Engine/Content/EngineMaterials/Substrate/Glints2/dict_0005_0195.uasset" 10517
"/Engine/EngineMaterials/Substrate/Glints2/dict_0005_0186" 10518
"../../../Engine/Content/EngineMaterials/Substrate/Glints2/dict_0005_0198.uasset" 10519
"../../../Engine/Content/EngineMaterials/Substrate/Glints2/dict_0005_0200.uasset" 10520
"../../../Engine/Content/EngineMaterials/Substrate/Glints2/dict_0005_0199.uasset" 10521
"../../../Engine/Content/EngineMaterials/Substrate/Glints2/dict_0005_0203.uasset" 10522
"../../../Engine/Content/EngineMaterials/Substrate/Glints2/dict_0005_0202.uasset" 10523
"../../../Engine/Content/EngineMaterials/Substrate/Glints2/dict_0005_0204.uasset" 10524
"/Engine/EngineMaterials/Substrate/Glints2/dict_0005_0185" 10525
"/Engine/EngineMaterials/Substrate/Glints2/dict_0005_0184" 10526
"../../../Engine/Content/EngineMaterials/Substrate/Glints2/dict_0005_0205.uasset" 10527
"../../../Engine/Content/EngineMaterials/Substrate/Glints2/dict_0005_0201.uasset" 10528
"/Engine/EngineMaterials/Substrate/Glints2/dict_0005_0183" 10529
"/Engine/EngineMaterials/Substrate/Glints2/dict_0005_0182" 10530
"/Engine/EngineMaterials/Substrate/Glints2/dict_0005_0181" 10531
"/Engine/EngineMaterials/Substrate/Glints2/dict_0005_0180" 10532
"/Engine/EngineMaterials/Substrate/Glints2/dict_0005_0179" 10533
"/Engine/EngineMaterials/Substrate/Glints2/dict_0005_0178" 10534
"/Engine/EngineMaterials/Substrate/Glints2/dict_0005_0177" 10535
"/Engine/EngineMaterials/Substrate/Glints2/dict_0005_0176" 10536
"/Engine/EngineMaterials/Substrate/Glints2/dict_0005_0174" 10537
"/Engine/EngineMaterials/Substrate/Glints2/dict_0005_0173" 10538
"/Engine/EngineMaterials/Substrate/Glints2/dict_0005_0197" 10539
"/Engine/EngineMaterials/Substrate/Glints2/dict_0005_0196" 10540
"/Engine/EngineMaterials/Substrate/Glints2/dict_0005_0194" 10541
"/Engine/EngineMaterials/Substrate/Glints2/dict_0005_0193" 10542
"/Engine/EngineMaterials/Substrate/Glints2/dict_0005_0192" 10543
"/Engine/EngineMaterials/Substrate/Glints2/dict_0005_0191" 10544
"/Engine/EngineMaterials/Substrate/Glints2/dict_0005_0190" 10545
"/Engine/EngineMaterials/Substrate/Glints2/dict_0005_0189" 10546
"/Engine/EngineMaterials/Substrate/Glints2/dict_0005_0188" 10547
"/Engine/EngineMaterials/Substrate/Glints2/dict_0005_0187" 10548
"/Engine/EngineMaterials/Substrate/Glints2/dict_0005_0205" 10549
"/Engine/EngineMaterials/Substrate/Glints2/dict_0005_0204" 10550
"../../../Engine/Content/EngineMaterials/Substrate/Glints2/dict_0005_0210.uasset" 10551
"../../../Engine/Content/EngineMaterials/Substrate/Glints2/dict_0005_0206.uasset" 10552
"../../../Engine/Content/EngineMaterials/Substrate/Glints2/dict_0005_0215.uasset" 10553
"../../../Engine/Content/EngineMaterials/Substrate/Glints2/dict_0005_0208.uasset" 10554
"../../../Engine/Content/EngineMaterials/Substrate/Glints2/dict_0005_0207.uasset" 10555
"../../../Engine/Content/EngineMaterials/Substrate/Glints2/dict_0005_0212.uasset" 10556
"../../../Engine/Content/EngineMaterials/Substrate/Glints2/dict_0005_0209.uasset" 10557
"/Engine/EngineMaterials/Substrate/Glints2/dict_0005_0203" 10558
"../../../Engine/Content/EngineMaterials/Substrate/Glints2/dict_0005_0211.uasset" 10559
"/Engine/EngineMaterials/Substrate/Glints2/dict_0005_0202" 10560
"../../../Engine/Content/EngineMaterials/Substrate/Glints2/dict_0005_0213.uasset" 10561
"/Engine/EngineMaterials/Substrate/Glints2/dict_0005_0201" 10562
"../../../Engine/Content/EngineMaterials/Substrate/Glints2/dict_0005_0217.uasset" 10563
"../../../Engine/Content/EngineMaterials/Substrate/Glints2/dict_0005_0214.uasset" 10564
"/Engine/EngineMaterials/Substrate/Glints2/dict_0005_0200" 10565
"../../../Engine/Content/EngineMaterials/Substrate/Glints2/dict_0005_0218.uasset" 10566
"../../../Engine/Content/EngineMaterials/Substrate/Glints2/dict_0005_0216.uasset" 10567
"../../../Engine/Content/EngineMaterials/Substrate/Glints2/dict_0005_0219.uasset" 10568
"/Engine/EngineMaterials/Substrate/Glints2/dict_0005_0199" 10569
"../../../Engine/Content/EngineMaterials/Substrate/Glints2/dict_0005_0220.uasset" 10570
"../../../Engine/Content/EngineMaterials/Substrate/Glints2/dict_0005_0221.uasset" 10571
"/Engine/EngineMaterials/Substrate/Glints2/dict_0005_0195" 10572
"../../../Engine/Content/EngineMaterials/Substrate/Glints2/dict_0005_0222.uasset" 10573
"/Engine/EngineMaterials/Substrate/Glints2/dict_0005_0198" 10574
"../../../Engine/Content/EngineMaterials/Substrate/Glints2/dict_0005_0223.uasset" 10575
"../../../Engine/Content/EngineMaterials/Substrate/Glints2/dict_0005_0224.uasset" 10576
"../../../Engine/Content/EngineMaterials/Substrate/Glints2/dict_0005_0226.uasset" 10577
"../../../Engine/Content/EngineMaterials/Substrate/Glints2/dict_0005_0225.uasset" 10578
"/Engine/EngineMaterials/Substrate/Glints2/dict_0005_0223" 10579
"/Engine/EngineMaterials/Substrate/Glints2/dict_0005_0222" 10580
"../../../Engine/Content/EngineMaterials/Substrate/Glints2/dict_0005_0228.uasset" 10581
"/Engine/EngineMaterials/Substrate/Glints2/dict_0005_0221" 10582
"../../../Engine/Content/EngineMaterials/Substrate/Glints2/dict_0005_0227.uasset" 10583
"../../../Engine/Content/EngineMaterials/Substrate/Glints2/dict_0005_0229.uasset" 10584
"../../../Engine/Content/EngineMaterials/Substrate/Glints2/dict_0005_0233.uasset" 10585
"../../../Engine/Content/EngineMaterials/Substrate/Glints2/dict_0005_0231.uasset" 10586
"../../../Engine/Content/EngineMaterials/Substrate/Glints2/dict_0005_0230.uasset" 10587
"../../../Engine/Content/EngineMaterials/Substrate/Glints2/dict_0005_0234.uasset" 10588
"../../../Engine/Content/EngineMaterials/Substrate/Glints2/dict_0005_0232.uasset" 10589
"/Engine/EngineMaterials/Substrate/Glints2/dict_0005_0220" 10590
"../../../Engine/Content/EngineMaterials/Substrate/Glints2/dict_0005_0235.uasset" 10591
"../../../Engine/Content/EngineMaterials/Substrate/Glints2/dict_0005_0236.uasset" 10592
"../../../Engine/Content/EngineMaterials/Substrate/Glints2/dict_0005_0237.uasset" 10593
"/Engine/EngineMaterials/Substrate/Glints2/dict_0005_0219" 10594
"/Engine/EngineMaterials/Substrate/Glints2/dict_0005_0218" 10595
"/Engine/EngineMaterials/Substrate/Glints2/dict_0005_0217" 10596
"/Engine/EngineMaterials/Substrate/Glints2/dict_0005_0216" 10597
"/Engine/EngineMaterials/Substrate/Glints2/dict_0005_0215" 10598
"/Engine/EngineMaterials/Substrate/Glints2/dict_0005_0214" 10599
"/Engine/EngineMaterials/Substrate/Glints2/dict_0005_0213" 10600
"/Engine/EngineMaterials/Substrate/Glints2/dict_0005_0212" 10601
"/Engine/EngineMaterials/Substrate/Glints2/dict_0005_0211" 10602
"/Engine/EngineMaterials/Substrate/Glints2/dict_0005_0210" 10603
"/Engine/EngineMaterials/Substrate/Glints2/dict_0005_0209" 10604
"/Engine/EngineMaterials/Substrate/Glints2/dict_0005_0208" 10605
"/Engine/EngineMaterials/Substrate/Glints2/dict_0005_0207" 10606
"/Engine/EngineMaterials/Substrate/Glints2/dict_0005_0206" 10607
"/Engine/EngineMaterials/Substrate/Glints2/dict_0005_0228" 10608
"/Engine/EngineMaterials/Substrate/Glints2/dict_0005_0227" 10609
"../../../Engine/Content/EngineMaterials/Substrate/Glints2/dict_0005_0238.uasset" 10610
"../../../Engine/Content/EngineMaterials/Substrate/Glints2/dict_0005_0241.uasset" 10611
"../../../Engine/Content/EngineMaterials/Substrate/Glints2/dict_0005_0245.uasset" 10612
"../../../Engine/Content/EngineMaterials/Substrate/Glints2/dict_0005_0246.uasset" 10613
"/Engine/EngineMaterials/Substrate/Glints2/dict_0005_0226" 10614
"../../../Engine/Content/EngineMaterials/Substrate/Glints2/dict_0005_0242.uasset" 10615
"../../../Engine/Content/EngineMaterials/Substrate/Glints2/dict_0005_0247.uasset" 10616
"../../../Engine/Content/EngineMaterials/Substrate/Glints2/dict_0005_0240.uasset" 10617
"/Engine/EngineMaterials/Substrate/Glints2/dict_0005_0225" 10618
"../../../Engine/Content/EngineMaterials/Substrate/Glints2/dict_0005_0244.uasset" 10619
"../../../Engine/Content/EngineMaterials/Substrate/Glints2/dict_0005_0239.uasset" 10620
"/Engine/EngineMaterials/Substrate/Glints2/dict_0005_0224" 10621
"../../../Engine/Content/EngineMaterials/Substrate/Glints2/dict_0005_0243.uasset" 10622
"/Engine/EngineMaterials/Substrate/Glints2/dict_0005_0237" 10623
"../../../Engine/Content/EngineMaterials/Substrate/Glints2/dict_0005_0251.uasset" 10624
"../../../Engine/Content/EngineMaterials/Substrate/Glints2/dict_0005_0249.uasset" 10625
"../../../Engine/Content/EngineMaterials/Substrate/Glints2/dict_0005_0252.uasset" 10626
"../../../Engine/Content/EngineMaterials/Substrate/Glints2/dict_0005_0250.uasset" 10627
"../../../Engine/Content/EngineMaterials/Substrate/Glints2/dict_0005_0253.uasset" 10628
"/Engine/EngineMaterials/Substrate/Glints2/dict_0005_0236" 10629
"../../../Engine/Content/EngineMaterials/Substrate/Glints2/dict_0005_0248.uasset" 10630
"/Engine/EngineMaterials/Substrate/Glints2/dict_0005_0235" 10631
"../../../Engine/Content/EngineMaterials/Substrate/Glints2/dict_0005_0255.uasset" 10632
"../../../Engine/Content/EngineMaterials/Substrate/Glints2/dict_0005_0254.uasset" 10633
"/Engine/EngineMaterials/Substrate/Glints2/dict_0005_0234" 10634
"/Engine/EngineMaterials/Substrate/Glints2/dict_0005_0233" 10635
"/Engine/EngineMaterials/Substrate/Glints2/dict_0005_0232" 10636
"/Engine/EngineMaterials/Substrate/Glints2/dict_0005_0231" 10637
"/Engine/EngineMaterials/Substrate/Glints2/dict_0005_0230" 10638
"/Engine/EngineMaterials/Substrate/Glints2/dict_0005_0229" 10639
"/Engine/EngineMaterials/Substrate/Glints2/dict_0005_0255" 10640
"../../../Engine/Content/EngineMaterials/Substrate/Glints2/dict_0006_0000.uasset" 10641
"/Engine/EngineMaterials/Substrate/Glints2/dict_0005_0254" 10642
"../../../Engine/Content/EngineMaterials/Substrate/Glints2/dict_0006_0002.uasset" 10643
"../../../Engine/Content/EngineMaterials/Substrate/Glints2/dict_0006_0003.uasset" 10644
"../../../Engine/Content/EngineMaterials/Substrate/Glints2/dict_0006_0006.uasset" 10645
"../../../Engine/Content/EngineMaterials/Substrate/Glints2/dict_0006_0008.uasset" 10646
"../../../Engine/Content/EngineMaterials/Substrate/Glints2/dict_0006_0007.uasset" 10647
"../../../Engine/Content/EngineMaterials/Substrate/Glints2/dict_0006_0001.uasset" 10648
"../../../Engine/Content/EngineMaterials/Substrate/Glints2/dict_0006_0004.uasset" 10649
"../../../Engine/Content/EngineMaterials/Substrate/Glints2/dict_0006_0009.uasset" 10650
"/Engine/EngineMaterials/Substrate/Glints2/dict_0005_0253" 10651
"../../../Engine/Content/EngineMaterials/Substrate/Glints2/dict_0006_0005.uasset" 10652
"../../../Engine/Content/EngineMaterials/Substrate/Glints2/dict_0006_0011.uasset" 10653
"/Engine/EngineMaterials/Substrate/Glints2/dict_0005_0252" 10654
"../../../Engine/Content/EngineMaterials/Substrate/Glints2/dict_0006_0013.uasset" 10655
"../../../Engine/Content/EngineMaterials/Substrate/Glints2/dict_0006_0012.uasset" 10656
"/Engine/EngineMaterials/Substrate/Glints2/dict_0005_0251" 10657
"/Engine/EngineMaterials/Substrate/Glints2/dict_0005_0250" 10658
"../../../Engine/Content/EngineMaterials/Substrate/Glints2/dict_0006_0010.uasset" 10659
"/Engine/EngineMaterials/Substrate/Glints2/dict_0005_0249" 10660
"/Engine/EngineMaterials/Substrate/Glints2/dict_0005_0248" 10661
"/Engine/EngineMaterials/Substrate/Glints2/dict_0005_0247" 10662
"/Engine/EngineMaterials/Substrate/Glints2/dict_0005_0246" 10663
"/Engine/EngineMaterials/Substrate/Glints2/dict_0005_0245" 10664
"/Engine/EngineMaterials/Substrate/Glints2/dict_0005_0244" 10665
"/Engine/EngineMaterials/Substrate/Glints2/dict_0005_0243" 10666
"/Engine/EngineMaterials/Substrate/Glints2/dict_0005_0242" 10667
"/Engine/EngineMaterials/Substrate/Glints2/dict_0005_0241" 10668
"/Engine/EngineMaterials/Substrate/Glints2/dict_0005_0240" 10669
"/Engine/EngineMaterials/Substrate/Glints2/dict_0005_0239" 10670
"/Engine/EngineMaterials/Substrate/Glints2/dict_0005_0238" 10671
"/Engine/EngineMaterials/Substrate/Glints2/dict_0006_0013" 10672
"/Engine/EngineMaterials/Substrate/Glints2/dict_0006_0012" 10673
"/Engine/EngineMaterials/Substrate/Glints2/dict_0006_0011" 10674
"/Engine/EngineMaterials/Substrate/Glints2/dict_0006_0010" 10675
"../../../Engine/Content/EngineMaterials/Substrate/Glints2/dict_0006_0016.uasset" 10676
"../../../Engine/Content/EngineMaterials/Substrate/Glints2/dict_0006_0015.uasset" 10677
"../../../Engine/Content/EngineMaterials/Substrate/Glints2/dict_0006_0017.uasset" 10678
"../../../Engine/Content/EngineMaterials/Substrate/Glints2/dict_0006_0018.uasset" 10679
"/Engine/EngineMaterials/Substrate/Glints2/dict_0006_0009" 10680
"../../../Engine/Content/EngineMaterials/Substrate/Glints2/dict_0006_0021.uasset" 10681
"../../../Engine/Content/EngineMaterials/Substrate/Glints2/dict_0006_0023.uasset" 10682
"/Engine/EngineMaterials/Substrate/Glints2/dict_0006_0008" 10683
"../../../Engine/Content/EngineMaterials/Substrate/Glints2/dict_0006_0022.uasset" 10684
"../../../Engine/Content/EngineMaterials/Substrate/Glints2/dict_0006_0024.uasset" 10685
"../../../Engine/Content/EngineMaterials/Substrate/Glints2/dict_0006_0025.uasset" 10686
"../../../Engine/Content/EngineMaterials/Substrate/Glints2/dict_0006_0026.uasset" 10687
"../../../Engine/Content/EngineMaterials/Substrate/Glints2/dict_0006_0020.uasset" 10688
"../../../Engine/Content/EngineMaterials/Substrate/Glints2/dict_0006_0014.uasset" 10689
"../../../Engine/Content/EngineMaterials/Substrate/Glints2/dict_0006_0027.uasset" 10690
"/Engine/EngineMaterials/Substrate/Glints2/dict_0006_0007" 10691
"../../../Engine/Content/EngineMaterials/Substrate/Glints2/dict_0006_0028.uasset" 10692
"../../../Engine/Content/EngineMaterials/Substrate/Glints2/dict_0006_0030.uasset" 10693
"../../../Engine/Content/EngineMaterials/Substrate/Glints2/dict_0006_0031.uasset" 10694
"../../../Engine/Content/EngineMaterials/Substrate/Glints2/dict_0006_0029.uasset" 10695
"/Engine/EngineMaterials/Substrate/Glints2/dict_0006_0006" 10696
"../../../Engine/Content/EngineMaterials/Substrate/Glints2/dict_0006_0019.uasset" 10697
"/Engine/EngineMaterials/Substrate/Glints2/dict_0006_0005" 10698
"/Engine/EngineMaterials/Substrate/Glints2/dict_0006_0004" 10699
"/Engine/EngineMaterials/Substrate/Glints2/dict_0006_0003" 10700
"/Engine/EngineMaterials/Substrate/Glints2/dict_0006_0002" 10701
"/Engine/EngineMaterials/Substrate/Glints2/dict_0006_0001" 10702
"/Engine/EngineMaterials/Substrate/Glints2/dict_0006_0000" 10703
"../../../Engine/Content/EngineMaterials/Substrate/Glints2/dict_0006_0040.uasset" 10704
"../../../Engine/Content/EngineMaterials/Substrate/Glints2/dict_0006_0039.uasset" 10705
"../../../Engine/Content/EngineMaterials/Substrate/Glints2/dict_0006_0033.uasset" 10706
"../../../Engine/Content/EngineMaterials/Substrate/Glints2/dict_0006_0035.uasset" 10707
"../../../Engine/Content/EngineMaterials/Substrate/Glints2/dict_0006_0041.uasset" 10708
"../../../Engine/Content/EngineMaterials/Substrate/Glints2/dict_0006_0032.uasset" 10709
"../../../Engine/Content/EngineMaterials/Substrate/Glints2/dict_0006_0037.uasset" 10710
"/Engine/EngineMaterials/Substrate/Glints2/dict_0006_0031" 10711
"../../../Engine/Content/EngineMaterials/Substrate/Glints2/dict_0006_0042.uasset" 10712
"../../../Engine/Content/EngineMaterials/Substrate/Glints2/dict_0006_0044.uasset" 10713
"../../../Engine/Content/EngineMaterials/Substrate/Glints2/dict_0006_0043.uasset" 10714
"../../../Engine/Content/EngineMaterials/Substrate/Glints2/dict_0006_0045.uasset" 10715
"../../../Engine/Content/EngineMaterials/Substrate/Glints2/dict_0006_0036.uasset" 10716
"/Engine/EngineMaterials/Substrate/Glints2/dict_0006_0030" 10717
"../../../Engine/Content/EngineMaterials/Substrate/Glints2/dict_0006_0034.uasset" 10718
"../../../Engine/Content/EngineMaterials/Substrate/Glints2/dict_0006_0038.uasset" 10719
"/Engine/EngineMaterials/Substrate/Glints2/dict_0006_0029" 10720
"/Engine/EngineMaterials/Substrate/Glints2/dict_0006_0028" 10721
"/Engine/EngineMaterials/Substrate/Glints2/dict_0006_0027" 10722
"/Engine/EngineMaterials/Substrate/Glints2/dict_0006_0026" 10723
"/Engine/EngineMaterials/Substrate/Glints2/dict_0006_0025" 10724
"/Engine/EngineMaterials/Substrate/Glints2/dict_0006_0024" 10725
"/Engine/EngineMaterials/Substrate/Glints2/dict_0006_0023" 10726
"/Engine/EngineMaterials/Substrate/Glints2/dict_0006_0022" 10727
"/Engine/EngineMaterials/Substrate/Glints2/dict_0006_0021" 10728
"/Engine/EngineMaterials/Substrate/Glints2/dict_0006_0020" 10729
"/Engine/EngineMaterials/Substrate/Glints2/dict_0006_0019" 10730
"/Engine/EngineMaterials/Substrate/Glints2/dict_0006_0018" 10731
"/Engine/EngineMaterials/Substrate/Glints2/dict_0006_0017" 10732
"/Engine/EngineMaterials/Substrate/Glints2/dict_0006_0016" 10733
"/Engine/EngineMaterials/Substrate/Glints2/dict_0006_0015" 10734
"/Engine/EngineMaterials/Substrate/Glints2/dict_0006_0014" 10735
"/Engine/EngineMaterials/Substrate/Glints2/dict_0006_0045" 10736
"../../../Engine/Content/EngineMaterials/Substrate/Glints2/dict_0006_0049.uasset" 10737
"../../../Engine/Content/EngineMaterials/Substrate/Glints2/dict_0006_0050.uasset" 10738
"/Engine/EngineMaterials/Substrate/Glints2/dict_0006_0044" 10739
"../../../Engine/Content/EngineMaterials/Substrate/Glints2/dict_0006_0047.uasset" 10740
"../../../Engine/Content/EngineMaterials/Substrate/Glints2/dict_0006_0048.uasset" 10741
"../../../Engine/Content/EngineMaterials/Substrate/Glints2/dict_0006_0051.uasset" 10742
"../../../Engine/Content/EngineMaterials/Substrate/Glints2/dict_0006_0052.uasset" 10743
"../../../Engine/Content/EngineMaterials/Substrate/Glints2/dict_0006_0055.uasset" 10744
"../../../Engine/Content/EngineMaterials/Substrate/Glints2/dict_0006_0054.uasset" 10745
"../../../Engine/Content/EngineMaterials/Substrate/Glints2/dict_0006_0046.uasset" 10746
"../../../Engine/Content/EngineMaterials/Substrate/Glints2/dict_0006_0053.uasset" 10747
"/Engine/EngineMaterials/Substrate/Glints2/dict_0006_0043" 10748
"../../../Engine/Content/EngineMaterials/Substrate/Glints2/dict_0006_0056.uasset" 10749
"../../../Engine/Content/EngineMaterials/Substrate/Glints2/dict_0006_0057.uasset" 10750
"../../../Engine/Content/EngineMaterials/Substrate/Glints2/dict_0006_0060.uasset" 10751
"../../../Engine/Content/EngineMaterials/Substrate/Glints2/dict_0006_0059.uasset" 10752
"/Engine/EngineMaterials/Substrate/Glints2/dict_0006_0042" 10753
"../../../Engine/Content/EngineMaterials/Substrate/Glints2/dict_0006_0058.uasset" 10754
"../../../Engine/Content/EngineMaterials/Substrate/Glints2/dict_0006_0061.uasset" 10755
"/Engine/EngineMaterials/Substrate/Glints2/dict_0006_0041" 10756
"../../../Engine/Content/EngineMaterials/Substrate/Glints2/dict_0006_0062.uasset" 10757
"../../../Engine/Content/EngineMaterials/Substrate/Glints2/dict_0006_0063.uasset" 10758
"/Engine/EngineMaterials/Substrate/Glints2/dict_0006_0040" 10759
"/Engine/EngineMaterials/Substrate/Glints2/dict_0006_0039" 10760
"/Engine/EngineMaterials/Substrate/Glints2/dict_0006_0038" 10761
"/Engine/EngineMaterials/Substrate/Glints2/dict_0006_0037" 10762
"/Engine/EngineMaterials/Substrate/Glints2/dict_0006_0036" 10763
"/Engine/EngineMaterials/Substrate/Glints2/dict_0006_0035" 10764
"/Engine/EngineMaterials/Substrate/Glints2/dict_0006_0034" 10765
"/Engine/EngineMaterials/Substrate/Glints2/dict_0006_0033" 10766
"/Engine/EngineMaterials/Substrate/Glints2/dict_0006_0032" 10767
"/Engine/EngineMaterials/Substrate/Glints2/dict_0006_0063" 10768
"../../../Engine/Content/EngineMaterials/Substrate/Glints2/dict_0006_0069.uasset" 10769
"../../../Engine/Content/EngineMaterials/Substrate/Glints2/dict_0006_0067.uasset" 10770
"../../../Engine/Content/EngineMaterials/Substrate/Glints2/dict_0006_0066.uasset" 10771
"../../../Engine/Content/EngineMaterials/Substrate/Glints2/dict_0006_0068.uasset" 10772
"../../../Engine/Content/EngineMaterials/Substrate/Glints2/dict_0006_0065.uasset" 10773
"../../../Engine/Content/EngineMaterials/Substrate/Glints2/dict_0006_0064.uasset" 10774
"../../../Engine/Content/EngineMaterials/Substrate/Glints2/dict_0006_0070.uasset" 10775
"/Engine/EngineMaterials/Substrate/Glints2/dict_0006_0062" 10776
"../../../Engine/Content/EngineMaterials/Substrate/Glints2/dict_0006_0073.uasset" 10777
"../../../Engine/Content/EngineMaterials/Substrate/Glints2/dict_0006_0075.uasset" 10778
"../../../Engine/Content/EngineMaterials/Substrate/Glints2/dict_0006_0074.uasset" 10779
"../../../Engine/Content/EngineMaterials/Substrate/Glints2/dict_0006_0076.uasset" 10780
"../../../Engine/Content/EngineMaterials/Substrate/Glints2/dict_0006_0077.uasset" 10781
"../../../Engine/Content/EngineMaterials/Substrate/Glints2/dict_0006_0071.uasset" 10782
"/Engine/EngineMaterials/Substrate/Glints2/dict_0006_0061" 10783
"../../../Engine/Content/EngineMaterials/Substrate/Glints2/dict_0006_0072.uasset" 10784
"/Engine/EngineMaterials/Substrate/Glints2/dict_0006_0060" 10785
"/Engine/EngineMaterials/Substrate/Glints2/dict_0006_0059" 10786
"/Engine/EngineMaterials/Substrate/Glints2/dict_0006_0058" 10787
"/Engine/EngineMaterials/Substrate/Glints2/dict_0006_0057" 10788
"/Engine/EngineMaterials/Substrate/Glints2/dict_0006_0056" 10789
"/Engine/EngineMaterials/Substrate/Glints2/dict_0006_0055" 10790
"/Engine/EngineMaterials/Substrate/Glints2/dict_0006_0054" 10791
"/Engine/EngineMaterials/Substrate/Glints2/dict_0006_0053" 10792
"/Engine/EngineMaterials/Substrate/Glints2/dict_0006_0052" 10793
"/Engine/EngineMaterials/Substrate/Glints2/dict_0006_0051" 10794
"/Engine/EngineMaterials/Substrate/Glints2/dict_0006_0050" 10795
"/Engine/EngineMaterials/Substrate/Glints2/dict_0006_0049" 10796
"/Engine/EngineMaterials/Substrate/Glints2/dict_0006_0048" 10797
"/Engine/EngineMaterials/Substrate/Glints2/dict_0006_0047" 10798
"/Engine/EngineMaterials/Substrate/Glints2/dict_0006_0046" 10799
"/Engine/EngineMaterials/Substrate/Glints2/dict_0006_0077" 10800
"../../../Engine/Content/EngineMaterials/Substrate/Glints2/dict_0006_0082.uasset" 10801
"../../../Engine/Content/EngineMaterials/Substrate/Glints2/dict_0006_0081.uasset" 10802
"../../../Engine/Content/EngineMaterials/Substrate/Glints2/dict_0006_0083.uasset" 10803
"../../../Engine/Content/EngineMaterials/Substrate/Glints2/dict_0006_0079.uasset" 10804
"../../../Engine/Content/EngineMaterials/Substrate/Glints2/dict_0006_0085.uasset" 10805
"../../../Engine/Content/EngineMaterials/Substrate/Glints2/dict_0006_0080.uasset" 10806
"../../../Engine/Content/EngineMaterials/Substrate/Glints2/dict_0006_0087.uasset" 10807
"../../../Engine/Content/EngineMaterials/Substrate/Glints2/dict_0006_0078.uasset" 10808
"../../../Engine/Content/EngineMaterials/Substrate/Glints2/dict_0006_0084.uasset" 10809
"../../../Engine/Content/EngineMaterials/Substrate/Glints2/dict_0006_0086.uasset" 10810
"../../../Engine/Content/EngineMaterials/Substrate/Glints2/dict_0006_0088.uasset" 10811
"/Engine/EngineMaterials/Substrate/Glints2/dict_0006_0076" 10812
"../../../Engine/Content/EngineMaterials/Substrate/Glints2/dict_0006_0089.uasset" 10813
"../../../Engine/Content/EngineMaterials/Substrate/Glints2/dict_0006_0090.uasset" 10814
"../../../Engine/Content/EngineMaterials/Substrate/Glints2/dict_0006_0091.uasset" 10815
"/Engine/EngineMaterials/Substrate/Glints2/dict_0006_0075" 10816
"../../../Engine/Content/EngineMaterials/Substrate/Glints2/dict_0006_0092.uasset" 10817
"/Engine/EngineMaterials/Substrate/Glints2/dict_0006_0074" 10818
"../../../Engine/Content/EngineMaterials/Substrate/Glints2/dict_0006_0093.uasset" 10819
"/Engine/EngineMaterials/Substrate/Glints2/dict_0006_0073" 10820
"../../../Engine/Content/EngineMaterials/Substrate/Glints2/dict_0006_0094.uasset" 10821
"../../../Engine/Content/EngineMaterials/Substrate/Glints2/dict_0006_0095.uasset" 10822
"/Engine/EngineMaterials/Substrate/Glints2/dict_0006_0072" 10823
"/Engine/EngineMaterials/Substrate/Glints2/dict_0006_0071" 10824
"/Engine/EngineMaterials/Substrate/Glints2/dict_0006_0070" 10825
"/Engine/EngineMaterials/Substrate/Glints2/dict_0006_0069" 10826
"/Engine/EngineMaterials/Substrate/Glints2/dict_0006_0068" 10827
"/Engine/EngineMaterials/Substrate/Glints2/dict_0006_0067" 10828
"/Engine/EngineMaterials/Substrate/Glints2/dict_0006_0066" 10829
"/Engine/EngineMaterials/Substrate/Glints2/dict_0006_0065" 10830
"/Engine/EngineMaterials/Substrate/Glints2/dict_0006_0064" 10831
"/Engine/EngineMaterials/Substrate/Glints2/dict_0006_0095" 10832
"../../../Engine/Content/EngineMaterials/Substrate/Glints2/dict_0006_0096.uasset" 10833
"../../../Engine/Content/EngineMaterials/Substrate/Glints2/dict_0006_0099.uasset" 10834
"../../../Engine/Content/EngineMaterials/Substrate/Glints2/dict_0006_0098.uasset" 10835
"../../../Engine/Content/EngineMaterials/Substrate/Glints2/dict_0006_0100.uasset" 10836
"../../../Engine/Content/EngineMaterials/Substrate/Glints2/dict_0006_0097.uasset" 10837
"/Engine/EngineMaterials/Substrate/Glints2/dict_0006_0094" 10838
"../../../Engine/Content/EngineMaterials/Substrate/Glints2/dict_0006_0101.uasset" 10839
"../../../Engine/Content/EngineMaterials/Substrate/Glints2/dict_0006_0103.uasset" 10840
"../../../Engine/Content/EngineMaterials/Substrate/Glints2/dict_0006_0104.uasset" 10841
"../../../Engine/Content/EngineMaterials/Substrate/Glints2/dict_0006_0106.uasset" 10842
"../../../Engine/Content/EngineMaterials/Substrate/Glints2/dict_0006_0107.uasset" 10843
"/Engine/EngineMaterials/Substrate/Glints2/dict_0006_0093" 10844
"../../../Engine/Content/EngineMaterials/Substrate/Glints2/dict_0006_0108.uasset" 10845
"../../../Engine/Content/EngineMaterials/Substrate/Glints2/dict_0006_0109.uasset" 10846
"../../../Engine/Content/EngineMaterials/Substrate/Glints2/dict_0006_0105.uasset" 10847
"/Engine/EngineMaterials/Substrate/Glints2/dict_0006_0092" 10848
"../../../Engine/Content/EngineMaterials/Substrate/Glints2/dict_0006_0102.uasset" 10849
"/Engine/EngineMaterials/Substrate/Glints2/dict_0006_0091" 10850
"/Engine/EngineMaterials/Substrate/Glints2/dict_0006_0090" 10851
"/Engine/EngineMaterials/Substrate/Glints2/dict_0006_0089" 10852
"/Engine/EngineMaterials/Substrate/Glints2/dict_0006_0088" 10853
"/Engine/EngineMaterials/Substrate/Glints2/dict_0006_0087" 10854
"/Engine/EngineMaterials/Substrate/Glints2/dict_0006_0086" 10855
"/Engine/EngineMaterials/Substrate/Glints2/dict_0006_0085" 10856
"/Engine/EngineMaterials/Substrate/Glints2/dict_0006_0084" 10857
"/Engine/EngineMaterials/Substrate/Glints2/dict_0006_0083" 10858
"/Engine/EngineMaterials/Substrate/Glints2/dict_0006_0082" 10859
"/Engine/EngineMaterials/Substrate/Glints2/dict_0006_0081" 10860
"/Engine/EngineMaterials/Substrate/Glints2/dict_0006_0080" 10861
"/Engine/EngineMaterials/Substrate/Glints2/dict_0006_0079" 10862
"/Engine/EngineMaterials/Substrate/Glints2/dict_0006_0078" 10863
"/Engine/EngineMaterials/Substrate/Glints2/dict_0006_0109" 10864
"../../../Engine/Content/EngineMaterials/Substrate/Glints2/dict_0006_0110.uasset" 10865
"../../../Engine/Content/EngineMaterials/Substrate/Glints2/dict_0006_0113.uasset" 10866
"../../../Engine/Content/EngineMaterials/Substrate/Glints2/dict_0006_0116.uasset" 10867
"../../../Engine/Content/EngineMaterials/Substrate/Glints2/dict_0006_0115.uasset" 10868
"/Engine/EngineMaterials/Substrate/Glints2/dict_0006_0108" 10869
"../../../Engine/Content/EngineMaterials/Substrate/Glints2/dict_0006_0118.uasset" 10870
"../../../Engine/Content/EngineMaterials/Substrate/Glints2/dict_0006_0119.uasset" 10871
"../../../Engine/Content/EngineMaterials/Substrate/Glints2/dict_0006_0112.uasset" 10872
"../../../Engine/Content/EngineMaterials/Substrate/Glints2/dict_0006_0117.uasset" 10873
"../../../Engine/Content/EngineMaterials/Substrate/Glints2/dict_0006_0114.uasset" 10874
"../../../Engine/Content/EngineMaterials/Substrate/Glints2/dict_0006_0111.uasset" 10875
"../../../Engine/Content/EngineMaterials/Substrate/Glints2/dict_0006_0120.uasset" 10876
"/Engine/EngineMaterials/Substrate/Glints2/dict_0006_0107" 10877
"../../../Engine/Content/EngineMaterials/Substrate/Glints2/dict_0006_0121.uasset" 10878
"../../../Engine/Content/EngineMaterials/Substrate/Glints2/dict_0006_0122.uasset" 10879
"/Engine/EngineMaterials/Substrate/Glints2/dict_0006_0106" 10880
"../../../Engine/Content/EngineMaterials/Substrate/Glints2/dict_0006_0123.uasset" 10881
"../../../Engine/Content/EngineMaterials/Substrate/Glints2/dict_0006_0124.uasset" 10882
"../../../Engine/Content/EngineMaterials/Substrate/Glints2/dict_0006_0125.uasset" 10883
"/Engine/EngineMaterials/Substrate/Glints2/dict_0006_0105" 10884
"../../../Engine/Content/EngineMaterials/Substrate/Glints2/dict_0006_0126.uasset" 10885
"../../../Engine/Content/EngineMaterials/Substrate/Glints2/dict_0006_0127.uasset" 10886
"/Engine/EngineMaterials/Substrate/Glints2/dict_0006_0104" 10887
"/Engine/EngineMaterials/Substrate/Glints2/dict_0006_0103" 10888
"/Engine/EngineMaterials/Substrate/Glints2/dict_0006_0102" 10889
"/Engine/EngineMaterials/Substrate/Glints2/dict_0006_0101" 10890
"/Engine/EngineMaterials/Substrate/Glints2/dict_0006_0100" 10891
"/Engine/EngineMaterials/Substrate/Glints2/dict_0006_0099" 10892
"/Engine/EngineMaterials/Substrate/Glints2/dict_0006_0098" 10893
"/Engine/EngineMaterials/Substrate/Glints2/dict_0006_0097" 10894
"/Engine/EngineMaterials/Substrate/Glints2/dict_0006_0096" 10895
"../../../Engine/Content/EngineMaterials/Substrate/Glints2/dict_0006_0129.uasset" 10896
"../../../Engine/Content/EngineMaterials/Substrate/Glints2/dict_0006_0130.uasset" 10897
"../../../Engine/Content/EngineMaterials/Substrate/Glints2/dict_0006_0128.uasset" 10898
"/Engine/EngineMaterials/Substrate/Glints2/dict_0006_0125" 10899
"../../../Engine/Content/EngineMaterials/Substrate/Glints2/dict_0006_0131.uasset" 10900
"../../../Engine/Content/EngineMaterials/Substrate/Glints2/dict_0006_0132.uasset" 10901
"../../../Engine/Content/EngineMaterials/Substrate/Glints2/dict_0006_0133.uasset" 10902
"../../../Engine/Content/EngineMaterials/Substrate/Glints2/dict_0006_0135.uasset" 10903
"../../../Engine/Content/EngineMaterials/Substrate/Glints2/dict_0006_0134.uasset" 10904
"/Engine/EngineMaterials/Substrate/Glints2/dict_0006_0121" 10905
"../../../Engine/Content/EngineMaterials/Substrate/Glints2/dict_0006_0136.uasset" 10906
"../../../Engine/Content/EngineMaterials/Substrate/Glints2/dict_0006_0137.uasset" 10907
"../../../Engine/Content/EngineMaterials/Substrate/Glints2/dict_0006_0138.uasset" 10908
"../../../Engine/Content/EngineMaterials/Substrate/Glints2/dict_0006_0139.uasset" 10909
"/Engine/EngineMaterials/Substrate/Glints2/dict_0006_0120" 10910
"/Engine/EngineMaterials/Substrate/Glints2/dict_0006_0119" 10911
"/Engine/EngineMaterials/Substrate/Glints2/dict_0006_0118" 10912
"/Engine/EngineMaterials/Substrate/Glints2/dict_0006_0117" 10913
"/Engine/EngineMaterials/Substrate/Glints2/dict_0006_0116" 10914
"../../../Engine/Content/EngineMaterials/Substrate/Glints2/dict_0006_0140.uasset" 10915
"/Engine/EngineMaterials/Substrate/Glints2/dict_0006_0115" 10916
"../../../Engine/Content/EngineMaterials/Substrate/Glints2/dict_0006_0141.uasset" 10917
"/Engine/EngineMaterials/Substrate/Glints2/dict_0006_0114" 10918
"/Engine/EngineMaterials/Substrate/Glints2/dict_0006_0113" 10919
"/Engine/EngineMaterials/Substrate/Glints2/dict_0006_0112" 10920
"/Engine/EngineMaterials/Substrate/Glints2/dict_0006_0111" 10921
"/Engine/EngineMaterials/Substrate/Glints2/dict_0006_0110" 10922
"/Engine/EngineMaterials/Substrate/Glints2/dict_0006_0127" 10923
"../../../Engine/Content/EngineMaterials/Substrate/Glints2/dict_0006_0142.uasset" 10924
"../../../Engine/Content/EngineMaterials/Substrate/Glints2/dict_0006_0143.uasset" 10925
"../../../Engine/Content/EngineMaterials/Substrate/Glints2/dict_0006_0145.uasset" 10926
"/Engine/EngineMaterials/Substrate/Glints2/dict_0006_0126" 10927
"../../../Engine/Content/EngineMaterials/Substrate/Glints2/dict_0006_0146.uasset" 10928
"../../../Engine/Content/EngineMaterials/Substrate/Glints2/dict_0006_0147.uasset" 10929
"../../../Engine/Content/EngineMaterials/Substrate/Glints2/dict_0006_0144.uasset" 10930
"../../../Engine/Content/EngineMaterials/Substrate/Glints2/dict_0006_0148.uasset" 10931
"../../../Engine/Content/EngineMaterials/Substrate/Glints2/dict_0006_0149.uasset" 10932
"/Engine/EngineMaterials/Substrate/Glints2/dict_0006_0124" 10933
"/Engine/EngineMaterials/Substrate/Glints2/dict_0006_0123" 10934
"/Engine/EngineMaterials/Substrate/Glints2/dict_0006_0122" 10935
"/Engine/EngineMaterials/Substrate/Glints2/dict_0006_0135" 10936
"/Engine/EngineMaterials/Substrate/Glints2/dict_0006_0132" 10937
"/Engine/EngineMaterials/Substrate/Glints2/dict_0006_0131" 10938
"/Engine/EngineMaterials/Substrate/Glints2/dict_0006_0130" 10939
"/Engine/EngineMaterials/Substrate/Glints2/dict_0006_0129" 10940
"/Engine/EngineMaterials/Substrate/Glints2/dict_0006_0128" 10941
"/Engine/EngineMaterials/Substrate/Glints2/dict_0006_0139" 10942
"/Engine/EngineMaterials/Substrate/Glints2/dict_0006_0138" 10943
"/Engine/EngineMaterials/Substrate/Glints2/dict_0006_0137" 10944
"/Engine/EngineMaterials/Substrate/Glints2/dict_0006_0136" 10945
"/Engine/EngineMaterials/Substrate/Glints2/dict_0006_0134" 10946
"/Engine/EngineMaterials/Substrate/Glints2/dict_0006_0133" 10947
"/Engine/EngineMaterials/Substrate/Glints2/dict_0006_0141" 10948
"../../../Engine/Content/EngineMaterials/Substrate/Glints2/dict_0006_0154.uasset" 10949
"../../../Engine/Content/EngineMaterials/Substrate/Glints2/dict_0006_0156.uasset" 10950
"../../../Engine/Content/EngineMaterials/Substrate/Glints2/dict_0006_0152.uasset" 10951
"../../../Engine/Content/EngineMaterials/Substrate/Glints2/dict_0006_0159.uasset" 10952
"../../../Engine/Content/EngineMaterials/Substrate/Glints2/dict_0006_0157.uasset" 10953
"/Engine/EngineMaterials/Substrate/Glints2/dict_0006_0140" 10954
"../../../Engine/Content/EngineMaterials/Substrate/Glints2/dict_0006_0155.uasset" 10955
"../../../Engine/Content/EngineMaterials/Substrate/Glints2/dict_0006_0151.uasset" 10956
"../../../Engine/Content/EngineMaterials/Substrate/Glints2/dict_0006_0158.uasset" 10957
"../../../Engine/Content/EngineMaterials/Substrate/Glints2/dict_0006_0153.uasset" 10958
"../../../Engine/Content/EngineMaterials/Substrate/Glints2/dict_0006_0150.uasset" 10959
"/Engine/EngineMaterials/Substrate/Glints2/dict_0006_0148" 10960
"/Engine/EngineMaterials/Substrate/Glints2/dict_0006_0147" 10961
"/Engine/EngineMaterials/Substrate/Glints2/dict_0006_0146" 10962
"/Engine/EngineMaterials/Substrate/Glints2/dict_0006_0144" 10963
"/Engine/EngineMaterials/Substrate/Glints2/dict_0006_0143" 10964
"/Engine/EngineMaterials/Substrate/Glints2/dict_0006_0142" 10965
"/Engine/EngineMaterials/Substrate/Glints2/dict_0006_0149" 10966
"/Engine/EngineMaterials/Substrate/Glints2/dict_0006_0145" 10967
"../../../Engine/Content/EngineMaterials/Substrate/Glints2/dict_0006_0160.uasset" 10968
"../../../Engine/Content/EngineMaterials/Substrate/Glints2/dict_0006_0161.uasset" 10969
"../../../Engine/Content/EngineMaterials/Substrate/Glints2/dict_0006_0163.uasset" 10970
"../../../Engine/Content/EngineMaterials/Substrate/Glints2/dict_0006_0164.uasset" 10971
"../../../Engine/Content/EngineMaterials/Substrate/Glints2/dict_0006_0165.uasset" 10972
"../../../Engine/Content/EngineMaterials/Substrate/Glints2/dict_0006_0168.uasset" 10973
"../../../Engine/Content/EngineMaterials/Substrate/Glints2/dict_0006_0169.uasset" 10974
"../../../Engine/Content/EngineMaterials/Substrate/Glints2/dict_0006_0167.uasset" 10975
"../../../Engine/Content/EngineMaterials/Substrate/Glints2/dict_0006_0162.uasset" 10976
"../../../Engine/Content/EngineMaterials/Substrate/Glints2/dict_0006_0166.uasset" 10977
"../../../Engine/Content/EngineMaterials/Substrate/Glints2/dict_0006_0170.uasset" 10978
"../../../Engine/Content/EngineMaterials/Substrate/Glints2/dict_0006_0171.uasset" 10979
"../../../Engine/Content/EngineMaterials/Substrate/Glints2/dict_0006_0174.uasset" 10980
"../../../Engine/Content/EngineMaterials/Substrate/Glints2/dict_0006_0172.uasset" 10981
"../../../Engine/Content/EngineMaterials/Substrate/Glints2/dict_0006_0176.uasset" 10982
"../../../Engine/Content/EngineMaterials/Substrate/Glints2/dict_0006_0178.uasset" 10983
"../../../Engine/Content/EngineMaterials/Substrate/Glints2/dict_0006_0177.uasset" 10984
"../../../Engine/Content/EngineMaterials/Substrate/Glints2/dict_0006_0179.uasset" 10985
"../../../Engine/Content/EngineMaterials/Substrate/Glints2/dict_0006_0175.uasset" 10986
"../../../Engine/Content/EngineMaterials/Substrate/Glints2/dict_0006_0173.uasset" 10987
"/Engine/EngineMaterials/Substrate/Glints2/dict_0006_0169" 10988
"/Engine/EngineMaterials/Substrate/Glints2/dict_0006_0165" 10989
"/Engine/EngineMaterials/Substrate/Glints2/dict_0006_0164" 10990
"/Engine/EngineMaterials/Substrate/Glints2/dict_0006_0154" 10991
"/Engine/EngineMaterials/Substrate/Glints2/dict_0006_0163" 10992
"/Engine/EngineMaterials/Substrate/Glints2/dict_0006_0162" 10993
"/Engine/EngineMaterials/Substrate/Glints2/dict_0006_0161" 10994
"/Engine/EngineMaterials/Substrate/Glints2/dict_0006_0168" 10995
"/Engine/EngineMaterials/Substrate/Glints2/dict_0006_0153" 10996
"/Engine/EngineMaterials/Substrate/Glints2/dict_0006_0152" 10997
"/Engine/EngineMaterials/Substrate/Glints2/dict_0006_0160" 10998
"/Engine/EngineMaterials/Substrate/Glints2/dict_0006_0167" 10999
"/Engine/EngineMaterials/Substrate/Glints2/dict_0006_0166" 11000
"/Engine/EngineMaterials/Substrate/Glints2/dict_0006_0159" 11001
"/Engine/EngineMaterials/Substrate/Glints2/dict_0006_0158" 11002
"../../../Engine/Content/EngineMaterials/Substrate/Glints2/dict_0006_0180.uasset" 11003
"/Engine/EngineMaterials/Substrate/Glints2/dict_0006_0151" 11004
"/Engine/EngineMaterials/Substrate/Glints2/dict_0006_0150" 11005
"/Engine/EngineMaterials/Substrate/Glints2/dict_0006_0157" 11006
"/Engine/EngineMaterials/Substrate/Glints2/dict_0006_0156" 11007
"/Engine/EngineMaterials/Substrate/Glints2/dict_0006_0155" 11008
"/Engine/EngineMaterials/Substrate/Glints2/dict_0006_0170" 11009
"../../../Engine/Content/EngineMaterials/Substrate/Glints2/dict_0006_0181.uasset" 11010
"../../../Engine/Content/EngineMaterials/Substrate/Glints2/dict_0006_0183.uasset" 11011
"../../../Engine/Content/EngineMaterials/Substrate/Glints2/dict_0006_0182.uasset" 11012
"../../../Engine/Content/EngineMaterials/Substrate/Glints2/dict_0006_0184.uasset" 11013
"../../../Engine/Content/EngineMaterials/Substrate/Glints2/dict_0006_0186.uasset" 11014
"../../../Engine/Content/EngineMaterials/Substrate/Glints2/dict_0006_0185.uasset" 11015
"../../../Engine/Content/EngineMaterials/Substrate/Glints2/dict_0006_0187.uasset" 11016
"../../../Engine/Content/EngineMaterials/Substrate/Glints2/dict_0006_0188.uasset" 11017
"../../../Engine/Content/EngineMaterials/Substrate/Glints2/dict_0006_0189.uasset" 11018
"../../../Engine/Content/EngineMaterials/Substrate/Glints2/dict_0006_0190.uasset" 11019
"../../../Engine/Content/EngineMaterials/Substrate/Glints2/dict_0006_0192.uasset" 11020
"../../../Engine/Content/EngineMaterials/Substrate/Glints2/dict_0006_0193.uasset" 11021
"../../../Engine/Content/EngineMaterials/Substrate/Glints2/dict_0006_0191.uasset" 11022
"../../../Engine/Content/EngineMaterials/Substrate/Glints2/dict_0006_0196.uasset" 11023
"../../../Engine/Content/EngineMaterials/Substrate/Glints2/dict_0006_0197.uasset" 11024
"../../../Engine/Content/EngineMaterials/Substrate/Glints2/dict_0006_0194.uasset" 11025
"../../../Engine/Content/EngineMaterials/Substrate/Glints2/dict_0006_0195.uasset" 11026
"../../../Engine/Content/EngineMaterials/Substrate/Glints2/dict_0006_0198.uasset" 11027
"../../../Engine/Content/EngineMaterials/Substrate/Glints2/dict_0006_0199.uasset" 11028
"/Engine/EngineMaterials/Substrate/Glints2/dict_0006_0179" 11029
"/Engine/EngineMaterials/Substrate/Glints2/dict_0006_0178" 11030
"/Engine/EngineMaterials/Substrate/Glints2/dict_0006_0171" 11031
"/Engine/EngineMaterials/Substrate/Glints2/dict_0006_0189" 11032
"/Engine/EngineMaterials/Substrate/Glints2/dict_0006_0188" 11033
"/Engine/EngineMaterials/Substrate/Glints2/dict_0006_0187" 11034
"../../../Engine/Content/EngineMaterials/Substrate/Glints2/dict_0006_0200.uasset" 11035
"/Engine/EngineMaterials/Substrate/Glints2/dict_0006_0186" 11036
"/Engine/EngineMaterials/Substrate/Glints2/dict_0006_0185" 11037
"/Engine/EngineMaterials/Substrate/Glints2/dict_0006_0184" 11038
"../../../Engine/Content/EngineMaterials/Substrate/Glints2/dict_0006_0202.uasset" 11039
"../../../Engine/Content/EngineMaterials/Substrate/Glints2/dict_0006_0201.uasset" 11040
"/Engine/EngineMaterials/Substrate/Glints2/dict_0006_0183" 11041
"/Engine/EngineMaterials/Substrate/Glints2/dict_0006_0182" 11042
"/Engine/EngineMaterials/Substrate/Glints2/dict_0006_0181" 11043
"/Engine/EngineMaterials/Substrate/Glints2/dict_0006_0177" 11044
"/Engine/EngineMaterials/Substrate/Glints2/dict_0006_0176" 11045
"/Engine/EngineMaterials/Substrate/Glints2/dict_0006_0175" 11046
"/Engine/EngineMaterials/Substrate/Glints2/dict_0006_0180" 11047
"/Engine/EngineMaterials/Substrate/Glints2/dict_0006_0174" 11048
"/Engine/EngineMaterials/Substrate/Glints2/dict_0006_0173" 11049
"/Engine/EngineMaterials/Substrate/Glints2/dict_0006_0172" 11050
"/Engine/EngineMaterials/Substrate/Glints2/dict_0006_0202" 11051
"../../../Engine/Content/EngineMaterials/Substrate/Glints2/dict_0006_0203.uasset" 11052
"/Engine/EngineMaterials/Substrate/Glints2/dict_0006_0201" 11053
"../../../Engine/Content/EngineMaterials/Substrate/Glints2/dict_0006_0204.uasset" 11054
"/Engine/EngineMaterials/Substrate/Glints2/dict_0006_0200" 11055
"../../../Engine/Content/EngineMaterials/Substrate/Glints2/dict_0006_0205.uasset" 11056
"../../../Engine/Content/EngineMaterials/Substrate/Glints2/dict_0006_0206.uasset" 11057
"/Engine/EngineMaterials/Substrate/Glints2/dict_0006_0199" 11058
"../../../Engine/Content/EngineMaterials/Substrate/Glints2/dict_0006_0207.uasset" 11059
"/Engine/EngineMaterials/Substrate/Glints2/dict_0006_0198" 11060
"../../../Engine/Content/EngineMaterials/Substrate/Glints2/dict_0006_0208.uasset" 11061
"../../../Engine/Content/EngineMaterials/Substrate/Glints2/dict_0006_0209.uasset" 11062
"../../../Engine/Content/EngineMaterials/Substrate/Glints2/dict_0006_0210.uasset" 11063
"../../../Engine/Content/EngineMaterials/Substrate/Glints2/dict_0006_0211.uasset" 11064
"../../../Engine/Content/EngineMaterials/Substrate/Glints2/dict_0006_0212.uasset" 11065
"/Engine/EngineMaterials/Substrate/Glints2/dict_0006_0197" 11066
"../../../Engine/Content/EngineMaterials/Substrate/Glints2/dict_0006_0213.uasset" 11067
"../../../Engine/Content/EngineMaterials/Substrate/Glints2/dict_0006_0214.uasset" 11068
"../../../Engine/Content/EngineMaterials/Substrate/Glints2/dict_0006_0215.uasset" 11069
"/Engine/EngineMaterials/Substrate/Glints2/dict_0006_0196" 11070
"../../../Engine/Content/EngineMaterials/Substrate/Glints2/dict_0006_0216.uasset" 11071
"../../../Engine/Content/EngineMaterials/Substrate/Glints2/dict_0006_0217.uasset" 11072
"/Engine/EngineMaterials/Substrate/Glints2/dict_0006_0195" 11073
"../../../Engine/Content/EngineMaterials/Substrate/Glints2/dict_0006_0218.uasset" 11074
"/Engine/EngineMaterials/Substrate/Glints2/dict_0006_0194" 11075
"/Engine/EngineMaterials/Substrate/Glints2/dict_0006_0193" 11076
"../../../Engine/Content/EngineMaterials/Substrate/Glints2/dict_0006_0219.uasset" 11077
"../../../Engine/Content/EngineMaterials/Substrate/Glints2/dict_0006_0220.uasset" 11078
"/Engine/EngineMaterials/Substrate/Glints2/dict_0006_0192" 11079
"../../../Engine/Content/EngineMaterials/Substrate/Glints2/dict_0006_0221.uasset" 11080
"/Engine/EngineMaterials/Substrate/Glints2/dict_0006_0191" 11081
"/Engine/EngineMaterials/Substrate/Glints2/dict_0006_0190" 11082
"../../../Engine/Content/EngineMaterials/Substrate/Glints2/dict_0006_0222.uasset" 11083
"../../../Engine/Content/EngineMaterials/Substrate/Glints2/dict_0006_0224.uasset" 11084
"/Engine/EngineMaterials/Substrate/Glints2/dict_0006_0221" 11085
"../../../Engine/Content/EngineMaterials/Substrate/Glints2/dict_0006_0223.uasset" 11086
"../../../Engine/Content/EngineMaterials/Substrate/Glints2/dict_0006_0225.uasset" 11087
"../../../Engine/Content/EngineMaterials/Substrate/Glints2/dict_0006_0226.uasset" 11088
"/Engine/EngineMaterials/Substrate/Glints2/dict_0006_0220" 11089
"../../../Engine/Content/EngineMaterials/Substrate/Glints2/dict_0006_0228.uasset" 11090
"../../../Engine/Content/EngineMaterials/Substrate/Glints2/dict_0006_0227.uasset" 11091
"../../../Engine/Content/EngineMaterials/Substrate/Glints2/dict_0006_0229.uasset" 11092
"/Engine/EngineMaterials/Substrate/Glints2/dict_0006_0219" 11093
"../../../Engine/Content/EngineMaterials/Substrate/Glints2/dict_0006_0230.uasset" 11094
"../../../Engine/Content/EngineMaterials/Substrate/Glints2/dict_0006_0231.uasset" 11095
"../../../Engine/Content/EngineMaterials/Substrate/Glints2/dict_0006_0233.uasset" 11096
"../../../Engine/Content/EngineMaterials/Substrate/Glints2/dict_0006_0232.uasset" 11097
"/Engine/EngineMaterials/Substrate/Glints2/dict_0006_0218" 11098
"/Engine/EngineMaterials/Substrate/Glints2/dict_0006_0217" 11099
"../../../Engine/Content/EngineMaterials/Substrate/Glints2/dict_0006_0234.uasset" 11100
"/Engine/EngineMaterials/Substrate/Glints2/dict_0006_0216" 11101
"/Engine/EngineMaterials/Substrate/Glints2/dict_0006_0215" 11102
"/Engine/EngineMaterials/Substrate/Glints2/dict_0006_0214" 11103
"/Engine/EngineMaterials/Substrate/Glints2/dict_0006_0213" 11104
"/Engine/EngineMaterials/Substrate/Glints2/dict_0006_0212" 11105
"/Engine/EngineMaterials/Substrate/Glints2/dict_0006_0211" 11106
"/Engine/EngineMaterials/Substrate/Glints2/dict_0006_0210" 11107
"/Engine/EngineMaterials/Substrate/Glints2/dict_0006_0209" 11108
"/Engine/EngineMaterials/Substrate/Glints2/dict_0006_0208" 11109
"/Engine/EngineMaterials/Substrate/Glints2/dict_0006_0207" 11110
"/Engine/EngineMaterials/Substrate/Glints2/dict_0006_0206" 11111
"/Engine/EngineMaterials/Substrate/Glints2/dict_0006_0205" 11112
"/Engine/EngineMaterials/Substrate/Glints2/dict_0006_0204" 11113
"/Engine/EngineMaterials/Substrate/Glints2/dict_0006_0203" 11114
"/Engine/EngineMaterials/Substrate/Glints2/dict_0006_0234" 11115
"../../../Engine/Content/EngineMaterials/Substrate/Glints2/dict_0006_0235.uasset" 11116
"../../../Engine/Content/EngineMaterials/Substrate/Glints2/dict_0006_0239.uasset" 11117
"../../../Engine/Content/EngineMaterials/Substrate/Glints2/dict_0006_0236.uasset" 11118
"../../../Engine/Content/EngineMaterials/Substrate/Glints2/dict_0006_0241.uasset" 11119
"../../../Engine/Content/EngineMaterials/Substrate/Glints2/dict_0006_0237.uasset" 11120
"../../../Engine/Content/EngineMaterials/Substrate/Glints2/dict_0006_0244.uasset" 11121
"../../../Engine/Content/EngineMaterials/Substrate/Glints2/dict_0006_0242.uasset" 11122
"/Engine/EngineMaterials/Substrate/Glints2/dict_0006_0233" 11123
"../../../Engine/Content/EngineMaterials/Substrate/Glints2/dict_0006_0240.uasset" 11124
"../../../Engine/Content/EngineMaterials/Substrate/Glints2/dict_0006_0238.uasset" 11125
"../../../Engine/Content/EngineMaterials/Substrate/Glints2/dict_0006_0243.uasset" 11126
"../../../Engine/Content/EngineMaterials/Substrate/Glints2/dict_0006_0245.uasset" 11127
"../../../Engine/Content/EngineMaterials/Substrate/Glints2/dict_0006_0246.uasset" 11128
"../../../Engine/Content/EngineMaterials/Substrate/Glints2/dict_0006_0247.uasset" 11129
"/Engine/EngineMaterials/Substrate/Glints2/dict_0006_0232" 11130
"../../../Engine/Content/EngineMaterials/Substrate/Glints2/dict_0006_0248.uasset" 11131
"../../../Engine/Content/EngineMaterials/Substrate/Glints2/dict_0006_0249.uasset" 11132
"../../../Engine/Content/EngineMaterials/Substrate/Glints2/dict_0006_0250.uasset" 11133
"../../../Engine/Content/EngineMaterials/Substrate/Glints2/dict_0006_0251.uasset" 11134
"../../../Engine/Content/EngineMaterials/Substrate/Glints2/dict_0006_0252.uasset" 11135
"/Engine/EngineMaterials/Substrate/Glints2/dict_0006_0231" 11136
"../../../Engine/Content/EngineMaterials/Substrate/Glints2/dict_0006_0253.uasset" 11137
"/Engine/EngineMaterials/Substrate/Glints2/dict_0006_0230" 11138
"/Engine/EngineMaterials/Substrate/Glints2/dict_0006_0229" 11139
"/Engine/EngineMaterials/Substrate/Glints2/dict_0006_0228" 11140
"/Engine/EngineMaterials/Substrate/Glints2/dict_0006_0227" 11141
"/Engine/EngineMaterials/Substrate/Glints2/dict_0006_0226" 11142
"/Engine/EngineMaterials/Substrate/Glints2/dict_0006_0225" 11143
"/Engine/EngineMaterials/Substrate/Glints2/dict_0006_0224" 11144
"/Engine/EngineMaterials/Substrate/Glints2/dict_0006_0223" 11145
"/Engine/EngineMaterials/Substrate/Glints2/dict_0006_0222" 11146
"/Engine/EngineMaterials/Substrate/Glints2/dict_0006_0253" 11147
"../../../Engine/Content/EngineMaterials/Substrate/Glints2/dict_0006_0254.uasset" 11148
"../../../Engine/Content/EngineMaterials/Substrate/Glints2/dict_0007_0000.uasset" 11149
"../../../Engine/Content/EngineMaterials/Substrate/Glints2/dict_0007_0001.uasset" 11150
"../../../Engine/Content/EngineMaterials/Substrate/Glints2/dict_0006_0255.uasset" 11151
"../../../Engine/Content/EngineMaterials/Substrate/Glints2/dict_0007_0003.uasset" 11152
"../../../Engine/Content/EngineMaterials/Substrate/Glints2/dict_0007_0004.uasset" 11153
"../../../Engine/Content/EngineMaterials/Substrate/Glints2/dict_0007_0005.uasset" 11154
"../../../Engine/Content/EngineMaterials/Substrate/Glints2/dict_0007_0006.uasset" 11155
"../../../Engine/Content/EngineMaterials/Substrate/Glints2/dict_0007_0007.uasset" 11156
"../../../Engine/Content/EngineMaterials/Substrate/Glints2/dict_0007_0002.uasset" 11157
"/Engine/EngineMaterials/Substrate/Glints2/dict_0006_0252" 11158
"../../../Engine/Content/EngineMaterials/Substrate/Glints2/dict_0007_0009.uasset" 11159
"../../../Engine/Content/EngineMaterials/Substrate/Glints2/dict_0007_0010.uasset" 11160
"../../../Engine/Content/EngineMaterials/Substrate/Glints2/dict_0007_0008.uasset" 11161
"/Engine/EngineMaterials/Substrate/Glints2/dict_0006_0251" 11162
"/Engine/EngineMaterials/Substrate/Glints2/dict_0006_0250" 11163
"/Engine/EngineMaterials/Substrate/Glints2/dict_0006_0249" 11164
"/Engine/EngineMaterials/Substrate/Glints2/dict_0006_0248" 11165
"/Engine/EngineMaterials/Substrate/Glints2/dict_0006_0247" 11166
"/Engine/EngineMaterials/Substrate/Glints2/dict_0006_0246" 11167
"/Engine/EngineMaterials/Substrate/Glints2/dict_0006_0245" 11168
"/Engine/EngineMaterials/Substrate/Glints2/dict_0006_0244" 11169
"/Engine/EngineMaterials/Substrate/Glints2/dict_0006_0243" 11170
"/Engine/EngineMaterials/Substrate/Glints2/dict_0006_0242" 11171
"/Engine/EngineMaterials/Substrate/Glints2/dict_0006_0241" 11172
"/Engine/EngineMaterials/Substrate/Glints2/dict_0006_0240" 11173
"/Engine/EngineMaterials/Substrate/Glints2/dict_0006_0239" 11174
"/Engine/EngineMaterials/Substrate/Glints2/dict_0006_0238" 11175
"/Engine/EngineMaterials/Substrate/Glints2/dict_0006_0237" 11176
"/Engine/EngineMaterials/Substrate/Glints2/dict_0006_0236" 11177
"/Engine/EngineMaterials/Substrate/Glints2/dict_0006_0235" 11178
"/Engine/EngineMaterials/Substrate/Glints2/dict_0007_0010" 11179
"/Engine/EngineMaterials/Substrate/Glints2/dict_0007_0009" 11180
"../../../Engine/Content/EngineMaterials/Substrate/Glints2/dict_0007_0011.uasset" 11181
"../../../Engine/Content/EngineMaterials/Substrate/Glints2/dict_0007_0015.uasset" 11182
"../../../Engine/Content/EngineMaterials/Substrate/Glints2/dict_0007_0016.uasset" 11183
"../../../Engine/Content/EngineMaterials/Substrate/Glints2/dict_0007_0014.uasset" 11184
"../../../Engine/Content/EngineMaterials/Substrate/Glints2/dict_0007_0013.uasset" 11185
"../../../Engine/Content/EngineMaterials/Substrate/Glints2/dict_0007_0018.uasset" 11186
"/Engine/EngineMaterials/Substrate/Glints2/dict_0007_0008" 11187
"../../../Engine/Content/EngineMaterials/Substrate/Glints2/dict_0007_0019.uasset" 11188
"../../../Engine/Content/EngineMaterials/Substrate/Glints2/dict_0007_0012.uasset" 11189
"../../../Engine/Content/EngineMaterials/Substrate/Glints2/dict_0007_0017.uasset" 11190
"../../../Engine/Content/EngineMaterials/Substrate/Glints2/dict_0007_0020.uasset" 11191
"/Engine/EngineMaterials/Substrate/Glints2/dict_0007_0007" 11192
"../../../Engine/Content/EngineMaterials/Substrate/Glints2/dict_0007_0022.uasset" 11193
"../../../Engine/Content/EngineMaterials/Substrate/Glints2/dict_0007_0023.uasset" 11194
"../../../Engine/Content/EngineMaterials/Substrate/Glints2/dict_0007_0021.uasset" 11195
"../../../Engine/Content/EngineMaterials/Substrate/Glints2/dict_0007_0024.uasset" 11196
"../../../Engine/Content/EngineMaterials/Substrate/Glints2/dict_0007_0026.uasset" 11197
"../../../Engine/Content/EngineMaterials/Substrate/Glints2/dict_0007_0027.uasset" 11198
"../../../Engine/Content/EngineMaterials/Substrate/Glints2/dict_0007_0025.uasset" 11199
"/Engine/EngineMaterials/Substrate/Glints2/dict_0007_0006" 11200
"../../../Engine/Content/EngineMaterials/Substrate/Glints2/dict_0007_0028.uasset" 11201
"../../../Engine/Content/EngineMaterials/Substrate/Glints2/dict_0007_0029.uasset" 11202
"/Engine/EngineMaterials/Substrate/Glints2/dict_0007_0005" 11203
"/Engine/EngineMaterials/Substrate/Glints2/dict_0007_0004" 11204
"/Engine/EngineMaterials/Substrate/Glints2/dict_0007_0003" 11205
"/Engine/EngineMaterials/Substrate/Glints2/dict_0007_0002" 11206
"/Engine/EngineMaterials/Substrate/Glints2/dict_0007_0001" 11207
"/Engine/EngineMaterials/Substrate/Glints2/dict_0007_0000" 11208
"/Engine/EngineMaterials/Substrate/Glints2/dict_0006_0255" 11209
"/Engine/EngineMaterials/Substrate/Glints2/dict_0006_0254" 11210
"/Engine/EngineMaterials/Substrate/Glints2/dict_0007_0029" 11211
"../../../Engine/Content/EngineMaterials/Substrate/Glints2/dict_0007_0031.uasset" 11212
"../../../Engine/Content/EngineMaterials/Substrate/Glints2/dict_0007_0033.uasset" 11213
"../../../Engine/Content/EngineMaterials/Substrate/Glints2/dict_0007_0032.uasset" 11214
"../../../Engine/Content/EngineMaterials/Substrate/Glints2/dict_0007_0034.uasset" 11215
"../../../Engine/Content/EngineMaterials/Substrate/Glints2/dict_0007_0037.uasset" 11216
"../../../Engine/Content/EngineMaterials/Substrate/Glints2/dict_0007_0030.uasset" 11217
"/Engine/EngineMaterials/Substrate/Glints2/dict_0007_0028" 11218
"../../../Engine/Content/EngineMaterials/Substrate/Glints2/dict_0007_0038.uasset" 11219
"../../../Engine/Content/EngineMaterials/Substrate/Glints2/dict_0007_0039.uasset" 11220
"../../../Engine/Content/EngineMaterials/Substrate/Glints2/dict_0007_0036.uasset" 11221
"../../../Engine/Content/EngineMaterials/Substrate/Glints2/dict_0007_0035.uasset" 11222
"../../../Engine/Content/EngineMaterials/Substrate/Glints2/dict_0007_0040.uasset" 11223
"/Engine/EngineMaterials/Substrate/Glints2/dict_0007_0027" 11224
"../../../Engine/Content/EngineMaterials/Substrate/Glints2/dict_0007_0041.uasset" 11225
"/Engine/EngineMaterials/Substrate/Glints2/dict_0007_0026" 11226
"../../../Engine/Content/EngineMaterials/Substrate/Glints2/dict_0007_0042.uasset" 11227
"/Engine/EngineMaterials/Substrate/Glints2/dict_0007_0025" 11228
"/Engine/EngineMaterials/Substrate/Glints2/dict_0007_0024" 11229
"/Engine/EngineMaterials/Substrate/Glints2/dict_0007_0023" 11230
"/Engine/EngineMaterials/Substrate/Glints2/dict_0007_0022" 11231
"/Engine/EngineMaterials/Substrate/Glints2/dict_0007_0021" 11232
"/Engine/EngineMaterials/Substrate/Glints2/dict_0007_0020" 11233
"/Engine/EngineMaterials/Substrate/Glints2/dict_0007_0019" 11234
"/Engine/EngineMaterials/Substrate/Glints2/dict_0007_0018" 11235
"/Engine/EngineMaterials/Substrate/Glints2/dict_0007_0017" 11236
"/Engine/EngineMaterials/Substrate/Glints2/dict_0007_0016" 11237
"/Engine/EngineMaterials/Substrate/Glints2/dict_0007_0015" 11238
"/Engine/EngineMaterials/Substrate/Glints2/dict_0007_0014" 11239
"/Engine/EngineMaterials/Substrate/Glints2/dict_0007_0013" 11240
"/Engine/EngineMaterials/Substrate/Glints2/dict_0007_0012" 11241
"/Engine/EngineMaterials/Substrate/Glints2/dict_0007_0011" 11242
"/Engine/EngineMaterials/Substrate/Glints2/dict_0007_0042" 11243
"../../../Engine/Content/EngineMaterials/Substrate/Glints2/dict_0007_0046.uasset" 11244
"../../../Engine/Content/EngineMaterials/Substrate/Glints2/dict_0007_0049.uasset" 11245
"../../../Engine/Content/EngineMaterials/Substrate/Glints2/dict_0007_0050.uasset" 11246
"../../../Engine/Content/EngineMaterials/Substrate/Glints2/dict_0007_0045.uasset" 11247
"../../../Engine/Content/EngineMaterials/Substrate/Glints2/dict_0007_0051.uasset" 11248
"../../../Engine/Content/EngineMaterials/Substrate/Glints2/dict_0007_0047.uasset" 11249
"/Engine/EngineMaterials/Substrate/Glints2/dict_0007_0041" 11250
"../../../Engine/Content/EngineMaterials/Substrate/Glints2/dict_0007_0048.uasset" 11251
"../../../Engine/Content/EngineMaterials/Substrate/Glints2/dict_0007_0044.uasset" 11252
"../../../Engine/Content/EngineMaterials/Substrate/Glints2/dict_0007_0043.uasset" 11253
"../../../Engine/Content/EngineMaterials/Substrate/Glints2/dict_0007_0052.uasset" 11254
"../../../Engine/Content/EngineMaterials/Substrate/Glints2/dict_0007_0053.uasset" 11255
"../../../Engine/Content/EngineMaterials/Substrate/Glints2/dict_0007_0055.uasset" 11256
"/Engine/EngineMaterials/Substrate/Glints2/dict_0007_0040" 11257
"../../../Engine/Content/EngineMaterials/Substrate/Glints2/dict_0007_0057.uasset" 11258
"../../../Engine/Content/EngineMaterials/Substrate/Glints2/dict_0007_0054.uasset" 11259
"../../../Engine/Content/EngineMaterials/Substrate/Glints2/dict_0007_0061.uasset" 11260
"../../../Engine/Content/EngineMaterials/Substrate/Glints2/dict_0007_0059.uasset" 11261
"../../../Engine/Content/EngineMaterials/Substrate/Glints2/dict_0007_0056.uasset" 11262
"../../../Engine/Content/EngineMaterials/Substrate/Glints2/dict_0007_0060.uasset" 11263
"/Engine/EngineMaterials/Substrate/Glints2/dict_0007_0039" 11264
"../../../Engine/Content/EngineMaterials/Substrate/Glints2/dict_0007_0058.uasset" 11265
"/Engine/EngineMaterials/Substrate/Glints2/dict_0007_0038" 11266
"/Engine/EngineMaterials/Substrate/Glints2/dict_0007_0037" 11267
"/Engine/EngineMaterials/Substrate/Glints2/dict_0007_0036" 11268
"/Engine/EngineMaterials/Substrate/Glints2/dict_0007_0035" 11269
"/Engine/EngineMaterials/Substrate/Glints2/dict_0007_0034" 11270
"/Engine/EngineMaterials/Substrate/Glints2/dict_0007_0033" 11271
"/Engine/EngineMaterials/Substrate/Glints2/dict_0007_0032" 11272
"/Engine/EngineMaterials/Substrate/Glints2/dict_0007_0031" 11273
"/Engine/EngineMaterials/Substrate/Glints2/dict_0007_0030" 11274
"/Engine/EngineMaterials/Substrate/Glints2/dict_0007_0061" 11275
"../../../Engine/Content/EngineMaterials/Substrate/Glints2/dict_0007_0062.uasset" 11276
"../../../Engine/Content/EngineMaterials/Substrate/Glints2/dict_0007_0063.uasset" 11277
"../../../Engine/Content/EngineMaterials/Substrate/Glints2/dict_0007_0069.uasset" 11278
"../../../Engine/Content/EngineMaterials/Substrate/Glints2/dict_0007_0068.uasset" 11279
"../../../Engine/Content/EngineMaterials/Substrate/Glints2/dict_0007_0070.uasset" 11280
"../../../Engine/Content/EngineMaterials/Substrate/Glints2/dict_0007_0066.uasset" 11281
"/Engine/EngineMaterials/Substrate/Glints2/dict_0007_0060" 11282
"../../../Engine/Content/EngineMaterials/Substrate/Glints2/dict_0007_0067.uasset" 11283
"../../../Engine/Content/EngineMaterials/Substrate/Glints2/dict_0007_0064.uasset" 11284
"../../../Engine/Content/EngineMaterials/Substrate/Glints2/dict_0007_0065.uasset" 11285
"../../../Engine/Content/EngineMaterials/Substrate/Glints2/dict_0007_0071.uasset" 11286
"/Engine/EngineMaterials/Substrate/Glints2/dict_0007_0059" 11287
"../../../Engine/Content/EngineMaterials/Substrate/Glints2/dict_0007_0072.uasset" 11288
"../../../Engine/Content/EngineMaterials/Substrate/Glints2/dict_0007_0074.uasset" 11289
"../../../Engine/Content/EngineMaterials/Substrate/Glints2/dict_0007_0073.uasset" 11290
"/Engine/EngineMaterials/Substrate/Glints2/dict_0007_0058" 11291
"/Engine/EngineMaterials/Substrate/Glints2/dict_0007_0057" 11292
"/Engine/EngineMaterials/Substrate/Glints2/dict_0007_0056" 11293
"/Engine/EngineMaterials/Substrate/Glints2/dict_0007_0055" 11294
"/Engine/EngineMaterials/Substrate/Glints2/dict_0007_0054" 11295
"/Engine/EngineMaterials/Substrate/Glints2/dict_0007_0053" 11296
"/Engine/EngineMaterials/Substrate/Glints2/dict_0007_0052" 11297
"/Engine/EngineMaterials/Substrate/Glints2/dict_0007_0051" 11298
"/Engine/EngineMaterials/Substrate/Glints2/dict_0007_0050" 11299
"/Engine/EngineMaterials/Substrate/Glints2/dict_0007_0049" 11300
"/Engine/EngineMaterials/Substrate/Glints2/dict_0007_0048" 11301
"/Engine/EngineMaterials/Substrate/Glints2/dict_0007_0047" 11302
"/Engine/EngineMaterials/Substrate/Glints2/dict_0007_0046" 11303
"/Engine/EngineMaterials/Substrate/Glints2/dict_0007_0045" 11304
"/Engine/EngineMaterials/Substrate/Glints2/dict_0007_0044" 11305
"/Engine/EngineMaterials/Substrate/Glints2/dict_0007_0043" 11306
"/Engine/EngineMaterials/Substrate/Glints2/dict_0007_0074" 11307
"../../../Engine/Content/EngineMaterials/Substrate/Glints2/dict_0007_0078.uasset" 11308
"../../../Engine/Content/EngineMaterials/Substrate/Glints2/dict_0007_0079.uasset" 11309
"../../../Engine/Content/EngineMaterials/Substrate/Glints2/dict_0007_0077.uasset" 11310
"../../../Engine/Content/EngineMaterials/Substrate/Glints2/dict_0007_0080.uasset" 11311
"../../../Engine/Content/EngineMaterials/Substrate/Glints2/dict_0007_0075.uasset" 11312
"../../../Engine/Content/EngineMaterials/Substrate/Glints2/dict_0007_0081.uasset" 11313
"../../../Engine/Content/EngineMaterials/Substrate/Glints2/dict_0007_0082.uasset" 11314
"../../../Engine/Content/EngineMaterials/Substrate/Glints2/dict_0007_0076.uasset" 11315
"../../../Engine/Content/EngineMaterials/Substrate/Glints2/dict_0007_0083.uasset" 11316
"../../../Engine/Content/EngineMaterials/Substrate/Glints2/dict_0007_0084.uasset" 11317
"/Engine/EngineMaterials/Substrate/Glints2/dict_0007_0073" 11318
"../../../Engine/Content/EngineMaterials/Substrate/Glints2/dict_0007_0086.uasset" 11319
"../../../Engine/Content/EngineMaterials/Substrate/Glints2/dict_0007_0087.uasset" 11320
"../../../Engine/Content/EngineMaterials/Substrate/Glints2/dict_0007_0089.uasset" 11321
"../../../Engine/Content/EngineMaterials/Substrate/Glints2/dict_0007_0085.uasset" 11322
"../../../Engine/Content/EngineMaterials/Substrate/Glints2/dict_0007_0088.uasset" 11323
"../../../Engine/Content/EngineMaterials/Substrate/Glints2/dict_0007_0093.uasset" 11324
"/Engine/EngineMaterials/Substrate/Glints2/dict_0007_0072" 11325
"../../../Engine/Content/EngineMaterials/Substrate/Glints2/dict_0007_0092.uasset" 11326
"../../../Engine/Content/EngineMaterials/Substrate/Glints2/dict_0007_0091.uasset" 11327
"../../../Engine/Content/EngineMaterials/Substrate/Glints2/dict_0007_0090.uasset" 11328
"/Engine/EngineMaterials/Substrate/Glints2/dict_0007_0071" 11329
"/Engine/EngineMaterials/Substrate/Glints2/dict_0007_0070" 11330
"/Engine/EngineMaterials/Substrate/Glints2/dict_0007_0069" 11331
"/Engine/EngineMaterials/Substrate/Glints2/dict_0007_0068" 11332
"/Engine/EngineMaterials/Substrate/Glints2/dict_0007_0067" 11333
"/Engine/EngineMaterials/Substrate/Glints2/dict_0007_0066" 11334
"/Engine/EngineMaterials/Substrate/Glints2/dict_0007_0065" 11335
"/Engine/EngineMaterials/Substrate/Glints2/dict_0007_0064" 11336
"/Engine/EngineMaterials/Substrate/Glints2/dict_0007_0063" 11337
"/Engine/EngineMaterials/Substrate/Glints2/dict_0007_0062" 11338
"/Engine/EngineMaterials/Substrate/Glints2/dict_0007_0093" 11339
"/Engine/EngineMaterials/Substrate/Glints2/dict_0007_0092" 11340
"/Engine/EngineMaterials/Substrate/Glints2/dict_0007_0091" 11341
"../../../Engine/Content/EngineMaterials/Substrate/Glints2/dict_0007_0094.uasset" 11342
"../../../Engine/Content/EngineMaterials/Substrate/Glints2/dict_0007_0100.uasset" 11343
"../../../Engine/Content/EngineMaterials/Substrate/Glints2/dict_0007_0099.uasset" 11344
"../../../Engine/Content/EngineMaterials/Substrate/Glints2/dict_0007_0098.uasset" 11345
"../../../Engine/Content/EngineMaterials/Substrate/Glints2/dict_0007_0097.uasset" 11346
"../../../Engine/Content/EngineMaterials/Substrate/Glints2/dict_0007_0101.uasset" 11347
"../../../Engine/Content/EngineMaterials/Substrate/Glints2/dict_0007_0095.uasset" 11348
"../../../Engine/Content/EngineMaterials/Substrate/Glints2/dict_0007_0106.uasset" 11349
"../../../Engine/Content/EngineMaterials/Substrate/Glints2/dict_0007_0105.uasset" 11350
"../../../Engine/Content/EngineMaterials/Substrate/Glints2/dict_0007_0104.uasset" 11351
"/Engine/EngineMaterials/Substrate/Glints2/dict_0007_0090" 11352
"../../../Engine/Content/EngineMaterials/Substrate/Glints2/dict_0007_0096.uasset" 11353
"/Engine/EngineMaterials/Substrate/Glints2/dict_0007_0089" 11354
"/Engine/EngineMaterials/Substrate/Glints2/dict_0007_0088" 11355
"/Engine/EngineMaterials/Substrate/Glints2/dict_0007_0087" 11356
"/Engine/EngineMaterials/Substrate/Glints2/dict_0007_0086" 11357
"/Engine/EngineMaterials/Substrate/Glints2/dict_0007_0085" 11358
"/Engine/EngineMaterials/Substrate/Glints2/dict_0007_0084" 11359
"/Engine/EngineMaterials/Substrate/Glints2/dict_0007_0083" 11360
"/Engine/EngineMaterials/Substrate/Glints2/dict_0007_0082" 11361
"../../../Engine/Content/EngineMaterials/Substrate/Glints2/dict_0007_0102.uasset" 11362
"/Engine/EngineMaterials/Substrate/Glints2/dict_0007_0081" 11363
"../../../Engine/Content/EngineMaterials/Substrate/Glints2/dict_0007_0103.uasset" 11364
"/Engine/EngineMaterials/Substrate/Glints2/dict_0007_0080" 11365
"/Engine/EngineMaterials/Substrate/Glints2/dict_0007_0079" 11366
"/Engine/EngineMaterials/Substrate/Glints2/dict_0007_0078" 11367
"/Engine/EngineMaterials/Substrate/Glints2/dict_0007_0077" 11368
"/Engine/EngineMaterials/Substrate/Glints2/dict_0007_0076" 11369
"/Engine/EngineMaterials/Substrate/Glints2/dict_0007_0075" 11370
"/Engine/EngineMaterials/Substrate/Glints2/dict_0007_0106" 11371
"../../../Engine/Content/EngineMaterials/Substrate/Glints2/dict_0007_0107.uasset" 11372
"../../../Engine/Content/EngineMaterials/Substrate/Glints2/dict_0007_0108.uasset" 11373
"../../../Engine/Content/EngineMaterials/Substrate/Glints2/dict_0007_0109.uasset" 11374
"/Engine/EngineMaterials/Substrate/Glints2/dict_0007_0105" 11375
"../../../Engine/Content/EngineMaterials/Substrate/Glints2/dict_0007_0110.uasset" 11376
"/Engine/EngineMaterials/Substrate/Glints2/dict_0007_0104" 11377
"../../../Engine/Content/EngineMaterials/Substrate/Glints2/dict_0007_0111.uasset" 11378
"../../../Engine/Content/EngineMaterials/Substrate/Glints2/dict_0007_0112.uasset" 11379
"../../../Engine/Content/EngineMaterials/Substrate/Glints2/dict_0007_0113.uasset" 11380
"../../../Engine/Content/EngineMaterials/Substrate/Glints2/dict_0007_0114.uasset" 11381
"/Engine/EngineMaterials/Substrate/Glints2/dict_0007_0103" 11382
"../../../Engine/Content/EngineMaterials/Substrate/Glints2/dict_0007_0115.uasset" 11383
"/Engine/EngineMaterials/Substrate/Glints2/dict_0007_0102" 11384
"../../../Engine/Content/EngineMaterials/Substrate/Glints2/dict_0007_0116.uasset" 11385
"../../../Engine/Content/EngineMaterials/Substrate/Glints2/dict_0007_0117.uasset" 11386
"../../../Engine/Content/EngineMaterials/Substrate/Glints2/dict_0007_0119.uasset" 11387
"../../../Engine/Content/EngineMaterials/Substrate/Glints2/dict_0007_0118.uasset" 11388
"/Engine/EngineMaterials/Substrate/Glints2/dict_0007_0101" 11389
"../../../Engine/Content/EngineMaterials/Substrate/Glints2/dict_0007_0120.uasset" 11390
"../../../Engine/Content/EngineMaterials/Substrate/Glints2/dict_0007_0121.uasset" 11391
"../../../Engine/Content/EngineMaterials/Substrate/Glints2/dict_0007_0122.uasset" 11392
"/Engine/EngineMaterials/Substrate/Glints2/dict_0007_0100" 11393
"../../../Engine/Content/EngineMaterials/Substrate/Glints2/dict_0007_0123.uasset" 11394
"/Engine/EngineMaterials/Substrate/Glints2/dict_0007_0099" 11395
"../../../Engine/Content/EngineMaterials/Substrate/Glints2/dict_0007_0124.uasset" 11396
"/Engine/EngineMaterials/Substrate/Glints2/dict_0007_0098" 11397
"../../../Engine/Content/EngineMaterials/Substrate/Glints2/dict_0007_0125.uasset" 11398
"/Engine/EngineMaterials/Substrate/Glints2/dict_0007_0097" 11399
"/Engine/EngineMaterials/Substrate/Glints2/dict_0007_0096" 11400
"/Engine/EngineMaterials/Substrate/Glints2/dict_0007_0095" 11401
"/Engine/EngineMaterials/Substrate/Glints2/dict_0007_0094" 11402
"/Engine/EngineMaterials/Substrate/Glints2/dict_0007_0125" 11403
"../../../Engine/Content/EngineMaterials/Substrate/Glints2/dict_0007_0126.uasset" 11404
"../../../Engine/Content/EngineMaterials/Substrate/Glints2/dict_0007_0127.uasset" 11405
"../../../Engine/Content/EngineMaterials/Substrate/Glints2/dict_0007_0129.uasset" 11406
"/Engine/EngineMaterials/Substrate/Glints2/dict_0007_0124" 11407
"../../../Engine/Content/EngineMaterials/Substrate/Glints2/dict_0007_0130.uasset" 11408
"../../../Engine/Content/EngineMaterials/Substrate/Glints2/dict_0007_0128.uasset" 11409
"../../../Engine/Content/EngineMaterials/Substrate/Glints2/dict_0007_0135.uasset" 11410
"../../../Engine/Content/EngineMaterials/Substrate/Glints2/dict_0007_0134.uasset" 11411
"../../../Engine/Content/EngineMaterials/Substrate/Glints2/dict_0007_0133.uasset" 11412
"../../../Engine/Content/EngineMaterials/Substrate/Glints2/dict_0007_0132.uasset" 11413
"../../../Engine/Content/EngineMaterials/Substrate/Glints2/dict_0007_0131.uasset" 11414
"/Engine/EngineMaterials/Substrate/Glints2/dict_0007_0123" 11415
"../../../Engine/Content/EngineMaterials/Substrate/Glints2/dict_0007_0138.uasset" 11416
"../../../Engine/Content/EngineMaterials/Substrate/Glints2/dict_0007_0137.uasset" 11417
"/Engine/EngineMaterials/Substrate/Glints2/dict_0007_0122" 11418
"../../../Engine/Content/EngineMaterials/Substrate/Glints2/dict_0007_0136.uasset" 11419
"/Engine/EngineMaterials/Substrate/Glints2/dict_0007_0121" 11420
"/Engine/EngineMaterials/Substrate/Glints2/dict_0007_0120" 11421
"/Engine/EngineMaterials/Substrate/Glints2/dict_0007_0119" 11422
"/Engine/EngineMaterials/Substrate/Glints2/dict_0007_0118" 11423
"/Engine/EngineMaterials/Substrate/Glints2/dict_0007_0117" 11424
"/Engine/EngineMaterials/Substrate/Glints2/dict_0007_0116" 11425
"/Engine/EngineMaterials/Substrate/Glints2/dict_0007_0115" 11426
"/Engine/EngineMaterials/Substrate/Glints2/dict_0007_0114" 11427
"/Engine/EngineMaterials/Substrate/Glints2/dict_0007_0113" 11428
"/Engine/EngineMaterials/Substrate/Glints2/dict_0007_0112" 11429
"/Engine/EngineMaterials/Substrate/Glints2/dict_0007_0111" 11430
"/Engine/EngineMaterials/Substrate/Glints2/dict_0007_0110" 11431
"/Engine/EngineMaterials/Substrate/Glints2/dict_0007_0109" 11432
"/Engine/EngineMaterials/Substrate/Glints2/dict_0007_0108" 11433
"/Engine/EngineMaterials/Substrate/Glints2/dict_0007_0107" 11434
"/Engine/EngineMaterials/Substrate/Glints2/dict_0007_0138" 11435
"/Engine/EngineMaterials/Substrate/Glints2/dict_0007_0137" 11436
"../../../Engine/Content/EngineMaterials/Substrate/Glints2/dict_0007_0139.uasset" 11437
"/Engine/EngineMaterials/Substrate/Glints2/dict_0007_0136" 11438
"../../../Engine/Content/EngineMaterials/Substrate/Glints2/dict_0007_0140.uasset" 11439
"../../../Engine/Content/EngineMaterials/Substrate/Glints2/dict_0007_0141.uasset" 11440
"/Engine/EngineMaterials/Substrate/Glints2/dict_0007_0135" 11441
"../../../Engine/Content/EngineMaterials/Substrate/Glints2/dict_0007_0142.uasset" 11442
"/Engine/EngineMaterials/Substrate/Glints2/dict_0007_0134" 11443
"../../../Engine/Content/EngineMaterials/Substrate/Glints2/dict_0007_0143.uasset" 11444
"/Engine/EngineMaterials/Substrate/Glints2/dict_0007_0133" 11445
"../../../Engine/Content/EngineMaterials/Substrate/Glints2/dict_0007_0144.uasset" 11446
"/Engine/EngineMaterials/Substrate/Glints2/dict_0007_0132" 11447
"../../../Engine/Content/EngineMaterials/Substrate/Glints2/dict_0007_0145.uasset" 11448
"/Engine/EngineMaterials/Substrate/Glints2/dict_0007_0131" 11449
"../../../Engine/Content/EngineMaterials/Substrate/Glints2/dict_0007_0146.uasset" 11450
"/Engine/EngineMaterials/Substrate/Glints2/dict_0007_0130" 11451
"/Engine/EngineMaterials/Substrate/Glints2/dict_0007_0129" 11452
"/Engine/EngineMaterials/Substrate/Glints2/dict_0007_0128" 11453
"../../../Engine/Content/EngineMaterials/Substrate/Glints2/dict_0007_0148.uasset" 11454
"../../../Engine/Content/EngineMaterials/Substrate/Glints2/dict_0007_0147.uasset" 11455
"/Engine/EngineMaterials/Substrate/Glints2/dict_0007_0127" 11456
"/Engine/EngineMaterials/Substrate/Glints2/dict_0007_0126" 11457
"../../../Engine/Content/EngineMaterials/Substrate/Glints2/dict_0007_0149.uasset" 11458
"/Engine/EngineMaterials/Substrate/Glints2/dict_0007_0145" 11459
"../../../Engine/Content/EngineMaterials/Substrate/Glints2/dict_0007_0150.uasset" 11460
"../../../Engine/Content/EngineMaterials/Substrate/Glints2/dict_0007_0158.uasset" 11461
"../../../Engine/Content/EngineMaterials/Substrate/Glints2/dict_0007_0159.uasset" 11462
"../../../Engine/Content/EngineMaterials/Substrate/Glints2/dict_0007_0160.uasset" 11463
"../../../Engine/Content/EngineMaterials/Substrate/Glints2/dict_0007_0161.uasset" 11464
"../../../Engine/Content/EngineMaterials/Substrate/Glints2/dict_0007_0162.uasset" 11465
"../../../Engine/Content/EngineMaterials/Substrate/Glints2/dict_0007_0164.uasset" 11466
"../../../Engine/Content/EngineMaterials/Substrate/Glints2/dict_0007_0165.uasset" 11467
"../../../Engine/Content/EngineMaterials/Substrate/Glints2/dict_0007_0166.uasset" 11468
"../../../Engine/Content/EngineMaterials/Substrate/Glints2/dict_0007_0167.uasset" 11469
"../../../Engine/Content/EngineMaterials/Substrate/Glints2/dict_0007_0168.uasset" 11470
"../../../Engine/Content/EngineMaterials/Substrate/Glints2/dict_0007_0169.uasset" 11471
"../../../Engine/Content/EngineMaterials/Substrate/Glints2/dict_0007_0170.uasset" 11472
"../../../Engine/Content/EngineMaterials/Substrate/Glints2/dict_0007_0151.uasset" 11473
"../../../Engine/Content/EngineMaterials/Substrate/Glints2/dict_0007_0153.uasset" 11474
"../../../Engine/Content/EngineMaterials/Substrate/Glints2/dict_0007_0152.uasset" 11475
"../../../Engine/Content/EngineMaterials/Substrate/Glints2/dict_0007_0154.uasset" 11476
"../../../Engine/Content/EngineMaterials/Substrate/Glints2/dict_0007_0155.uasset" 11477
"../../../Engine/Content/EngineMaterials/Substrate/Glints2/dict_0007_0156.uasset" 11478
"../../../Engine/Content/EngineMaterials/Substrate/Glints2/dict_0007_0157.uasset" 11479
"/Engine/EngineMaterials/Substrate/Glints2/dict_0007_0144" 11480
"/Engine/EngineMaterials/Substrate/Glints2/dict_0007_0143" 11481
"../../../Engine/Content/EngineMaterials/Substrate/Glints2/dict_0007_0163.uasset" 11482
"/Engine/EngineMaterials/Substrate/Glints2/dict_0007_0142" 11483
"/Engine/EngineMaterials/Substrate/Glints2/dict_0007_0141" 11484
"/Engine/EngineMaterials/Substrate/Glints2/dict_0007_0140" 11485
"/Engine/EngineMaterials/Substrate/Glints2/dict_0007_0139" 11486
"/Engine/EngineMaterials/Substrate/Glints2/dict_0007_0157" 11487
"../../../Engine/Content/EngineMaterials/Substrate/Glints2/dict_0007_0174.uasset" 11488
"/Engine/EngineMaterials/Substrate/Glints2/dict_0007_0156" 11489
"../../../Engine/Content/EngineMaterials/Substrate/Glints2/dict_0007_0172.uasset" 11490
"../../../Engine/Content/EngineMaterials/Substrate/Glints2/dict_0007_0177.uasset" 11491
"../../../Engine/Content/EngineMaterials/Substrate/Glints2/dict_0007_0176.uasset" 11492
"/Engine/EngineMaterials/Substrate/Glints2/dict_0007_0155" 11493
"../../../Engine/Content/EngineMaterials/Substrate/Glints2/dict_0007_0173.uasset" 11494
"../../../Engine/Content/EngineMaterials/Substrate/Glints2/dict_0007_0171.uasset" 11495
"../../../Engine/Content/EngineMaterials/Substrate/Glints2/dict_0007_0175.uasset" 11496
"/Engine/EngineMaterials/Substrate/Glints2/dict_0007_0170" 11497
"/Engine/EngineMaterials/Substrate/Glints2/dict_0007_0169" 11498
"/Engine/EngineMaterials/Substrate/Glints2/dict_0007_0168" 11499
"/Engine/EngineMaterials/Substrate/Glints2/dict_0007_0167" 11500
"/Engine/EngineMaterials/Substrate/Glints2/dict_0007_0166" 11501
"/Engine/EngineMaterials/Substrate/Glints2/dict_0007_0165" 11502
"/Engine/EngineMaterials/Substrate/Glints2/dict_0007_0164" 11503
"/Engine/EngineMaterials/Substrate/Glints2/dict_0007_0162" 11504
"/Engine/EngineMaterials/Substrate/Glints2/dict_0007_0161" 11505
"/Engine/EngineMaterials/Substrate/Glints2/dict_0007_0160" 11506
"/Engine/EngineMaterials/Substrate/Glints2/dict_0007_0159" 11507
"/Engine/EngineMaterials/Substrate/Glints2/dict_0007_0158" 11508
"/Engine/EngineMaterials/Substrate/Glints2/dict_0007_0154" 11509
"/Engine/EngineMaterials/Substrate/Glints2/dict_0007_0153" 11510
"/Engine/EngineMaterials/Substrate/Glints2/dict_0007_0152" 11511
"/Engine/EngineMaterials/Substrate/Glints2/dict_0007_0151" 11512
"/Engine/EngineMaterials/Substrate/Glints2/dict_0007_0150" 11513
"/Engine/EngineMaterials/Substrate/Glints2/dict_0007_0149" 11514
"/Engine/EngineMaterials/Substrate/Glints2/dict_0007_0148" 11515
"/Engine/EngineMaterials/Substrate/Glints2/dict_0007_0147" 11516
"/Engine/EngineMaterials/Substrate/Glints2/dict_0007_0146" 11517
"/Engine/EngineMaterials/Substrate/Glints2/dict_0007_0163" 11518
"../../../Engine/Content/EngineMaterials/Substrate/Glints2/dict_0007_0178.uasset" 11519
"/Engine/EngineMaterials/Substrate/Glints2/dict_0007_0177" 11520
"/Engine/EngineMaterials/Substrate/Glints2/dict_0007_0175" 11521
"../../../Engine/Content/EngineMaterials/Substrate/Glints2/dict_0007_0179.uasset" 11522
"../../../Engine/Content/EngineMaterials/Substrate/Glints2/dict_0007_0181.uasset" 11523
"../../../Engine/Content/EngineMaterials/Substrate/Glints2/dict_0007_0180.uasset" 11524
"/Engine/EngineMaterials/Substrate/Glints2/dict_0007_0174" 11525
"../../../Engine/Content/EngineMaterials/Substrate/Glints2/dict_0007_0182.uasset" 11526
"../../../Engine/Content/EngineMaterials/Substrate/Glints2/dict_0007_0183.uasset" 11527
"../../../Engine/Content/EngineMaterials/Substrate/Glints2/dict_0007_0184.uasset" 11528
"/Engine/EngineMaterials/Substrate/Glints2/dict_0007_0173" 11529
"../../../Engine/Content/EngineMaterials/Substrate/Glints2/dict_0007_0186.uasset" 11530
"../../../Engine/Content/EngineMaterials/Substrate/Glints2/dict_0007_0185.uasset" 11531
"/Engine/EngineMaterials/Substrate/Glints2/dict_0007_0172" 11532
"../../../Engine/Content/EngineMaterials/Substrate/Glints2/dict_0007_0187.uasset" 11533
"../../../Engine/Content/EngineMaterials/Substrate/Glints2/dict_0007_0188.uasset" 11534
"../../../Engine/Content/EngineMaterials/Substrate/Glints2/dict_0007_0189.uasset" 11535
"../../../Engine/Content/EngineMaterials/Substrate/Glints2/dict_0007_0190.uasset" 11536
"/Engine/EngineMaterials/Substrate/Glints2/dict_0007_0187" 11537
"../../../Engine/Content/EngineMaterials/Substrate/Glints2/dict_0007_0191.uasset" 11538
"../../../Engine/Content/EngineMaterials/Substrate/Glints2/dict_0007_0192.uasset" 11539
"/Engine/EngineMaterials/Substrate/Glints2/dict_0007_0186" 11540
"../../../Engine/Content/EngineMaterials/Substrate/Glints2/dict_0007_0193.uasset" 11541
"../../../Engine/Content/EngineMaterials/Substrate/Glints2/dict_0007_0194.uasset" 11542
"../../../Engine/Content/EngineMaterials/Substrate/Glints2/dict_0007_0195.uasset" 11543
"../../../Engine/Content/EngineMaterials/Substrate/Glints2/dict_0007_0196.uasset" 11544
"../../../Engine/Content/EngineMaterials/Substrate/Glints2/dict_0007_0197.uasset" 11545
"/Engine/EngineMaterials/Substrate/Glints2/dict_0007_0185" 11546
"../../../Engine/Content/EngineMaterials/Substrate/Glints2/dict_0007_0198.uasset" 11547
"../../../Engine/Content/EngineMaterials/Substrate/Glints2/dict_0007_0200.uasset" 11548
"../../../Engine/Content/EngineMaterials/Substrate/Glints2/dict_0007_0199.uasset" 11549
"../../../Engine/Content/EngineMaterials/Substrate/Glints2/dict_0007_0201.uasset" 11550
"/Engine/EngineMaterials/Substrate/Glints2/dict_0007_0184" 11551
"../../../Engine/Content/EngineMaterials/Substrate/Glints2/dict_0007_0202.uasset" 11552
"../../../Engine/Content/EngineMaterials/Substrate/Glints2/dict_0007_0203.uasset" 11553
"../../../Engine/Content/EngineMaterials/Substrate/Glints2/dict_0007_0204.uasset" 11554
"/Engine/EngineMaterials/Substrate/Glints2/dict_0007_0183" 11555
"../../../Engine/Content/EngineMaterials/Substrate/Glints2/dict_0007_0205.uasset" 11556
"../../../Engine/Content/EngineMaterials/Substrate/Glints2/dict_0007_0207.uasset" 11557
"/Engine/EngineMaterials/Substrate/Glints2/dict_0007_0182" 11558
"../../../Engine/Content/EngineMaterials/Substrate/Glints2/dict_0007_0206.uasset" 11559
"/Engine/EngineMaterials/Substrate/Glints2/dict_0007_0181" 11560
"/Engine/EngineMaterials/Substrate/Glints2/dict_0007_0180" 11561
"/Engine/EngineMaterials/Substrate/Glints2/dict_0007_0179" 11562
"/Engine/EngineMaterials/Substrate/Glints2/dict_0007_0178" 11563
"../../../Engine/Content/EngineMaterials/Substrate/Glints2/dict_0007_0208.uasset" 11564
"../../../Engine/Content/EngineMaterials/Substrate/Glints2/dict_0007_0209.uasset" 11565
"/Engine/EngineMaterials/Substrate/Glints2/dict_0007_0201" 11566
"../../../Engine/Content/EngineMaterials/Substrate/Glints2/dict_0007_0210.uasset" 11567
"../../../Engine/Content/EngineMaterials/Substrate/Glints2/dict_0007_0211.uasset" 11568
"../../../Engine/Content/EngineMaterials/Substrate/Glints2/dict_0007_0212.uasset" 11569
"/Engine/EngineMaterials/Substrate/Glints2/dict_0007_0200" 11570
"../../../Engine/Content/EngineMaterials/Substrate/Glints2/dict_0007_0214.uasset" 11571
"../../../Engine/Content/EngineMaterials/Substrate/Glints2/dict_0007_0213.uasset" 11572
"/Engine/EngineMaterials/Substrate/Glints2/dict_0007_0199" 11573
"../../../Engine/Content/EngineMaterials/Substrate/Glints2/dict_0007_0215.uasset" 11574
"../../../Engine/Content/EngineMaterials/Substrate/Glints2/dict_0007_0216.uasset" 11575
"/Engine/EngineMaterials/Substrate/Glints2/dict_0007_0198" 11576
"../../../Engine/Content/EngineMaterials/Substrate/Glints2/dict_0007_0217.uasset" 11577
"/Engine/EngineMaterials/Substrate/Glints2/dict_0007_0197" 11578
"/Engine/EngineMaterials/Substrate/Glints2/dict_0007_0196" 11579
"/Engine/EngineMaterials/Substrate/Glints2/dict_0007_0195" 11580
"/Engine/EngineMaterials/Substrate/Glints2/dict_0007_0194" 11581
"/Engine/EngineMaterials/Substrate/Glints2/dict_0007_0193" 11582
"/Engine/EngineMaterials/Substrate/Glints2/dict_0007_0192" 11583
"/Engine/EngineMaterials/Substrate/Glints2/dict_0007_0207" 11584
"/Engine/EngineMaterials/Substrate/Glints2/dict_0007_0191" 11585
"/Engine/EngineMaterials/Substrate/Glints2/dict_0007_0190" 11586
"/Engine/EngineMaterials/Substrate/Glints2/dict_0007_0189" 11587
"/Engine/EngineMaterials/Substrate/Glints2/dict_0007_0188" 11588
"/Engine/EngineMaterials/Substrate/Glints2/dict_0007_0206" 11589
"/Engine/EngineMaterials/Substrate/Glints2/dict_0007_0176" 11590
"/Engine/EngineMaterials/Substrate/Glints2/dict_0007_0205" 11591
"/Engine/EngineMaterials/Substrate/Glints2/dict_0007_0204" 11592
"/Engine/EngineMaterials/Substrate/Glints2/dict_0007_0203" 11593
"/Engine/EngineMaterials/Substrate/Glints2/dict_0007_0202" 11594
"/Engine/EngineMaterials/Substrate/Glints2/dict_0007_0216" 11595
"../../../Engine/Content/EngineMaterials/Substrate/Glints2/dict_0007_0218.uasset" 11596
"/Engine/EngineMaterials/Substrate/Glints2/dict_0007_0215" 11597
"../../../Engine/Content/EngineMaterials/Substrate/Glints2/dict_0007_0219.uasset" 11598
"../../../Engine/Content/EngineMaterials/Substrate/Glints2/dict_0007_0220.uasset" 11599
"/Engine/EngineMaterials/Substrate/Glints2/dict_0007_0214" 11600
"/Engine/EngineMaterials/Substrate/Glints2/dict_0007_0213" 11601
"../../../Engine/Content/EngineMaterials/Substrate/Glints2/dict_0007_0221.uasset" 11602
"../../../Engine/Content/EngineMaterials/Substrate/Glints2/dict_0007_0223.uasset" 11603
"/Engine/EngineMaterials/Substrate/Glints2/dict_0007_0212" 11604
"../../../Engine/Content/EngineMaterials/Substrate/Glints2/dict_0007_0222.uasset" 11605
"../../../Engine/Content/EngineMaterials/Substrate/Glints2/dict_0007_0224.uasset" 11606
"/Engine/EngineMaterials/Substrate/Glints2/dict_0007_0211" 11607
"../../../Engine/Content/EngineMaterials/Substrate/Glints2/dict_0007_0225.uasset" 11608
"/Engine/EngineMaterials/Substrate/Glints2/dict_0007_0210" 11609
"../../../Engine/Content/EngineMaterials/Substrate/Glints2/dict_0007_0227.uasset" 11610
"../../../Engine/Content/EngineMaterials/Substrate/Glints2/dict_0007_0228.uasset" 11611
"/Engine/EngineMaterials/Substrate/Glints2/dict_0007_0209" 11612
"../../../Engine/Content/EngineMaterials/Substrate/Glints2/dict_0007_0226.uasset" 11613
"../../../Engine/Content/EngineMaterials/Substrate/Glints2/dict_0007_0230.uasset" 11614
"/Engine/EngineMaterials/Substrate/Glints2/dict_0007_0208" 11615
"../../../Engine/Content/EngineMaterials/Substrate/Glints2/dict_0007_0231.uasset" 11616
"/Engine/EngineMaterials/Substrate/Glints2/dict_0007_0171" 11617
"../../../Engine/Content/EngineMaterials/Substrate/Glints2/dict_0007_0233.uasset" 11618
"../../../Engine/Content/EngineMaterials/Substrate/Glints2/dict_0007_0232.uasset" 11619
"../../../Engine/Content/EngineMaterials/Substrate/Glints2/dict_0007_0234.uasset" 11620
"../../../Engine/Content/EngineMaterials/Substrate/Glints2/dict_0007_0235.uasset" 11621
"/Engine/EngineMaterials/Substrate/Glints2/dict_0007_0233" 11622
"/Engine/EngineMaterials/Substrate/Glints2/dict_0007_0231" 11623
"/Engine/EngineMaterials/Substrate/Glints2/dict_0007_0230" 11624
"/Engine/EngineMaterials/Substrate/Glints2/dict_0007_0228" 11625
"/Engine/EngineMaterials/Substrate/Glints2/dict_0007_0227" 11626
"/Engine/EngineMaterials/Substrate/Glints2/dict_0007_0226" 11627
"/Engine/EngineMaterials/Substrate/Glints2/dict_0007_0225" 11628
"/Engine/EngineMaterials/Substrate/Glints2/dict_0007_0224" 11629
"/Engine/EngineMaterials/Substrate/Glints2/dict_0007_0217" 11630
"/Engine/EngineMaterials/Substrate/Glints2/dict_0007_0223" 11631
"/Engine/EngineMaterials/Substrate/Glints2/dict_0007_0222" 11632
"/Engine/EngineMaterials/Substrate/Glints2/dict_0007_0221" 11633
"/Engine/EngineMaterials/Substrate/Glints2/dict_0007_0220" 11634
"/Engine/EngineMaterials/Substrate/Glints2/dict_0007_0219" 11635
"/Engine/EngineMaterials/Substrate/Glints2/dict_0007_0218" 11636
"/Engine/EngineMaterials/Substrate/Glints2/dict_0007_0235" 11637
"../../../Engine/Content/EngineMaterials/Substrate/Glints2/dict_0007_0238.uasset" 11638
"../../../Engine/Content/EngineMaterials/Substrate/Glints2/dict_0007_0237.uasset" 11639
"/Engine/EngineMaterials/Substrate/Glints2/dict_0007_0234" 11640
"../../../Engine/Content/EngineMaterials/Substrate/Glints2/dict_0007_0240.uasset" 11641
"../../../Engine/Content/EngineMaterials/Substrate/Glints2/dict_0007_0236.uasset" 11642
"../../../Engine/Content/EngineMaterials/Substrate/Glints2/dict_0007_0242.uasset" 11643
"../../../Engine/Content/EngineMaterials/Substrate/Glints2/dict_0007_0241.uasset" 11644
"/Engine/EngineMaterials/Substrate/Glints2/dict_0007_0232" 11645
"/Engine/EngineMaterials/Substrate/Glints2/dict_0007_0238" 11646
"../../../Engine/Content/EngineMaterials/Substrate/Glints2/dict_0007_0244.uasset" 11647
"../../../Engine/Content/EngineMaterials/Substrate/Glints2/dict_0007_0243.uasset" 11648
"/Engine/EngineMaterials/Substrate/Glints2/dict_0007_0237" 11649
"../../../Engine/Content/EngineMaterials/Substrate/Glints2/dict_0007_0246.uasset" 11650
"../../../Engine/Content/EngineMaterials/Substrate/Glints2/dict_0007_0248.uasset" 11651
"../../../Engine/Content/EngineMaterials/Substrate/Glints2/dict_0007_0229.uasset" 11652
"../../../Engine/Content/EngineMaterials/Substrate/Glints2/dict_0007_0245.uasset" 11653
"/Engine/EngineMaterials/Substrate/Glints2/dict_0007_0236" 11654
"../../../Engine/Content/EngineMaterials/Substrate/Glints2/dict_0007_0249.uasset" 11655
"../../../Engine/Content/EngineMaterials/Substrate/Glints2/dict_0007_0250.uasset" 11656
"../../../Engine/Content/EngineMaterials/Substrate/Glints2/dict_0007_0251.uasset" 11657
"/Engine/EngineMaterials/Substrate/Glints2/dict_0007_0242" 11658
"../../../Engine/Content/EngineMaterials/Substrate/Glints2/dict_0007_0252.uasset" 11659
"/Engine/EngineMaterials/Substrate/Glints2/dict_0007_0240" 11660
"../../../Engine/Content/EngineMaterials/Substrate/Glints2/dict_0007_0253.uasset" 11661
"../../../Engine/Content/EngineMaterials/Substrate/Glints2/dict_0007_0239.uasset" 11662
"../../../Engine/Content/EngineMaterials/Substrate/Glints2/dict_0007_0247.uasset" 11663
"/Engine/EngineMaterials/Substrate/Glints2/dict_0007_0248" 11664
"../../../Engine/Content/EngineMaterials/Substrate/Volume/SubstrateSimpleVolumeLUT2D.uasset" 11665
"../../../Engine/Content/EngineMaterials/Substrate/Volume/SubstrateSimpleVolumeLUT3D.uasset" 11666
"/Engine/EngineMaterials/Substrate/Glints2/dict_0007_0246" 11667
"/Engine/EngineMaterials/Substrate/Glints2/dict_0007_0245" 11668
"/Engine/EngineMaterials/Substrate/Glints2/dict_0007_0244" 11669
"/Engine/EngineMaterials/Substrate/Glints2/dict_0007_0243" 11670
"/Engine/EngineMaterials/Substrate/Glints2/dict_0007_0241" 11671
"../../../Engine/Content/MobileResources/HUD/VirtualJoystick_Thumb.uasset" 11672
"/Engine/EngineMaterials/Substrate/Glints2/dict_0007_0253" 11673
"/Engine/EngineMaterials/Substrate/Glints2/dict_0007_0252" 11674
"../../../Engine/Content/MobileResources/HUD/DefaultVirtualJoysticks.uasset" 11675
"/Engine/EngineMaterials/Substrate/Glints2/dict_0007_0251" 11676
"/Engine/EngineMaterials/Substrate/Glints2/dict_0007_0249" 11677
"../../../Engine/Content/EngineMaterials/DefaultCalibrationColor.uasset" 11678
"/Engine/EngineMaterials/Substrate/Glints2/dict_0007_0239" 11679
"../../../Engine/Content/EngineMaterials/PPM_DefaultCalibrationColor.uasset" 11680
"../../../Engine/Content/MobileResources/HUD/VirtualJoystick_Background.uasset" 11681
"/Engine/EngineMaterials/DefaultCalibrationColor" 11682
"../../../Engine/Content/EngineMaterials/Substrate/Volume/SubstrateSimpleVolumeEnvLUT3D.uasset" 11683
"../../../Engine/Content/EngineMaterials/Substrate/Volume/SubstrateSimpleVolumeEnvLUT2D.uasset" 11684
"/Engine/MobileResources/HUD/VirtualJoystick_Thumb" 11685
"../../../Engine/Content/EngineMaterials/DefaultCalibrationGrayscale.uasset" 11686
"/Engine/EngineMaterials/Substrate/Glints2/dict_0007_0229" 11687
"../../../Engine/Content/EngineMaterials/PPM_DefaultCalibrationGrayscale.uasset" 11688
"/Engine/EngineMaterials/Substrate/Volume/SubstrateSimpleVolumeLUT3D" 11689
"../../../Engine/Content/EngineMaterials/Substrate/Glints2/dict_0007_0254.uasset" 11690
"../../../Engine/Content/EngineMaterials/Substrate/Glints2/dict_0007_0255.uasset" 11691
"../../../Engine/Plugins/Interchange/Assets/Content/Functions/MX_Surface.uasset" 11692
"../../../Engine/Content/Functions/Engine_MaterialFunctions03/Procedurals/HeightToNormalSmooth.uasset" 11693
"/Engine/EngineMaterials/Substrate/Glints2/dict_0007_0250" 11694
"../../../Engine/Content/Functions/Engine_MaterialFunctions02/Utility/BlendAngleCorrectedNormals.uasset" 11695
"../../../Engine/Plugins/Interchange/Assets/Content/Functions/MX_Displacement.uasset" 11696
"../../../Engine/Plugins/NNE/NNEDenoiser/Content/NNEDIM_ColorAlbedoNormal_Alpha.uasset" 11697
"/Engine/Functions/Engine_MaterialFunctions02/Utility/BlendAngleCorrectedNormals" 11698
"../../../Engine/Plugins/NNE/NNEDenoiser/Content/NNEDIM_ColorAlbedoNormal_Default.uasset" 11699
"../../../Engine/Content/Functions/MaterialLayerFunctions/MatLayerBlend_OverrideOpacity.uasset" 11700
"../../../Engine/Plugins/NNE/NNEDenoiser/Content/NNEDIM_HighQuality_Alpha.uasset" 11701
"../../../Engine/Plugins/NNE/NNEDenoiser/Content/NNEDIM_HighQuality_Default.uasset" 11702
"../../../Engine/Plugins/NNE/NNEDenoiser/Content/NNEDOM_Output_Alpha.uasset" 11703
"../../../Engine/Plugins/NNE/NNEDenoiser/Content/NNEDOM_Output_Default.uasset" 11704
"/Engine/EngineMaterials/DefaultCalibrationGrayscale" 11705
"../../../Engine/Plugins/NNE/NNEDenoiser/Content/NNEDTIM_ColorAlbedoNormal_Default.uasset" 11706
"../../../Engine/Plugins/NNE/NNEDenoiser/Content/NNEDTIM_ColorAlbedoNormal_Alpha.uasset" 11707
"../../../Engine/Plugins/NNE/NNEDenoiser/Content/NNEDTOM_Output_Alpha.uasset" 11708
"../../../Engine/Plugins/NNE/NNEDenoiser/Content/NNEDTOM_Output_Default.uasset" 11709
"/Engine/EngineMaterials/PPM_DefaultCalibrationColor" 11710
"/Engine/EngineMaterials/Substrate/Glints2/dict_0007_0255" 11711
"../../../Engine/Content/EngineMaterials/Substrate/Glints2/AGlintTex2dArray2.uasset" 11712
"/Engine/EngineMaterials/Substrate/Glints2/dict_0007_0247" 11713
"/Engine/EngineMaterials/PPM_DefaultCalibrationGrayscale" 11714
"/Engine/EngineMaterials/Substrate/Glints2/dict_0007_0254" 11715
"../../../Engine/Plugins/NNE/NNEDenoiser/Content/NNEDT_Oidn2-3_Balanced_Alpha.uasset" 11716
"../../../Engine/Plugins/NNE/NNEDenoiser/Content/NNEDT_Oidn2-3_Balanced.uasset" 11717
"../../../Engine/Plugins/NNE/NNEDenoiser/Content/NNED_Oidn2-3_Fast.uasset" 11718
"../../../Engine/Plugins/NNE/NNEDenoiser/Content/NNED_Oidn2-3_Fast_Alpha.uasset" 11719
"../../../Engine/Plugins/NNE/NNEDenoiser/Content/NNED_Oidn2-3_Balanced.uasset" 11720
"../../../Engine/Plugins/NNE/NNEDenoiser/Content/NNED_Oidn2-3_Balanced_Alpha.uasset" 11721
"/Engine/Functions/Engine_MaterialFunctions03/Procedurals/HeightToNormalSmooth" 11722
"../../../Engine/Plugins/NNE/NNEDenoiser/Content/NNED_Oidn2-3_HighQuality_Alpha.uasset" 11723
"../../../Engine/Plugins/NNE/NNEDenoiser/Content/NNED_Oidn2-3_HighQuality.uasset" 11724
"../../../Engine/Plugins/NNE/NNEDenoiser/Content/NNE_oidn2-3-0_rt_hdr_alb_nrm__dyn__fp16_opset11_ForwardAlpha.uasset" 11725
"../../../Engine/Plugins/NNE/NNEDenoiser/Content/NNE_oidn2-3-0_rt_hdr_alb_nrm__dyn__fp16_opset11_DenoiseAlpha.uasset" 11726
"../../../Engine/Plugins/NNE/NNEDenoiser/Content/NNE_oidn2-3-0_rt_hdr_alb_nrm_small__dyn__fp16_opset11_ForwardAlpha.uasset" 11727
"../../../Engine/Plugins/NNE/NNEDenoiser/Content/NNE_oidn2-3-0_rt_hdr_calb_cnrm_large__dyn__fp16_opset11_DenoiseAlpha.uasset" 11728
"../../../Engine/Plugins/NNE/NNEDenoiser/Content/NNE_oidn2-3-0_rt_hdr_alb_nrm_small__dyn__fp16_opset11_DenoiseAlpha.uasset" 11729
"/InterchangeAssets/Functions/MX_Surface" 11730
"/Engine/MobileResources/HUD/DefaultVirtualJoysticks" 11731
"/Engine/EngineMaterials/Substrate/Volume/SubstrateSimpleVolumeEnvLUT3D" 11732
"/NNEDenoiser/NNEDTOM_Output_Default" 11733
"/NNEDenoiser/NNEDTOM_Output_Alpha" 11734
"/NNEDenoiser/NNEDTIM_ColorAlbedoNormal_Default" 11735
"/NNEDenoiser/NNEDTIM_ColorAlbedoNormal_Alpha" 11736
"/NNEDenoiser/NNEDOM_Output_Default" 11737
"/NNEDenoiser/NNEDOM_Output_Alpha" 11738
"/NNEDenoiser/NNEDIM_HighQuality_Default" 11739
"/NNEDenoiser/NNEDIM_HighQuality_Alpha" 11740
"/NNEDenoiser/NNEDIM_ColorAlbedoNormal_Default" 11741
"/NNEDenoiser/NNEDIM_ColorAlbedoNormal_Alpha" 11742
"/InterchangeAssets/Functions/MX_Displacement" 11743
"/NNEDenoiser/NNE_oidn2-3-0_rt_hdr_calb_cnrm_large__dyn__fp16_opset11_DenoiseAlpha" 11744
"../../../Engine/Plugins/NNE/NNEDenoiser/Content/NNE_oidn2-3-0_rt_hdr_calb_cnrm_large__dyn__fp16_opset11_ForwardAlpha.uasset" 11745
"../../../Engine/Content/EditorResources/BSPVertex.uasset" 11746
"../../../Engine/Content/EngineResources/FilmGrains/Marcie_Grain_v3_128_M2_000.uasset" 11747
"../../../Engine/Content/EngineResources/Development/ZenLogo_64.uasset" 11748
"../../../Engine/Content/EngineMaterials/DefaultBloomKernel.uasset" 11749
"../../../Engine/Content/EngineDebugMaterials/DebugEditorMaterial.uasset" 11750
"../../../Engine/Content/EngineMaterials/FastBlueNoise_scalar_128x128x64.uasset" 11751
"../../../Engine/Content/EngineMaterials/FastBlueNoise_scalar_128x128x8.uasset" 11752
"../../../Engine/Content/EngineMaterials/FastBlueNoise_vec2_128x128x64.uasset" 11753
"../../../Engine/Content/EngineMaterials/LTC/Sheen_LTC.uasset" 11754
"../../../Engine/Content/EngineMaterials/EnergyConservation/Sheen_Energy.uasset" 11755
"../../../Engine/Content/EngineMaterials/EnergyConservation/Diffuse_Energy.uasset" 11756
"../../../Engine/Content/EngineSounds/Master.uasset" 11757
"D:/UnrealProjects/Aura2/Content/Maps/LoadingMap.umap" 11758
"../../../Engine/Plugins/Interchange/Runtime/Content/Pipelines/DefaultAssetsPipeline.uasset" 11759
"../../../Engine/Plugins/Interchange/Runtime/Content/Pipelines/DefaultMaterialXPipeline.uasset" 11760
"../../../Engine/Plugins/Interchange/Runtime/Content/Pipelines/DefaultGLTFAssetsPipeline.uasset" 11761
"../../../Engine/Plugins/Interchange/Runtime/Content/Pipelines/DefaultGLTFPipeline.uasset" 11762
"/NNEDenoiser/NNE_oidn2-3-0_rt_hdr_alb_nrm__dyn__fp16_opset11_ForwardAlpha" 11763
"/NNEDenoiser/NNE_oidn2-3-0_rt_hdr_alb_nrm__dyn__fp16_opset11_DenoiseAlpha" 11764
"/NNEDenoiser/NNED_Oidn2-3_Fast_Alpha" 11765
"/NNEDenoiser/NNED_Oidn2-3_Fast" 11766
"/NNEDenoiser/NNED_Oidn2-3_Balanced_Alpha" 11767
"/NNEDenoiser/NNED_Oidn2-3_Balanced" 11768
"/NNEDenoiser/NNEDT_Oidn2-3_Balanced_Alpha" 11769
"/Engine/EngineMaterials/Substrate/Glints2/AGlintTex2dArray2" 11770
"/NNEDenoiser/NNE_oidn2-3-0_rt_hdr_alb_nrm_small__dyn__fp16_opset11_ForwardAlpha" 11771
"/NNEDenoiser/NNE_oidn2-3-0_rt_hdr_alb_nrm_small__dyn__fp16_opset11_DenoiseAlpha" 11772
"D:/UnrealProjects/Aura2/Intermediate/ORTOptimizerPass_OptimizedAF8BAB054975136D351AEEB7E9EB8DFB.onnx" 11773
"D:/UnrealProjects/Aura2/Intermediate/ORTOptimizerPass_Optimized25F47D99419793431CAB59A65A9AC539.onnx" 11774
"D:/UnrealProjects/Aura2/Intermediate/ORTOptimizerPass_Optimized9C7C36A248A41BBF24445680E2C4C31A.onnx" 11775
"D:/UnrealProjects/Aura2/Intermediate/ORTOptimizerPass_Optimized47B630874EC1C351CDAB3FB87A37C8C9.onnx" 11776
"D:/UnrealProjects/Aura2/Intermediate/ORTOptimizerPass_Optimized8FA8376C4EDB611BF6AA3CB50BD24164.onnx" 11777
"D:/UnrealProjects/Aura2/Intermediate/ORTOptimizerPass_OptimizedFD745CF3428F5451A37D39B6F7EDF54C.onnx" 11778
"/NNEDenoiser/NNED_Oidn2-3_HighQuality_Alpha" 11779
"/NNEDenoiser/NNED_Oidn2-3_HighQuality" 11780
"/NNEDenoiser/NNEDT_Oidn2-3_Balanced" 11781
"D:/UnrealProjects/Aura2/Content/Assets/LoadScreen/Screenshot_Box.uasset" 11782
"D:/UnrealProjects/Aura2/Content/Assets/LoadScreen/Screenshot_Goblins.uasset" 11783
"/Interchange/Pipelines/DefaultGLTFPipeline" 11784
"D:/UnrealProjects/Aura2/Content/Assets/LoadScreen/Screenshot_Boss.uasset" 11785
"../../../Engine/Plugins/Interchange/Runtime/Content/Pipelines/DefaultMaterialPipeline.uasset" 11786
"../../../Engine/Plugins/Interchange/Runtime/Content/Pipelines/DefaultTexturePipeline.uasset" 11787
"../../../Engine/Plugins/Interchange/Runtime/Content/Pipelines/DefaultSceneLevelPipeline.uasset" 11788
"../../../Engine/Plugins/Interchange/Runtime/Content/Pipelines/DefaultSceneAssetsPipeline.uasset" 11789
"../../../Engine/Plugins/Interchange/Runtime/Content/Pipelines/DefaultGLTFSceneAssetsPipeline.uasset" 11790
"../../../Engine/Plugins/Interchange/Assets/Content/Functions/MX_SurfaceUnlit.uasset" 11791
"../../../Engine/Plugins/Interchange/Assets/Content/Functions/MX_UsdPreviewSurface.uasset" 11792
"/Interchange/Pipelines/DefaultGLTFAssetsPipeline" 11793
"../../../Engine/Plugins/Interchange/Assets/Content/Functions/MX_OrenNayarBSDF.uasset" 11794
"../../../Engine/Plugins/Interchange/Assets/Content/Functions/MX_BurleyDiffuseBSDF.uasset" 11795
"../../../Engine/Plugins/Interchange/Assets/Content/Functions/MX_DielectricBSDF.uasset" 11796
"../../../Engine/Plugins/Interchange/Assets/Content/Functions/MX_TranslucentBSDF.uasset" 11797
"/Interchange/Pipelines/DefaultMaterialXPipeline" 11798
"/Interchange/Pipelines/DefaultAssetsPipeline" 11799
"/Engine/EngineSounds/Master" 11800
"/Game/Maps/LoadingMap" 11801
"../../../../../UnrealProjects/Aura2/Content/Maps/LoadingMap.umap" 11802
"/Engine/EngineMaterials/EnergyConservation/Diffuse_Energy" 11803
"/Engine/EngineMaterials/EnergyConservation/Sheen_Energy" 11804
"/Engine/EngineMaterials/LTC/Sheen_LTC" 11805
"/Engine/EngineMaterials/FastBlueNoise_vec2_128x128x64" 11806
"/Engine/EngineMaterials/FastBlueNoise_scalar_128x128x8" 11807
"/Engine/EngineMaterials/FastBlueNoise_scalar_128x128x64" 11808
"/Engine/EngineDebugMaterials/DebugEditorMaterial" 11809
"D:/UnrealProjects/Aura2/Intermediate/ORTOptimizerPass_Optimized0BC4D0944D97B2A84155188ECE8F6852.onnx" 11810
"D:/UnrealProjects/Aura2/Intermediate/ORTOptimizerPass_Optimized3B8C19154DAF4885E38079B0BE0F4215.onnx" 11811
"D:/UnrealProjects/Aura2/Intermediate/ORTOptimizerPass_OptimizedC364F0AF4F033E4CD31BB5A8C26DBA76.onnx" 11812
"D:/UnrealProjects/Aura2/Intermediate/ORTOptimizerPass_Optimized0FC0103C42B693C56C80C797B3715990.onnx" 11813
"/Engine/EngineResources/Development/ZenLogo_64" 11814
"/Engine/EngineResources/FilmGrains/Marcie_Grain_v3_128_M2_000" 11815
"/Engine/EngineMaterials/DefaultBloomKernel" 11816
"/Engine/EditorResources/BSPVertex" 11817
"/NNEDenoiser/NNE_oidn2-3-0_rt_hdr_calb_cnrm_large__dyn__fp16_opset11_ForwardAlpha" 11818
"/InterchangeAssets/Functions/MX_DielectricBSDF" 11819
"../../../Engine/Plugins/Interchange/Assets/Content/Functions/MX_GeneralizedSchlickBSDF.uasset" 11820
"../../../Engine/Plugins/Interchange/Assets/Content/Functions/MX_ConductorBSDF.uasset" 11821
"../../../Engine/Plugins/Interchange/Assets/Content/Functions/MX_UniformEDF.uasset" 11822
"../../../Engine/Plugins/Interchange/Assets/Content/Functions/MX_ThinFilmBSDF.uasset" 11823
"../../../Engine/Plugins/Interchange/Assets/Content/Functions/MX_SheenBSDF.uasset" 11824
"../../../Engine/Plugins/Interchange/Assets/Content/Functions/MX_AbsorptionVDF.uasset" 11825
"../../../Engine/Plugins/Interchange/Assets/Content/Functions/MX_ConicalEDF.uasset" 11826
"../../../Engine/Plugins/Interchange/Assets/Content/Functions/MX_SubsurfaceBSDF.uasset" 11827
"../../../Engine/Plugins/Interchange/Assets/Content/Functions/MX_MeasuredEDF.uasset" 11828
"../../../Engine/Plugins/Interchange/Assets/Content/Functions/MX_AnisotropicVDF.uasset" 11829
"../../../Engine/Plugins/Animation/ControlRig/Content/Controls/ControlRigGizmoMaterial.uasset" 11830
"/InterchangeAssets/Functions/MX_TranslucentBSDF" 11831
"/InterchangeAssets/Functions/MX_BurleyDiffuseBSDF" 11832
"/InterchangeAssets/Functions/MX_OrenNayarBSDF" 11833
"/InterchangeAssets/Functions/MX_UsdPreviewSurface" 11834
"/InterchangeAssets/Functions/MX_SurfaceUnlit" 11835
"/Game/Assets/LoadScreen/Screenshot_Boss" 11836
"/Game/Assets/LoadScreen/Screenshot_Box" 11837
"/Game/Assets/LoadScreen/Screenshot_Goblins" 11838
"/Interchange/Pipelines/DefaultGLTFSceneAssetsPipeline" 11839
"/Interchange/Pipelines/DefaultSceneLevelPipeline" 11840
"D:/UnrealProjects/Aura2/Intermediate/ORTOptimizerPass_Optimized2C2BFFC04A84066A96A30A82197B43BE.onnx" 11841
"D:/UnrealProjects/Aura2/Intermediate/ORTOptimizerPass_OptimizedAF56C9784075EE081573598D88F6A402.onnx" 11842
"/Interchange/Pipelines/DefaultSceneAssetsPipeline" 11843
"/Interchange/Pipelines/DefaultTexturePipeline" 11844
"/Interchange/Pipelines/DefaultMaterialPipeline" 11845
"/ControlRig/Controls/ControlRigGizmoMaterial" 11846
"/InterchangeAssets/Functions/MX_AnisotropicVDF" 11847
"/InterchangeAssets/Functions/MX_AbsorptionVDF" 11848
"/InterchangeAssets/Functions/MX_MeasuredEDF" 11849
"/InterchangeAssets/Functions/MX_ConicalEDF" 11850
"/InterchangeAssets/Functions/MX_UniformEDF" 11851
"/InterchangeAssets/Functions/MX_ThinFilmBSDF" 11852
"/InterchangeAssets/Functions/MX_SheenBSDF" 11853
"/InterchangeAssets/Functions/MX_SubsurfaceBSDF" 11854
"/InterchangeAssets/Functions/MX_GeneralizedSchlickBSDF" 11855
"/InterchangeAssets/Functions/MX_ConductorBSDF" 11856
"D:/UnrealProjects/Aura2/Saved/Cooked/Windows/Aura/Metadata/CookedSettings.txt" 11857
